Return_ID,Order_ID,Product_ID,Customer_ID,Warehouse_ID,Return_Date,Returned_Qty,Return_Reason,Refund_Value
RET0000001,ORD00000005,P0001,C00339,WH05,2024-01-05,2,Customer Changed Mind,3416.56
RET0000002,ORD00000021,P0005,C00012,WH01,2024-01-09,1,Damaged,1650.77
RET0000003,ORD00000043,P0009,C00774,WH04,2024-01-12,2,Wrong Product,6414.96
RET0000004,ORD00000081,P0017,C00022,WH03,2024-01-06,2,Customer Changed Mind,2118.18
RET0000005,ORD00000123,P0026,C00459,WH01,2024-01-05,2,Quality Issue,5443.27
RET0000006,ORD00000127,P0026,C00087,WH05,2024-01-04,2,Late Delivery,5729.76
RET0000007,ORD00000141,P0029,C00318,WH04,2024-01-16,2,Customer Changed Mind,8357.4
RET0000008,ORD00000155,P0032,C00096,WH03,2024-01-21,2,Customer Changed Mind,3996.63
RET0000009,ORD00000169,P0035,C00410,WH02,2024-01-12,2,Quality Issue,4038.58
RET0000010,ORD00000190,P0039,C00243,WH03,2024-01-05,2,Damaged,1311.52
RET0000011,ORD00000216,P0004,C00950,WH05,2024-01-08,1,Damaged,2227.7
RET0000012,ORD00000224,P0006,C00081,WH04,2024-01-09,1,Late Delivery,3622.89
RET0000013,ORD00000225,P0007,C00462,WH01,2024-01-15,2,Customer Changed Mind,5617.58
RET0000014,ORD00000290,P0020,C00649,WH04,2024-01-05,2,Wrong Product,5887.36
RET0000015,ORD00000301,P0022,C00399,WH05,2024-01-21,2,Damaged,1222.52
RET0000016,ORD00000348,P0032,C00296,WH02,2024-01-06,1,Quality Issue,1998.32
RET0000017,ORD00000363,P0035,C00241,WH03,2024-01-15,1,Damaged,2125.57
RET0000018,ORD00000392,P0001,C00720,WH03,2024-01-19,1,Quality Issue,1798.19
RET0000019,ORD00000411,P0005,C00391,WH02,2024-01-15,1,Wrong Product,1650.77
RET0000020,ORD00000413,P0005,C00332,WH04,2024-01-15,1,Customer Changed Mind,1403.15
RET0000021,ORD00000423,P0007,C00638,WH04,2024-01-21,2,Customer Changed Mind,5913.24
RET0000022,ORD00000438,P0010,C00311,WH04,2024-01-16,2,Damaged,7135.6
RET0000023,ORD00000460,P0015,C00252,WH02,2024-01-15,1,Late Delivery,309.1
RET0000024,ORD00000470,P0017,C00107,WH02,2024-01-16,1,Wrong Product,1081.39
RET0000025,ORD00000490,P0021,C00805,WH02,2024-01-11,2,Customer Changed Mind,1429.55
RET0000026,ORD00000495,P0022,C00765,WH02,2024-01-08,2,Quality Issue,1222.52
RET0000027,ORD00000497,P0022,C00277,WH04,2024-01-15,1,Damaged,550.13
RET0000028,ORD00000501,P0023,C00429,WH03,2024-01-13,2,Quality Issue,1705.27
RET0000029,ORD00000525,P0028,C00325,WH04,2024-01-22,1,Quality Issue,4304.95
RET0000030,ORD00000608,P0005,C00065,WH03,2024-01-09,1,Customer Changed Mind,1650.77
RET0000031,ORD00000664,P0017,C00150,WH02,2024-01-19,1,Customer Changed Mind,1114.83
RET0000032,ORD00000677,P0019,C00590,WH05,2024-01-10,1,Late Delivery,2758.24
RET0000033,ORD00000716,P0027,C00319,WH05,2024-01-18,1,Quality Issue,769.37
RET0000034,ORD00000721,P0028,C00273,WH05,2024-01-16,2,Damaged,8609.9
RET0000035,ORD00000725,P0029,C00529,WH04,2024-01-12,1,Damaged,4643.0
RET0000036,ORD00000770,P0039,C00717,WH02,2024-01-20,2,Quality Issue,1180.37
RET0000037,ORD00000793,P0003,C00843,WH05,2024-01-20,2,Quality Issue,2440.58
RET0000038,ORD00000831,P0011,C00961,WH04,2024-01-23,2,Damaged,1418.56
RET0000039,ORD00000842,P0013,C00118,WH05,2024-01-09,1,Quality Issue,3614.28
RET0000040,ORD00000868,P0019,C00346,WH01,2024-01-17,1,Customer Changed Mind,2675.49
RET0000041,ORD00000920,P0029,C00419,WH03,2024-01-20,2,Damaged,8821.7
RET0000042,ORD00000948,P0035,C00293,WH02,2024-01-11,1,Wrong Product,2125.57
RET0000043,ORD00000963,P0038,C00410,WH02,2024-01-08,2,Customer Changed Mind,4090.73
RET0000044,ORD00000968,P0039,C00832,WH02,2024-01-13,2,Quality Issue,1245.94
RET0000045,ORD00001015,P0008,C00938,WH04,2024-01-14,2,Wrong Product,1840.49
RET0000046,ORD00001018,P0009,C00327,WH02,2024-01-09,2,Wrong Product,6414.96
RET0000047,ORD00001052,P0016,C00505,WH01,2024-01-19,1,Damaged,1054.92
RET0000048,ORD00001056,P0016,C00584,WH05,2024-01-24,2,Quality Issue,2220.88
RET0000049,ORD00001068,P0019,C00570,WH02,2024-01-09,1,Customer Changed Mind,2620.33
RET0000050,ORD00001116,P0028,C00767,WH05,2024-01-24,1,Quality Issue,4089.7
RET0000051,ORD00001120,P0029,C00176,WH04,2024-01-09,2,Quality Issue,9286.0
RET0000052,ORD00001163,P0038,C00994,WH02,2024-01-17,2,Quality Issue,3863.47
RET0000053,ORD00001164,P0038,C00223,WH03,2024-01-15,1,Customer Changed Mind,2272.63
RET0000054,ORD00001176,P0001,C00224,WH01,2024-01-25,2,Customer Changed Mind,3596.38
RET0000055,ORD00001178,P0001,C00193,WH03,2024-01-18,2,Customer Changed Mind,3596.38
RET0000056,ORD00001252,P0016,C00736,WH05,2024-01-10,1,Customer Changed Mind,1110.44
RET0000057,ORD00001264,P0019,C00492,WH02,2024-01-12,1,Damaged,2482.42
RET0000058,ORD00001272,P0020,C00174,WH05,2024-01-25,2,Damaged,5159.02
RET0000059,ORD00001275,P0021,C00169,WH03,2024-01-25,1,Quality Issue,840.91
RET0000060,ORD00001296,P0026,C00696,WH01,2024-01-25,1,Quality Issue,2864.88
RET0000061,ORD00001311,P0029,C00498,WH01,2024-01-26,1,Customer Changed Mind,4410.85
RET0000062,ORD00001341,P0035,C00362,WH02,2024-01-15,2,Damaged,4251.14
RET0000063,ORD00001367,P0040,C00849,WH05,2024-01-13,2,Damaged,1719.64
RET0000064,ORD00001383,P0004,C00305,WH01,2024-01-18,2,Customer Changed Mind,4232.63
RET0000065,ORD00001418,P0011,C00722,WH04,2024-01-23,2,Customer Changed Mind,1493.22
RET0000066,ORD00001426,P0013,C00362,WH04,2024-01-13,1,Damaged,3505.85
RET0000067,ORD00001432,P0014,C00105,WH05,2024-01-24,2,Damaged,5268.64
RET0000068,ORD00001445,P0017,C00436,WH03,2024-01-21,1,Quality Issue,1114.83
RET0000069,ORD00001448,P0018,C00844,WH01,2024-01-15,1,Quality Issue,1297.99
RET0000070,ORD00001470,P0022,C00694,WH04,2024-01-16,2,Damaged,1222.52
RET0000071,ORD00001492,P0027,C00528,WH03,2024-01-28,2,Quality Issue,1538.74
RET0000072,ORD00001513,P0031,C00649,WH05,2024-01-28,1,Damaged,561.41
RET0000073,ORD00001525,P0034,C00718,WH02,2024-01-28,1,Wrong Product,3907.26
RET0000074,ORD00001547,P0038,C00622,WH04,2024-01-25,1,Quality Issue,1931.74
RET0000075,ORD00001558,P0001,C00403,WH01,2024-01-21,1,Quality Issue,1798.19
RET0000076,ORD00001560,P0001,C00506,WH03,2024-01-24,2,Quality Issue,3416.56
RET0000077,ORD00001592,P0008,C00296,WH01,2024-01-12,1,Quality Issue,968.68
RET0000078,ORD00001596,P0008,C00997,WH05,2024-01-23,2,Customer Changed Mind,1879.24
RET0000079,ORD00001622,P0014,C00431,WH02,2024-01-27,2,Damaged,5268.64
RET0000080,ORD00001635,P0016,C00524,WH05,2024-01-16,2,Customer Changed Mind,2109.84
RET0000081,ORD00001712,P0032,C00623,WH03,2024-01-27,2,Customer Changed Mind,4120.24
RET0000082,ORD00001739,P0038,C00444,WH01,2024-01-22,1,Damaged,2159.0
RET0000083,ORD00001745,P0039,C00746,WH02,2024-01-23,1,Wrong Product,622.97
RET0000084,ORD00001767,P0003,C00812,WH04,2024-01-14,1,Quality Issue,1220.29
RET0000085,ORD00001788,P0007,C00213,WH05,2024-01-23,1,Quality Issue,2867.92
RET0000086,ORD00001810,P0012,C00786,WH02,2024-01-28,1,Quality Issue,3089.32
RET0000087,ORD00001818,P0013,C00042,WH05,2024-01-20,1,Customer Changed Mind,3614.28
RET0000088,ORD00001835,P0017,C00740,WH02,2024-01-18,2,Damaged,2162.77
RET0000089,ORD00001881,P0026,C00869,WH04,2024-01-13,2,Quality Issue,5729.76
RET0000090,ORD00001897,P0029,C00085,WH05,2024-01-30,2,Damaged,9286.0
RET0000091,ORD00001899,P0030,C00432,WH02,2024-01-16,1,Quality Issue,3286.04
RET0000092,ORD00001917,P0034,C00696,WH01,2024-01-21,1,Customer Changed Mind,3907.26
RET0000093,ORD00001931,P0036,C00515,WH05,2024-01-28,1,Damaged,2533.06
RET0000094,ORD00001952,P0001,C00290,WH02,2024-01-24,1,Damaged,1618.37
RET0000095,ORD00001963,P0003,C00101,WH03,2024-01-14,2,Quality Issue,2367.36
RET0000096,ORD00001990,P0009,C00564,WH01,2024-01-22,2,Customer Changed Mind,6414.96
RET0000097,ORD00001995,P0010,C00483,WH01,2024-01-23,2,Damaged,7135.6
RET0000098,ORD00002001,P0011,C00321,WH02,2024-01-25,1,Quality Issue,671.95
RET0000099,ORD00002033,P0017,C00702,WH04,2024-01-14,1,Quality Issue,1003.35
RET0000100,ORD00002040,P0019,C00431,WH01,2024-01-21,2,Late Delivery,4964.83
RET0000101,ORD00002050,P0021,C00159,WH01,2024-01-29,2,Wrong Product,1513.64
RET0000102,ORD00002101,P0031,C00716,WH02,2024-01-19,1,Customer Changed Mind,627.46
RET0000103,ORD00002108,P0032,C00276,WH04,2024-01-19,2,Quality Issue,3708.22
RET0000104,ORD00002125,P0036,C00563,WH01,2024-01-18,1,Late Delivery,2392.33
RET0000105,ORD00002147,P0040,C00010,WH03,2024-01-19,2,Customer Changed Mind,1962.41
RET0000106,ORD00002170,P0005,C00653,WH01,2024-01-29,2,Customer Changed Mind,2971.39
RET0000107,ORD00002185,P0008,C00535,WH01,2024-01-31,2,Damaged,1879.24
RET0000108,ORD00002191,P0009,C00223,WH02,2024-01-19,1,Quality Issue,3207.48
RET0000109,ORD00002218,P0014,C00640,WH04,2024-01-18,1,Quality Issue,2634.32
RET0000110,ORD00002257,P0022,C00248,WH03,2024-01-16,1,Wrong Product,611.26
RET0000111,ORD00002287,P0028,C00166,WH03,2024-02-01,2,Damaged,8609.9
RET0000112,ORD00002289,P0028,C00861,WH05,2024-01-25,1,Quality Issue,4089.7
RET0000113,ORD00002291,P0029,C00872,WH02,2024-01-30,2,Quality Issue,9286.0
RET0000114,ORD00002299,P0030,C00138,WH05,2024-01-15,2,Damaged,6243.48
RET0000115,ORD00002325,P0036,C00455,WH01,2024-01-26,2,Quality Issue,5629.02
RET0000116,ORD00002342,P0039,C00636,WH03,2024-01-19,1,Wrong Product,655.76
RET0000117,ORD00002350,P0001,C00324,WH01,2024-01-23,2,Customer Changed Mind,3596.38
RET0000118,ORD00002357,P0002,C00828,WH03,2024-01-30,1,Customer Changed Mind,950.45
RET0000119,ORD00002397,P0010,C00482,WH03,2024-01-23,2,Damaged,6422.04
RET0000120,ORD00002442,P0019,C00876,WH03,2024-01-17,2,Customer Changed Mind,5516.48
RET0000121,ORD00002483,P0027,C00602,WH05,2024-01-29,2,Damaged,1461.8
RET0000122,ORD00002485,P0028,C00453,WH02,2024-01-22,2,Customer Changed Mind,8179.4
RET0000123,ORD00002489,P0029,C00243,WH01,2024-02-01,2,Quality Issue,9286.0
RET0000124,ORD00002508,P0033,C00531,WH01,2024-01-28,2,Damaged,4344.09
RET0000125,ORD00002545,P0040,C00283,WH03,2024-01-19,1,Quality Issue,910.4
RET0000126,ORD00002549,P0001,C00762,WH02,2024-01-29,1,Damaged,1798.19
RET0000127,ORD00002550,P0001,C00480,WH03,2024-02-02,1,Quality Issue,1618.37
RET0000128,ORD00002596,P0011,C00563,WH01,2024-01-24,2,Quality Issue,1493.22
RET0000129,ORD00002609,P0013,C00918,WH04,2024-01-31,2,Quality Issue,7011.7
RET0000130,ORD00002612,P0014,C00675,WH02,2024-01-30,1,Damaged,2502.6
RET0000131,ORD00002634,P0018,C00347,WH04,2024-02-01,2,Quality Issue,2732.62
RET0000132,ORD00002637,P0019,C00831,WH02,2024-01-17,1,Late Delivery,2620.33
RET0000133,ORD00002667,P0025,C00359,WH02,2024-01-25,2,Damaged,3215.52
RET0000134,ORD00002677,P0027,C00927,WH02,2024-01-24,2,Damaged,1384.87
RET0000135,ORD00002687,P0029,C00882,WH02,2024-01-24,1,Damaged,4410.85
RET0000136,ORD00002699,P0031,C00880,WH04,2024-01-20,2,Quality Issue,1320.96
RET0000137,ORD00002706,P0033,C00408,WH01,2024-01-25,2,Late Delivery,4855.16
RET0000138,ORD00002709,P0033,C00949,WH04,2024-01-29,2,Damaged,4855.16
RET0000139,ORD00002721,P0036,C00412,WH03,2024-01-20,1,Customer Changed Mind,2814.51
RET0000140,ORD00002754,P0003,C00639,WH02,2024-01-20,2,Quality Issue,2440.58
RET0000141,ORD00002770,P0006,C00324,WH03,2024-01-19,2,Damaged,7245.78
RET0000142,ORD00002787,P0009,C00542,WH05,2024-01-28,1,Damaged,2886.73
RET0000143,ORD00002793,P0011,C00149,WH01,2024-01-27,2,Late Delivery,1343.9
RET0000144,ORD00002823,P0017,C00670,WH03,2024-02-02,1,Damaged,1081.39
RET0000145,ORD00002856,P0024,C00538,WH02,2024-01-22,1,Damaged,889.43
RET0000146,ORD00002861,P0025,C00651,WH03,2024-01-20,1,Quality Issue,1732.81
RET0000147,ORD00002867,P0026,C00131,WH04,2024-01-20,2,Quality Issue,5729.76
RET0000148,ORD00002881,P0029,C00937,WH03,2024-01-29,1,Damaged,4643.0
RET0000149,ORD00002903,P0033,C00203,WH05,2024-02-03,1,Damaged,2427.58
RET0000150,ORD00002929,P0039,C00437,WH01,2024-01-24,1,Quality Issue,622.97
RET0000151,ORD00002981,P0009,C00996,WH03,2024-01-29,1,Wrong Product,3207.48
RET0000152,ORD00002991,P0011,C00028,WH03,2024-01-23,2,Wrong Product,1493.22
RET0000153,ORD00003008,P0014,C00904,WH05,2024-01-21,2,Quality Issue,5268.64
RET0000154,ORD00003020,P0017,C00207,WH02,2024-02-03,1,Damaged,1059.09
RET0000155,ORD00003069,P0027,C00063,WH01,2024-01-19,2,Quality Issue,1384.87
RET0000156,ORD00003075,P0028,C00451,WH02,2024-01-22,2,Customer Changed Mind,7318.41
RET0000157,ORD00003093,P0031,C00246,WH05,2024-01-27,1,Quality Issue,640.67
RET0000158,ORD00003106,P0034,C00274,WH03,2024-01-25,1,Customer Changed Mind,4112.91
RET0000159,ORD00003109,P0035,C00700,WH01,2024-01-20,2,Customer Changed Mind,4251.14
RET0000160,ORD00003158,P0004,C00646,WH05,2024-01-20,1,Customer Changed Mind,2227.7
RET0000161,ORD00003165,P0006,C00534,WH03,2024-01-28,1,Quality Issue,3622.89
RET0000162,ORD00003177,P0008,C00760,WH05,2024-01-24,2,Wrong Product,1937.36
RET0000163,ORD00003228,P0019,C00093,WH04,2024-02-01,2,Quality Issue,5516.48
RET0000164,ORD00003255,P0025,C00990,WH02,2024-01-21,1,Quality Issue,1786.4
RET0000165,ORD00003258,P0025,C00601,WH05,2024-01-21,2,Damaged,3572.8
RET0000166,ORD00003282,P0030,C00516,WH04,2024-02-05,2,Damaged,5586.27
RET0000167,ORD00003284,P0031,C00526,WH01,2024-01-30,1,Wrong Product,627.46
RET0000168,ORD00003287,P0031,C00770,WH04,2024-01-30,1,Wrong Product,660.48
RET0000169,ORD00003294,P0033,C00388,WH01,2024-01-28,1,Quality Issue,2555.35
RET0000170,ORD00003343,P0002,C00861,WH05,2024-01-26,2,Late Delivery,1843.87
RET0000171,ORD00003345,P0003,C00176,WH02,2024-02-06,2,Quality Issue,2440.58
RET0000172,ORD00003354,P0005,C00880,WH01,2024-01-31,1,Damaged,1650.77
RET0000173,ORD00003382,P0010,C00625,WH04,2024-02-02,1,Quality Issue,3567.8
RET0000174,ORD00003407,P0015,C00758,WH04,2024-01-25,2,Late Delivery,618.2
RET0000175,ORD00003431,P0020,C00631,WH03,2024-02-05,1,Quality Issue,3034.72
RET0000176,ORD00003435,P0021,C00536,WH02,2024-02-03,2,Quality Issue,1681.82
RET0000177,ORD00003468,P0028,C00715,WH02,2024-01-22,1,Damaged,4304.95
RET0000178,ORD00003494,P0033,C00814,WH03,2024-02-06,1,Late Delivery,2555.35
RET0000179,ORD00003498,P0034,C00394,WH02,2024-02-06,1,Wrong Product,4112.91
RET0000180,ORD00003504,P0035,C00172,WH04,2024-02-04,1,Customer Changed Mind,2019.29
RET0000181,ORD00003550,P0005,C00777,WH01,2024-02-08,1,Wrong Product,1650.77
RET0000182,ORD00003558,P0006,C00103,WH04,2024-01-23,2,Wrong Product,6883.49
RET0000183,ORD00003601,P0015,C00725,WH02,2024-01-27,1,Damaged,325.37
RET0000184,ORD00003611,P0017,C00333,WH02,2024-01-25,2,Quality Issue,2229.66
RET0000185,ORD00003642,P0023,C00320,WH03,2024-02-07,1,Customer Changed Mind,897.51
RET0000186,ORD00003643,P0023,C00635,WH04,2024-02-03,2,Customer Changed Mind,1795.02
RET0000187,ORD00003645,P0024,C00305,WH01,2024-01-31,2,Damaged,1725.49
RET0000188,ORD00003678,P0030,C00024,WH04,2024-01-31,2,Quality Issue,6572.08
RET0000189,ORD00003690,P0033,C00561,WH01,2024-01-30,1,Customer Changed Mind,2555.35
RET0000190,ORD00003715,P0038,C00394,WH02,2024-02-05,2,Quality Issue,4318.0
RET0000191,ORD00003773,P0010,C00356,WH02,2024-02-08,2,Late Delivery,6422.04
RET0000192,ORD00003783,P0012,C00508,WH04,2024-01-28,2,Quality Issue,5560.78
RET0000193,ORD00003837,P0023,C00356,WH03,2024-01-29,2,Quality Issue,1705.27
RET0000194,ORD00003848,P0025,C00353,WH04,2024-02-06,1,Wrong Product,1786.4
RET0000195,ORD00003856,P0027,C00940,WH02,2024-02-04,1,Quality Issue,692.43
RET0000196,ORD00003874,P0030,C00783,WH05,2024-02-08,2,Quality Issue,6374.92
RET0000197,ORD00003891,P0034,C00346,WH03,2024-01-24,1,Damaged,3701.62
RET0000198,ORD00003930,P0002,C00682,WH03,2024-01-29,2,Wrong Product,1900.9
RET0000199,ORD00003939,P0004,C00025,WH02,2024-01-27,1,Quality Issue,2227.7
RET0000200,ORD00003950,P0006,C00874,WH04,2024-02-10,2,Quality Issue,6521.2
RET0000201,ORD00003953,P0007,C00326,WH02,2024-01-28,2,Customer Changed Mind,5913.24
RET0000202,ORD00003976,P0012,C00654,WH01,2024-02-07,2,Late Delivery,5251.84
RET0000203,ORD00003978,P0012,C00491,WH03,2024-01-24,2,Damaged,5993.28
RET0000204,ORD00003988,P0014,C00184,WH04,2024-02-09,2,Quality Issue,5110.58
RET0000205,ORD00004115,P0040,C00027,WH04,2024-02-02,2,Quality Issue,1820.79
RET0000206,ORD00004117,P0001,C00024,WH01,2024-02-06,1,Quality Issue,1618.37
RET0000207,ORD00004135,P0004,C00487,WH04,2024-02-02,1,Quality Issue,2116.31
RET0000208,ORD00004148,P0007,C00955,WH04,2024-02-02,1,Customer Changed Mind,2956.62
RET0000209,ORD00004159,P0010,C00502,WH01,2024-01-25,1,Quality Issue,3567.8
RET0000210,ORD00004174,P0013,C00820,WH01,2024-01-29,1,Damaged,3614.28
RET0000211,ORD00004216,P0021,C00579,WH03,2024-02-11,1,Customer Changed Mind,798.86
RET0000212,ORD00004225,P0023,C00938,WH02,2024-02-11,1,Damaged,897.51
RET0000213,ORD00004244,P0027,C00723,WH01,2024-02-08,2,Quality Issue,1538.74
RET0000214,ORD00004273,P0032,C00400,WH05,2024-02-06,2,Wrong Product,3708.22
RET0000215,ORD00004281,P0034,C00550,WH04,2024-02-09,1,Customer Changed Mind,4112.91
RET0000216,ORD00004292,P0036,C00205,WH05,2024-01-31,1,Customer Changed Mind,2673.78
RET0000217,ORD00004315,P0001,C00928,WH03,2024-01-30,1,Quality Issue,1798.19
RET0000218,ORD00004329,P0004,C00447,WH02,2024-01-26,1,Quality Issue,2227.7
RET0000219,ORD00004355,P0009,C00326,WH04,2024-01-31,2,Late Delivery,6094.21
RET0000220,ORD00004357,P0010,C00243,WH01,2024-01-26,2,Damaged,7135.6
RET0000221,ORD00004418,P0022,C00451,WH03,2024-01-27,1,Quality Issue,611.26
RET0000222,ORD00004440,P0026,C00586,WH05,2024-02-06,2,Damaged,5557.87
RET0000223,ORD00004459,P0030,C00764,WH04,2024-02-10,2,Customer Changed Mind,6572.08
RET0000224,ORD00004484,P0035,C00871,WH05,2024-02-04,1,Late Delivery,2019.29
RET0000225,ORD00004500,P0039,C00454,WH01,2024-02-10,1,Quality Issue,636.09
RET0000226,ORD00004518,P0002,C00779,WH04,2024-01-27,1,Late Delivery,950.45
RET0000227,ORD00004532,P0005,C00752,WH03,2024-02-05,2,Quality Issue,2971.39
RET0000228,ORD00004604,P0020,C00502,WH01,2024-01-31,1,Damaged,2882.98
RET0000229,ORD00004622,P0023,C00048,WH04,2024-02-02,1,Customer Changed Mind,852.63
RET0000230,ORD00004633,P0025,C00178,WH05,2024-01-30,2,Quality Issue,3572.8
RET0000231,ORD00004640,P0027,C00613,WH02,2024-01-30,1,Quality Issue,769.37
RET0000232,ORD00004644,P0028,C00456,WH01,2024-02-04,1,Damaged,4175.8
RET0000233,ORD00004665,P0032,C00569,WH02,2024-02-08,2,Late Delivery,3502.2
RET0000234,ORD00004689,P0037,C00836,WH02,2024-02-04,1,Damaged,1744.29
RET0000235,ORD00004706,P0040,C00318,WH04,2024-02-07,1,Late Delivery,910.4
RET0000236,ORD00004736,P0007,C00172,WH01,2024-02-05,1,Wrong Product,2956.62
RET0000237,ORD00004749,P0009,C00202,WH04,2024-01-28,1,Damaged,3111.26
RET0000238,ORD00004759,P0011,C00275,WH04,2024-02-04,2,Customer Changed Mind,1493.22
RET0000239,ORD00004778,P0015,C00365,WH03,2024-02-10,2,Quality Issue,631.22
RET0000240,ORD00004791,P0018,C00366,WH01,2024-02-09,2,Quality Issue,2595.99
RET0000241,ORD00004794,P0018,C00075,WH04,2024-02-13,1,Wrong Product,1366.31
RET0000242,ORD00004795,P0018,C00866,WH05,2024-02-14,1,Customer Changed Mind,1366.31
RET0000243,ORD00004810,P0021,C00008,WH05,2024-02-07,2,Quality Issue,1681.82
RET0000244,ORD00004856,P0031,C00948,WH04,2024-02-03,2,Damaged,1254.91
RET0000245,ORD00004862,P0032,C00621,WH05,2024-02-13,2,Customer Changed Mind,4120.24
RET0000246,ORD00004872,P0034,C00834,WH05,2024-02-08,1,Wrong Product,4112.91
RET0000247,ORD00004893,P0039,C00046,WH01,2024-02-09,1,Customer Changed Mind,636.09
RET0000248,ORD00004904,P0001,C00432,WH03,2024-02-08,2,Damaged,3056.92
RET0000249,ORD00004926,P0005,C00525,WH05,2024-02-03,1,Damaged,1485.69
RET0000250,ORD00004993,P0019,C00581,WH03,2024-01-31,2,Damaged,5240.66
RET0000251,ORD00005008,P0022,C00061,WH03,2024-02-06,2,Customer Changed Mind,1161.39
RET0000252,ORD00005020,P0024,C00344,WH05,2024-02-06,2,Wrong Product,1778.86
RET0000253,ORD00005037,P0028,C00084,WH02,2024-02-01,2,Damaged,7748.91
RET0000254,ORD00005042,P0029,C00249,WH02,2024-02-05,1,Quality Issue,4643.0
RET0000255,ORD00005062,P0033,C00977,WH02,2024-02-09,1,Quality Issue,2555.35
RET0000256,ORD00005086,P0038,C00602,WH01,2024-02-10,1,Customer Changed Mind,2272.63
RET0000257,ORD00005116,P0004,C00273,WH01,2024-02-12,2,Wrong Product,4232.63
RET0000258,ORD00005136,P0008,C00845,WH02,2024-02-10,1,Quality Issue,920.25
RET0000259,ORD00005150,P0011,C00822,WH01,2024-02-07,1,Quality Issue,746.61
RET0000260,ORD00005176,P0016,C00245,WH02,2024-02-14,1,Damaged,1054.92
RET0000261,ORD00005194,P0020,C00267,WH01,2024-02-10,1,Quality Issue,2943.68
RET0000262,ORD00005221,P0025,C00818,WH03,2024-02-01,2,Wrong Product,3215.52
RET0000263,ORD00005245,P0030,C00651,WH02,2024-02-05,2,Quality Issue,6374.92
RET0000264,ORD00005265,P0034,C00728,WH03,2024-01-30,1,Quality Issue,4112.91
RET0000265,ORD00005268,P0035,C00716,WH03,2024-02-16,2,Late Delivery,4251.14
RET0000266,ORD00005305,P0002,C00526,WH05,2024-02-01,2,Quality Issue,1710.81
RET0000267,ORD00005309,P0003,C00196,WH04,2024-02-03,1,Quality Issue,1183.68
RET0000268,ORD00005310,P0003,C00683,WH05,2024-02-04,1,Quality Issue,1098.26
RET0000269,ORD00005336,P0009,C00918,WH01,2024-02-16,2,Quality Issue,6222.51
RET0000270,ORD00005338,P0009,C00279,WH03,2024-01-31,1,Quality Issue,3047.11
RET0000271,ORD00005374,P0016,C00165,WH04,2024-02-06,1,Quality Issue,1110.44
RET0000272,ORD00005400,P0021,C00727,WH05,2024-02-15,2,Quality Issue,1681.82
RET0000273,ORD00005408,P0023,C00585,WH03,2024-01-31,2,Quality Issue,1705.27
RET0000274,ORD00005463,P0034,C00744,WH03,2024-02-04,1,Damaged,3907.26
RET0000275,ORD00005467,P0035,C00745,WH02,2024-02-16,2,Customer Changed Mind,4251.14
RET0000276,ORD00005487,P0039,C00621,WH02,2024-02-13,2,Damaged,1311.52
RET0000277,ORD00005507,P0003,C00657,WH02,2024-02-16,2,Quality Issue,2440.58
RET0000278,ORD00005512,P0004,C00434,WH02,2024-02-10,2,Damaged,4321.74
RET0000279,ORD00005519,P0005,C00530,WH04,2024-02-06,2,Wrong Product,3202.49
RET0000280,ORD00005566,P0015,C00727,WH01,2024-02-05,1,Wrong Product,325.37
RET0000281,ORD00005573,P0016,C00859,WH03,2024-02-03,2,Quality Issue,2220.88
RET0000282,ORD00005591,P0020,C00322,WH01,2024-02-04,1,Quality Issue,3034.72
RET0000283,ORD00005620,P0026,C00520,WH01,2024-02-12,2,Quality Issue,5729.76
RET0000284,ORD00005625,P0027,C00090,WH01,2024-02-07,1,Quality Issue,769.37
RET0000285,ORD00005635,P0029,C00033,WH01,2024-02-02,2,Damaged,9286.0
RET0000286,ORD00005659,P0034,C00476,WH01,2024-02-02,2,Damaged,8225.82
RET0000287,ORD00005675,P0037,C00530,WH03,2024-02-12,2,Quality Issue,3672.18
RET0000288,ORD00005698,P0002,C00616,WH01,2024-02-11,2,Damaged,1710.81
RET0000289,ORD00005701,P0002,C00062,WH04,2024-02-18,2,Damaged,1843.87
RET0000290,ORD00005705,P0003,C00436,WH03,2024-02-10,2,Quality Issue,2440.58
RET0000291,ORD00005722,P0007,C00556,WH01,2024-02-04,1,Wrong Product,2956.62
RET0000292,ORD00005724,P0007,C00851,WH03,2024-02-05,2,Quality Issue,5617.58
RET0000293,ORD00005760,P0014,C00232,WH04,2024-02-18,1,Late Delivery,2502.6
RET0000294,ORD00005765,P0015,C00720,WH04,2024-02-16,1,Quality Issue,325.37
RET0000295,ORD00005779,P0018,C00718,WH03,2024-02-15,2,Wrong Product,2732.62
RET0000296,ORD00005809,P0024,C00730,WH03,2024-02-11,1,Wrong Product,800.49
RET0000297,ORD00005818,P0026,C00071,WH02,2024-02-10,1,Late Delivery,2778.93
RET0000298,ORD00005844,P0031,C00885,WH03,2024-02-15,2,Wrong Product,1188.86
RET0000299,ORD00005861,P0035,C00028,WH02,2024-02-15,1,Customer Changed Mind,2019.29
RET0000300,ORD00005883,P0039,C00680,WH04,2024-02-18,1,Customer Changed Mind,655.76
RET0000301,ORD00005886,P0040,C00189,WH02,2024-02-05,1,Customer Changed Mind,910.4
RET0000302,ORD00005906,P0004,C00595,WH03,2024-02-17,1,Quality Issue,2227.7
RET0000303,ORD00005928,P0009,C00417,WH01,2024-02-14,1,Damaged,3207.48
RET0000304,ORD00005938,P0011,C00062,WH01,2024-02-20,2,Damaged,1493.22
RET0000305,ORD00005940,P0011,C00907,WH03,2024-02-19,2,Wrong Product,1343.9
RET0000306,ORD00005944,P0012,C00573,WH02,2024-02-05,1,Damaged,3089.32
RET0000307,ORD00005982,P0019,C00541,WH05,2024-02-05,2,Damaged,5240.66
RET0000308,ORD00006080,P0039,C00648,WH04,2024-02-06,1,Customer Changed Mind,622.97
RET0000309,ORD00006086,P0040,C00104,WH05,2024-02-03,2,Quality Issue,1962.41
RET0000310,ORD00006093,P0002,C00977,WH02,2024-02-16,1,Quality Issue,950.45
RET0000311,ORD00006095,P0002,C00668,WH04,2024-02-12,2,Damaged,1900.9
RET0000312,ORD00006101,P0003,C00932,WH05,2024-02-13,1,Damaged,1220.29
RET0000313,ORD00006111,P0005,C00204,WH05,2024-02-16,2,Quality Issue,3301.54
RET0000314,ORD00006123,P0008,C00611,WH02,2024-02-17,2,Damaged,1879.24
RET0000315,ORD00006160,P0015,C00467,WH04,2024-02-20,1,Damaged,276.56
RET0000316,ORD00006168,P0017,C00628,WH02,2024-02-09,2,Quality Issue,2229.66
RET0000317,ORD00006169,P0017,C00524,WH03,2024-02-20,1,Damaged,1114.83
RET0000318,ORD00006205,P0024,C00660,WH04,2024-02-04,2,Customer Changed Mind,1778.86
RET0000319,ORD00006219,P0027,C00766,WH03,2024-02-07,2,Quality Issue,1492.58
RET0000320,ORD00006292,P0002,C00349,WH02,2024-02-21,1,Late Delivery,950.45
RET0000321,ORD00006298,P0003,C00431,WH03,2024-02-22,2,Wrong Product,2440.58
RET0000322,ORD00006323,P0008,C00084,WH03,2024-02-20,2,Damaged,1937.36
RET0000323,ORD00006338,P0011,C00046,WH03,2024-02-14,1,Quality Issue,746.61
RET0000324,ORD00006341,P0012,C00773,WH01,2024-02-05,2,Damaged,5560.78
RET0000325,ORD00006386,P0021,C00739,WH02,2024-02-12,1,Wrong Product,840.91
RET0000326,ORD00006404,P0024,C00421,WH05,2024-02-19,1,Customer Changed Mind,889.43
RET0000327,ORD00006411,P0026,C00436,WH02,2024-02-07,2,Wrong Product,5443.27
RET0000328,ORD00006432,P0030,C00164,WH03,2024-02-16,2,Damaged,6572.08
RET0000329,ORD00006479,P0039,C00466,WH05,2024-02-06,2,Customer Changed Mind,1245.94
RET0000330,ORD00006497,P0003,C00727,WH03,2024-02-14,2,Quality Issue,2196.52
RET0000331,ORD00006513,P0006,C00639,WH05,2024-02-13,1,Customer Changed Mind,3622.89
RET0000332,ORD00006552,P0014,C00631,WH04,2024-02-18,2,Quality Issue,4741.78
RET0000333,ORD00006563,P0016,C00268,WH05,2024-02-17,1,Customer Changed Mind,1077.13
RET0000334,ORD00006570,P0018,C00893,WH02,2024-02-09,2,Wrong Product,2732.62
RET0000335,ORD00006574,P0019,C00389,WH01,2024-02-20,2,Quality Issue,5516.48
RET0000336,ORD00006602,P0024,C00477,WH04,2024-02-13,2,Customer Changed Mind,1778.86
RET0000337,ORD00006604,P0025,C00545,WH01,2024-02-12,2,Quality Issue,3572.8
RET0000338,ORD00006657,P0035,C00687,WH05,2024-02-06,2,Customer Changed Mind,4251.14
RET0000339,ORD00006660,P0036,C00526,WH03,2024-02-13,2,Quality Issue,5347.57
RET0000340,ORD00006666,P0037,C00956,WH04,2024-02-17,1,Late Delivery,1836.09
RET0000341,ORD00006670,P0038,C00702,WH03,2024-02-06,1,Quality Issue,2272.63
RET0000342,ORD00006724,P0009,C00099,WH03,2024-02-12,2,Late Delivery,6414.96
RET0000343,ORD00006727,P0010,C00337,WH01,2024-02-14,1,Wrong Product,3567.8
RET0000344,ORD00006735,P0011,C00703,WH04,2024-02-22,2,Damaged,1493.22
RET0000345,ORD00006740,P0012,C00730,WH04,2024-02-12,2,Customer Changed Mind,5869.71
RET0000346,ORD00006741,P0012,C00098,WH05,2024-02-22,1,Customer Changed Mind,3089.32
RET0000347,ORD00006744,P0013,C00773,WH03,2024-02-07,1,Late Delivery,3505.85
RET0000348,ORD00006754,P0015,C00462,WH04,2024-02-20,1,Quality Issue,292.83
RET0000349,ORD00006756,P0016,C00636,WH01,2024-02-11,2,Damaged,2220.88
RET0000350,ORD00006785,P0021,C00131,WH05,2024-02-16,2,Quality Issue,1681.82
RET0000351,ORD00006801,P0025,C00504,WH02,2024-02-18,1,Customer Changed Mind,1786.4
RET0000352,ORD00006811,P0027,C00148,WH02,2024-02-07,1,Quality Issue,730.9
RET0000353,ORD00006814,P0027,C00389,WH05,2024-02-19,1,Damaged,769.37
RET0000354,ORD00006827,P0030,C00911,WH03,2024-02-14,1,Damaged,3187.46
RET0000355,ORD00006870,P0039,C00256,WH01,2024-02-07,2,Damaged,1311.52
RET0000356,ORD00006875,P0040,C00255,WH01,2024-02-09,1,Damaged,981.2
RET0000357,ORD00006880,P0001,C00078,WH01,2024-02-09,2,Customer Changed Mind,3236.74
RET0000358,ORD00006951,P0015,C00352,WH04,2024-02-09,1,Customer Changed Mind,325.37
RET0000359,ORD00006956,P0016,C00472,WH04,2024-02-15,1,Damaged,1054.92
RET0000360,ORD00006967,P0018,C00849,WH05,2024-02-12,2,Damaged,2732.62
RET0000361,ORD00006988,P0023,C00921,WH01,2024-02-21,2,Late Delivery,1705.27
RET0000362,ORD00006996,P0024,C00636,WH05,2024-02-10,2,Quality Issue,1778.86
RET0000363,ORD00007017,P0029,C00009,WH01,2024-02-16,1,Quality Issue,4503.71
RET0000364,ORD00007031,P0031,C00561,WH05,2024-02-15,2,Quality Issue,1320.96
RET0000365,ORD00007050,P0035,C00702,WH05,2024-02-24,2,Customer Changed Mind,3826.03
RET0000366,ORD00007091,P0004,C00162,WH01,2024-02-18,1,Damaged,2116.31
RET0000367,ORD00007120,P0010,C00022,WH01,2024-02-19,2,Customer Changed Mind,6921.53
RET0000368,ORD00007158,P0017,C00142,WH04,2024-02-11,1,Customer Changed Mind,1081.39
RET0000369,ORD00007164,P0018,C00180,WH05,2024-02-13,2,Quality Issue,2595.99
RET0000370,ORD00007166,P0019,C00699,WH02,2024-02-10,2,Wrong Product,4689.01
RET0000371,ORD00007213,P0028,C00005,WH04,2024-02-14,2,Customer Changed Mind,8609.9
RET0000372,ORD00007223,P0030,C00744,WH04,2024-02-23,1,Quality Issue,3286.04
RET0000373,ORD00007231,P0032,C00309,WH02,2024-02-10,1,Damaged,2060.12
RET0000374,ORD00007232,P0032,C00229,WH03,2024-02-14,1,Quality Issue,1957.11
RET0000375,ORD00007239,P0033,C00543,WH05,2024-02-23,1,Quality Issue,2172.05
RET0000376,ORD00007265,P0039,C00317,WH02,2024-02-17,1,Quality Issue,636.09
RET0000377,ORD00007282,P0002,C00386,WH04,2024-02-20,2,Late Delivery,1843.87
RET0000378,ORD00007293,P0004,C00826,WH05,2024-02-26,1,Damaged,2116.31
RET0000379,ORD00007296,P0005,C00313,WH03,2024-02-25,2,Damaged,3301.54
RET0000380,ORD00007313,P0009,C00853,WH01,2024-02-14,1,Customer Changed Mind,2886.73
RET0000381,ORD00007345,P0015,C00399,WH04,2024-02-10,2,Damaged,618.2
RET0000382,ORD00007351,P0016,C00923,WH05,2024-02-25,2,Late Delivery,2220.88
RET0000383,ORD00007357,P0018,C00852,WH01,2024-02-13,1,Customer Changed Mind,1366.31
RET0000384,ORD00007373,P0021,C00202,WH02,2024-02-12,2,Damaged,1631.37
RET0000385,ORD00007411,P0028,C00455,WH05,2024-02-24,1,Damaged,4304.95
RET0000386,ORD00007418,P0030,C00371,WH02,2024-02-22,1,Late Delivery,3121.74
RET0000387,ORD00007440,P0034,C00820,WH04,2024-02-17,1,Customer Changed Mind,3907.26
RET0000388,ORD00007460,P0038,C00742,WH04,2024-02-13,1,Late Delivery,2045.37
RET0000389,ORD00007482,P0003,C00831,WH01,2024-02-17,1,Quality Issue,1159.28
RET0000390,ORD00007555,P0018,C00260,WH01,2024-02-11,2,Wrong Product,2732.62
RET0000391,ORD00007586,P0024,C00821,WH03,2024-02-19,2,Customer Changed Mind,1600.97
RET0000392,ORD00007622,P0031,C00597,WH04,2024-02-20,1,Quality Issue,660.48
RET0000393,ORD00007625,P0032,C00490,WH02,2024-02-26,1,Damaged,2060.12
RET0000394,ORD00007633,P0033,C00877,WH05,2024-02-27,2,Customer Changed Mind,4855.16
RET0000395,ORD00007680,P0003,C00140,WH02,2024-02-16,2,Quality Issue,2196.52
RET0000396,ORD00007684,P0004,C00665,WH01,2024-02-29,2,Damaged,4232.63
RET0000397,ORD00007688,P0004,C00180,WH05,2024-02-13,2,Wrong Product,4455.4
RET0000398,ORD00007698,P0006,C00658,WH05,2024-02-22,2,Quality Issue,7245.78
RET0000399,ORD00007708,P0008,C00090,WH05,2024-02-25,1,Damaged,920.25
RET0000400,ORD00007720,P0011,C00880,WH02,2024-02-27,2,Damaged,1448.42
RET0000401,ORD00007749,P0017,C00041,WH02,2024-02-14,1,Quality Issue,1114.83
RET0000402,ORD00007755,P0018,C00140,WH03,2024-02-24,2,Wrong Product,2322.73
RET0000403,ORD00007768,P0021,C00534,WH01,2024-02-25,2,Customer Changed Mind,1597.73
RET0000404,ORD00007799,P0027,C00268,WH03,2024-02-18,1,Quality Issue,769.37
RET0000405,ORD00007827,P0033,C00508,WH01,2024-02-24,2,Late Delivery,4344.09
RET0000406,ORD00007832,P0034,C00598,WH01,2024-02-28,2,Wrong Product,8225.82
RET0000407,ORD00007845,P0036,C00527,WH04,2024-02-21,1,Quality Issue,2673.78
RET0000408,ORD00007851,P0037,C00424,WH05,2024-02-21,2,Wrong Product,3488.57
RET0000409,ORD00007854,P0038,C00103,WH03,2024-02-28,1,Quality Issue,2272.63
RET0000410,ORD00007858,P0039,C00570,WH02,2024-02-24,1,Late Delivery,622.97
RET0000411,ORD00007891,P0005,C00321,WH05,2024-02-20,2,Customer Changed Mind,3202.49
RET0000412,ORD00007945,P0016,C00662,WH05,2024-02-29,1,Customer Changed Mind,999.4
RET0000413,ORD00007964,P0020,C00524,WH04,2024-02-21,2,Quality Issue,6069.44
RET0000414,ORD00007992,P0026,C00513,WH02,2024-02-27,1,Wrong Product,2864.88
RET0000415,ORD00007996,P0027,C00868,WH01,2024-02-23,2,Quality Issue,1492.58
RET0000416,ORD00008003,P0028,C00624,WH03,2024-02-29,2,Quality Issue,8351.6
RET0000417,ORD00008012,P0030,C00054,WH02,2024-02-21,1,Quality Issue,3286.04
RET0000418,ORD00008035,P0034,C00084,WH05,2024-02-26,2,Customer Changed Mind,8225.82
RET0000419,ORD00008049,P0037,C00417,WH04,2024-02-27,2,Quality Issue,3304.96
RET0000420,ORD00008050,P0037,C00644,WH05,2024-02-21,1,Wrong Product,1836.09
RET0000421,ORD00008058,P0039,C00593,WH03,2024-02-25,2,Customer Changed Mind,1311.52
RET0000422,ORD00008081,P0004,C00666,WH01,2024-03-02,1,Quality Issue,2227.7
RET0000423,ORD00008121,P0012,C00662,WH01,2024-02-25,2,Quality Issue,5993.28
RET0000424,ORD00008146,P0017,C00183,WH02,2024-02-17,2,Quality Issue,2118.18
RET0000425,ORD00008164,P0020,C00053,WH05,2024-02-23,1,Customer Changed Mind,2943.68
RET0000426,ORD00008174,P0022,C00375,WH05,2024-02-21,1,Wrong Product,611.26
RET0000427,ORD00008208,P0029,C00938,WH04,2024-02-19,2,Quality Issue,8357.4
RET0000428,ORD00008227,P0033,C00081,WH03,2024-02-15,2,Wrong Product,5110.7
RET0000429,ORD00008244,P0036,C00957,WH05,2024-02-18,1,Quality Issue,2533.06
RET0000430,ORD00008270,P0002,C00832,WH01,2024-03-01,1,Wrong Product,902.93
RET0000431,ORD00008273,P0002,C00346,WH04,2024-02-26,2,Late Delivery,1710.81
RET0000432,ORD00008282,P0004,C00430,WH03,2024-02-19,2,Customer Changed Mind,4455.4
RET0000433,ORD00008292,P0006,C00135,WH04,2024-03-03,1,Customer Changed Mind,3514.2
RET0000434,ORD00008311,P0010,C00879,WH03,2024-02-26,2,Wrong Product,6778.82
RET0000435,ORD00008331,P0014,C00609,WH03,2024-02-28,1,Quality Issue,2555.29
RET0000436,ORD00008361,P0020,C00333,WH03,2024-02-19,2,Quality Issue,6069.44
RET0000437,ORD00008384,P0025,C00227,WH01,2024-02-18,2,Quality Issue,3394.16
RET0000438,ORD00008391,P0026,C00460,WH03,2024-02-16,1,Damaged,2864.88
RET0000439,ORD00008392,P0026,C00431,WH04,2024-02-28,2,Customer Changed Mind,5443.27
RET0000440,ORD00008407,P0029,C00890,WH04,2024-02-28,1,Customer Changed Mind,4410.85
RET0000441,ORD00008413,P0030,C00119,WH05,2024-02-24,2,Wrong Product,6243.48
RET0000442,ORD00008448,P0037,C00956,WH05,2024-03-01,1,Quality Issue,1744.29
RET0000443,ORD00008476,P0003,C00042,WH04,2024-02-18,2,Customer Changed Mind,2440.58
RET0000444,ORD00008517,P0011,C00462,WH05,2024-02-22,2,Quality Issue,1493.22
RET0000445,ORD00008544,P0017,C00813,WH03,2024-02-29,2,Quality Issue,2162.77
RET0000446,ORD00008571,P0022,C00535,WH05,2024-02-19,2,Customer Changed Mind,1185.84
RET0000447,ORD00008572,P0023,C00293,WH01,2024-02-26,1,Late Delivery,870.58
RET0000448,ORD00008573,P0023,C00851,WH02,2024-03-02,1,Customer Changed Mind,807.76
RET0000449,ORD00008599,P0028,C00225,WH03,2024-02-24,2,Quality Issue,8609.9
RET0000450,ORD00008630,P0034,C00314,WH05,2024-02-16,2,Customer Changed Mind,7814.53
RET0000451,ORD00008643,P0037,C00046,WH03,2024-02-26,1,Quality Issue,1781.01
RET0000452,ORD00008648,P0038,C00558,WH03,2024-02-28,2,Wrong Product,4545.26
RET0000453,ORD00008694,P0008,C00533,WH01,2024-03-03,1,Customer Changed Mind,920.25
RET0000454,ORD00008696,P0008,C00611,WH03,2024-02-18,1,Quality Issue,920.25
RET0000455,ORD00008699,P0009,C00444,WH01,2024-02-18,2,Quality Issue,5773.46
RET0000456,ORD00008764,P0022,C00584,WH01,2024-02-17,2,Quality Issue,1161.39
RET0000457,ORD00008788,P0026,C00723,WH05,2024-03-01,1,Late Delivery,2778.93
RET0000458,ORD00008806,P0030,C00962,WH03,2024-02-23,1,Damaged,3121.74
RET0000459,ORD00008832,P0035,C00632,WH04,2024-02-21,2,Customer Changed Mind,4251.14
RET0000460,ORD00008857,P0040,C00343,WH04,2024-02-21,2,Customer Changed Mind,1719.64
RET0000461,ORD00008858,P0001,C00491,WH01,2024-02-28,2,Damaged,3488.49
RET0000462,ORD00008872,P0003,C00969,WH05,2024-02-26,1,Quality Issue,1098.26
RET0000463,ORD00008877,P0004,C00114,WH05,2024-02-18,2,Late Delivery,4455.4
RET0000464,ORD00008932,P0016,C00199,WH01,2024-02-24,2,Quality Issue,2220.88
RET0000465,ORD00008939,P0017,C00531,WH03,2024-02-26,1,Damaged,1114.83
RET0000466,ORD00008996,P0028,C00425,WH05,2024-02-22,2,Customer Changed Mind,8609.9
RET0000467,ORD00009007,P0031,C00912,WH01,2024-02-24,1,Customer Changed Mind,640.67
RET0000468,ORD00009041,P0037,C00719,WH05,2024-02-23,2,Late Delivery,3304.96
RET0000469,ORD00009062,P0002,C00431,WH02,2024-03-07,2,Quality Issue,1900.9
RET0000470,ORD00009165,P0022,C00949,WH05,2024-03-02,2,Damaged,1039.14
RET0000471,ORD00009195,P0028,C00480,WH05,2024-02-23,1,Damaged,4089.7
RET0000472,ORD00009214,P0032,C00524,WH04,2024-03-03,1,Damaged,2060.12
RET0000473,ORD00009221,P0034,C00491,WH01,2024-02-19,1,Quality Issue,3701.62
RET0000474,ORD00009223,P0034,C00651,WH03,2024-02-28,1,Quality Issue,4112.91
RET0000475,ORD00009277,P0005,C00395,WH02,2024-03-04,2,Quality Issue,3301.54
RET0000476,ORD00009297,P0009,C00012,WH03,2024-02-27,2,Quality Issue,6414.96
RET0000477,ORD00009336,P0017,C00677,WH03,2024-02-25,2,Damaged,2229.66
RET0000478,ORD00009346,P0019,C00541,WH03,2024-02-28,1,Customer Changed Mind,2675.49
RET0000479,ORD00009381,P0026,C00852,WH04,2024-02-28,2,Customer Changed Mind,5443.27
RET0000480,ORD00009419,P0034,C00355,WH02,2024-03-02,2,Damaged,7814.53
RET0000481,ORD00009425,P0035,C00913,WH03,2024-03-08,2,Damaged,4123.61
RET0000482,ORD00009440,P0038,C00458,WH03,2024-02-23,2,Quality Issue,4318.0
RET0000483,ORD00009441,P0038,C00278,WH04,2024-02-22,2,Damaged,4545.26
RET0000484,ORD00009500,P0010,C00004,WH04,2024-02-21,1,Quality Issue,3567.8
RET0000485,ORD00009527,P0016,C00065,WH01,2024-03-06,2,Quality Issue,2154.25
RET0000486,ORD00009540,P0018,C00315,WH04,2024-02-24,1,Damaged,1325.32
RET0000487,ORD00009626,P0036,C00388,WH03,2024-02-23,2,Damaged,5066.12
RET0000488,ORD00009627,P0036,C00152,WH04,2024-03-03,2,Quality Issue,5347.57
RET0000489,ORD00009628,P0036,C00457,WH05,2024-03-08,1,Damaged,2814.51
RET0000490,ORD00009634,P0038,C00041,WH01,2024-02-29,1,Damaged,2204.45
RET0000491,ORD00009637,P0038,C00124,WH04,2024-03-03,2,Customer Changed Mind,4545.26
RET0000492,ORD00009654,P0002,C00812,WH01,2024-03-08,2,Customer Changed Mind,1843.87
RET0000493,ORD00009655,P0002,C00382,WH02,2024-02-25,2,Customer Changed Mind,1900.9
RET0000494,ORD00009657,P0002,C00106,WH04,2024-02-23,1,Quality Issue,902.93
RET0000495,ORD00009679,P0007,C00035,WH02,2024-02-23,1,Customer Changed Mind,2867.92
RET0000496,ORD00009703,P0012,C00450,WH01,2024-03-04,1,Damaged,2996.64
RET0000497,ORD00009718,P0015,C00026,WH01,2024-03-01,1,Damaged,325.37
RET0000498,ORD00009719,P0015,C00436,WH02,2024-02-24,2,Customer Changed Mind,618.2
RET0000499,ORD00009759,P0023,C00940,WH02,2024-03-10,2,Damaged,1741.17
RET0000500,ORD00009760,P0023,C00052,WH03,2024-02-28,2,Damaged,1795.02
RET0000501,ORD00009773,P0026,C00915,WH02,2024-02-28,2,Customer Changed Mind,5729.76
RET0000502,ORD00009791,P0029,C00066,WH05,2024-03-01,1,Wrong Product,4643.0
RET0000503,ORD00009805,P0032,C00653,WH05,2024-03-02,1,Late Delivery,1957.11
RET0000504,ORD00009821,P0036,C00868,WH02,2024-03-06,1,Damaged,2814.51
RET0000505,ORD00009826,P0037,C00386,WH02,2024-03-09,1,Damaged,1781.01
RET0000506,ORD00009832,P0038,C00156,WH03,2024-03-09,2,Customer Changed Mind,4545.26
RET0000507,ORD00009848,P0001,C00277,WH05,2024-02-23,2,Quality Issue,3596.38
RET0000508,ORD00009852,P0002,C00234,WH04,2024-03-02,2,Wrong Product,1900.9
RET0000509,ORD00009855,P0003,C00466,WH02,2024-03-11,1,Damaged,1220.29
RET0000510,ORD00009860,P0004,C00595,WH02,2024-02-24,2,Quality Issue,4455.4
RET0000511,ORD00009866,P0005,C00405,WH03,2024-02-24,2,Quality Issue,2971.39
RET0000512,ORD00009868,P0005,C00746,WH05,2024-02-28,1,Wrong Product,1650.77
RET0000513,ORD00009897,P0011,C00695,WH04,2024-03-03,2,Quality Issue,1493.22
RET0000514,ORD00009920,P0016,C00054,WH02,2024-03-11,2,Quality Issue,1998.79
RET0000515,ORD00009939,P0020,C00970,WH01,2024-03-06,2,Quality Issue,5462.5
RET0000516,ORD00009982,P0028,C00968,WH04,2024-03-10,1,Quality Issue,4175.8
RET0000517,ORD00010009,P0034,C00350,WH02,2024-02-29,2,Quality Issue,7814.53
RET0000518,ORD00010033,P0039,C00755,WH02,2024-02-29,1,Customer Changed Mind,622.97
RET0000519,ORD00010055,P0003,C00201,WH04,2024-03-10,2,Quality Issue,2440.58
RET0000520,ORD00010056,P0003,C00853,WH05,2024-02-24,1,Wrong Product,1220.29
RET0000521,ORD00010057,P0004,C00994,WH01,2024-03-11,1,Wrong Product,2227.7
RET0000522,ORD00010070,P0006,C00002,WH05,2024-03-09,2,Damaged,6883.49
RET0000523,ORD00010137,P0020,C00610,WH03,2024-03-03,1,Quality Issue,2579.51
RET0000524,ORD00010184,P0030,C00175,WH01,2024-03-05,1,Customer Changed Mind,3286.04
RET0000525,ORD00010198,P0033,C00230,WH01,2024-03-11,2,Quality Issue,4957.38
RET0000526,ORD00010235,P0040,C00656,WH03,2024-03-12,2,Damaged,1962.41
RET0000527,ORD00010256,P0004,C00460,WH04,2024-03-04,1,Late Delivery,2160.87
RET0000528,ORD00010262,P0005,C00353,WH05,2024-03-09,1,Late Delivery,1650.77
RET0000529,ORD00010277,P0008,C00843,WH05,2024-02-28,2,Customer Changed Mind,1840.49
RET0000530,ORD00010299,P0013,C00860,WH05,2024-03-07,1,Quality Issue,3433.57
RET0000531,ORD00010342,P0022,C00322,WH03,2024-03-09,1,Customer Changed Mind,611.26
RET0000532,ORD00010420,P0038,C00379,WH02,2024-02-28,2,Customer Changed Mind,4090.73
RET0000533,ORD00010453,P0004,C00514,WH05,2024-02-29,2,Damaged,4009.86
RET0000534,ORD00010528,P0020,C00431,WH01,2024-03-09,1,Customer Changed Mind,2943.68
RET0000535,ORD00010532,P0020,C00512,WH05,2024-03-11,2,Quality Issue,5765.97
RET0000536,ORD00010554,P0025,C00261,WH02,2024-03-04,2,Quality Issue,3572.8
RET0000537,ORD00010557,P0025,C00927,WH05,2024-03-12,2,Damaged,3572.8
RET0000538,ORD00010634,P0001,C00438,WH03,2024-03-14,1,Quality Issue,1798.19
RET0000539,ORD00010640,P0002,C00871,WH04,2024-02-29,2,Quality Issue,1710.81
RET0000540,ORD00010661,P0007,C00272,WH02,2024-03-03,1,Wrong Product,2867.92
RET0000541,ORD00010689,P0012,C00947,WH05,2024-03-10,1,Late Delivery,2996.64
RET0000542,ORD00010698,P0014,C00308,WH04,2024-03-13,2,Damaged,5268.64
RET0000543,ORD00010699,P0014,C00427,WH05,2024-03-15,2,Wrong Product,5268.64
RET0000544,ORD00010737,P0022,C00754,WH03,2024-03-12,2,Late Delivery,1222.52
RET0000545,ORD00010744,P0023,C00448,WH05,2024-02-27,2,Quality Issue,1795.02
RET0000546,ORD00010759,P0026,C00742,WH05,2024-02-27,1,Damaged,2864.88
RET0000547,ORD00010765,P0028,C00902,WH01,2024-03-13,1,Damaged,4304.95
RET0000548,ORD00010775,P0030,C00898,WH01,2024-03-12,2,Quality Issue,6572.08
RET0000549,ORD00010780,P0031,C00113,WH01,2024-03-03,2,Customer Changed Mind,1188.86
RET0000550,ORD00010804,P0035,C00029,WH05,2024-03-02,1,Damaged,2125.57
RET0000551,ORD00010838,P0002,C00217,WH04,2024-03-07,2,Damaged,1900.9
RET0000552,ORD00010844,P0003,C00872,WH05,2024-03-11,1,Quality Issue,1183.68
RET0000553,ORD00010847,P0004,C00240,WH03,2024-03-09,2,Quality Issue,4232.63
RET0000554,ORD00010862,P0007,C00415,WH04,2024-03-13,2,Wrong Product,5321.92
RET0000555,ORD00010878,P0010,C00397,WH05,2024-03-15,2,Quality Issue,6778.82
RET0000556,ORD00010910,P0017,C00961,WH02,2024-03-07,2,Quality Issue,2229.66
RET0000557,ORD00010912,P0017,C00042,WH04,2024-03-03,2,Quality Issue,2162.77
RET0000558,ORD00010939,P0023,C00216,WH01,2024-03-05,2,Damaged,1705.27
RET0000559,ORD00010946,P0024,C00290,WH03,2024-03-07,2,Damaged,1600.97
RET0000560,ORD00010995,P0034,C00105,WH03,2024-03-09,1,Damaged,3907.26
RET0000561,ORD00011032,P0002,C00249,WH01,2024-02-29,1,Quality Issue,950.45
RET0000562,ORD00011041,P0003,C00284,WH05,2024-03-13,1,Quality Issue,1220.29
RET0000563,ORD00011050,P0005,C00040,WH04,2024-03-05,2,Wrong Product,2971.39
RET0000564,ORD00011069,P0009,C00832,WH04,2024-02-29,2,Customer Changed Mind,6094.21
RET0000565,ORD00011082,P0012,C00131,WH03,2024-03-09,1,Customer Changed Mind,2996.64
RET0000566,ORD00011102,P0016,C00129,WH04,2024-03-03,1,Customer Changed Mind,1054.92
RET0000567,ORD00011128,P0021,C00044,WH05,2024-03-16,2,Customer Changed Mind,1681.82
RET0000568,ORD00011132,P0022,C00365,WH04,2024-03-14,2,Quality Issue,1100.27
RET0000569,ORD00011157,P0027,C00917,WH04,2024-03-07,1,Damaged,692.43
RET0000570,ORD00011187,P0033,C00534,WH04,2024-03-03,2,Damaged,4599.63
RET0000571,ORD00011193,P0034,C00985,WH05,2024-02-29,2,Quality Issue,8225.82
RET0000572,ORD00011215,P0039,C00707,WH02,2024-03-01,2,Wrong Product,1114.79
RET0000573,ORD00011217,P0039,C00617,WH04,2024-03-13,2,Damaged,1245.94
RET0000574,ORD00011222,P0040,C00521,WH05,2024-03-03,1,Customer Changed Mind,981.2
RET0000575,ORD00011249,P0006,C00426,WH02,2024-03-01,1,Wrong Product,3260.6
RET0000576,ORD00011256,P0007,C00575,WH05,2024-03-06,2,Damaged,5617.58
RET0000577,ORD00011257,P0008,C00634,WH01,2024-03-18,2,Wrong Product,1840.49
RET0000578,ORD00011295,P0015,C00912,WH05,2024-03-01,1,Damaged,292.83
RET0000579,ORD00011416,P0040,C00837,WH01,2024-03-10,1,Wrong Product,1011.55
RET0000580,ORD00011453,P0008,C00095,WH01,2024-03-05,1,Damaged,920.25
RET0000581,ORD00011464,P0010,C00218,WH02,2024-03-08,1,Damaged,3032.63
RET0000582,ORD00011473,P0012,C00127,WH01,2024-03-10,2,Damaged,5251.84
RET0000583,ORD00011477,P0013,C00805,WH01,2024-03-05,1,Quality Issue,3072.14
RET0000584,ORD00011504,P0018,C00762,WH03,2024-03-04,1,Damaged,1297.99
RET0000585,ORD00011542,P0026,C00455,WH01,2024-03-07,1,Wrong Product,2721.64
RET0000586,ORD00011635,P0004,C00206,WH05,2024-03-06,1,Customer Changed Mind,2227.7
RET0000587,ORD00011664,P0010,C00710,WH04,2024-03-05,2,Quality Issue,7135.6
RET0000588,ORD00011667,P0011,C00140,WH02,2024-03-06,2,Quality Issue,1448.42
RET0000589,ORD00011732,P0024,C00587,WH02,2024-03-08,2,Quality Issue,1778.86
RET0000590,ORD00011733,P0024,C00112,WH03,2024-03-17,1,Quality Issue,889.43
RET0000591,ORD00011749,P0027,C00213,WH04,2024-03-07,2,Late Delivery,1384.87
RET0000592,ORD00011776,P0033,C00574,WH01,2024-03-09,1,Damaged,2427.58
RET0000593,ORD00011779,P0033,C00375,WH04,2024-03-12,2,Quality Issue,5110.7
RET0000594,ORD00011784,P0034,C00570,WH04,2024-03-17,1,Damaged,4112.91
RET0000595,ORD00011789,P0035,C00706,WH04,2024-03-06,2,Quality Issue,4251.14
RET0000596,ORD00011831,P0004,C00944,WH01,2024-03-07,1,Quality Issue,2227.7
RET0000597,ORD00011871,P0012,C00514,WH01,2024-03-08,1,Customer Changed Mind,2934.85
RET0000598,ORD00011881,P0014,C00599,WH01,2024-03-12,1,Customer Changed Mind,2502.6
RET0000599,ORD00011891,P0016,C00694,WH01,2024-03-06,2,Late Delivery,2220.88
RET0000600,ORD00011909,P0019,C00629,WH04,2024-03-20,2,Customer Changed Mind,5516.48
RET0000601,ORD00011932,P0024,C00052,WH02,2024-03-20,1,Damaged,889.43
RET0000602,ORD00011981,P0034,C01000,WH02,2024-03-07,2,Customer Changed Mind,7979.05
RET0000603,ORD00012002,P0038,C00747,WH03,2024-03-21,1,Wrong Product,2045.37
RET0000604,ORD00012065,P0011,C00989,WH01,2024-03-14,1,Customer Changed Mind,709.28
RET0000605,ORD00012079,P0014,C00676,WH01,2024-03-14,1,Late Delivery,2502.6
RET0000606,ORD00012085,P0015,C00635,WH02,2024-03-17,2,Customer Changed Mind,650.74
RET0000607,ORD00012160,P0030,C00563,WH03,2024-03-11,1,Wrong Product,3286.04
RET0000608,ORD00012174,P0033,C00264,WH02,2024-03-08,1,Quality Issue,2555.35
RET0000609,ORD00012178,P0034,C00871,WH01,2024-03-07,2,Customer Changed Mind,8225.82
RET0000610,ORD00012184,P0035,C00339,WH02,2024-03-21,1,Damaged,2125.57
RET0000611,ORD00012192,P0036,C00521,WH05,2024-03-16,2,Damaged,5629.02
RET0000612,ORD00012194,P0037,C00110,WH02,2024-03-13,1,Customer Changed Mind,1836.09
RET0000613,ORD00012203,P0039,C00088,WH01,2024-03-20,2,Late Delivery,1272.17
RET0000614,ORD00012215,P0001,C00468,WH03,2024-03-15,2,Late Delivery,3236.74
RET0000615,ORD00012220,P0002,C00421,WH03,2024-03-11,2,Quality Issue,1900.9
RET0000616,ORD00012222,P0002,C00723,WH05,2024-03-11,1,Customer Changed Mind,902.93
RET0000617,ORD00012228,P0004,C00839,WH01,2024-03-22,1,Customer Changed Mind,2227.7
RET0000618,ORD00012279,P0014,C00652,WH05,2024-03-17,2,Damaged,5268.64
RET0000619,ORD00012281,P0015,C00151,WH02,2024-03-15,1,Quality Issue,292.83
RET0000620,ORD00012332,P0025,C00561,WH03,2024-03-06,1,Quality Issue,1732.81
RET0000621,ORD00012397,P0038,C00006,WH05,2024-03-12,2,Customer Changed Mind,4090.73
RET0000622,ORD00012401,P0039,C00397,WH04,2024-03-06,2,Damaged,1311.52
RET0000623,ORD00012405,P0040,C00608,WH03,2024-03-06,2,Late Delivery,2023.1
RET0000624,ORD00012417,P0002,C00946,WH05,2024-03-20,2,Damaged,1843.87
RET0000625,ORD00012450,P0009,C00704,WH03,2024-03-24,1,Late Delivery,3047.11
RET0000626,ORD00012455,P0010,C00717,WH04,2024-03-15,1,Damaged,3211.02
RET0000627,ORD00012480,P0015,C00713,WH04,2024-03-19,2,Customer Changed Mind,631.22
RET0000628,ORD00012489,P0017,C00276,WH03,2024-03-12,2,Quality Issue,2118.18
RET0000629,ORD00012497,P0019,C00498,WH01,2024-03-20,1,Damaged,2620.33
RET0000630,ORD00012505,P0020,C00591,WH04,2024-03-22,1,Wrong Product,3034.72
RET0000631,ORD00012515,P0022,C00921,WH04,2024-03-22,1,Late Delivery,592.92
RET0000632,ORD00012574,P0034,C00813,WH04,2024-03-11,1,Wrong Product,3495.97
RET0000633,ORD00012582,P0036,C00767,WH02,2024-03-13,1,Quality Issue,2814.51
RET0000634,ORD00012593,P0038,C00855,WH03,2024-03-15,2,Damaged,4545.26
RET0000635,ORD00012612,P0002,C00828,WH02,2024-03-21,1,Quality Issue,950.45
RET0000636,ORD00012615,P0002,C00339,WH05,2024-03-10,2,Quality Issue,1843.87
RET0000637,ORD00012627,P0005,C00787,WH02,2024-03-13,1,Customer Changed Mind,1650.77
RET0000638,ORD00012646,P0009,C00454,WH01,2024-03-21,1,Customer Changed Mind,3111.26
RET0000639,ORD00012651,P0010,C00490,WH01,2024-03-09,2,Customer Changed Mind,6422.04
RET0000640,ORD00012694,P0018,C00422,WH05,2024-03-16,2,Wrong Product,2650.64
RET0000641,ORD00012716,P0023,C00888,WH02,2024-03-09,2,Customer Changed Mind,1795.02
RET0000642,ORD00012733,P0026,C00436,WH04,2024-03-25,2,Wrong Product,5557.87
RET0000643,ORD00012734,P0026,C00240,WH05,2024-03-24,2,Quality Issue,5729.76
RET0000644,ORD00012747,P0029,C00749,WH03,2024-03-16,1,Quality Issue,4503.71
RET0000645,ORD00012764,P0033,C00164,WH01,2024-03-09,2,Customer Changed Mind,4855.16
RET0000646,ORD00012767,P0033,C00297,WH04,2024-03-19,1,Wrong Product,2555.35
RET0000647,ORD00012775,P0035,C00386,WH02,2024-03-18,2,Quality Issue,4251.14
RET0000648,ORD00012785,P0037,C00347,WH02,2024-03-17,1,Damaged,1836.09
RET0000649,ORD00012809,P0002,C00954,WH01,2024-03-12,2,Customer Changed Mind,1843.87
RET0000650,ORD00012841,P0008,C00937,WH04,2024-03-12,1,Quality Issue,968.68
RET0000651,ORD00012908,P0022,C00589,WH01,2024-03-22,2,Damaged,1222.52
RET0000652,ORD00012926,P0025,C00546,WH04,2024-03-22,1,Wrong Product,1607.76
RET0000653,ORD00012937,P0027,C00449,WH05,2024-03-19,1,Customer Changed Mind,769.37
RET0000654,ORD00012944,P0029,C00042,WH02,2024-03-21,1,Quality Issue,4503.71
RET0000655,ORD00012951,P0030,C00784,WH04,2024-03-10,1,Wrong Product,3121.74
RET0000656,ORD00012953,P0031,C00587,WH01,2024-03-11,1,Damaged,594.43
RET0000657,ORD00012996,P0039,C00085,WH05,2024-03-25,2,Wrong Product,1311.52
RET0000658,ORD00013013,P0003,C00345,WH03,2024-03-24,1,Quality Issue,1098.26
RET0000659,ORD00013014,P0003,C00184,WH04,2024-03-26,2,Damaged,2440.58
RET0000660,ORD00013024,P0005,C00476,WH04,2024-03-11,1,Damaged,1650.77
RET0000661,ORD00013042,P0009,C00335,WH02,2024-03-15,1,Quality Issue,3207.48
RET0000662,ORD00013087,P0018,C00120,WH04,2024-03-16,2,Wrong Product,2732.62
RET0000663,ORD00013108,P0022,C00744,WH05,2024-03-25,1,Quality Issue,611.26
RET0000664,ORD00013122,P0025,C00426,WH04,2024-03-19,1,Quality Issue,1786.4
RET0000665,ORD00013176,P0036,C00428,WH03,2024-03-14,2,Damaged,5066.12
RET0000666,ORD00013204,P0002,C00585,WH01,2024-03-26,2,Customer Changed Mind,1900.9
RET0000667,ORD00013220,P0005,C00053,WH02,2024-03-26,2,Wrong Product,3301.54
RET0000668,ORD00013236,P0008,C00142,WH03,2024-03-12,1,Late Delivery,871.81
RET0000669,ORD00013246,P0010,C00645,WH03,2024-03-28,1,Quality Issue,3211.02
RET0000670,ORD00013250,P0011,C00400,WH02,2024-03-16,1,Damaged,746.61
RET0000671,ORD00013284,P0018,C00236,WH01,2024-03-27,1,Quality Issue,1366.31
RET0000672,ORD00013285,P0018,C00026,WH02,2024-03-23,2,Damaged,2732.62
RET0000673,ORD00013300,P0021,C00078,WH02,2024-03-15,2,Late Delivery,1597.73
RET0000674,ORD00013328,P0026,C00758,WH05,2024-03-24,2,Customer Changed Mind,5557.87
RET0000675,ORD00013330,P0027,C00688,WH02,2024-03-13,2,Damaged,1461.8
RET0000676,ORD00013331,P0027,C00512,WH03,2024-03-28,1,Damaged,730.9
RET0000677,ORD00013334,P0028,C00046,WH01,2024-03-25,2,Wrong Product,8609.9
RET0000678,ORD00013347,P0030,C00946,WH04,2024-03-19,2,Damaged,6572.08
RET0000679,ORD00013350,P0031,C00244,WH02,2024-03-19,2,Quality Issue,1254.91
RET0000680,ORD00013381,P0037,C00437,WH04,2024-03-19,1,Damaged,1836.09
RET0000681,ORD00013382,P0037,C00602,WH05,2024-03-18,2,Quality Issue,3672.18
RET0000682,ORD00013416,P0004,C00850,WH04,2024-03-24,1,Quality Issue,2160.87
RET0000683,ORD00013429,P0007,C00847,WH02,2024-03-15,2,Quality Issue,5913.24
RET0000684,ORD00013432,P0007,C00270,WH05,2024-03-29,2,Damaged,5913.24
RET0000685,ORD00013433,P0008,C00709,WH01,2024-03-29,2,Customer Changed Mind,1840.49
RET0000686,ORD00013439,P0009,C00072,WH02,2024-03-24,2,Damaged,5773.46
RET0000687,ORD00013497,P0020,C00104,WH05,2024-03-23,2,Damaged,6069.44
RET0000688,ORD00013554,P0032,C00081,WH02,2024-03-14,2,Late Delivery,3996.63
RET0000689,ORD00013587,P0038,C00830,WH05,2024-03-14,1,Customer Changed Mind,2204.45
RET0000690,ORD00013603,P0002,C00460,WH01,2024-03-19,2,Damaged,1615.76
RET0000691,ORD00013624,P0006,C00413,WH03,2024-03-28,2,Quality Issue,7245.78
RET0000692,ORD00013627,P0007,C00564,WH01,2024-03-19,2,Wrong Product,5913.24
RET0000693,ORD00013637,P0009,C00593,WH01,2024-03-25,2,Quality Issue,6222.51
RET0000694,ORD00013639,P0009,C00082,WH03,2024-03-16,1,Quality Issue,3207.48
RET0000695,ORD00013659,P0013,C00983,WH04,2024-03-14,2,Wrong Product,6505.7
RET0000696,ORD00013664,P0014,C00219,WH04,2024-03-25,1,Damaged,2555.29
RET0000697,ORD00013718,P0025,C00646,WH04,2024-03-28,2,Customer Changed Mind,3394.16
RET0000698,ORD00013726,P0027,C00596,WH02,2024-03-19,1,Damaged,746.29
RET0000699,ORD00013731,P0028,C00824,WH02,2024-03-18,1,Customer Changed Mind,4089.7
RET0000700,ORD00013753,P0032,C00870,WH04,2024-03-14,1,Quality Issue,1998.32
RET0000701,ORD00013799,P0002,C00451,WH01,2024-03-30,2,Quality Issue,1805.86
RET0000702,ORD00013804,P0003,C00048,WH01,2024-03-25,2,Quality Issue,2440.58
RET0000703,ORD00013811,P0004,C00915,WH03,2024-03-24,1,Quality Issue,2227.7
RET0000704,ORD00013823,P0007,C00745,WH01,2024-03-25,1,Wrong Product,2808.79
RET0000705,ORD00013825,P0007,C00282,WH03,2024-03-29,1,Quality Issue,2956.62
RET0000706,ORD00013846,P0011,C00195,WH05,2024-03-16,2,Damaged,1493.22
RET0000707,ORD00013861,P0015,C00978,WH02,2024-03-20,2,Customer Changed Mind,650.74
RET0000708,ORD00013880,P0019,C00566,WH01,2024-03-20,1,Customer Changed Mind,2675.49
RET0000709,ORD00013922,P0027,C00652,WH03,2024-03-22,1,Damaged,769.37
RET0000710,ORD00013923,P0027,C00029,WH04,2024-03-29,1,Damaged,769.37
RET0000711,ORD00013949,P0033,C00162,WH01,2024-03-21,2,Late Delivery,4957.38
RET0000712,ORD00013976,P0038,C00144,WH03,2024-03-27,1,Customer Changed Mind,2272.63
RET0000713,ORD00014017,P0007,C00809,WH02,2024-03-28,1,Wrong Product,2956.62
RET0000714,ORD00014032,P0010,C00390,WH02,2024-04-01,2,Wrong Product,7135.6
RET0000715,ORD00014051,P0014,C00077,WH02,2024-03-23,1,Customer Changed Mind,2502.6
RET0000716,ORD00014069,P0017,C00901,WH05,2024-03-16,2,Quality Issue,2162.77
RET0000717,ORD00014085,P0021,C00196,WH01,2024-03-22,1,Damaged,798.86
RET0000718,ORD00014095,P0023,C00040,WH01,2024-03-25,1,Quality Issue,897.51
RET0000719,ORD00014100,P0024,C00518,WH01,2024-04-01,1,Customer Changed Mind,844.96
RET0000720,ORD00014107,P0025,C00804,WH03,2024-03-25,1,Late Delivery,1786.4
RET0000721,ORD00014132,P0030,C00010,WH03,2024-03-21,1,Damaged,2957.44
RET0000722,ORD00014162,P0036,C00732,WH03,2024-03-17,2,Damaged,5629.02
RET0000723,ORD00014193,P0002,C00263,WH04,2024-03-18,1,Quality Issue,902.93
RET0000724,ORD00014233,P0010,C00742,WH05,2024-03-28,1,Late Delivery,3389.41
RET0000725,ORD00014238,P0011,C00459,WH05,2024-03-22,2,Quality Issue,1448.42
RET0000726,ORD00014256,P0015,C00627,WH03,2024-03-23,2,Quality Issue,650.74
RET0000727,ORD00014268,P0017,C00939,WH05,2024-03-26,2,Quality Issue,2229.66
RET0000728,ORD00014295,P0023,C00162,WH03,2024-03-19,1,Quality Issue,897.51
RET0000729,ORD00014302,P0024,C00457,WH05,2024-03-22,2,Damaged,1689.92
RET0000730,ORD00014320,P0028,C00409,WH03,2024-03-26,2,Damaged,7748.91
RET0000731,ORD00014322,P0028,C00587,WH05,2024-03-17,2,Quality Issue,7318.41
RET0000732,ORD00014370,P0038,C00625,WH04,2024-03-16,1,Quality Issue,2159.0
RET0000733,ORD00014387,P0002,C00105,WH01,2024-03-24,1,Quality Issue,950.45
RET0000734,ORD00014418,P0008,C00757,WH03,2024-03-20,2,Damaged,1937.36
RET0000735,ORD00014423,P0009,C00842,WH03,2024-03-31,2,Quality Issue,6414.96
RET0000736,ORD00014462,P0017,C00535,WH02,2024-03-17,2,Customer Changed Mind,2006.69
RET0000737,ORD00014479,P0020,C00647,WH04,2024-03-28,1,Quality Issue,2731.25
RET0000738,ORD00014485,P0021,C00106,WH05,2024-03-31,2,Quality Issue,1681.82
RET0000739,ORD00014487,P0022,C00432,WH02,2024-03-25,1,Damaged,611.26
RET0000740,ORD00014501,P0025,C00879,WH01,2024-03-17,1,Damaged,1786.4
RET0000741,ORD00014507,P0026,C00557,WH02,2024-03-18,2,Quality Issue,5729.76
RET0000742,ORD00014546,P0034,C00623,WH01,2024-03-24,2,Quality Issue,8225.82
RET0000743,ORD00014559,P0036,C00637,WH04,2024-03-18,1,Wrong Product,2533.06
RET0000744,ORD00014576,P0040,C00791,WH01,2024-03-24,1,Quality Issue,1011.55
RET0000745,ORD00014705,P0025,C00503,WH05,2024-03-21,1,Damaged,1786.4
RET0000746,ORD00014725,P0029,C00975,WH05,2024-03-27,2,Damaged,7893.1
RET0000747,ORD00014756,P0036,C00117,WH01,2024-03-19,2,Quality Issue,5066.12
RET0000748,ORD00014775,P0039,C00054,WH05,2024-03-23,1,Damaged,655.76
RET0000749,ORD00014781,P0001,C00318,WH01,2024-03-19,2,Customer Changed Mind,3416.56
RET0000750,ORD00014782,P0001,C00861,WH02,2024-03-30,2,Wrong Product,3416.56
RET0000751,ORD00014828,P0010,C00720,WH03,2024-03-26,1,Quality Issue,3567.8
RET0000752,ORD00014845,P0013,C00201,WH05,2024-03-24,1,Quality Issue,3614.28
RET0000753,ORD00014855,P0015,C00067,WH05,2024-03-25,1,Quality Issue,315.61
RET0000754,ORD00014875,P0019,C00805,WH05,2024-04-04,2,Damaged,5516.48
RET0000755,ORD00014898,P0024,C00983,WH03,2024-04-04,1,Customer Changed Mind,862.75
RET0000756,ORD00014913,P0027,C00652,WH03,2024-03-19,2,Quality Issue,1492.58
RET0000757,ORD00014916,P0028,C00441,WH01,2024-03-30,1,Quality Issue,4304.95
RET0000758,ORD00015018,P0008,C00996,WH03,2024-04-06,2,Late Delivery,1937.36
RET0000759,ORD00015028,P0010,C00843,WH03,2024-03-22,1,Quality Issue,3460.77
RET0000760,ORD00015040,P0012,C00731,WH05,2024-03-23,2,Damaged,6178.64
RET0000761,ORD00015047,P0014,C00683,WH03,2024-04-02,1,Customer Changed Mind,2634.32
RET0000762,ORD00015048,P0014,C00177,WH04,2024-03-20,1,Quality Issue,2239.17
RET0000763,ORD00015052,P0015,C00690,WH03,2024-04-03,2,Quality Issue,618.2
RET0000764,ORD00015057,P0016,C00835,WH03,2024-03-25,2,Quality Issue,2154.25
RET0000765,ORD00015073,P0019,C00182,WH04,2024-03-26,2,Wrong Product,5516.48
RET0000766,ORD00015075,P0020,C00184,WH01,2024-03-31,2,Quality Issue,6069.44
RET0000767,ORD00015118,P0028,C00030,WH04,2024-03-28,1,Quality Issue,4089.7
RET0000768,ORD00015126,P0030,C00016,WH02,2024-03-29,1,Quality Issue,3121.74
RET0000769,ORD00015148,P0034,C00366,WH05,2024-04-05,1,Quality Issue,3989.52
RET0000770,ORD00015175,P0040,C00876,WH02,2024-04-02,1,Customer Changed Mind,1011.55
RET0000771,ORD00015184,P0002,C00157,WH01,2024-03-24,2,Quality Issue,1710.81
RET0000772,ORD00015200,P0005,C00938,WH02,2024-03-23,1,Damaged,1650.77
RET0000773,ORD00015229,P0011,C00248,WH03,2024-04-01,2,Damaged,1343.9
RET0000774,ORD00015300,P0025,C00060,WH04,2024-03-30,1,Wrong Product,1786.4
RET0000775,ORD00015317,P0029,C00324,WH01,2024-03-30,2,Quality Issue,8821.7
RET0000776,ORD00015321,P0029,C00562,WH05,2024-03-21,1,Wrong Product,4178.7
RET0000777,ORD00015338,P0033,C00050,WH03,2024-03-29,2,Customer Changed Mind,5110.7
RET0000778,ORD00015351,P0036,C00505,WH01,2024-04-01,2,Quality Issue,5460.15
RET0000779,ORD00015379,P0002,C00509,WH01,2024-04-04,1,Customer Changed Mind,855.41
RET0000780,ORD00015385,P0003,C00305,WH02,2024-04-02,1,Wrong Product,1220.29
RET0000781,ORD00015402,P0006,C00466,WH04,2024-03-22,1,Quality Issue,3441.75
RET0000782,ORD00015426,P0011,C00688,WH03,2024-04-08,1,Wrong Product,746.61
RET0000783,ORD00015466,P0019,C00970,WH04,2024-03-22,1,Damaged,2758.24
RET0000784,ORD00015473,P0021,C00808,WH01,2024-04-06,1,Customer Changed Mind,756.82
RET0000785,ORD00015481,P0022,C00194,WH04,2024-04-02,1,Late Delivery,611.26
RET0000786,ORD00015489,P0024,C00157,WH02,2024-04-06,2,Damaged,1689.92
RET0000787,ORD00015494,P0025,C00002,WH02,2024-04-05,1,Wrong Product,1786.4
RET0000788,ORD00015499,P0026,C00351,WH02,2024-04-08,2,Quality Issue,4870.3
RET0000789,ORD00015528,P0032,C00907,WH01,2024-04-06,2,Customer Changed Mind,4120.24
RET0000790,ORD00015532,P0032,C00805,WH05,2024-04-03,1,Customer Changed Mind,1957.11
RET0000791,ORD00015555,P0037,C00243,WH03,2024-04-03,2,Quality Issue,3304.96
RET0000792,ORD00015560,P0038,C00581,WH03,2024-04-07,1,Damaged,2272.63
RET0000793,ORD00015608,P0008,C00194,WH02,2024-03-31,2,Quality Issue,1743.62
RET0000794,ORD00015626,P0011,C00137,WH05,2024-03-24,1,Quality Issue,746.61
RET0000795,ORD00015659,P0018,C00491,WH04,2024-04-09,2,Quality Issue,2595.99
RET0000796,ORD00015674,P0021,C00977,WH04,2024-03-26,2,Damaged,1681.82
RET0000797,ORD00015678,P0022,C00601,WH03,2024-03-30,1,Quality Issue,611.26
RET0000798,ORD00015694,P0025,C00526,WH04,2024-04-05,2,Quality Issue,3394.16
RET0000799,ORD00015710,P0028,C00372,WH05,2024-03-27,1,Customer Changed Mind,3874.46
RET0000800,ORD00015754,P0037,C00488,WH05,2024-04-01,1,Customer Changed Mind,1836.09
RET0000801,ORD00015761,P0039,C00723,WH02,2024-03-30,1,Customer Changed Mind,590.18
RET0000802,ORD00015782,P0003,C00372,WH03,2024-03-31,2,Quality Issue,2440.58
RET0000803,ORD00015784,P0003,C00705,WH05,2024-03-24,2,Wrong Product,2074.49
RET0000804,ORD00015789,P0004,C00652,WH05,2024-03-28,1,Damaged,2160.87
RET0000805,ORD00015898,P0027,C00334,WH03,2024-04-05,1,Quality Issue,769.37
RET0000806,ORD00015908,P0029,C00798,WH03,2024-04-08,1,Quality Issue,4643.0
RET0000807,ORD00015934,P0034,C00101,WH04,2024-03-27,2,Customer Changed Mind,7979.05
RET0000808,ORD00015956,P0039,C00805,WH01,2024-03-24,1,Quality Issue,636.09
RET0000809,ORD00015957,P0039,C00940,WH02,2024-04-08,1,Damaged,655.76
RET0000810,ORD00015990,P0005,C00995,WH05,2024-04-02,2,Late Delivery,3202.49
RET0000811,ORD00015994,P0006,C00224,WH04,2024-04-01,1,Quality Issue,3514.2
RET0000812,ORD00016029,P0013,C00039,WH04,2024-04-09,1,Quality Issue,3252.85
RET0000813,ORD00016040,P0015,C00246,WH05,2024-03-27,1,Late Delivery,309.1
RET0000814,ORD00016068,P0021,C00808,WH03,2024-04-06,1,Damaged,714.77
RET0000815,ORD00016074,P0022,C00516,WH05,2024-03-28,1,Quality Issue,611.26
RET0000816,ORD00016121,P0032,C00917,WH03,2024-04-11,2,Wrong Product,4120.24
RET0000817,ORD00016122,P0032,C00914,WH04,2024-03-27,1,Wrong Product,2060.12
RET0000818,ORD00016164,P0001,C00625,WH01,2024-04-07,2,Damaged,3416.56
RET0000819,ORD00016263,P0021,C00912,WH01,2024-03-31,1,Customer Changed Mind,756.82
RET0000820,ORD00016274,P0023,C00483,WH02,2024-04-02,2,Quality Issue,1705.27
RET0000821,ORD00016294,P0027,C00079,WH02,2024-03-26,2,Quality Issue,1538.74
RET0000822,ORD00016303,P0029,C00834,WH01,2024-04-05,2,Damaged,8357.4
RET0000823,ORD00016321,P0032,C00762,WH04,2024-03-27,2,Quality Issue,3502.2
RET0000824,ORD00016361,P0001,C00899,WH01,2024-04-04,1,Customer Changed Mind,1744.24
RET0000825,ORD00016365,P0001,C00470,WH05,2024-04-04,1,Wrong Product,1708.28
RET0000826,ORD00016405,P0010,C00526,WH01,2024-04-06,1,Quality Issue,3567.8
RET0000827,ORD00016417,P0012,C00758,WH03,2024-04-11,2,Damaged,6178.64
RET0000828,ORD00016451,P0019,C00721,WH03,2024-03-29,2,Quality Issue,5350.99
RET0000829,ORD00016455,P0020,C00817,WH02,2024-04-08,2,Wrong Product,6069.44
RET0000830,ORD00016457,P0020,C00236,WH04,2024-03-30,2,Quality Issue,6069.44
RET0000831,ORD00016511,P0031,C00338,WH04,2024-04-01,1,Customer Changed Mind,660.48
RET0000832,ORD00016529,P0035,C00274,WH02,2024-04-13,2,Damaged,4251.14
RET0000833,ORD00016554,P0040,C00124,WH02,2024-03-30,2,Damaged,2023.1
RET0000834,ORD00016564,P0002,C00488,WH02,2024-04-03,2,Customer Changed Mind,1710.81
RET0000835,ORD00016581,P0005,C00519,WH04,2024-04-14,1,Customer Changed Mind,1650.77
RET0000836,ORD00016636,P0016,C00737,WH04,2024-04-02,2,Damaged,2220.88
RET0000837,ORD00016640,P0017,C00964,WH03,2024-03-29,1,Customer Changed Mind,1114.83
RET0000838,ORD00016648,P0019,C00425,WH01,2024-04-07,2,Late Delivery,5516.48
RET0000839,ORD00016658,P0021,C00756,WH01,2024-04-04,1,Damaged,840.91
RET0000840,ORD00016666,P0022,C00952,WH04,2024-04-13,2,Damaged,1222.52
RET0000841,ORD00016696,P0028,C00999,WH04,2024-04-14,2,Quality Issue,8179.4
RET0000842,ORD00016716,P0032,C00517,WH04,2024-04-11,2,Customer Changed Mind,4120.24
RET0000843,ORD00016785,P0007,C00987,WH01,2024-04-07,2,Damaged,5913.24
RET0000844,ORD00016811,P0012,C00962,WH02,2024-04-10,2,Damaged,6178.64
RET0000845,ORD00016823,P0014,C00411,WH04,2024-04-05,1,Quality Issue,2370.89
RET0000846,ORD00016850,P0020,C00272,WH01,2024-04-07,2,Wrong Product,6069.44
RET0000847,ORD00016860,P0022,C00726,WH01,2024-04-08,1,Damaged,611.26
RET0000848,ORD00016868,P0023,C00117,WH04,2024-04-07,1,Customer Changed Mind,852.63
RET0000849,ORD00016889,P0027,C00658,WH05,2024-04-12,2,Quality Issue,1384.87
RET0000850,ORD00016915,P0033,C00765,WH02,2024-03-29,2,Late Delivery,5110.7
RET0000851,ORD00016940,P0038,C00914,WH04,2024-04-01,1,Quality Issue,2159.0
RET0000852,ORD00016990,P0008,C00711,WH05,2024-04-01,2,Quality Issue,1840.49
RET0000853,ORD00017014,P0013,C00501,WH04,2024-04-15,1,Wrong Product,3614.28
RET0000854,ORD00017022,P0015,C00773,WH02,2024-04-13,1,Wrong Product,315.61
RET0000855,ORD00017024,P0015,C00415,WH04,2024-04-16,2,Quality Issue,585.67
RET0000856,ORD00017036,P0018,C00996,WH01,2024-04-01,2,Damaged,2459.36
RET0000857,ORD00017050,P0021,C00964,WH01,2024-04-02,2,Customer Changed Mind,1681.82
RET0000858,ORD00017067,P0024,C00394,WH03,2024-04-04,2,Wrong Product,1778.86
RET0000859,ORD00017114,P0033,C00021,WH05,2024-03-30,2,Damaged,4855.16
RET0000860,ORD00017176,P0006,C00007,WH05,2024-04-06,2,Damaged,7028.41
RET0000861,ORD00017201,P0011,C00680,WH05,2024-04-15,1,Customer Changed Mind,709.28
RET0000862,ORD00017203,P0012,C00402,WH02,2024-04-06,2,Customer Changed Mind,5560.78
RET0000863,ORD00017232,P0018,C00633,WH02,2024-03-31,2,Customer Changed Mind,2732.62
RET0000864,ORD00017238,P0019,C00307,WH03,2024-04-10,2,Damaged,5240.66
RET0000865,ORD00017256,P0023,C00935,WH01,2024-04-15,1,Quality Issue,852.63
RET0000866,ORD00017298,P0031,C00104,WH04,2024-04-09,1,Wrong Product,627.46
RET0000867,ORD00017331,P0038,C00509,WH02,2024-04-14,1,Wrong Product,2204.45
RET0000868,ORD00017333,P0038,C00935,WH04,2024-04-15,1,Customer Changed Mind,2272.63
RET0000869,ORD00017373,P0006,C00027,WH04,2024-04-14,1,Quality Issue,3622.89
RET0000870,ORD00017377,P0007,C00602,WH03,2024-04-15,1,Quality Issue,2956.62
RET0000871,ORD00017386,P0009,C00325,WH02,2024-04-09,1,Customer Changed Mind,3111.26
RET0000872,ORD00017394,P0010,C00352,WH05,2024-04-18,2,Quality Issue,6422.04
RET0000873,ORD00017401,P0012,C00671,WH02,2024-04-18,1,Late Delivery,3089.32
RET0000874,ORD00017484,P0028,C00610,WH05,2024-04-02,2,Damaged,8351.6
RET0000875,ORD00017493,P0030,C00743,WH04,2024-04-07,2,Customer Changed Mind,5914.87
RET0000876,ORD00017521,P0036,C00411,WH04,2024-04-16,2,Wrong Product,5629.02
RET0000877,ORD00017533,P0039,C00104,WH01,2024-04-15,2,Damaged,1311.52
RET0000878,ORD00017569,P0006,C00924,WH02,2024-04-17,1,Quality Issue,3622.89
RET0000879,ORD00017588,P0010,C00110,WH02,2024-04-05,2,Customer Changed Mind,6422.04
RET0000880,ORD00017624,P0017,C00379,WH03,2024-04-18,1,Damaged,1059.09
RET0000881,ORD00017683,P0029,C00246,WH02,2024-04-14,2,Damaged,8821.7
RET0000882,ORD00017687,P0030,C00002,WH01,2024-04-12,1,Customer Changed Mind,2793.13
RET0000883,ORD00017690,P0030,C00071,WH04,2024-04-18,1,Late Delivery,3121.74
RET0000884,ORD00017691,P0030,C00789,WH05,2024-04-18,2,Damaged,6572.08
RET0000885,ORD00017700,P0032,C00942,WH04,2024-04-17,2,Quality Issue,3708.22
RET0000886,ORD00017837,P0020,C00349,WH04,2024-04-18,1,Damaged,2882.98
RET0000887,ORD00017846,P0022,C00742,WH03,2024-04-04,1,Damaged,611.26
RET0000888,ORD00017872,P0027,C00086,WH04,2024-04-11,2,Quality Issue,1307.93
RET0000889,ORD00017925,P0038,C00060,WH02,2024-04-16,1,Quality Issue,2272.63
RET0000890,ORD00018028,P0018,C00586,WH05,2024-04-08,1,Customer Changed Mind,1229.68
RET0000891,ORD00018058,P0024,C00625,WH05,2024-04-13,1,Quality Issue,889.43
RET0000892,ORD00018062,P0025,C00176,WH04,2024-04-09,1,Late Delivery,1732.81
RET0000893,ORD00018063,P0025,C00838,WH05,2024-04-18,2,Quality Issue,3572.8
RET0000894,ORD00018065,P0026,C00823,WH02,2024-04-06,1,Quality Issue,2721.64
RET0000895,ORD00018087,P0030,C00860,WH04,2024-04-17,2,Customer Changed Mind,6572.08
RET0000896,ORD00018102,P0034,C00234,WH01,2024-04-12,1,Wrong Product,3907.26
RET0000897,ORD00018122,P0038,C00078,WH03,2024-04-18,1,Quality Issue,2272.63
RET0000898,ORD00018139,P0001,C00085,WH05,2024-04-15,2,Quality Issue,3488.49
RET0000899,ORD00018223,P0018,C00301,WH04,2024-04-16,1,Quality Issue,1297.99
RET0000900,ORD00018225,P0019,C00394,WH01,2024-04-14,1,Damaged,2620.33
RET0000901,ORD00018236,P0021,C00924,WH02,2024-04-17,2,Damaged,1681.82
RET0000902,ORD00018242,P0022,C00160,WH03,2024-04-11,2,Quality Issue,1185.84
RET0000903,ORD00018245,P0023,C00339,WH01,2024-04-14,2,Quality Issue,1741.17
RET0000904,ORD00018246,P0023,C00355,WH02,2024-04-12,1,Damaged,852.63
RET0000905,ORD00018285,P0031,C00240,WH02,2024-04-10,2,Late Delivery,1122.82
RET0000906,ORD00018327,P0039,C00428,WH04,2024-04-06,2,Customer Changed Mind,1311.52
RET0000907,ORD00018340,P0002,C00199,WH02,2024-04-22,1,Damaged,950.45
RET0000908,ORD00018345,P0003,C00944,WH02,2024-04-14,2,Quality Issue,2367.36
RET0000909,ORD00018376,P0009,C00317,WH04,2024-04-17,2,Quality Issue,6094.21
RET0000910,ORD00018381,P0010,C00605,WH04,2024-04-17,2,Quality Issue,6778.82
RET0000911,ORD00018404,P0015,C00018,WH03,2024-04-18,1,Customer Changed Mind,276.56
RET0000912,ORD00018414,P0017,C00157,WH03,2024-04-14,1,Wrong Product,1114.83
RET0000913,ORD00018458,P0026,C00786,WH02,2024-04-22,1,Wrong Product,2778.93
RET0000914,ORD00018461,P0026,C00060,WH05,2024-04-21,2,Late Delivery,5156.78
RET0000915,ORD00018488,P0032,C00395,WH03,2024-04-20,1,Late Delivery,2060.12
RET0000916,ORD00018501,P0035,C00948,WH01,2024-04-18,2,Late Delivery,3613.47
RET0000917,ORD00018539,P0002,C00805,WH04,2024-04-15,2,Quality Issue,1900.9
RET0000918,ORD00018546,P0004,C00098,WH01,2024-04-13,1,Quality Issue,2227.7
RET0000919,ORD00018602,P0015,C00414,WH03,2024-04-15,2,Quality Issue,618.2
RET0000920,ORD00018680,P0031,C00123,WH01,2024-04-10,2,Damaged,1254.91
RET0000921,ORD00018688,P0032,C00475,WH04,2024-04-17,2,Quality Issue,3708.22
RET0000922,ORD00018700,P0035,C00495,WH03,2024-04-15,1,Wrong Product,2125.57
RET0000923,ORD00018711,P0037,C00459,WH04,2024-04-08,1,Customer Changed Mind,1781.01
RET0000924,ORD00018750,P0005,C00037,WH04,2024-04-14,1,Damaged,1601.25
RET0000925,ORD00018777,P0011,C00425,WH02,2024-04-17,2,Quality Issue,1448.42
RET0000926,ORD00018819,P0019,C00017,WH04,2024-04-09,1,Quality Issue,2758.24
RET0000927,ORD00018839,P0023,C00099,WH04,2024-04-18,1,Quality Issue,897.51
RET0000928,ORD00018853,P0026,C00959,WH03,2024-04-21,1,Wrong Product,2435.15
RET0000929,ORD00018855,P0026,C00808,WH05,2024-04-09,1,Damaged,2578.39
RET0000930,ORD00018862,P0028,C00315,WH02,2024-04-21,1,Customer Changed Mind,4304.95
RET0000931,ORD00018864,P0028,C00179,WH04,2024-04-08,2,Quality Issue,8609.9
RET0000932,ORD00018869,P0029,C00988,WH04,2024-04-23,2,Damaged,9007.42
RET0000933,ORD00018906,P0037,C00875,WH02,2024-04-23,2,Damaged,3304.96
RET0000934,ORD00018942,P0004,C00335,WH03,2024-04-14,2,Customer Changed Mind,4455.4
RET0000935,ORD00018956,P0007,C00116,WH02,2024-04-13,2,Customer Changed Mind,5913.24
RET0000936,ORD00018962,P0008,C00012,WH03,2024-04-12,1,Quality Issue,968.68
RET0000937,ORD00018993,P0014,C00028,WH04,2024-04-09,1,Late Delivery,2239.17
RET0000938,ORD00018998,P0015,C00345,WH04,2024-04-25,1,Quality Issue,309.1
RET0000939,ORD00019013,P0018,C00262,WH04,2024-04-21,1,Wrong Product,1229.68
RET0000940,ORD00019032,P0022,C00505,WH03,2024-04-26,1,Quality Issue,611.26
RET0000941,ORD00019039,P0023,C00994,WH05,2024-04-12,2,Quality Issue,1795.02
RET0000942,ORD00019076,P0031,C00548,WH02,2024-04-22,1,Wrong Product,660.48
RET0000943,ORD00019083,P0032,C00974,WH04,2024-04-24,2,Quality Issue,4120.24
RET0000944,ORD00019097,P0035,C00045,WH03,2024-04-17,1,Damaged,2125.57
RET0000945,ORD00019103,P0036,C00529,WH04,2024-04-13,2,Damaged,5347.57
RET0000946,ORD00019113,P0038,C00450,WH05,2024-04-26,1,Quality Issue,2272.63
RET0000947,ORD00019136,P0003,C00101,WH03,2024-04-22,2,Customer Changed Mind,2196.52
RET0000948,ORD00019148,P0005,C00325,WH05,2024-04-15,2,Wrong Product,3301.54
RET0000949,ORD00019209,P0018,C00113,WH04,2024-04-24,1,Wrong Product,1366.31
RET0000950,ORD00019234,P0023,C00770,WH04,2024-04-18,1,Quality Issue,897.51
RET0000951,ORD00019260,P0028,C00540,WH05,2024-04-10,1,Damaged,3659.21
RET0000952,ORD00019272,P0031,C00682,WH02,2024-04-10,2,Quality Issue,1320.96
RET0000953,ORD00019287,P0034,C00326,WH03,2024-04-19,1,Quality Issue,3989.52
RET0000954,ORD00019321,P0001,C00985,WH03,2024-04-27,1,Quality Issue,1744.24
RET0000955,ORD00019364,P0010,C00058,WH01,2024-04-27,2,Late Delivery,6422.04
RET0000956,ORD00019369,P0011,C00104,WH01,2024-04-11,2,Wrong Product,1343.9
RET0000957,ORD00019376,P0012,C00513,WH04,2024-04-21,1,Customer Changed Mind,3089.32
RET0000958,ORD00019418,P0021,C00859,WH02,2024-04-19,2,Damaged,1681.82
RET0000959,ORD00019441,P0025,C00734,WH05,2024-04-24,1,Damaged,1607.76
RET0000960,ORD00019460,P0029,C00214,WH04,2024-04-26,1,Damaged,4410.85
RET0000961,ORD00019527,P0003,C00239,WH02,2024-04-26,1,Damaged,1098.26
RET0000962,ORD00019534,P0004,C00940,WH04,2024-04-16,2,Damaged,4455.4
RET0000963,ORD00019546,P0007,C00416,WH01,2024-04-18,2,Quality Issue,5913.24
RET0000964,ORD00019555,P0008,C00086,WH05,2024-04-24,2,Quality Issue,1879.24
RET0000965,ORD00019582,P0014,C00509,WH03,2024-04-29,2,Late Delivery,5268.64
RET0000966,ORD00019592,P0016,C00774,WH03,2024-04-22,2,Damaged,2220.88
RET0000967,ORD00019626,P0023,C00293,WH02,2024-04-13,2,Late Delivery,1741.17
RET0000968,ORD00019631,P0024,C00673,WH02,2024-04-21,2,Quality Issue,1725.49
RET0000969,ORD00019656,P0029,C00567,WH02,2024-04-16,1,Damaged,4643.0
RET0000970,ORD00019661,P0030,C00909,WH02,2024-04-18,2,Quality Issue,6572.08
RET0000971,ORD00019668,P0031,C00381,WH04,2024-04-21,2,Quality Issue,1254.91
RET0000972,ORD00019674,P0032,C00505,WH05,2024-04-19,2,Quality Issue,3708.22
RET0000973,ORD00019698,P0037,C00948,WH04,2024-04-19,1,Quality Issue,1836.09
RET0000974,ORD00019773,P0013,C00170,WH03,2024-04-14,1,Wrong Product,3614.28
RET0000975,ORD00019775,P0013,C00363,WH05,2024-04-20,2,Quality Issue,7011.7
RET0000976,ORD00019792,P0017,C00710,WH02,2024-04-14,1,Customer Changed Mind,1059.09
RET0000977,ORD00019794,P0017,C00080,WH04,2024-04-26,1,Damaged,1114.83
RET0000978,ORD00019795,P0017,C00480,WH05,2024-04-19,2,Damaged,2229.66
RET0000979,ORD00019811,P0021,C00572,WH01,2024-04-13,2,Damaged,1681.82
RET0000980,ORD00019817,P0022,C00837,WH02,2024-04-26,2,Quality Issue,1222.52
RET0000981,ORD00019838,P0026,C00047,WH04,2024-04-29,2,Late Delivery,5156.78
RET0000982,ORD00019849,P0028,C00264,WH05,2024-04-18,1,Wrong Product,4175.8
RET0000983,ORD00019884,P0035,C00323,WH05,2024-04-24,2,Customer Changed Mind,4251.14
RET0000984,ORD00019889,P0036,C00411,WH05,2024-04-16,1,Damaged,2814.51
RET0000985,ORD00019890,P0037,C00195,WH01,2024-04-28,1,Quality Issue,1836.09
RET0000986,ORD00019925,P0004,C00737,WH02,2024-04-30,1,Late Delivery,2160.87
RET0000987,ORD00019954,P0010,C00061,WH03,2024-04-14,1,Damaged,3460.77
RET0000988,ORD00019973,P0014,C00698,WH03,2024-04-18,2,Quality Issue,5268.64
RET0000989,ORD00019995,P0018,C00158,WH05,2024-04-20,1,Damaged,1325.32
RET0000990,ORD00020057,P0031,C00710,WH03,2024-04-23,2,Customer Changed Mind,1254.91
RET0000991,ORD00020152,P0011,C00979,WH01,2024-04-24,1,Customer Changed Mind,709.28
RET0000992,ORD00020169,P0014,C00487,WH04,2024-05-01,1,Customer Changed Mind,2239.17
RET0000993,ORD00020191,P0019,C00742,WH01,2024-04-24,2,Customer Changed Mind,5350.99
RET0000994,ORD00020200,P0020,C00735,WH05,2024-04-28,2,Quality Issue,5765.97
RET0000995,ORD00020206,P0022,C00670,WH01,2024-04-27,2,Late Delivery,1222.52
RET0000996,ORD00020213,P0023,C00276,WH03,2024-04-22,2,Damaged,1795.02
RET0000997,ORD00020274,P0035,C00625,WH04,2024-04-20,2,Customer Changed Mind,4038.58
RET0000998,ORD00020297,P0040,C00437,WH02,2024-04-24,1,Quality Issue,1011.55
RET0000999,ORD00020306,P0002,C00757,WH01,2024-04-20,2,Late Delivery,1615.76
RET0001000,ORD00020339,P0008,C00879,WH05,2024-04-30,2,Quality Issue,1646.76
RET0001001,ORD00020423,P0025,C00401,WH05,2024-04-17,1,Quality Issue,1607.76
RET0001002,ORD00020431,P0027,C00405,WH03,2024-04-28,1,Damaged,746.29
RET0001003,ORD00020455,P0032,C00194,WH02,2024-04-29,1,Quality Issue,2060.12
RET0001004,ORD00020459,P0033,C00491,WH01,2024-05-03,2,Quality Issue,4344.09
RET0001005,ORD00020468,P0034,C00963,WH05,2024-04-18,1,Customer Changed Mind,3989.52
RET0001006,ORD00020475,P0036,C00678,WH02,2024-04-23,2,Damaged,5460.15
RET0001007,ORD00020513,P0003,C00740,WH05,2024-04-28,1,Late Delivery,1183.68
RET0001008,ORD00020516,P0004,C00476,WH03,2024-04-20,2,Quality Issue,4455.4
RET0001009,ORD00020561,P0013,C00569,WH03,2024-04-29,2,Customer Changed Mind,6867.13
RET0001010,ORD00020601,P0021,C00242,WH04,2024-04-25,1,Damaged,840.91
RET0001011,ORD00020603,P0022,C00469,WH01,2024-04-24,2,Customer Changed Mind,1185.84
RET0001012,ORD00020620,P0025,C00781,WH03,2024-04-20,2,Damaged,3465.62
RET0001013,ORD00020649,P0031,C00319,WH02,2024-05-04,2,Damaged,1254.91
RET0001014,ORD00020706,P0002,C00898,WH04,2024-04-29,2,Late Delivery,1900.9
RET0001015,ORD00020720,P0005,C00822,WH03,2024-05-05,2,Damaged,3301.54
RET0001016,ORD00020753,P0012,C00537,WH01,2024-04-27,2,Quality Issue,6178.64
RET0001017,ORD00020755,P0012,C00626,WH03,2024-04-20,2,Customer Changed Mind,6178.64
RET0001018,ORD00020789,P0019,C00326,WH04,2024-04-24,2,Wrong Product,4964.83
RET0001019,ORD00020817,P0025,C00084,WH02,2024-04-22,2,Quality Issue,3394.16
RET0001020,ORD00020829,P0027,C00161,WH04,2024-04-24,1,Damaged,692.43
RET0001021,ORD00020844,P0030,C00210,WH04,2024-04-28,1,Wrong Product,3286.04
RET0001022,ORD00020847,P0031,C00216,WH02,2024-05-05,1,Customer Changed Mind,660.48
RET0001023,ORD00020863,P0034,C00646,WH03,2024-05-05,1,Late Delivery,3907.26
RET0001024,ORD00020867,P0035,C00502,WH02,2024-04-26,1,Damaged,2125.57
RET0001025,ORD00020876,P0037,C00153,WH01,2024-05-01,1,Customer Changed Mind,1836.09
RET0001026,ORD00020878,P0037,C00191,WH03,2024-04-23,1,Quality Issue,1652.48
RET0001027,ORD00020886,P0039,C00937,WH01,2024-04-25,2,Late Delivery,1272.17
RET0001028,ORD00020934,P0008,C00358,WH05,2024-04-29,2,Damaged,1840.49
RET0001029,ORD00020947,P0011,C00687,WH03,2024-05-02,2,Customer Changed Mind,1493.22
RET0001030,ORD00020951,P0012,C00062,WH02,2024-04-27,1,Damaged,2934.85
RET0001031,ORD00020972,P0016,C00675,WH03,2024-04-27,2,Damaged,2154.25
RET0001032,ORD00020987,P0019,C00757,WH03,2024-04-21,2,Customer Changed Mind,4964.83
RET0001033,ORD00021020,P0026,C00840,WH01,2024-04-20,1,Damaged,2578.39
RET0001034,ORD00021035,P0029,C00709,WH01,2024-05-05,1,Wrong Product,4178.7
RET0001035,ORD00021051,P0032,C00316,WH02,2024-05-04,2,Damaged,4120.24
RET0001036,ORD00021075,P0037,C00385,WH03,2024-04-23,2,Customer Changed Mind,3672.18
RET0001037,ORD00021087,P0039,C00115,WH05,2024-05-03,1,Damaged,622.97
RET0001038,ORD00021089,P0040,C00131,WH02,2024-04-24,2,Damaged,2023.1
RET0001039,ORD00021108,P0004,C00576,WH01,2024-04-26,2,Damaged,4232.63
RET0001040,ORD00021120,P0006,C00988,WH04,2024-05-03,2,Quality Issue,6158.91
RET0001041,ORD00021125,P0007,C00878,WH04,2024-04-27,1,Quality Issue,2956.62
RET0001042,ORD00021167,P0016,C00253,WH01,2024-05-05,2,Customer Changed Mind,2220.88
RET0001043,ORD00021246,P0032,C00996,WH04,2024-04-25,1,Customer Changed Mind,2060.12
RET0001044,ORD00021254,P0034,C00091,WH02,2024-05-02,1,Customer Changed Mind,3907.26
RET0001045,ORD00021273,P0038,C00967,WH01,2024-05-05,1,Quality Issue,2045.37
RET0001046,ORD00021274,P0038,C00608,WH02,2024-04-23,2,Quality Issue,4545.26
RET0001047,ORD00021334,P0010,C00631,WH03,2024-05-03,2,Quality Issue,6778.82
RET0001048,ORD00021382,P0020,C00862,WH02,2024-04-29,1,Customer Changed Mind,2882.98
RET0001049,ORD00021413,P0026,C00520,WH03,2024-05-01,1,Wrong Product,2864.88
RET0001050,ORD00021468,P0037,C00835,WH03,2024-04-21,2,Quality Issue,3488.57
RET0001051,ORD00021475,P0038,C00766,WH05,2024-05-03,2,Customer Changed Mind,3863.47
RET0001052,ORD00021487,P0001,C00832,WH02,2024-04-28,1,Quality Issue,1744.24
RET0001053,ORD00021495,P0002,C00546,WH05,2024-05-07,2,Quality Issue,1843.87
RET0001054,ORD00021509,P0005,C00953,WH04,2024-05-02,2,Quality Issue,2971.39
RET0001055,ORD00021536,P0011,C00472,WH02,2024-05-01,2,Quality Issue,1269.24
RET0001056,ORD00021541,P0012,C00908,WH02,2024-04-29,2,Customer Changed Mind,5993.28
RET0001057,ORD00021563,P0016,C00557,WH05,2024-05-09,1,Wrong Product,1110.44
RET0001058,ORD00021571,P0018,C00320,WH03,2024-05-02,2,Quality Issue,2650.64
RET0001059,ORD00021588,P0021,C00126,WH05,2024-05-09,2,Damaged,1681.82
RET0001060,ORD00021594,P0023,C00059,WH01,2024-04-26,1,Customer Changed Mind,807.76
RET0001061,ORD00021602,P0024,C00370,WH04,2024-05-08,2,Late Delivery,1778.86
RET0001062,ORD00021604,P0025,C00317,WH01,2024-04-23,1,Customer Changed Mind,1786.4
RET0001063,ORD00021614,P0027,C00496,WH01,2024-05-01,2,Quality Issue,1492.58
RET0001064,ORD00021622,P0028,C00643,WH04,2024-04-27,2,Customer Changed Mind,8351.6
RET0001065,ORD00021624,P0029,C00348,WH01,2024-05-04,1,Quality Issue,4643.0
RET0001066,ORD00021671,P0038,C00266,WH03,2024-05-01,1,Late Delivery,2204.45
RET0001067,ORD00021675,P0039,C00812,WH02,2024-04-27,2,Damaged,1272.17
RET0001068,ORD00021716,P0007,C00456,WH03,2024-04-27,2,Customer Changed Mind,5617.58
RET0001069,ORD00021743,P0012,C00248,WH05,2024-05-03,1,Quality Issue,3089.32
RET0001070,ORD00021746,P0013,C00412,WH03,2024-05-08,1,Damaged,3505.85
RET0001071,ORD00021751,P0014,C00518,WH03,2024-04-29,1,Wrong Product,2502.6
RET0001072,ORD00021796,P0023,C00494,WH03,2024-05-05,1,Customer Changed Mind,852.63
RET0001073,ORD00021829,P0030,C00403,WH01,2024-05-07,2,Damaged,6243.48
RET0001074,ORD00021843,P0032,C00413,WH05,2024-04-23,2,Late Delivery,4120.24
RET0001075,ORD00021862,P0036,C00306,WH05,2024-04-25,1,Wrong Product,2814.51
RET0001076,ORD00021885,P0001,C00164,WH03,2024-04-26,1,Quality Issue,1618.37
RET0001077,ORD00021897,P0003,C00349,WH05,2024-04-27,2,Damaged,2318.55
RET0001078,ORD00021905,P0005,C00530,WH03,2024-05-03,1,Damaged,1650.77
RET0001079,ORD00021909,P0006,C00515,WH02,2024-05-09,2,Customer Changed Mind,7245.78
RET0001080,ORD00021912,P0006,C00281,WH05,2024-05-01,2,Quality Issue,7028.41
RET0001081,ORD00021967,P0018,C00541,WH01,2024-04-30,2,Quality Issue,2459.36
RET0001082,ORD00021994,P0023,C00151,WH03,2024-05-07,1,Wrong Product,852.63
RET0001083,ORD00022001,P0024,C00941,WH05,2024-04-27,2,Late Delivery,1778.86
RET0001084,ORD00022058,P0036,C00527,WH04,2024-04-25,1,Wrong Product,2673.78
RET0001085,ORD00022059,P0036,C00329,WH05,2024-05-11,1,Late Delivery,2814.51
RET0001086,ORD00022076,P0040,C00396,WH02,2024-05-08,1,Customer Changed Mind,960.97
RET0001087,ORD00022156,P0016,C00606,WH02,2024-05-07,1,Customer Changed Mind,1054.92
RET0001088,ORD00022157,P0016,C00933,WH03,2024-05-01,1,Customer Changed Mind,1077.13
RET0001089,ORD00022162,P0017,C00316,WH03,2024-04-27,2,Damaged,2118.18
RET0001090,ORD00022214,P0027,C00692,WH05,2024-05-02,1,Damaged,730.9
RET0001091,ORD00022228,P0030,C00232,WH04,2024-04-28,1,Quality Issue,3121.74
RET0001092,ORD00022232,P0031,C00744,WH03,2024-04-25,1,Customer Changed Mind,561.41
RET0001093,ORD00022254,P0036,C00880,WH01,2024-05-07,2,Quality Issue,5347.57
RET0001094,ORD00022277,P0040,C00710,WH04,2024-05-03,1,Quality Issue,960.97
RET0001095,ORD00022290,P0003,C00110,WH02,2024-05-02,1,Damaged,1220.29
RET0001096,ORD00022311,P0007,C00483,WH04,2024-05-03,1,Damaged,2867.92
RET0001097,ORD00022324,P0010,C00085,WH02,2024-05-04,2,Quality Issue,6778.82
RET0001098,ORD00022415,P0028,C00409,WH03,2024-05-06,1,Wrong Product,3874.46
RET0001099,ORD00022438,P0033,C00012,WH01,2024-05-08,2,Wrong Product,4599.63
RET0001100,ORD00022440,P0033,C00241,WH03,2024-05-03,2,Quality Issue,4855.16
RET0001101,ORD00022457,P0036,C00635,WH05,2024-05-06,2,Quality Issue,5629.02
RET0001102,ORD00022475,P0040,C00150,WH03,2024-05-10,2,Quality Issue,1820.79
RET0001103,ORD00022502,P0006,C00399,WH01,2024-05-08,1,Customer Changed Mind,3441.75
RET0001104,ORD00022542,P0014,C00394,WH02,2024-05-04,1,Wrong Product,2370.89
RET0001105,ORD00022559,P0017,C00016,WH04,2024-05-08,2,Quality Issue,2006.69
RET0001106,ORD00022614,P0029,C00068,WH01,2024-05-11,1,Customer Changed Mind,4410.85
RET0001107,ORD00022638,P0034,C00090,WH01,2024-04-29,1,Quality Issue,3989.52
RET0001108,ORD00022643,P0035,C00881,WH01,2024-05-02,2,Damaged,4123.61
RET0001109,ORD00022652,P0036,C00273,WH05,2024-05-12,1,Late Delivery,2814.51
RET0001110,ORD00022673,P0001,C00766,WH02,2024-05-11,2,Quality Issue,3596.38
RET0001111,ORD00022680,P0002,C00337,WH04,2024-05-05,1,Quality Issue,902.93
RET0001112,ORD00022705,P0007,C00772,WH05,2024-05-08,2,Damaged,5617.58
RET0001113,ORD00022709,P0008,C00526,WH04,2024-05-11,2,Customer Changed Mind,1937.36
RET0001114,ORD00022748,P0016,C00711,WH03,2024-04-29,2,Late Delivery,1887.75
RET0001115,ORD00022783,P0023,C00710,WH04,2024-05-09,2,Late Delivery,1741.17
RET0001116,ORD00022797,P0026,C00597,WH03,2024-05-13,1,Quality Issue,2864.88
RET0001117,ORD00022855,P0038,C00427,WH01,2024-05-10,2,Quality Issue,4090.73
RET0001118,ORD00022874,P0002,C00703,WH01,2024-05-10,2,Customer Changed Mind,1900.9
RET0001119,ORD00022893,P0005,C00366,WH05,2024-05-03,1,Quality Issue,1403.15
RET0001120,ORD00022910,P0009,C00926,WH02,2024-05-06,1,Wrong Product,3207.48
RET0001121,ORD00022914,P0010,C00973,WH01,2024-05-11,1,Customer Changed Mind,3567.8
RET0001122,ORD00022957,P0018,C00452,WH04,2024-04-30,1,Quality Issue,1366.31
RET0001123,ORD00023000,P0027,C00593,WH03,2024-04-30,2,Wrong Product,1492.58
RET0001124,ORD00023007,P0028,C00230,WH05,2024-05-06,1,Quality Issue,4175.8
RET0001125,ORD00023015,P0030,C00988,WH03,2024-05-11,2,Damaged,6572.08
RET0001126,ORD00023022,P0031,C00923,WH05,2024-05-14,2,Damaged,1320.96
RET0001127,ORD00023032,P0033,C00674,WH05,2024-05-10,2,Damaged,5110.7
RET0001128,ORD00023063,P0040,C00041,WH02,2024-05-15,1,Customer Changed Mind,981.2
RET0001129,ORD00023098,P0007,C00991,WH02,2024-05-08,2,Customer Changed Mind,5026.25
RET0001130,ORD00023108,P0009,C00312,WH02,2024-05-13,1,Late Delivery,3111.26
RET0001131,ORD00023118,P0011,C00614,WH02,2024-05-02,2,Late Delivery,1493.22
RET0001132,ORD00023133,P0014,C00455,WH03,2024-05-02,2,Damaged,5110.58
RET0001133,ORD00023168,P0021,C00776,WH03,2024-05-09,2,Quality Issue,1597.73
RET0001134,ORD00023171,P0022,C00454,WH01,2024-05-17,2,Customer Changed Mind,1100.27
RET0001135,ORD00023172,P0022,C00259,WH02,2024-05-06,1,Late Delivery,550.13
RET0001136,ORD00023175,P0022,C00465,WH05,2024-05-10,2,Quality Issue,1100.27
RET0001137,ORD00023191,P0026,C00407,WH01,2024-04-30,1,Damaged,2578.39
RET0001138,ORD00023240,P0035,C00359,WH05,2024-05-13,2,Damaged,3613.47
RET0001139,ORD00023259,P0039,C00353,WH04,2024-05-05,2,Quality Issue,1245.94
RET0001140,ORD00023265,P0040,C00211,WH05,2024-05-03,1,Customer Changed Mind,981.2
RET0001141,ORD00023282,P0004,C00288,WH02,2024-05-08,2,Damaged,4455.4
RET0001142,ORD00023285,P0004,C00137,WH05,2024-05-04,1,Customer Changed Mind,2116.31
RET0001143,ORD00023311,P0010,C00809,WH01,2024-05-06,1,Wrong Product,3211.02
RET0001144,ORD00023314,P0010,C00098,WH04,2024-05-14,2,Wrong Product,6422.04
RET0001145,ORD00023414,P0030,C00454,WH04,2024-05-18,1,Damaged,2793.13
RET0001146,ORD00023424,P0032,C00310,WH04,2024-05-08,1,Quality Issue,1751.1
RET0001147,ORD00023489,P0005,C00109,WH04,2024-05-04,2,Customer Changed Mind,3301.54
RET0001148,ORD00023490,P0005,C00521,WH05,2024-05-10,2,Wrong Product,3202.49
RET0001149,ORD00023493,P0006,C00108,WH05,2024-05-12,2,Damaged,6521.2
RET0001150,ORD00023522,P0012,C00488,WH04,2024-05-14,2,Wrong Product,5993.28
RET0001151,ORD00023548,P0017,C00417,WH05,2024-05-10,1,Quality Issue,1081.39
RET0001152,ORD00023579,P0024,C00282,WH03,2024-05-13,1,Wrong Product,800.49
RET0001153,ORD00023594,P0027,C00094,WH03,2024-05-02,1,Quality Issue,769.37
RET0001154,ORD00023642,P0037,C00354,WH02,2024-05-17,1,Quality Issue,1744.29
RET0001155,ORD00023686,P0006,C00644,WH01,2024-05-19,2,Damaged,7245.78
RET0001156,ORD00023704,P0009,C00884,WH04,2024-05-16,2,Quality Issue,6414.96
RET0001157,ORD00023725,P0014,C00896,WH01,2024-05-10,1,Quality Issue,2555.29
RET0001158,ORD00023736,P0016,C00181,WH02,2024-05-18,2,Quality Issue,2220.88
RET0001159,ORD00023737,P0016,C00706,WH03,2024-05-03,1,Damaged,1110.44
RET0001160,ORD00023755,P0020,C00347,WH01,2024-05-17,2,Customer Changed Mind,6069.44
RET0001161,ORD00023759,P0020,C00369,WH05,2024-05-06,2,Quality Issue,6069.44
RET0001162,ORD00023779,P0024,C00155,WH05,2024-05-08,1,Customer Changed Mind,889.43
RET0001163,ORD00023793,P0027,C00512,WH04,2024-05-12,2,Wrong Product,1538.74
RET0001164,ORD00023804,P0029,C00882,WH05,2024-05-20,1,Quality Issue,4643.0
RET0001165,ORD00023819,P0032,C00479,WH05,2024-05-03,2,Quality Issue,4120.24
RET0001166,ORD00023827,P0034,C00995,WH04,2024-05-12,1,Wrong Product,4112.91
RET0001167,ORD00023837,P0036,C00116,WH04,2024-05-16,2,Wrong Product,5066.12
RET0001168,ORD00023845,P0038,C00175,WH02,2024-05-15,2,Damaged,4318.0
RET0001169,ORD00023863,P0001,C00876,WH05,2024-05-20,1,Wrong Product,1744.24
RET0001170,ORD00023929,P0015,C00714,WH02,2024-05-09,1,Quality Issue,325.37
RET0001171,ORD00023930,P0015,C00732,WH03,2024-05-18,2,Damaged,585.67
RET0001172,ORD00023953,P0020,C00048,WH01,2024-05-06,2,Customer Changed Mind,5462.5
RET0001173,ORD00024010,P0031,C00404,WH04,2024-05-09,1,Quality Issue,594.43
RET0001174,ORD00024015,P0032,C00627,WH04,2024-05-14,1,Customer Changed Mind,2060.12
RET0001175,ORD00024021,P0033,C00349,WH05,2024-05-07,1,Damaged,2555.35
RET0001176,ORD00024024,P0034,C00974,WH04,2024-05-07,2,Customer Changed Mind,8225.82
RET0001177,ORD00024045,P0038,C00483,WH05,2024-05-13,1,Damaged,2272.63
RET0001178,ORD00024107,P0011,C00801,WH03,2024-05-09,2,Damaged,1493.22
RET0001179,ORD00024158,P0021,C00731,WH05,2024-05-15,1,Quality Issue,840.91
RET0001180,ORD00024160,P0022,C00095,WH02,2024-05-05,1,Quality Issue,592.92
RET0001181,ORD00024165,P0023,C00295,WH02,2024-05-19,2,Customer Changed Mind,1795.02
RET0001182,ORD00024172,P0024,C00781,WH04,2024-05-22,1,Quality Issue,889.43
RET0001183,ORD00024174,P0025,C00693,WH01,2024-05-17,2,Quality Issue,3215.52
RET0001184,ORD00024198,P0029,C00260,WH05,2024-05-15,2,Quality Issue,8357.4
RET0001185,ORD00024234,P0037,C00735,WH02,2024-05-17,1,Quality Issue,1560.68
RET0001186,ORD00024256,P0001,C00330,WH05,2024-05-21,1,Wrong Product,1618.37
RET0001187,ORD00024296,P0009,C00560,WH05,2024-05-12,2,Damaged,6414.96
RET0001188,ORD00024299,P0010,C00191,WH03,2024-05-17,1,Late Delivery,3460.77
RET0001189,ORD00024312,P0013,C00571,WH01,2024-05-09,2,Quality Issue,6505.7
RET0001190,ORD00024318,P0014,C00654,WH02,2024-05-12,2,Customer Changed Mind,4478.34
RET0001191,ORD00024336,P0017,C00260,WH05,2024-05-19,2,Damaged,2006.69
RET0001192,ORD00024347,P0020,C00065,WH01,2024-05-17,1,Damaged,3034.72
RET0001193,ORD00024370,P0024,C00733,WH04,2024-05-09,1,Wrong Product,889.43
RET0001194,ORD00024375,P0025,C00818,WH04,2024-05-12,2,Late Delivery,3572.8
RET0001195,ORD00024381,P0026,C00797,WH05,2024-05-16,2,Wrong Product,5729.76
RET0001196,ORD00024412,P0033,C00098,WH01,2024-05-22,1,Quality Issue,2555.35
RET0001197,ORD00024414,P0033,C00651,WH03,2024-05-13,2,Quality Issue,4855.16
RET0001198,ORD00024438,P0038,C00435,WH02,2024-05-12,1,Customer Changed Mind,2272.63
RET0001199,ORD00024440,P0038,C00953,WH04,2024-05-21,1,Quality Issue,2159.0
RET0001200,ORD00024462,P0003,C00050,WH01,2024-05-07,1,Customer Changed Mind,1098.26
RET0001201,ORD00024492,P0009,C00065,WH01,2024-05-12,2,Damaged,6094.21
RET0001202,ORD00024504,P0011,C00745,WH03,2024-05-18,2,Damaged,1493.22
RET0001203,ORD00024516,P0013,C00575,WH05,2024-05-13,1,Wrong Product,3433.57
RET0001204,ORD00024528,P0016,C00861,WH02,2024-05-20,2,Customer Changed Mind,2109.84
RET0001205,ORD00024530,P0016,C00892,WH04,2024-05-14,1,Quality Issue,1054.92
RET0001206,ORD00024550,P0020,C00805,WH04,2024-05-24,1,Quality Issue,2731.25
RET0001207,ORD00024560,P0022,C00040,WH04,2024-05-07,2,Customer Changed Mind,1222.52
RET0001208,ORD00024585,P0028,C00236,WH01,2024-05-11,2,Damaged,7318.41
RET0001209,ORD00024594,P0029,C00779,WH05,2024-05-12,1,Quality Issue,4503.71
RET0001210,ORD00024659,P0003,C00356,WH01,2024-05-20,1,Damaged,1220.29
RET0001211,ORD00024694,P0010,C00302,WH01,2024-05-09,2,Customer Changed Mind,7135.6
RET0001212,ORD00024699,P0011,C00733,WH01,2024-05-14,2,Wrong Product,1418.56
RET0001213,ORD00024750,P0021,C00783,WH03,2024-05-23,1,Damaged,798.86
RET0001214,ORD00024757,P0022,C00414,WH05,2024-05-09,1,Damaged,611.26
RET0001215,ORD00024807,P0032,C00464,WH05,2024-05-17,1,Quality Issue,1751.1
RET0001216,ORD00024872,P0005,C00700,WH05,2024-05-10,2,Damaged,3301.54
RET0001217,ORD00024887,P0009,C00847,WH01,2024-05-11,1,Quality Issue,2726.36
RET0001218,ORD00024900,P0011,C00754,WH04,2024-05-19,1,Damaged,724.21
RET0001219,ORD00024936,P0019,C00527,WH02,2024-05-13,2,Customer Changed Mind,5240.66
RET0001220,ORD00024947,P0021,C00227,WH03,2024-05-17,2,Quality Issue,1681.82
RET0001221,ORD00024948,P0021,C00104,WH04,2024-05-20,1,Quality Issue,840.91
RET0001222,ORD00024984,P0029,C00348,WH01,2024-05-16,2,Quality Issue,8821.7
RET0001223,ORD00024996,P0031,C00903,WH03,2024-05-14,2,Wrong Product,1254.91
RET0001224,ORD00025050,P0002,C00399,WH02,2024-05-26,2,Customer Changed Mind,1805.86
RET0001225,ORD00025073,P0006,C00511,WH05,2024-05-18,1,Quality Issue,3622.89
RET0001226,ORD00025077,P0007,C00101,WH04,2024-05-14,2,Wrong Product,5913.24
RET0001227,ORD00025087,P0009,C00729,WH04,2024-05-27,2,Damaged,6094.21
RET0001228,ORD00025092,P0010,C00345,WH04,2024-05-14,2,Damaged,7135.6
RET0001229,ORD00025100,P0012,C00881,WH02,2024-05-22,1,Late Delivery,2780.39
RET0001230,ORD00025101,P0012,C00537,WH03,2024-05-23,2,Quality Issue,5993.28
RET0001231,ORD00025108,P0013,C00290,WH05,2024-05-12,1,Quality Issue,3614.28
RET0001232,ORD00025112,P0014,C00385,WH04,2024-05-13,1,Damaged,2634.32
RET0001233,ORD00025125,P0017,C00524,WH02,2024-05-17,2,Quality Issue,2118.18
RET0001234,ORD00025127,P0017,C00093,WH04,2024-05-21,1,Customer Changed Mind,1081.39
RET0001235,ORD00025150,P0022,C00614,WH02,2024-05-18,2,Quality Issue,1222.52
RET0001236,ORD00025168,P0025,C00299,WH05,2024-05-12,2,Quality Issue,3215.52
RET0001237,ORD00025171,P0026,C00905,WH03,2024-05-12,2,Quality Issue,4870.3
RET0001238,ORD00025211,P0034,C00466,WH03,2024-05-12,1,Damaged,4112.91
RET0001239,ORD00025220,P0036,C00243,WH04,2024-05-23,1,Quality Issue,2533.06
RET0001240,ORD00025227,P0038,C00564,WH01,2024-05-12,1,Quality Issue,2272.63
RET0001241,ORD00025230,P0038,C00417,WH04,2024-05-25,1,Wrong Product,2159.0
RET0001242,ORD00025235,P0039,C00446,WH04,2024-05-22,1,Quality Issue,622.97
RET0001243,ORD00025244,P0001,C00658,WH03,2024-05-18,2,Damaged,3236.74
RET0001244,ORD00025253,P0003,C00644,WH02,2024-05-24,1,Quality Issue,1220.29
RET0001245,ORD00025321,P0017,C00954,WH01,2024-05-24,2,Damaged,2229.66
RET0001246,ORD00025389,P0030,C00539,WH05,2024-05-25,2,Quality Issue,6572.08
RET0001247,ORD00025405,P0034,C00982,WH03,2024-05-26,1,Customer Changed Mind,3495.97
RET0001248,ORD00025486,P0011,C00381,WH01,2024-05-27,2,Quality Issue,1418.56
RET0001249,ORD00025493,P0012,C00969,WH03,2024-05-23,1,Wrong Product,2625.92
RET0001250,ORD00025510,P0015,C00407,WH05,2024-05-17,2,Late Delivery,618.2
RET0001251,ORD00025518,P0017,C00559,WH03,2024-05-26,2,Quality Issue,2229.66
RET0001252,ORD00025534,P0020,C00648,WH04,2024-05-25,1,Quality Issue,2882.98
RET0001253,ORD00025542,P0022,C00609,WH02,2024-05-21,2,Quality Issue,1222.52
RET0001254,ORD00025546,P0023,C00162,WH01,2024-05-20,1,Customer Changed Mind,897.51
RET0001255,ORD00025562,P0026,C00156,WH02,2024-05-25,1,Quality Issue,2864.88
RET0001256,ORD00025570,P0027,C00239,WH05,2024-05-18,2,Wrong Product,1538.74
RET0001257,ORD00025572,P0028,C00452,WH02,2024-05-16,1,Customer Changed Mind,4175.8
RET0001258,ORD00025621,P0038,C00493,WH02,2024-05-24,1,Wrong Product,2045.37
RET0001259,ORD00025625,P0039,C00371,WH01,2024-05-15,2,Damaged,1311.52
RET0001260,ORD00025639,P0001,C00960,WH05,2024-05-14,1,Late Delivery,1798.19
RET0001261,ORD00025663,P0006,C00493,WH05,2024-05-21,2,Quality Issue,6883.49
RET0001262,ORD00025688,P0012,C00360,WH01,2024-05-16,1,Damaged,3089.32
RET0001263,ORD00025701,P0014,C00517,WH04,2024-05-18,1,Quality Issue,2555.29
RET0001264,ORD00025727,P0019,C00750,WH05,2024-05-20,2,Late Delivery,5240.66
RET0001265,ORD00025745,P0023,C00997,WH03,2024-05-17,2,Damaged,1705.27
RET0001266,ORD00025755,P0025,C00776,WH03,2024-05-28,1,Wrong Product,1697.08
RET0001267,ORD00025760,P0026,C00516,WH03,2024-05-28,2,Quality Issue,5729.76
RET0001268,ORD00025796,P0033,C00112,WH04,2024-05-20,1,Late Delivery,2555.35
RET0001269,ORD00025802,P0035,C00010,WH01,2024-05-13,2,Damaged,4251.14
RET0001270,ORD00025807,P0036,C00764,WH01,2024-05-14,2,Damaged,5629.02
RET0001271,ORD00025836,P0001,C00045,WH05,2024-05-15,2,Late Delivery,3236.74
RET0001272,ORD00025853,P0005,C00490,WH02,2024-05-25,1,Damaged,1485.69
RET0001273,ORD00025870,P0008,C00325,WH04,2024-05-24,2,Damaged,1937.36
RET0001274,ORD00025891,P0012,C00824,WH05,2024-05-25,1,Damaged,3089.32
RET0001275,ORD00025916,P0018,C00996,WH01,2024-05-22,1,Quality Issue,1297.99
RET0001276,ORD00025946,P0024,C00310,WH01,2024-05-19,1,Quality Issue,844.96
RET0001277,ORD00025950,P0024,C00214,WH05,2024-05-16,1,Quality Issue,862.75
RET0001278,ORD00025963,P0027,C00520,WH03,2024-05-21,2,Quality Issue,1384.87
RET0001279,ORD00025967,P0028,C00389,WH02,2024-05-30,2,Wrong Product,8609.9
RET0001280,ORD00025973,P0029,C00232,WH03,2024-05-30,1,Damaged,4503.71
RET0001281,ORD00025984,P0031,C00358,WH04,2024-05-17,1,Damaged,660.48
RET0001282,ORD00025989,P0032,C00464,WH04,2024-05-16,1,Damaged,2060.12
RET0001283,ORD00026002,P0035,C00849,WH03,2024-05-15,1,Damaged,2019.29
RET0001284,ORD00026010,P0037,C00148,WH01,2024-05-14,1,Customer Changed Mind,1836.09
RET0001285,ORD00026061,P0007,C00625,WH02,2024-05-18,1,Late Delivery,2808.79
RET0001286,ORD00026080,P0011,C00331,WH01,2024-05-16,1,Late Delivery,746.61
RET0001287,ORD00026084,P0011,C00005,WH05,2024-05-27,1,Damaged,746.61
RET0001288,ORD00026172,P0029,C00225,WH05,2024-05-30,1,Quality Issue,4503.71
RET0001289,ORD00026188,P0033,C00663,WH02,2024-05-19,1,Damaged,2555.35
RET0001290,ORD00026202,P0036,C00353,WH01,2024-05-15,2,Damaged,5460.15
RET0001291,ORD00026207,P0037,C00738,WH01,2024-05-22,2,Damaged,3304.96
RET0001292,ORD00026208,P0037,C00348,WH02,2024-05-23,1,Customer Changed Mind,1652.48
RET0001293,ORD00026259,P0007,C00059,WH04,2024-06-01,1,Damaged,2956.62
RET0001294,ORD00026263,P0008,C00316,WH03,2024-05-25,1,Quality Issue,968.68
RET0001295,ORD00026268,P0009,C00907,WH03,2024-05-29,2,Damaged,5452.72
RET0001296,ORD00026276,P0011,C00486,WH01,2024-05-30,1,Damaged,746.61
RET0001297,ORD00026287,P0013,C00757,WH03,2024-05-25,1,Quality Issue,3072.14
RET0001298,ORD00026299,P0015,C00824,WH05,2024-05-25,1,Quality Issue,315.61
RET0001299,ORD00026355,P0027,C00109,WH01,2024-05-27,1,Customer Changed Mind,730.9
RET0001300,ORD00026375,P0031,C00903,WH02,2024-05-21,2,Damaged,1320.96
RET0001301,ORD00026385,P0033,C00236,WH03,2024-05-19,2,Quality Issue,5110.7
RET0001302,ORD00026393,P0035,C00882,WH01,2024-05-29,2,Damaged,4123.61
RET0001303,ORD00026429,P0002,C00424,WH03,2024-05-31,1,Customer Changed Mind,950.45
RET0001304,ORD00026440,P0004,C00187,WH04,2024-06-03,1,Quality Issue,2227.7
RET0001305,ORD00026453,P0007,C00810,WH02,2024-05-31,1,Wrong Product,2956.62
RET0001306,ORD00026507,P0018,C00972,WH02,2024-05-27,2,Late Delivery,2595.99
RET0001307,ORD00026523,P0021,C00492,WH03,2024-06-01,2,Damaged,1681.82
RET0001308,ORD00026530,P0022,C00875,WH05,2024-05-24,1,Customer Changed Mind,580.7
RET0001309,ORD00026538,P0024,C00795,WH04,2024-06-01,1,Quality Issue,844.96
RET0001310,ORD00026570,P0031,C00978,WH01,2024-05-19,2,Late Delivery,1320.96
RET0001311,ORD00026691,P0015,C00137,WH02,2024-06-03,2,Damaged,631.22
RET0001312,ORD00026713,P0019,C00590,WH04,2024-06-04,2,Late Delivery,5240.66
RET0001313,ORD00026719,P0020,C00985,WH05,2024-05-24,1,Damaged,2943.68
RET0001314,ORD00026727,P0022,C00335,WH03,2024-05-28,1,Quality Issue,580.7
RET0001315,ORD00026755,P0028,C00615,WH03,2024-05-25,1,Quality Issue,4175.8
RET0001316,ORD00026759,P0029,C00564,WH02,2024-05-20,2,Customer Changed Mind,9286.0
RET0001317,ORD00026770,P0031,C00668,WH03,2024-05-29,1,Damaged,640.67
RET0001318,ORD00026771,P0031,C00355,WH04,2024-06-04,2,Quality Issue,1254.91
RET0001319,ORD00026787,P0035,C00097,WH01,2024-06-03,1,Customer Changed Mind,1913.01
RET0001320,ORD00026791,P0035,C00097,WH05,2024-05-21,2,Wrong Product,3826.03
RET0001321,ORD00026797,P0037,C00046,WH01,2024-06-04,2,Damaged,3562.01
RET0001322,ORD00026801,P0037,C00344,WH05,2024-05-22,2,Damaged,3672.18
RET0001323,ORD00026815,P0040,C00543,WH04,2024-05-20,1,Quality Issue,960.97
RET0001324,ORD00026823,P0002,C00640,WH02,2024-05-29,2,Customer Changed Mind,1843.87
RET0001325,ORD00026840,P0005,C00156,WH04,2024-06-05,2,Quality Issue,3202.49
RET0001326,ORD00026848,P0007,C00761,WH05,2024-05-29,2,Wrong Product,5735.84
RET0001327,ORD00026898,P0018,C00657,WH03,2024-05-19,2,Damaged,2732.62
RET0001328,ORD00026903,P0019,C00071,WH03,2024-05-30,1,Damaged,2758.24
RET0001329,ORD00026932,P0025,C00091,WH04,2024-05-25,2,Quality Issue,3572.8
RET0001330,ORD00026950,P0029,C00336,WH02,2024-05-25,2,Quality Issue,7893.1
RET0001331,ORD00026956,P0030,C00522,WH03,2024-05-31,2,Customer Changed Mind,6572.08
RET0001332,ORD00026981,P0035,C00939,WH04,2024-06-02,2,Damaged,3826.03
RET0001333,ORD00026982,P0035,C00256,WH05,2024-05-20,2,Damaged,4123.61
RET0001334,ORD00026983,P0036,C00526,WH01,2024-05-26,2,Late Delivery,5066.12
RET0001335,ORD00026986,P0036,C00741,WH04,2024-05-26,1,Late Delivery,2673.78
RET0001336,ORD00026988,P0037,C00590,WH01,2024-06-04,1,Wrong Product,1836.09
RET0001337,ORD00027018,P0003,C00957,WH01,2024-05-20,2,Quality Issue,2440.58
RET0001338,ORD00027056,P0010,C00041,WH05,2024-05-21,1,Damaged,3211.02
RET0001339,ORD00027064,P0012,C00894,WH03,2024-05-29,1,Wrong Product,2934.85
RET0001340,ORD00027082,P0016,C00637,WH01,2024-05-28,1,Damaged,1110.44
RET0001341,ORD00027099,P0019,C00134,WH03,2024-06-01,2,Quality Issue,4964.83
RET0001342,ORD00027150,P0029,C00825,WH04,2024-05-29,1,Wrong Product,4643.0
RET0001343,ORD00027180,P0035,C00285,WH04,2024-06-03,1,Damaged,2125.57
RET0001344,ORD00027188,P0037,C00238,WH03,2024-06-05,2,Damaged,3672.18
RET0001345,ORD00027193,P0038,C00113,WH03,2024-05-30,1,Late Delivery,2159.0
RET0001346,ORD00027196,P0039,C00875,WH01,2024-05-21,2,Customer Changed Mind,1245.94
RET0001347,ORD00027197,P0039,C00401,WH02,2024-05-24,1,Damaged,655.76
RET0001348,ORD00027216,P0003,C00061,WH02,2024-06-02,2,Damaged,2440.58
RET0001349,ORD00027217,P0003,C00027,WH03,2024-05-22,1,Damaged,1159.28
RET0001350,ORD00027219,P0003,C00655,WH05,2024-05-25,1,Quality Issue,1220.29
RET0001351,ORD00027221,P0004,C00846,WH02,2024-06-05,1,Customer Changed Mind,2004.93
RET0001352,ORD00027253,P0010,C00365,WH05,2024-06-04,2,Wrong Product,6921.53
RET0001353,ORD00027254,P0011,C00363,WH01,2024-05-28,1,Quality Issue,709.28
RET0001354,ORD00027261,P0012,C00078,WH03,2024-05-28,1,Quality Issue,2625.92
RET0001355,ORD00027267,P0013,C00122,WH04,2024-05-28,2,Wrong Product,6505.7
RET0001356,ORD00027310,P0022,C00282,WH02,2024-06-05,2,Quality Issue,1222.52
RET0001357,ORD00027337,P0027,C00333,WH04,2024-05-21,1,Damaged,653.96
RET0001358,ORD00027352,P0030,C00646,WH04,2024-05-30,1,Damaged,3286.04
RET0001359,ORD00027365,P0033,C00782,WH02,2024-05-26,1,Customer Changed Mind,2172.05
RET0001360,ORD00027366,P0033,C00771,WH03,2024-05-22,2,Quality Issue,4855.16
RET0001361,ORD00027383,P0036,C00697,WH05,2024-05-29,2,Customer Changed Mind,5460.15
RET0001362,ORD00027388,P0037,C00077,WH05,2024-06-03,2,Damaged,3121.35
RET0001363,ORD00027406,P0001,C00975,WH03,2024-06-03,1,Customer Changed Mind,1708.28
RET0001364,ORD00027426,P0005,C00193,WH03,2024-05-24,2,Quality Issue,3301.54
RET0001365,ORD00027452,P0010,C00097,WH05,2024-06-07,2,Damaged,6921.53
RET0001366,ORD00027465,P0013,C00112,WH03,2024-05-23,2,Damaged,7228.56
RET0001367,ORD00027479,P0016,C00181,WH02,2024-06-02,1,Quality Issue,1110.44
RET0001368,ORD00027485,P0017,C00688,WH03,2024-05-30,2,Quality Issue,2118.18
RET0001369,ORD00027489,P0018,C00218,WH02,2024-06-03,2,Quality Issue,2595.99
RET0001370,ORD00027491,P0018,C00923,WH05,2024-06-03,2,Damaged,2732.62
RET0001371,ORD00027501,P0020,C00698,WH05,2024-06-02,2,Quality Issue,6069.44
RET0001372,ORD00027511,P0022,C00999,WH05,2024-05-27,2,Late Delivery,1185.84
RET0001373,ORD00027517,P0024,C00054,WH02,2024-05-27,1,Damaged,756.02
RET0001374,ORD00027526,P0026,C00420,WH01,2024-05-29,1,Wrong Product,2864.88
RET0001375,ORD00027533,P0027,C00984,WH03,2024-06-07,1,Late Delivery,769.37
RET0001376,ORD00027558,P0032,C00368,WH03,2024-06-07,1,Quality Issue,2060.12
RET0001377,ORD00027576,P0036,C00438,WH01,2024-05-30,1,Customer Changed Mind,2814.51
RET0001378,ORD00027601,P0001,C00101,WH01,2024-06-09,2,Wrong Product,3236.74
RET0001379,ORD00027617,P0004,C00012,WH02,2024-06-04,2,Customer Changed Mind,4455.4
RET0001380,ORD00027675,P0016,C00842,WH01,2024-05-23,2,Damaged,2154.25
RET0001381,ORD00027685,P0018,C00517,WH02,2024-06-06,2,Damaged,2459.36
RET0001382,ORD00027710,P0023,C00402,WH03,2024-05-25,1,Quality Issue,897.51
RET0001383,ORD00027718,P0025,C00143,WH01,2024-06-03,2,Damaged,3215.52
RET0001384,ORD00027730,P0027,C00223,WH03,2024-05-29,2,Late Delivery,1492.58
RET0001385,ORD00027774,P0036,C00571,WH02,2024-06-03,2,Late Delivery,5629.02
RET0001386,ORD00027777,P0036,C00198,WH05,2024-06-03,1,Quality Issue,2730.07
RET0001387,ORD00027788,P0039,C00537,WH01,2024-06-07,1,Customer Changed Mind,590.18
RET0001388,ORD00027789,P0039,C00148,WH02,2024-06-04,2,Quality Issue,1311.52
RET0001389,ORD00027826,P0006,C00289,WH04,2024-06-07,1,Wrong Product,3514.2
RET0001390,ORD00027901,P0021,C00551,WH04,2024-06-08,2,Quality Issue,1597.73
RET0001391,ORD00027922,P0025,C00160,WH05,2024-06-06,2,Late Delivery,3394.16
RET0001392,ORD00027961,P0033,C00505,WH04,2024-06-05,1,Wrong Product,2427.58
RET0001393,ORD00027962,P0033,C00918,WH05,2024-05-30,1,Quality Issue,2555.35
RET0001394,ORD00027972,P0035,C00444,WH05,2024-05-25,2,Quality Issue,4038.58
RET0001395,ORD00028011,P0003,C00559,WH05,2024-06-09,2,Wrong Product,2440.58
RET0001396,ORD00028037,P0009,C00194,WH02,2024-06-07,1,Quality Issue,2886.73
RET0001397,ORD00028060,P0013,C00851,WH05,2024-06-07,2,Damaged,6867.13
RET0001398,ORD00028062,P0014,C00701,WH02,2024-06-01,2,Wrong Product,4478.34
RET0001399,ORD00028068,P0015,C00327,WH03,2024-05-29,2,Damaged,650.74
RET0001400,ORD00028116,P0025,C00004,WH02,2024-05-25,1,Damaged,1697.08
RET0001401,ORD00028126,P0027,C00099,WH02,2024-06-02,1,Damaged,746.29
RET0001402,ORD00028127,P0027,C00713,WH03,2024-05-29,2,Quality Issue,1461.8
RET0001403,ORD00028196,P0001,C00286,WH05,2024-05-31,2,Late Delivery,3056.92
RET0001404,ORD00028215,P0005,C00214,WH04,2024-06-10,2,Quality Issue,3136.46
RET0001405,ORD00028238,P0010,C00451,WH04,2024-06-09,1,Quality Issue,3460.77
RET0001406,ORD00028278,P0018,C00314,WH05,2024-06-10,1,Quality Issue,1297.99
RET0001407,ORD00028305,P0024,C00526,WH02,2024-06-09,2,Late Delivery,1725.49
RET0001408,ORD00028306,P0024,C00265,WH03,2024-05-29,1,Quality Issue,844.96
RET0001409,ORD00028320,P0027,C00298,WH02,2024-06-03,1,Wrong Product,769.37
RET0001410,ORD00028322,P0027,C00136,WH04,2024-06-09,2,Customer Changed Mind,1307.93
RET0001411,ORD00028341,P0031,C00794,WH03,2024-06-04,1,Wrong Product,594.43
RET0001412,ORD00028342,P0031,C00649,WH04,2024-06-04,2,Late Delivery,1320.96
RET0001413,ORD00028423,P0008,C00648,WH02,2024-05-30,2,Wrong Product,1937.36
RET0001414,ORD00028444,P0012,C00543,WH03,2024-06-08,1,Late Delivery,2780.39
RET0001415,ORD00028446,P0012,C00876,WH05,2024-05-27,1,Quality Issue,2780.39
RET0001416,ORD00028473,P0018,C00846,WH02,2024-06-08,2,Customer Changed Mind,2732.62
RET0001417,ORD00028489,P0021,C00661,WH03,2024-06-03,1,Damaged,756.82
RET0001418,ORD00028493,P0022,C00153,WH02,2024-06-05,2,Damaged,1222.52
RET0001419,ORD00028503,P0024,C00682,WH02,2024-06-02,1,Wrong Product,800.49
RET0001420,ORD00028506,P0024,C00522,WH05,2024-05-27,2,Late Delivery,1778.86
RET0001421,ORD00028523,P0028,C00274,WH02,2024-05-27,2,Customer Changed Mind,8609.9
RET0001422,ORD00028542,P0032,C00995,WH02,2024-06-11,2,Damaged,3996.63
RET0001423,ORD00028577,P0039,C00614,WH02,2024-06-06,1,Damaged,655.76
RET0001424,ORD00028584,P0040,C00401,WH04,2024-06-02,1,Damaged,859.82
RET0001425,ORD00028586,P0001,C00162,WH01,2024-06-06,1,Damaged,1798.19
RET0001426,ORD00028595,P0002,C00167,WH05,2024-06-11,2,Damaged,1843.87
RET0001427,ORD00028602,P0004,C00359,WH02,2024-05-28,1,Quality Issue,2116.31
RET0001428,ORD00028611,P0006,C00512,WH01,2024-06-03,2,Quality Issue,7245.78
RET0001429,ORD00028616,P0007,C00670,WH01,2024-06-08,2,Customer Changed Mind,5735.84
RET0001430,ORD00028630,P0009,C00475,WH05,2024-06-01,2,Damaged,6414.96
RET0001431,ORD00028636,P0011,C00447,WH01,2024-05-31,2,Late Delivery,1418.56
RET0001432,ORD00028637,P0011,C00495,WH02,2024-06-03,2,Customer Changed Mind,1448.42
RET0001433,ORD00028639,P0011,C00523,WH04,2024-06-08,1,Quality Issue,724.21
RET0001434,ORD00028668,P0017,C00140,WH04,2024-06-05,1,Quality Issue,1059.09
RET0001435,ORD00028669,P0017,C00431,WH05,2024-05-30,2,Quality Issue,2118.18
RET0001436,ORD00028720,P0028,C00292,WH01,2024-06-11,2,Late Delivery,8179.4
RET0001437,ORD00028737,P0031,C00369,WH04,2024-06-13,2,Quality Issue,1254.91
RET0001438,ORD00028765,P0037,C00464,WH03,2024-06-08,1,Damaged,1836.09
RET0001439,ORD00028766,P0037,C00518,WH04,2024-05-31,1,Late Delivery,1836.09
RET0001440,ORD00028767,P0037,C00947,WH05,2024-05-30,1,Late Delivery,1744.29
RET0001441,ORD00028843,P0013,C00389,WH03,2024-06-03,2,Quality Issue,7228.56
RET0001442,ORD00028849,P0014,C00580,WH04,2024-06-11,2,Quality Issue,5268.64
RET0001443,ORD00028851,P0015,C00190,WH01,2024-06-15,1,Quality Issue,315.61
RET0001444,ORD00028857,P0016,C00380,WH02,2024-06-01,2,Quality Issue,2109.84
RET0001445,ORD00028870,P0018,C00266,WH05,2024-06-04,1,Quality Issue,1366.31
RET0001446,ORD00028881,P0021,C00473,WH01,2024-06-09,2,Damaged,1513.64
RET0001447,ORD00028891,P0023,C00399,WH01,2024-06-04,1,Wrong Product,897.51
RET0001448,ORD00028935,P0032,C00066,WH01,2024-06-13,1,Damaged,2060.12
RET0001449,ORD00028941,P0033,C00946,WH02,2024-06-12,2,Customer Changed Mind,5110.7
RET0001450,ORD00028943,P0033,C00406,WH04,2024-06-05,2,Quality Issue,5110.7
RET0001451,ORD00028957,P0036,C00438,WH03,2024-05-30,1,Wrong Product,2673.78
RET0001452,ORD00028958,P0036,C00784,WH04,2024-06-12,1,Customer Changed Mind,2814.51
RET0001453,ORD00028960,P0037,C00852,WH01,2024-06-08,2,Wrong Product,3672.18
RET0001454,ORD00028966,P0038,C00955,WH02,2024-06-12,1,Late Delivery,2204.45
RET0001455,ORD00029005,P0006,C00454,WH03,2024-06-02,2,Damaged,7245.78
RET0001456,ORD00029015,P0008,C00499,WH03,2024-06-05,2,Quality Issue,1840.49
RET0001457,ORD00029074,P0020,C00594,WH04,2024-06-01,2,Quality Issue,6069.44
RET0001458,ORD00029103,P0026,C00598,WH03,2024-06-07,2,Damaged,5729.76
RET0001459,ORD00029155,P0036,C00877,WH05,2024-06-07,2,Late Delivery,5460.15
RET0001460,ORD00029164,P0038,C00287,WH04,2024-06-15,2,Damaged,4545.26
RET0001461,ORD00029250,P0016,C00680,WH03,2024-06-09,2,Customer Changed Mind,2154.25
RET0001462,ORD00029264,P0019,C00419,WH02,2024-06-12,1,Damaged,2620.33
RET0001463,ORD00029282,P0022,C00754,WH05,2024-05-31,2,Quality Issue,1222.52
RET0001464,ORD00029286,P0023,C00598,WH04,2024-06-04,2,Quality Issue,1795.02
RET0001465,ORD00029297,P0025,C00739,WH05,2024-06-02,2,Customer Changed Mind,3215.52
RET0001466,ORD00029300,P0026,C00613,WH03,2024-06-16,1,Customer Changed Mind,2864.88
RET0001467,ORD00029314,P0029,C00999,WH02,2024-06-10,1,Damaged,4410.85
RET0001468,ORD00029315,P0029,C00421,WH03,2024-06-03,1,Quality Issue,4643.0
RET0001469,ORD00029323,P0031,C00151,WH01,2024-06-13,1,Customer Changed Mind,660.48
RET0001470,ORD00029361,P0038,C00401,WH05,2024-06-12,2,Quality Issue,4318.0
RET0001471,ORD00029388,P0004,C00242,WH03,2024-06-12,2,Late Delivery,4455.4
RET0001472,ORD00029413,P0009,C00428,WH03,2024-06-09,1,Quality Issue,3207.48
RET0001473,ORD00029415,P0009,C00496,WH05,2024-06-01,1,Quality Issue,3207.48
RET0001474,ORD00029447,P0016,C00090,WH03,2024-06-13,2,Damaged,2109.84
RET0001475,ORD00029465,P0020,C00062,WH01,2024-06-15,2,Damaged,6069.44
RET0001476,ORD00029475,P0022,C00809,WH01,2024-06-07,1,Damaged,519.57
RET0001477,ORD00029480,P0023,C00568,WH01,2024-06-03,2,Damaged,1705.27
RET0001478,ORD00029495,P0026,C00186,WH01,2024-06-11,1,Late Delivery,2864.88
RET0001479,ORD00029510,P0029,C00131,WH01,2024-06-05,1,Damaged,4178.7
RET0001480,ORD00029546,P0036,C00940,WH03,2024-06-18,1,Damaged,2730.07
RET0001481,ORD00029554,P0038,C00071,WH02,2024-06-12,1,Damaged,2159.0
RET0001482,ORD00029575,P0002,C00874,WH03,2024-06-16,1,Quality Issue,902.93
RET0001483,ORD00029621,P0011,C00490,WH05,2024-06-10,2,Damaged,1493.22
RET0001484,ORD00029639,P0015,C00996,WH05,2024-06-09,2,Quality Issue,650.74
RET0001485,ORD00029700,P0028,C00212,WH01,2024-06-16,2,Customer Changed Mind,8351.6
RET0001486,ORD00029734,P0035,C00052,WH01,2024-06-13,2,Quality Issue,4251.14
RET0001487,ORD00029746,P0037,C00500,WH03,2024-06-14,1,Late Delivery,1836.09
RET0001488,ORD00029754,P0039,C00870,WH01,2024-06-12,1,Damaged,590.18
RET0001489,ORD00029760,P0040,C00725,WH02,2024-06-12,1,Wrong Product,910.4
RET0001490,ORD00029781,P0004,C00460,WH03,2024-06-14,1,Damaged,2160.87
RET0001491,ORD00029787,P0005,C00884,WH04,2024-06-10,2,Quality Issue,3136.46
RET0001492,ORD00029817,P0011,C00871,WH04,2024-06-09,1,Wrong Product,746.61
RET0001493,ORD00029851,P0018,C00309,WH03,2024-06-11,2,Customer Changed Mind,2732.62
RET0001494,ORD00029867,P0021,C00291,WH04,2024-06-08,2,Customer Changed Mind,1681.82
RET0001495,ORD00029883,P0024,C00933,WH05,2024-06-16,1,Damaged,889.43
RET0001496,ORD00029934,P0035,C00993,WH01,2024-06-03,1,Customer Changed Mind,2125.57
RET0001497,ORD00029960,P0040,C00837,WH02,2024-06-13,2,Wrong Product,1921.94
RET0001498,ORD00029966,P0001,C00042,WH03,2024-06-13,2,Customer Changed Mind,3596.38
RET0001499,ORD00029985,P0005,C00869,WH02,2024-06-04,2,Damaged,2971.39
RET0001500,ORD00030001,P0008,C00775,WH03,2024-06-14,1,Customer Changed Mind,968.68
RET0001501,ORD00030028,P0014,C00697,WH02,2024-06-04,2,Customer Changed Mind,5268.64
RET0001502,ORD00030043,P0017,C00325,WH02,2024-06-15,2,Late Delivery,2118.18
RET0001503,ORD00030064,P0021,C00365,WH03,2024-06-10,1,Damaged,840.91
RET0001504,ORD00030069,P0022,C00163,WH03,2024-06-14,1,Damaged,611.26
RET0001505,ORD00030086,P0026,C00098,WH01,2024-06-19,2,Wrong Product,5443.27
RET0001506,ORD00030087,P0026,C00914,WH02,2024-06-15,2,Damaged,5443.27
RET0001507,ORD00030088,P0026,C00008,WH03,2024-06-17,2,Customer Changed Mind,4870.3
RET0001508,ORD00030119,P0032,C00435,WH04,2024-06-14,2,Damaged,4120.24
RET0001509,ORD00030122,P0033,C00054,WH02,2024-06-04,2,Quality Issue,4855.16
RET0001510,ORD00030140,P0036,C00505,WH05,2024-06-14,1,Customer Changed Mind,2533.06
RET0001511,ORD00030151,P0039,C00196,WH01,2024-06-11,2,Quality Issue,1272.17
RET0001512,ORD00030154,P0039,C00788,WH04,2024-06-09,2,Quality Issue,1272.17
RET0001513,ORD00030185,P0005,C00401,WH05,2024-06-22,2,Customer Changed Mind,2971.39
RET0001514,ORD00030186,P0006,C00236,WH02,2024-06-11,1,Customer Changed Mind,3514.2
RET0001515,ORD00030217,P0013,C00491,WH01,2024-06-20,1,Wrong Product,3614.28
RET0001516,ORD00030270,P0023,C00700,WH05,2024-06-15,2,Quality Issue,1795.02
RET0001517,ORD00030286,P0027,C00006,WH01,2024-06-21,1,Quality Issue,692.43
RET0001518,ORD00030288,P0027,C00659,WH03,2024-06-19,2,Late Delivery,1492.58
RET0001519,ORD00030294,P0028,C00328,WH04,2024-06-21,2,Quality Issue,8609.9
RET0001520,ORD00030345,P0038,C00283,WH05,2024-06-22,2,Quality Issue,4318.0
RET0001521,ORD00030374,P0004,C00628,WH05,2024-06-06,1,Quality Issue,2116.31
RET0001522,ORD00030430,P0016,C00118,WH02,2024-06-21,1,Damaged,1110.44
RET0001523,ORD00030484,P0027,C00201,WH02,2024-06-11,2,Wrong Product,1492.58
RET0001524,ORD00030535,P0038,C00535,WH01,2024-06-20,1,Customer Changed Mind,2159.0
RET0001525,ORD00030542,P0039,C00810,WH03,2024-06-06,2,Customer Changed Mind,1311.52
RET0001526,ORD00030546,P0040,C00444,WH02,2024-06-09,2,Quality Issue,1719.64
RET0001527,ORD00030549,P0040,C00031,WH05,2024-06-12,1,Damaged,960.97
RET0001528,ORD00030562,P0003,C00078,WH03,2024-06-15,1,Damaged,1098.26
RET0001529,ORD00030568,P0004,C00110,WH04,2024-06-12,2,Quality Issue,4232.63
RET0001530,ORD00030570,P0005,C00267,WH01,2024-06-15,1,Quality Issue,1601.25
RET0001531,ORD00030592,P0009,C00725,WH04,2024-06-15,1,Quality Issue,3207.48
RET0001532,ORD00030601,P0011,C00007,WH03,2024-06-08,2,Quality Issue,1418.56
RET0001533,ORD00030612,P0013,C00893,WH04,2024-06-10,2,Damaged,6867.13
RET0001534,ORD00030615,P0014,C00876,WH02,2024-06-11,1,Customer Changed Mind,2634.32
RET0001535,ORD00030618,P0014,C00719,WH05,2024-06-15,2,Quality Issue,5268.64
RET0001536,ORD00030638,P0018,C00321,WH05,2024-06-11,1,Damaged,1297.99
RET0001537,ORD00030658,P0022,C00277,WH05,2024-06-15,1,Customer Changed Mind,611.26
RET0001538,ORD00030702,P0031,C00432,WH04,2024-06-24,1,Customer Changed Mind,594.43
RET0001539,ORD00030723,P0035,C00407,WH05,2024-06-20,1,Wrong Product,2019.29
RET0001540,ORD00030732,P0037,C00969,WH04,2024-06-09,1,Damaged,1836.09
RET0001541,ORD00030743,P0040,C00195,WH01,2024-06-15,1,Wrong Product,1011.55
RET0001542,ORD00030745,P0040,C00319,WH03,2024-06-07,1,Quality Issue,1011.55
RET0001543,ORD00030760,P0003,C00492,WH04,2024-06-17,2,Damaged,2196.52
RET0001544,ORD00030783,P0008,C00377,WH03,2024-06-21,2,Quality Issue,1937.36
RET0001545,ORD00030808,P0013,C00262,WH03,2024-06-24,2,Damaged,7228.56
RET0001546,ORD00030858,P0023,C00398,WH03,2024-06-12,1,Damaged,870.58
RET0001547,ORD00030882,P0028,C00176,WH02,2024-06-18,1,Quality Issue,4304.95
RET0001548,ORD00030896,P0031,C00973,WH01,2024-06-13,2,Customer Changed Mind,1254.91
RET0001549,ORD00030932,P0038,C00684,WH02,2024-06-16,1,Quality Issue,2204.45
RET0001550,ORD00030945,P0040,C00019,WH05,2024-06-18,2,Quality Issue,2023.1
RET0001551,ORD00031030,P0017,C00054,WH05,2024-06-11,2,Quality Issue,2118.18
RET0001552,ORD00031058,P0023,C00144,WH03,2024-06-25,2,Damaged,1741.17
RET0001553,ORD00031113,P0034,C00826,WH03,2024-06-10,2,Quality Issue,7403.24
RET0001554,ORD00031129,P0037,C00498,WH04,2024-06-17,1,Damaged,1781.01
RET0001555,ORD00031136,P0039,C00439,WH01,2024-06-26,2,Quality Issue,1311.52
RET0001556,ORD00031153,P0002,C00369,WH04,2024-06-18,2,Customer Changed Mind,1900.9
RET0001557,ORD00031217,P0015,C00453,WH03,2024-06-23,1,Late Delivery,325.37
RET0001558,ORD00031240,P0020,C00449,WH01,2024-06-10,1,Damaged,2731.25
RET0001559,ORD00031262,P0024,C00908,WH03,2024-06-18,2,Customer Changed Mind,1725.49
RET0001560,ORD00031263,P0024,C00379,WH04,2024-06-14,1,Wrong Product,889.43
RET0001561,ORD00031299,P0031,C00432,WH05,2024-06-14,2,Late Delivery,1254.91
RET0001562,ORD00031320,P0036,C00965,WH04,2024-06-19,1,Customer Changed Mind,2814.51
RET0001563,ORD00031357,P0004,C00385,WH01,2024-06-24,1,Wrong Product,2227.7
RET0001564,ORD00031414,P0015,C00760,WH03,2024-06-22,2,Wrong Product,618.2
RET0001565,ORD00031435,P0019,C00820,WH04,2024-06-21,2,Customer Changed Mind,5516.48
RET0001566,ORD00031501,P0032,C00052,WH05,2024-06-28,1,Damaged,2060.12
RET0001567,ORD00031502,P0033,C00602,WH01,2024-06-18,1,Quality Issue,2478.69
RET0001568,ORD00031504,P0033,C00448,WH03,2024-06-17,1,Quality Issue,2555.35
RET0001569,ORD00031514,P0035,C00431,WH03,2024-06-23,2,Damaged,4038.58
RET0001570,ORD00031523,P0037,C00913,WH02,2024-06-13,1,Damaged,1652.48
RET0001571,ORD00031540,P0040,C00683,WH04,2024-06-16,1,Damaged,1011.55
RET0001572,ORD00031553,P0003,C00873,WH02,2024-06-26,2,Damaged,2440.58
RET0001573,ORD00031566,P0005,C00588,WH05,2024-06-16,2,Damaged,3301.54
RET0001574,ORD00031580,P0008,C00445,WH04,2024-06-26,1,Wrong Product,871.81
RET0001575,ORD00031605,P0014,C00836,WH01,2024-06-28,2,Quality Issue,5268.64
RET0001576,ORD00031646,P0022,C00998,WH03,2024-06-27,2,Quality Issue,1222.52
RET0001577,ORD00031662,P0025,C00564,WH04,2024-06-15,2,Customer Changed Mind,3572.8
RET0001578,ORD00031670,P0027,C00312,WH02,2024-06-24,2,Wrong Product,1461.8
RET0001579,ORD00031676,P0028,C00668,WH03,2024-06-27,1,Late Delivery,3874.46
RET0001580,ORD00031700,P0033,C00614,WH02,2024-06-28,2,Wrong Product,5110.7
RET0001581,ORD00031801,P0013,C00074,WH04,2024-06-14,1,Wrong Product,3433.57
RET0001582,ORD00031803,P0014,C00185,WH02,2024-06-21,2,Quality Issue,5110.58
RET0001583,ORD00031833,P0020,C00473,WH04,2024-06-15,1,Damaged,3034.72
RET0001584,ORD00031875,P0029,C00385,WH02,2024-06-27,2,Quality Issue,9286.0
RET0001585,ORD00031894,P0033,C00795,WH01,2024-06-25,1,Customer Changed Mind,2555.35
RET0001586,ORD00031906,P0035,C00886,WH03,2024-06-29,2,Late Delivery,4123.61
RET0001587,ORD00031931,P0040,C00398,WH05,2024-06-15,1,Damaged,1011.55
RET0001588,ORD00031943,P0003,C00129,WH02,2024-06-25,2,Damaged,2440.58
RET0001589,ORD00031957,P0006,C00489,WH01,2024-06-17,1,Quality Issue,3260.6
RET0001590,ORD00032016,P0018,C00548,WH02,2024-06-15,2,Quality Issue,2732.62
RET0001591,ORD00032021,P0019,C00242,WH02,2024-06-29,1,Quality Issue,2758.24
RET0001592,ORD00032022,P0019,C00144,WH03,2024-06-25,1,Quality Issue,2758.24
RET0001593,ORD00032039,P0022,C00673,WH05,2024-06-20,2,Late Delivery,1100.27
RET0001594,ORD00032057,P0026,C00038,WH03,2024-06-21,2,Damaged,4870.3
RET0001595,ORD00032077,P0030,C00981,WH03,2024-06-20,2,Wrong Product,6572.08
RET0001596,ORD00032161,P0007,C00600,WH05,2024-06-21,1,Customer Changed Mind,2808.79
RET0001597,ORD00032165,P0008,C00080,WH04,2024-06-24,1,Quality Issue,823.38
RET0001598,ORD00032166,P0008,C00095,WH05,2024-06-24,1,Quality Issue,968.68
RET0001599,ORD00032180,P0011,C00125,WH04,2024-06-21,1,Wrong Product,746.61
RET0001600,ORD00032203,P0016,C00068,WH03,2024-06-27,2,Quality Issue,1998.79
RET0001601,ORD00032209,P0017,C00287,WH04,2024-06-22,1,Wrong Product,1003.35
RET0001602,ORD00032244,P0024,C00585,WH05,2024-06-17,1,Quality Issue,862.75
RET0001603,ORD00032249,P0025,C00399,WH05,2024-06-26,2,Customer Changed Mind,3465.62
RET0001604,ORD00032276,P0031,C00158,WH02,2024-06-15,2,Wrong Product,1320.96
RET0001605,ORD00032282,P0032,C00088,WH04,2024-06-30,2,Quality Issue,4120.24
RET0001606,ORD00032319,P0040,C00500,WH02,2024-07-01,1,Quality Issue,1011.55
RET0001607,ORD00032320,P0040,C00125,WH03,2024-06-24,2,Late Delivery,2023.1
RET0001608,ORD00032321,P0040,C00218,WH04,2024-06-25,2,Quality Issue,2023.1
RET0001609,ORD00032338,P0004,C00285,WH01,2024-06-24,2,Damaged,4232.63
RET0001610,ORD00032346,P0005,C00886,WH04,2024-06-24,2,Damaged,3136.46
RET0001611,ORD00032363,P0009,C00453,WH02,2024-06-16,2,Quality Issue,6222.51
RET0001612,ORD00032452,P0027,C00806,WH03,2024-07-02,1,Customer Changed Mind,653.96
RET0001613,ORD00032482,P0033,C00869,WH03,2024-07-01,2,Customer Changed Mind,4599.63
RET0001614,ORD00032494,P0036,C00797,WH01,2024-06-30,2,Damaged,5629.02
RET0001615,ORD00032499,P0037,C00295,WH01,2024-06-18,1,Wrong Product,1836.09
RET0001616,ORD00032507,P0038,C00931,WH04,2024-06-19,2,Quality Issue,4545.26
RET0001617,ORD00032535,P0004,C00533,WH02,2024-07-01,2,Quality Issue,4455.4
RET0001618,ORD00032550,P0007,C00692,WH02,2024-06-28,2,Damaged,5321.92
RET0001619,ORD00032561,P0009,C00356,WH03,2024-06-20,1,Late Delivery,3207.48
RET0001620,ORD00032581,P0013,C00101,WH04,2024-06-24,1,Quality Issue,3614.28
RET0001621,ORD00032658,P0029,C00704,WH01,2024-06-29,1,Quality Issue,4503.71
RET0001622,ORD00032679,P0033,C00616,WH02,2024-06-29,2,Damaged,5110.7
RET0001623,ORD00032696,P0037,C00895,WH01,2024-06-23,1,Wrong Product,1836.09
RET0001624,ORD00032705,P0038,C00126,WH05,2024-07-04,1,Quality Issue,2272.63
RET0001625,ORD00032711,P0040,C00943,WH02,2024-07-03,1,Damaged,960.97
RET0001626,ORD00032726,P0003,C00317,WH02,2024-06-21,2,Customer Changed Mind,2196.52
RET0001627,ORD00032746,P0007,C00401,WH02,2024-07-01,2,Damaged,5321.92
RET0001628,ORD00032765,P0011,C00277,WH01,2024-06-24,2,Quality Issue,1448.42
RET0001629,ORD00032783,P0014,C00071,WH05,2024-07-02,1,Quality Issue,2634.32
RET0001630,ORD00032793,P0016,C00461,WH05,2024-06-27,1,Damaged,999.4
RET0001631,ORD00032808,P0019,C00699,WH05,2024-06-19,1,Damaged,2482.42
RET0001632,ORD00032841,P0026,C00065,WH03,2024-06-25,2,Wrong Product,5156.78
RET0001633,ORD00032844,P0027,C00678,WH01,2024-06-25,2,Customer Changed Mind,1461.8
RET0001634,ORD00032852,P0028,C00685,WH04,2024-06-27,2,Customer Changed Mind,8609.9
RET0001635,ORD00032872,P0032,C00097,WH04,2024-07-02,1,Late Delivery,2060.12
RET0001636,ORD00032874,P0033,C00530,WH01,2024-06-28,1,Damaged,2555.35
RET0001637,ORD00033035,P0025,C00295,WH05,2024-06-24,2,Damaged,3465.62
RET0001638,ORD00033044,P0027,C00440,WH04,2024-06-30,2,Late Delivery,1492.58
RET0001639,ORD00033118,P0002,C00875,WH04,2024-06-21,1,Quality Issue,855.41
RET0001640,ORD00033130,P0005,C00178,WH01,2024-06-21,2,Customer Changed Mind,2971.39
RET0001641,ORD00033133,P0005,C00012,WH04,2024-07-04,2,Customer Changed Mind,3136.46
RET0001642,ORD00033138,P0006,C00574,WH04,2024-06-29,1,Quality Issue,3260.6
RET0001643,ORD00033236,P0026,C00488,WH02,2024-06-20,1,Damaged,2864.88
RET0001644,ORD00033270,P0033,C00616,WH02,2024-06-21,1,Quality Issue,2555.35
RET0001645,ORD00033294,P0038,C00556,WH04,2024-07-01,1,Quality Issue,2045.37
RET0001646,ORD00033304,P0040,C00932,WH04,2024-06-25,2,Damaged,2023.1
RET0001647,ORD00033329,P0005,C00204,WH05,2024-06-21,2,Quality Issue,3301.54
RET0001648,ORD00033386,P0017,C00858,WH04,2024-06-22,2,Customer Changed Mind,2118.18
RET0001649,ORD00033388,P0018,C00710,WH01,2024-06-29,1,Wrong Product,1297.99
RET0001650,ORD00033394,P0019,C00178,WH02,2024-07-01,2,Wrong Product,5240.66
RET0001651,ORD00033418,P0024,C00736,WH01,2024-07-03,2,Quality Issue,1689.92
RET0001652,ORD00033438,P0028,C00899,WH01,2024-06-26,2,Quality Issue,7748.91
RET0001653,ORD00033443,P0029,C00162,WH01,2024-06-24,2,Quality Issue,9007.42
RET0001654,ORD00033478,P0036,C00549,WH01,2024-06-21,1,Quality Issue,2814.51
RET0001655,ORD00033499,P0040,C00811,WH02,2024-07-05,1,Late Delivery,960.97
RET0001656,ORD00033505,P0001,C00947,WH03,2024-07-09,1,Damaged,1708.28
RET0001657,ORD00033511,P0002,C00524,WH04,2024-07-04,1,Quality Issue,921.94
RET0001658,ORD00033542,P0009,C00697,WH03,2024-06-30,1,Wrong Product,3111.26
RET0001659,ORD00033575,P0016,C00788,WH01,2024-06-26,2,Damaged,2220.88
RET0001660,ORD00033580,P0017,C00159,WH01,2024-06-25,2,Quality Issue,2229.66
RET0001661,ORD00033591,P0019,C00406,WH02,2024-07-01,2,Quality Issue,5516.48
RET0001662,ORD00033609,P0022,C00483,WH05,2024-06-22,2,Customer Changed Mind,1100.27
RET0001663,ORD00033624,P0025,C00662,WH05,2024-07-08,1,Customer Changed Mind,1786.4
RET0001664,ORD00033625,P0026,C00402,WH01,2024-07-01,2,Quality Issue,5729.76
RET0001665,ORD00033692,P0039,C00417,WH05,2024-07-06,1,Wrong Product,655.76
RET0001666,ORD00033705,P0002,C00718,WH04,2024-07-01,1,Wrong Product,950.45
RET0001667,ORD00033709,P0003,C00145,WH03,2024-07-10,2,Wrong Product,2074.49
RET0001668,ORD00033717,P0005,C00884,WH01,2024-07-10,2,Quality Issue,3136.46
RET0001669,ORD00033721,P0005,C00222,WH05,2024-07-10,1,Quality Issue,1650.77
RET0001670,ORD00033734,P0008,C00085,WH05,2024-06-30,1,Wrong Product,968.68
RET0001671,ORD00033736,P0009,C00456,WH02,2024-06-25,1,Quality Issue,3047.11
RET0001672,ORD00033752,P0012,C00759,WH03,2024-06-30,2,Customer Changed Mind,6178.64
RET0001673,ORD00033795,P0021,C00199,WH01,2024-07-05,2,Customer Changed Mind,1513.64
RET0001674,ORD00033812,P0024,C00543,WH04,2024-06-28,1,Quality Issue,889.43
RET0001675,ORD00033813,P0024,C00792,WH05,2024-07-09,2,Customer Changed Mind,1725.49
RET0001676,ORD00033849,P0032,C00063,WH01,2024-07-02,2,Late Delivery,3914.23
RET0001677,ORD00033855,P0033,C00706,WH02,2024-07-04,2,Customer Changed Mind,4855.16
RET0001678,ORD00033885,P0039,C00132,WH03,2024-07-10,2,Damaged,1180.37
RET0001679,ORD00033911,P0004,C00407,WH05,2024-07-05,1,Wrong Product,2116.31
RET0001680,ORD00033924,P0007,C00468,WH03,2024-07-05,1,Damaged,2956.62
RET0001681,ORD00033936,P0009,C00882,WH05,2024-07-04,1,Customer Changed Mind,2726.36
RET0001682,ORD00034059,P0034,C00967,WH04,2024-07-09,2,Wrong Product,8225.82
RET0001683,ORD00034061,P0035,C00896,WH01,2024-07-06,1,Customer Changed Mind,2061.8
RET0001684,ORD00034063,P0035,C00654,WH03,2024-07-07,2,Quality Issue,4251.14
RET0001685,ORD00034100,P0002,C00098,WH05,2024-07-08,2,Quality Issue,1900.9
RET0001686,ORD00034122,P0007,C00338,WH02,2024-07-02,2,Quality Issue,5321.92
RET0001687,ORD00034132,P0009,C00266,WH02,2024-07-01,2,Damaged,6222.51
RET0001688,ORD00034202,P0023,C00539,WH02,2024-06-30,1,Damaged,807.76
RET0001689,ORD00034237,P0030,C00692,WH02,2024-06-30,2,Damaged,6374.92
RET0001690,ORD00034238,P0030,C00269,WH03,2024-07-10,1,Damaged,3187.46
RET0001691,ORD00034268,P0036,C00214,WH03,2024-07-10,1,Customer Changed Mind,2673.78
RET0001692,ORD00034294,P0001,C00192,WH04,2024-07-07,1,Wrong Product,1708.28
RET0001693,ORD00034306,P0004,C00583,WH01,2024-07-05,2,Quality Issue,4455.4
RET0001694,ORD00034318,P0006,C00678,WH03,2024-07-05,2,Customer Changed Mind,7245.78
RET0001695,ORD00034337,P0010,C00568,WH02,2024-07-11,1,Customer Changed Mind,3567.8
RET0001696,ORD00034351,P0013,C00985,WH02,2024-07-02,1,Damaged,3072.14
RET0001697,ORD00034352,P0013,C00300,WH03,2024-07-07,2,Quality Issue,7228.56
RET0001698,ORD00034353,P0013,C00376,WH04,2024-07-09,2,Customer Changed Mind,7228.56
RET0001699,ORD00034370,P0017,C00975,WH01,2024-06-27,1,Late Delivery,1081.39
RET0001700,ORD00034388,P0020,C00665,WH04,2024-07-02,1,Customer Changed Mind,3034.72
RET0001701,ORD00034419,P0026,C00388,WH05,2024-07-03,2,Wrong Product,5729.76
RET0001702,ORD00034420,P0027,C00537,WH01,2024-06-28,2,Late Delivery,1538.74
RET0001703,ORD00034463,P0035,C00223,WH05,2024-07-08,1,Damaged,2019.29
RET0001704,ORD00034481,P0039,C00544,WH03,2024-07-01,1,Customer Changed Mind,622.97
RET0001705,ORD00034566,P0016,C00169,WH04,2024-07-10,1,Damaged,999.4
RET0001706,ORD00034579,P0019,C00695,WH02,2024-07-01,2,Late Delivery,5516.48
RET0001707,ORD00034604,P0024,C00398,WH03,2024-07-13,2,Quality Issue,1725.49
RET0001708,ORD00034625,P0028,C00197,WH04,2024-07-04,1,Damaged,4304.95
RET0001709,ORD00034645,P0033,C00253,WH01,2024-06-29,1,Wrong Product,2427.58
RET0001710,ORD00034650,P0034,C00358,WH01,2024-07-12,1,Quality Issue,3701.62
RET0001711,ORD00034695,P0003,C00395,WH02,2024-07-01,1,Customer Changed Mind,1098.26
RET0001712,ORD00034698,P0003,C00762,WH05,2024-07-14,1,Damaged,1220.29
RET0001713,ORD00034708,P0005,C00189,WH05,2024-07-03,1,Late Delivery,1568.23
RET0001714,ORD00034724,P0009,C00246,WH01,2024-06-28,1,Wrong Product,3207.48
RET0001715,ORD00034756,P0015,C00785,WH03,2024-07-02,2,Quality Issue,650.74
RET0001716,ORD00034768,P0017,C00758,WH05,2024-07-14,1,Customer Changed Mind,1114.83
RET0001717,ORD00034893,P0003,C00725,WH02,2024-07-13,1,Quality Issue,1159.28
RET0001718,ORD00034907,P0006,C00042,WH01,2024-07-05,1,Customer Changed Mind,3441.75
RET0001719,ORD00034943,P0013,C00982,WH03,2024-07-13,2,Customer Changed Mind,6867.13
RET0001720,ORD00034982,P0021,C00427,WH02,2024-07-07,2,Wrong Product,1597.73
RET0001721,ORD00035000,P0024,C00693,WH05,2024-06-30,1,Quality Issue,800.49
RET0001722,ORD00035054,P0036,C00706,WH02,2024-06-30,2,Quality Issue,5460.15
RET0001723,ORD00035072,P0039,C00353,WH05,2024-07-04,2,Customer Changed Mind,1245.94
RET0001724,ORD00035082,P0001,C00170,WH05,2024-07-01,2,Damaged,3488.49
RET0001725,ORD00035088,P0003,C00931,WH01,2024-07-14,2,Damaged,2196.52
RET0001726,ORD00035114,P0008,C00258,WH04,2024-07-04,2,Quality Issue,1937.36
RET0001727,ORD00035120,P0009,C00033,WH05,2024-07-08,1,Damaged,3207.48
RET0001728,ORD00035165,P0018,C00695,WH05,2024-06-30,2,Wrong Product,2732.62
RET0001729,ORD00035167,P0019,C00101,WH02,2024-07-12,2,Quality Issue,5516.48
RET0001730,ORD00035178,P0021,C00377,WH03,2024-06-30,1,Damaged,840.91
RET0001731,ORD00035248,P0035,C00050,WH05,2024-07-05,2,Late Delivery,4123.61
RET0001732,ORD00035249,P0036,C00342,WH01,2024-07-03,1,Quality Issue,2533.06
RET0001733,ORD00035303,P0006,C00715,WH05,2024-07-11,1,Customer Changed Mind,3260.6
RET0001734,ORD00035315,P0009,C00493,WH02,2024-07-13,1,Quality Issue,3047.11
RET0001735,ORD00035319,P0010,C00084,WH01,2024-07-03,1,Wrong Product,3211.02
RET0001736,ORD00035323,P0010,C00776,WH05,2024-07-08,1,Customer Changed Mind,3211.02
RET0001737,ORD00035324,P0011,C00016,WH01,2024-07-13,1,Wrong Product,746.61
RET0001738,ORD00035347,P0015,C00649,WH04,2024-07-17,1,Quality Issue,309.1
RET0001739,ORD00035351,P0016,C00067,WH03,2024-07-18,1,Damaged,1110.44
RET0001740,ORD00035365,P0019,C00073,WH02,2024-07-18,1,Customer Changed Mind,2482.42
RET0001741,ORD00035368,P0019,C00269,WH05,2024-07-08,1,Quality Issue,2758.24
RET0001742,ORD00035378,P0021,C00215,WH05,2024-07-04,1,Quality Issue,815.68
RET0001743,ORD00035384,P0023,C00988,WH01,2024-07-09,1,Quality Issue,897.51
RET0001744,ORD00035401,P0026,C00157,WH03,2024-07-15,1,Late Delivery,2864.88
RET0001745,ORD00035407,P0027,C00850,WH04,2024-07-03,2,Customer Changed Mind,1538.74
RET0001746,ORD00035423,P0030,C00908,WH05,2024-07-04,2,Customer Changed Mind,5586.27
RET0001747,ORD00035427,P0031,C00300,WH05,2024-07-13,1,Customer Changed Mind,594.43
RET0001748,ORD00035434,P0033,C00353,WH02,2024-07-09,2,Damaged,4344.09
RET0001749,ORD00035463,P0039,C00828,WH01,2024-07-17,1,Damaged,622.97
RET0001750,ORD00035512,P0008,C00452,WH05,2024-07-17,1,Damaged,968.68
RET0001751,ORD00035524,P0011,C00808,WH02,2024-07-09,2,Customer Changed Mind,1343.9
RET0001752,ORD00035528,P0012,C00885,WH01,2024-07-19,1,Quality Issue,3089.32
RET0001753,ORD00035533,P0013,C00810,WH01,2024-07-14,1,Wrong Product,3614.28
RET0001754,ORD00035549,P0016,C00064,WH02,2024-07-12,1,Wrong Product,1054.92
RET0001755,ORD00035563,P0019,C00823,WH01,2024-07-13,1,Damaged,2758.24
RET0001756,ORD00035579,P0022,C00435,WH02,2024-07-07,2,Damaged,1222.52
RET0001757,ORD00035587,P0023,C00737,WH05,2024-07-09,1,Quality Issue,870.58
RET0001758,ORD00035605,P0027,C00292,WH03,2024-07-15,2,Late Delivery,1538.74
RET0001759,ORD00035641,P0035,C00472,WH01,2024-07-18,1,Wrong Product,2061.8
RET0001760,ORD00035649,P0036,C00237,WH04,2024-07-03,1,Late Delivery,2673.78
RET0001761,ORD00035650,P0036,C00147,WH05,2024-07-06,1,Quality Issue,2814.51
RET0001762,ORD00035691,P0005,C00228,WH01,2024-07-04,2,Quality Issue,2971.39
RET0001763,ORD00035716,P0010,C00629,WH03,2024-07-08,2,Quality Issue,7135.6
RET0001764,ORD00035722,P0011,C00002,WH04,2024-07-17,2,Quality Issue,1493.22
RET0001765,ORD00035752,P0017,C00910,WH04,2024-07-15,1,Quality Issue,1081.39
RET0001766,ORD00035755,P0018,C00530,WH02,2024-07-11,2,Quality Issue,2732.62
RET0001767,ORD00035757,P0018,C00664,WH04,2024-07-14,1,Late Delivery,1366.31
RET0001768,ORD00035760,P0019,C00132,WH02,2024-07-06,1,Quality Issue,2482.42
RET0001769,ORD00035786,P0024,C00250,WH04,2024-07-10,1,Quality Issue,889.43
RET0001770,ORD00035805,P0028,C00169,WH03,2024-07-12,2,Wrong Product,8351.6
RET0001771,ORD00035843,P0036,C00827,WH01,2024-07-12,2,Damaged,5066.12
RET0001772,ORD00035849,P0037,C00714,WH02,2024-07-15,2,Customer Changed Mind,3672.18
RET0001773,ORD00035865,P0040,C00315,WH03,2024-07-20,1,Customer Changed Mind,981.2
RET0001774,ORD00035874,P0002,C00721,WH02,2024-07-20,1,Wrong Product,855.41
RET0001775,ORD00035877,P0002,C00759,WH05,2024-07-08,1,Customer Changed Mind,855.41
RET0001776,ORD00035888,P0005,C00152,WH01,2024-07-06,1,Damaged,1650.77
RET0001777,ORD00035916,P0011,C00754,WH01,2024-07-14,1,Customer Changed Mind,746.61
RET0001778,ORD00035937,P0015,C00880,WH02,2024-07-07,2,Damaged,650.74
RET0001779,ORD00035948,P0017,C00004,WH03,2024-07-13,1,Damaged,1003.35
RET0001780,ORD00035952,P0018,C00195,WH02,2024-07-17,1,Damaged,1297.99
RET0001781,ORD00035977,P0023,C00023,WH02,2024-07-05,1,Quality Issue,807.76
RET0001782,ORD00036022,P0032,C00418,WH03,2024-07-16,1,Customer Changed Mind,2060.12
RET0001783,ORD00036068,P0001,C00803,WH04,2024-07-19,2,Quality Issue,3416.56
RET0001784,ORD00036079,P0003,C00834,WH05,2024-07-21,1,Quality Issue,1159.28
RET0001785,ORD00036087,P0005,C00589,WH03,2024-07-20,1,Quality Issue,1601.25
RET0001786,ORD00036120,P0012,C00939,WH01,2024-07-18,1,Wrong Product,2934.85
RET0001787,ORD00036123,P0012,C00738,WH05,2024-07-21,1,Quality Issue,3089.32
RET0001788,ORD00036137,P0015,C00911,WH05,2024-07-13,2,Customer Changed Mind,650.74
RET0001789,ORD00036187,P0026,C00168,WH01,2024-07-19,1,Wrong Product,2778.93
RET0001790,ORD00036203,P0029,C00216,WH02,2024-07-13,1,Quality Issue,4410.85
RET0001791,ORD00036230,P0034,C00905,WH05,2024-07-17,1,Customer Changed Mind,4112.91
RET0001792,ORD00036281,P0005,C00904,WH02,2024-07-18,2,Quality Issue,2971.39
RET0001793,ORD00036294,P0007,C00264,WH05,2024-07-16,2,Quality Issue,5735.84
RET0001794,ORD00036296,P0008,C00519,WH02,2024-07-14,2,Customer Changed Mind,1937.36
RET0001795,ORD00036336,P0016,C00917,WH03,2024-07-09,1,Wrong Product,999.4
RET0001796,ORD00036352,P0019,C00511,WH04,2024-07-18,2,Quality Issue,5350.99
RET0001797,ORD00036358,P0020,C00791,WH05,2024-07-22,2,Damaged,6069.44
RET0001798,ORD00036395,P0028,C00597,WH03,2024-07-14,2,Quality Issue,7748.91
RET0001799,ORD00036397,P0028,C00118,WH05,2024-07-21,1,Damaged,4089.7
RET0001800,ORD00036419,P0033,C00223,WH02,2024-07-21,1,Customer Changed Mind,2172.05
RET0001801,ORD00036434,P0036,C00716,WH02,2024-07-13,1,Customer Changed Mind,2814.51
RET0001802,ORD00036456,P0001,C00583,WH01,2024-07-21,1,Customer Changed Mind,1708.28
RET0001803,ORD00036476,P0005,C00276,WH01,2024-07-10,1,Quality Issue,1650.77
RET0001804,ORD00036546,P0019,C00344,WH03,2024-07-16,1,Customer Changed Mind,2344.5
RET0001805,ORD00036547,P0019,C00217,WH04,2024-07-16,2,Customer Changed Mind,5350.99
RET0001806,ORD00036550,P0020,C00853,WH02,2024-07-11,1,Customer Changed Mind,3034.72
RET0001807,ORD00036561,P0022,C00942,WH04,2024-07-15,1,Quality Issue,611.26
RET0001808,ORD00036574,P0025,C00627,WH02,2024-07-14,1,Damaged,1697.08
RET0001809,ORD00036578,P0026,C00591,WH01,2024-07-21,2,Damaged,4870.3
RET0001810,ORD00036596,P0029,C00643,WH04,2024-07-24,1,Quality Issue,4643.0
RET0001811,ORD00036612,P0032,C00506,WH05,2024-07-18,1,Quality Issue,2060.12
RET0001812,ORD00036628,P0036,C00773,WH01,2024-07-07,2,Damaged,5629.02
RET0001813,ORD00036635,P0037,C00825,WH03,2024-07-17,1,Customer Changed Mind,1652.48
RET0001814,ORD00036651,P0040,C00466,WH04,2024-07-23,1,Quality Issue,960.97
RET0001815,ORD00036656,P0001,C00331,WH04,2024-07-13,2,Wrong Product,3596.38
RET0001816,ORD00036675,P0005,C00714,WH03,2024-07-09,1,Damaged,1485.69
RET0001817,ORD00036678,P0006,C00360,WH01,2024-07-13,2,Customer Changed Mind,6158.91
RET0001818,ORD00036688,P0008,C00333,WH03,2024-07-09,2,Damaged,1937.36
RET0001819,ORD00036695,P0009,C00376,WH05,2024-07-22,2,Damaged,6414.96
RET0001820,ORD00036713,P0013,C00887,WH03,2024-07-11,1,Customer Changed Mind,3505.85
RET0001821,ORD00036744,P0019,C00698,WH04,2024-07-18,2,Late Delivery,5240.66
RET0001822,ORD00036800,P0030,C00502,WH05,2024-07-17,1,Damaged,3187.46
RET0001823,ORD00036839,P0038,C00169,WH04,2024-07-21,1,Damaged,2272.63
RET0001824,ORD00036857,P0002,C00146,WH02,2024-07-25,2,Customer Changed Mind,1900.9
RET0001825,ORD00036879,P0006,C00198,WH05,2024-07-11,2,Customer Changed Mind,6883.49
RET0001826,ORD00036916,P0014,C00442,WH02,2024-07-18,1,Quality Issue,2239.17
RET0001827,ORD00036930,P0017,C00529,WH01,2024-07-17,2,Damaged,2118.18
RET0001828,ORD00036975,P0026,C00839,WH02,2024-07-11,1,Damaged,2778.93
RET0001829,ORD00037016,P0034,C00417,WH03,2024-07-20,2,Late Delivery,8225.82
RET0001830,ORD00037033,P0037,C00246,WH05,2024-07-20,2,Damaged,3488.57
RET0001831,ORD00037056,P0002,C00852,WH03,2024-07-12,1,Damaged,921.94
RET0001832,ORD00037098,P0011,C00029,WH01,2024-07-16,1,Late Delivery,709.28
RET0001833,ORD00037105,P0012,C00620,WH03,2024-07-13,1,Damaged,2934.85
RET0001834,ORD00037164,P0024,C00979,WH02,2024-07-23,1,Quality Issue,889.43
RET0001835,ORD00037176,P0026,C00481,WH04,2024-07-27,1,Quality Issue,2578.39
RET0001836,ORD00037190,P0029,C00828,WH03,2024-07-11,2,Quality Issue,8357.4
RET0001837,ORD00037237,P0038,C00856,WH05,2024-07-23,2,Quality Issue,4408.9
RET0001838,ORD00037279,P0007,C00574,WH05,2024-07-27,2,Damaged,5617.58
RET0001839,ORD00037286,P0009,C00733,WH02,2024-07-19,2,Customer Changed Mind,6414.96
RET0001840,ORD00037321,P0016,C00938,WH04,2024-07-11,1,Customer Changed Mind,1110.44
RET0001841,ORD00037322,P0016,C00903,WH05,2024-07-18,1,Quality Issue,999.4
RET0001842,ORD00037367,P0025,C00356,WH05,2024-07-25,1,Damaged,1786.4
RET0001843,ORD00037400,P0032,C00368,WH04,2024-07-12,1,Quality Issue,2060.12
RET0001844,ORD00037403,P0033,C00503,WH02,2024-07-27,1,Late Delivery,2478.69
RET0001845,ORD00037530,P0019,C00188,WH01,2024-07-27,2,Quality Issue,5350.99
RET0001846,ORD00037578,P0028,C00745,WH04,2024-07-20,1,Customer Changed Mind,4304.95
RET0001847,ORD00037579,P0028,C00458,WH05,2024-07-25,1,Quality Issue,4304.95
RET0001848,ORD00037607,P0034,C00636,WH04,2024-07-26,1,Customer Changed Mind,3907.26
RET0001849,ORD00037633,P0039,C00707,WH05,2024-07-13,2,Damaged,1311.52
RET0001850,ORD00037674,P0008,C00432,WH02,2024-07-14,1,Customer Changed Mind,939.62
RET0001851,ORD00037690,P0011,C00969,WH03,2024-07-30,2,Quality Issue,1493.22
RET0001852,ORD00037704,P0014,C00632,WH02,2024-07-30,1,Wrong Product,2370.89
RET0001853,ORD00037710,P0015,C00858,WH03,2024-07-15,1,Damaged,292.83
RET0001854,ORD00037715,P0016,C00092,WH03,2024-07-22,2,Customer Changed Mind,2220.88
RET0001855,ORD00037767,P0027,C00955,WH03,2024-07-24,2,Wrong Product,1492.58
RET0001856,ORD00037776,P0029,C00072,WH02,2024-07-27,2,Late Delivery,9286.0
RET0001857,ORD00037811,P0036,C00496,WH03,2024-07-26,2,Quality Issue,5066.12
RET0001858,ORD00037836,P0001,C00512,WH04,2024-07-28,1,Quality Issue,1708.28
RET0001859,ORD00037848,P0004,C00909,WH01,2024-07-15,2,Quality Issue,4009.86
RET0001860,ORD00037853,P0005,C00122,WH01,2024-07-25,2,Quality Issue,2971.39
RET0001861,ORD00037940,P0023,C00928,WH02,2024-07-30,2,Damaged,1795.02
RET0001862,ORD00037944,P0024,C00569,WH01,2024-07-31,1,Late Delivery,889.43
RET0001863,ORD00037972,P0029,C00224,WH05,2024-07-26,2,Late Delivery,9286.0
RET0001864,ORD00037978,P0031,C00321,WH01,2024-07-27,1,Damaged,561.41
RET0001865,ORD00038000,P0035,C00227,WH05,2024-07-24,1,Customer Changed Mind,2019.29
RET0001866,ORD00038104,P0017,C00456,WH01,2024-07-31,1,Wrong Product,1081.39
RET0001867,ORD00038114,P0019,C00456,WH01,2024-07-20,2,Late Delivery,5516.48
RET0001868,ORD00038124,P0021,C00386,WH01,2024-07-23,1,Quality Issue,840.91
RET0001869,ORD00038147,P0025,C00204,WH04,2024-07-21,1,Damaged,1607.76
RET0001870,ORD00038149,P0026,C00694,WH01,2024-07-26,1,Wrong Product,2721.64
RET0001871,ORD00038154,P0027,C00145,WH01,2024-07-28,1,Quality Issue,769.37
RET0001872,ORD00038247,P0006,C00942,WH03,2024-07-30,2,Damaged,7245.78
RET0001873,ORD00038284,P0013,C00908,WH05,2024-07-20,1,Late Delivery,3433.57
RET0001874,ORD00038339,P0024,C00274,WH05,2024-07-18,1,Late Delivery,862.75
RET0001875,ORD00038342,P0025,C00127,WH03,2024-07-16,2,Wrong Product,3572.8
RET0001876,ORD00038377,P0032,C00314,WH03,2024-07-25,2,Customer Changed Mind,4120.24
RET0001877,ORD00038391,P0035,C00390,WH04,2024-07-25,1,Quality Issue,2061.8
RET0001878,ORD00038414,P0040,C00178,WH02,2024-07-25,2,Quality Issue,2023.1
RET0001879,ORD00038415,P0040,C00454,WH03,2024-07-24,1,Damaged,910.4
RET0001880,ORD00038456,P0008,C00553,WH05,2024-07-30,1,Damaged,920.25
RET0001881,ORD00038467,P0011,C00631,WH01,2024-07-26,2,Damaged,1448.42
RET0001882,ORD00038490,P0015,C00972,WH05,2024-07-29,1,Customer Changed Mind,309.1
RET0001883,ORD00038495,P0016,C00561,WH05,2024-08-01,2,Damaged,2220.88
RET0001884,ORD00038555,P0028,C00247,WH05,2024-07-24,1,Customer Changed Mind,4304.95
RET0001885,ORD00038575,P0033,C00149,WH01,2024-07-22,2,Quality Issue,5110.7
RET0001886,ORD00038597,P0037,C01000,WH03,2024-07-27,2,Quality Issue,3562.01
RET0001887,ORD00038601,P0038,C00608,WH02,2024-07-20,1,Quality Issue,2045.37
RET0001888,ORD00038626,P0003,C00222,WH03,2024-08-02,1,Quality Issue,1220.29
RET0001889,ORD00038657,P0010,C00493,WH01,2024-08-04,2,Wrong Product,6422.04
RET0001890,ORD00038735,P0026,C00525,WH03,2024-07-18,2,Damaged,5729.76
RET0001891,ORD00038757,P0030,C00452,WH05,2024-07-31,1,Quality Issue,2957.44
RET0001892,ORD00038762,P0032,C00369,WH02,2024-07-23,1,Customer Changed Mind,2060.12
RET0001893,ORD00038772,P0034,C00471,WH02,2024-07-23,1,Damaged,3907.26
RET0001894,ORD00038798,P0039,C00873,WH03,2024-07-24,1,Quality Issue,636.09
RET0001895,ORD00038837,P0007,C00900,WH04,2024-08-03,1,Quality Issue,2956.62
RET0001896,ORD00038851,P0010,C00130,WH03,2024-07-30,1,Quality Issue,3567.8
RET0001897,ORD00038880,P0016,C00419,WH03,2024-07-29,1,Customer Changed Mind,999.4
RET0001898,ORD00038908,P0022,C00421,WH01,2024-07-23,1,Quality Issue,580.7
RET0001899,ORD00038943,P0029,C00719,WH01,2024-07-27,1,Quality Issue,4643.0
RET0001900,ORD00038963,P0033,C00459,WH02,2024-08-05,2,Quality Issue,4344.09
RET0001901,ORD00038991,P0039,C00385,WH02,2024-07-29,1,Damaged,557.4
RET0001902,ORD00039004,P0001,C00104,WH05,2024-07-28,2,Quality Issue,3488.49
RET0001903,ORD00039005,P0002,C00368,WH01,2024-08-01,2,Wrong Product,1900.9
RET0001904,ORD00039030,P0007,C00900,WH04,2024-07-29,2,Quality Issue,5321.92
RET0001905,ORD00039043,P0010,C00985,WH02,2024-07-30,2,Customer Changed Mind,7135.6
RET0001906,ORD00039048,P0011,C00618,WH02,2024-08-05,1,Damaged,746.61
RET0001907,ORD00039055,P0012,C00586,WH04,2024-07-22,2,Damaged,5560.78
RET0001908,ORD00039072,P0016,C00112,WH01,2024-07-26,1,Quality Issue,1110.44
RET0001909,ORD00039073,P0016,C00305,WH02,2024-07-25,1,Wrong Product,1110.44
RET0001910,ORD00039090,P0019,C00650,WH04,2024-07-23,1,Wrong Product,2620.33
RET0001911,ORD00039107,P0023,C00864,WH01,2024-07-28,1,Quality Issue,897.51
RET0001912,ORD00039117,P0025,C00421,WH01,2024-08-05,1,Quality Issue,1786.4
RET0001913,ORD00039133,P0028,C00465,WH02,2024-07-26,2,Wrong Product,8351.6
RET0001914,ORD00039171,P0036,C00381,WH01,2024-07-21,1,Damaged,2533.06
RET0001915,ORD00039176,P0037,C00822,WH01,2024-07-24,2,Quality Issue,3672.18
RET0001916,ORD00039251,P0012,C00452,WH03,2024-07-22,2,Quality Issue,5869.71
RET0001917,ORD00039254,P0013,C00833,WH01,2024-07-28,2,Customer Changed Mind,6505.7
RET0001918,ORD00039259,P0014,C00164,WH01,2024-07-25,2,Customer Changed Mind,5268.64
RET0001919,ORD00039265,P0015,C00054,WH02,2024-07-25,2,Damaged,650.74
RET0001920,ORD00039271,P0016,C00214,WH03,2024-07-29,2,Late Delivery,2109.84
RET0001921,ORD00039275,P0017,C00035,WH02,2024-07-31,2,Damaged,2162.77
RET0001922,ORD00039298,P0021,C00635,WH05,2024-07-27,2,Quality Issue,1429.55
RET0001923,ORD00039359,P0034,C00019,WH04,2024-07-25,2,Damaged,7403.24
RET0001924,ORD00039371,P0037,C00743,WH01,2024-07-27,1,Damaged,1836.09
RET0001925,ORD00039379,P0038,C00601,WH04,2024-07-23,1,Quality Issue,2272.63
RET0001926,ORD00039383,P0039,C00598,WH04,2024-08-05,1,Quality Issue,636.09
RET0001927,ORD00039395,P0002,C00212,WH01,2024-07-26,2,Damaged,1710.81
RET0001928,ORD00039401,P0003,C00858,WH02,2024-08-01,1,Customer Changed Mind,1220.29
RET0001929,ORD00039427,P0008,C00052,WH03,2024-07-29,2,Quality Issue,1743.62
RET0001930,ORD00039436,P0010,C00141,WH03,2024-08-07,1,Damaged,3389.41
RET0001931,ORD00039485,P0020,C00954,WH02,2024-07-28,1,Customer Changed Mind,3034.72
RET0001932,ORD00039502,P0023,C00197,WH04,2024-08-04,2,Customer Changed Mind,1525.77
RET0001933,ORD00039505,P0024,C00961,WH02,2024-07-23,1,Customer Changed Mind,800.49
RET0001934,ORD00039541,P0031,C00865,WH04,2024-08-03,2,Wrong Product,1281.33
RET0001935,ORD00039588,P0001,C00921,WH01,2024-08-06,1,Customer Changed Mind,1744.24
RET0001936,ORD00039612,P0005,C00159,WH05,2024-07-28,1,Quality Issue,1650.77
RET0001937,ORD00039615,P0006,C00265,WH03,2024-08-04,1,Damaged,3441.75
RET0001938,ORD00039642,P0011,C00369,WH05,2024-08-03,1,Customer Changed Mind,709.28
RET0001939,ORD00039667,P0016,C00267,WH05,2024-08-07,2,Quality Issue,2154.25
RET0001940,ORD00039673,P0018,C00704,WH01,2024-08-08,1,Quality Issue,1297.99
RET0001941,ORD00039690,P0021,C00498,WH03,2024-08-02,1,Quality Issue,756.82
RET0001942,ORD00039704,P0024,C00052,WH02,2024-07-26,2,Damaged,1778.86
RET0001943,ORD00039720,P0027,C00450,WH03,2024-08-04,1,Damaged,769.37
RET0001944,ORD00039784,P0040,C00506,WH04,2024-07-28,1,Quality Issue,1011.55
RET0001945,ORD00039834,P0010,C00368,WH05,2024-07-27,2,Wrong Product,7135.6
RET0001946,ORD00039841,P0012,C00532,WH03,2024-07-26,2,Late Delivery,6178.64
RET0001947,ORD00039842,P0012,C00501,WH04,2024-08-05,1,Quality Issue,2934.85
RET0001948,ORD00039850,P0014,C00212,WH03,2024-08-02,2,Late Delivery,5268.64
RET0001949,ORD00039857,P0015,C00786,WH05,2024-07-24,1,Quality Issue,315.61
RET0001950,ORD00039888,P0022,C00705,WH01,2024-07-31,2,Late Delivery,1161.39
RET0001951,ORD00039901,P0025,C00345,WH02,2024-08-07,2,Late Delivery,3215.52
RET0001952,ORD00039933,P0031,C00632,WH04,2024-08-07,1,Quality Issue,660.48
RET0001953,ORD00039947,P0034,C00820,WH03,2024-07-28,2,Customer Changed Mind,7979.05
RET0001954,ORD00039975,P0040,C00194,WH02,2024-08-09,1,Late Delivery,981.2
RET0001955,ORD00039977,P0001,C00864,WH01,2024-07-28,2,Wrong Product,3596.38
RET0001956,ORD00039997,P0005,C00791,WH01,2024-08-01,1,Late Delivery,1568.23
RET0001957,ORD00039998,P0005,C00139,WH02,2024-08-10,2,Damaged,3301.54
RET0001958,ORD00040004,P0006,C00884,WH03,2024-08-09,1,Quality Issue,3441.75
RET0001959,ORD00040024,P0010,C00462,WH04,2024-07-25,2,Wrong Product,7135.6
RET0001960,ORD00040041,P0014,C00747,WH02,2024-07-25,1,Customer Changed Mind,2634.32
RET0001961,ORD00040065,P0019,C00050,WH01,2024-08-07,1,Customer Changed Mind,2758.24
RET0001962,ORD00040135,P0033,C00641,WH02,2024-07-26,2,Damaged,4957.38
RET0001963,ORD00040180,P0002,C00910,WH02,2024-08-11,1,Damaged,950.45
RET0001964,ORD00040189,P0004,C00608,WH01,2024-07-31,1,Quality Issue,2116.31
RET0001965,ORD00040225,P0011,C00436,WH03,2024-07-29,2,Customer Changed Mind,1493.22
RET0001966,ORD00040245,P0015,C00620,WH05,2024-08-08,1,Quality Issue,292.83
RET0001967,ORD00040268,P0020,C00904,WH03,2024-08-01,2,Customer Changed Mind,6069.44
RET0001968,ORD00040269,P0020,C00386,WH04,2024-08-07,2,Wrong Product,6069.44
RET0001969,ORD00040286,P0024,C00978,WH01,2024-08-10,1,Damaged,889.43
RET0001970,ORD00040293,P0025,C00229,WH03,2024-08-03,2,Damaged,3394.16
RET0001971,ORD00040306,P0028,C00660,WH01,2024-08-04,1,Quality Issue,4089.7
RET0001972,ORD00040321,P0031,C00053,WH02,2024-08-01,1,Late Delivery,594.43
RET0001973,ORD00040322,P0031,C00354,WH03,2024-07-29,2,Customer Changed Mind,1320.96
RET0001974,ORD00040325,P0032,C00856,WH02,2024-08-08,1,Damaged,1998.32
RET0001975,ORD00040328,P0032,C00320,WH05,2024-08-05,1,Quality Issue,1998.32
RET0001976,ORD00040361,P0039,C00368,WH04,2024-07-28,1,Quality Issue,655.76
RET0001977,ORD00040367,P0001,C00783,WH01,2024-08-06,2,Damaged,3416.56
RET0001978,ORD00040389,P0005,C00965,WH04,2024-08-02,1,Late Delivery,1485.69
RET0001979,ORD00040409,P0010,C00566,WH01,2024-08-06,1,Customer Changed Mind,3567.8
RET0001980,ORD00040462,P0021,C00732,WH01,2024-08-04,2,Quality Issue,1681.82
RET0001981,ORD00040463,P0021,C00135,WH02,2024-07-30,1,Wrong Product,798.86
RET0001982,ORD00040469,P0022,C00571,WH03,2024-08-02,2,Damaged,1222.52
RET0001983,ORD00040502,P0029,C00082,WH01,2024-07-29,2,Wrong Product,8821.7
RET0001984,ORD00040505,P0029,C00442,WH04,2024-08-12,2,Quality Issue,8821.7
RET0001985,ORD00040507,P0030,C00675,WH01,2024-07-31,2,Customer Changed Mind,6374.92
RET0001986,ORD00040522,P0033,C00078,WH01,2024-08-11,2,Late Delivery,5110.7
RET0001987,ORD00040549,P0038,C00608,WH03,2024-08-12,2,Quality Issue,4545.26
RET0001988,ORD00040595,P0007,C00165,WH05,2024-08-04,2,Customer Changed Mind,5913.24
RET0001989,ORD00040623,P0013,C00562,WH04,2024-07-29,1,Late Delivery,3252.85
RET0001990,ORD00040631,P0015,C00296,WH02,2024-08-05,1,Quality Issue,309.1
RET0001991,ORD00040639,P0016,C00618,WH05,2024-08-06,2,Quality Issue,2220.88
RET0001992,ORD00040669,P0023,C00275,WH01,2024-08-13,1,Customer Changed Mind,870.58
RET0001993,ORD00040681,P0025,C00925,WH03,2024-08-08,1,Quality Issue,1786.4
RET0001994,ORD00040719,P0033,C00270,WH01,2024-08-01,1,Quality Issue,2172.05
RET0001995,ORD00040724,P0034,C00048,WH01,2024-08-01,1,Damaged,3701.62
RET0001996,ORD00040751,P0039,C00986,WH03,2024-08-12,1,Customer Changed Mind,622.97
RET0001997,ORD00040769,P0003,C00065,WH01,2024-07-29,2,Quality Issue,2318.55
RET0001998,ORD00040772,P0003,C00241,WH04,2024-08-01,2,Quality Issue,2440.58
RET0001999,ORD00040780,P0005,C00409,WH02,2024-08-10,2,Wrong Product,3301.54
RET0002000,ORD00040794,P0008,C00353,WH01,2024-08-08,2,Damaged,1840.49
RET0002001,ORD00040811,P0011,C00786,WH03,2024-08-14,2,Wrong Product,1418.56
RET0002002,ORD00040823,P0013,C00755,WH05,2024-08-07,2,Damaged,7011.7
RET0002003,ORD00040846,P0018,C00636,WH03,2024-07-31,2,Late Delivery,2459.36
RET0002004,ORD00040847,P0018,C00916,WH04,2024-08-03,2,Customer Changed Mind,2595.99
RET0002005,ORD00040862,P0021,C00057,WH04,2024-08-14,1,Quality Issue,815.68
RET0002006,ORD00040877,P0024,C00042,WH04,2024-07-29,1,Wrong Product,800.49
RET0002007,ORD00040911,P0031,C00397,WH03,2024-08-14,1,Damaged,640.67
RET0002008,ORD00040950,P0039,C00941,WH04,2024-07-30,1,Quality Issue,655.76
RET0002009,ORD00040961,P0001,C00030,WH05,2024-08-11,1,Quality Issue,1744.24
RET0002010,ORD00040976,P0004,C00353,WH05,2024-08-14,1,Customer Changed Mind,2160.87
RET0002011,ORD00040993,P0008,C00762,WH02,2024-08-05,2,Quality Issue,1937.36
RET0002012,ORD00040997,P0009,C00893,WH01,2024-08-15,1,Quality Issue,3111.26
RET0002013,ORD00041017,P0013,C00548,WH02,2024-07-30,1,Quality Issue,3614.28
RET0002014,ORD00041026,P0015,C00702,WH01,2024-07-30,1,Damaged,292.83
RET0002015,ORD00041115,P0032,C00395,WH05,2024-08-13,1,Damaged,2060.12
RET0002016,ORD00041125,P0034,C00125,WH05,2024-08-12,1,Damaged,3701.62
RET0002017,ORD00041165,P0002,C00242,WH05,2024-08-14,2,Quality Issue,1900.9
RET0002018,ORD00041169,P0003,C00755,WH04,2024-08-13,2,Quality Issue,2440.58
RET0002019,ORD00041191,P0008,C00758,WH02,2024-08-06,2,Customer Changed Mind,1840.49
RET0002020,ORD00041247,P0019,C00622,WH04,2024-08-17,1,Damaged,2758.24
RET0002021,ORD00041269,P0024,C00116,WH01,2024-08-14,2,Customer Changed Mind,1689.92
RET0002022,ORD00041281,P0026,C00655,WH03,2024-08-03,2,Quality Issue,5557.87
RET0002023,ORD00041349,P0040,C00399,WH03,2024-08-15,1,Quality Issue,981.2
RET0002024,ORD00041352,P0001,C00492,WH01,2024-08-02,1,Quality Issue,1708.28
RET0002025,ORD00041357,P0002,C00873,WH01,2024-08-01,2,Damaged,1805.86
RET0002026,ORD00041359,P0002,C00072,WH03,2024-08-09,2,Damaged,1805.86
RET0002027,ORD00041372,P0005,C00954,WH01,2024-08-06,1,Wrong Product,1403.15
RET0002028,ORD00041487,P0028,C00365,WH05,2024-08-18,2,Damaged,8609.9
RET0002029,ORD00041494,P0030,C00097,WH02,2024-08-14,2,Damaged,6243.48
RET0002030,ORD00041502,P0031,C00467,WH05,2024-08-07,2,Damaged,1254.91
RET0002031,ORD00041527,P0036,C00964,WH05,2024-08-13,2,Quality Issue,5066.12
RET0002032,ORD00041541,P0039,C00982,WH04,2024-08-13,2,Damaged,1311.52
RET0002033,ORD00041543,P0040,C00263,WH01,2024-08-13,1,Damaged,1011.55
RET0002034,ORD00041545,P0040,C00733,WH03,2024-08-09,1,Damaged,910.4
RET0002035,ORD00041558,P0003,C00400,WH02,2024-08-07,1,Quality Issue,1220.29
RET0002036,ORD00041565,P0004,C00037,WH04,2024-08-12,2,Customer Changed Mind,4455.4
RET0002037,ORD00041589,P0009,C00267,WH04,2024-08-16,1,Late Delivery,3207.48
RET0002038,ORD00041617,P0015,C00135,WH04,2024-08-05,1,Quality Issue,325.37
RET0002039,ORD00041630,P0018,C00600,WH03,2024-08-16,2,Customer Changed Mind,2459.36
RET0002040,ORD00041654,P0023,C00176,WH03,2024-08-03,2,Customer Changed Mind,1795.02
RET0002041,ORD00041663,P0025,C00096,WH02,2024-08-05,1,Quality Issue,1786.4
RET0002042,ORD00041690,P0030,C00210,WH04,2024-08-03,2,Customer Changed Mind,5914.87
RET0002043,ORD00041721,P0037,C00136,WH01,2024-08-16,1,Customer Changed Mind,1652.48
RET0002044,ORD00041740,P0040,C00734,WH05,2024-08-18,1,Late Delivery,960.97
RET0002045,ORD00041809,P0015,C00471,WH01,2024-08-16,1,Late Delivery,315.61
RET0002046,ORD00041811,P0015,C00552,WH03,2024-08-15,1,Quality Issue,315.61
RET0002047,ORD00041821,P0017,C00623,WH03,2024-08-13,2,Damaged,2118.18
RET0002048,ORD00041834,P0020,C00428,WH01,2024-08-11,1,Damaged,3034.72
RET0002049,ORD00041837,P0020,C00656,WH04,2024-08-11,1,Quality Issue,3034.72
RET0002050,ORD00041888,P0030,C00358,WH05,2024-08-11,2,Quality Issue,6572.08
RET0002051,ORD00041892,P0031,C00134,WH05,2024-08-06,1,Late Delivery,660.48
RET0002052,ORD00041896,P0032,C00984,WH04,2024-08-05,1,Quality Issue,1751.1
RET0002053,ORD00041935,P0040,C00844,WH04,2024-08-05,1,Damaged,1011.55
RET0002054,ORD00041980,P0010,C00955,WH02,2024-08-18,2,Wrong Product,7135.6
RET0002055,ORD00042026,P0019,C00548,WH04,2024-08-09,2,Quality Issue,5240.66
RET0002056,ORD00042126,P0040,C00034,WH03,2024-08-21,1,Damaged,1011.55
RET0002057,ORD00042169,P0009,C00590,WH04,2024-08-05,2,Late Delivery,6414.96
RET0002058,ORD00042199,P0015,C00007,WH05,2024-08-20,1,Damaged,309.1
RET0002059,ORD00042200,P0016,C00606,WH01,2024-08-16,2,Quality Issue,2220.88
RET0002060,ORD00042237,P0023,C00258,WH03,2024-08-07,1,Quality Issue,897.51
RET0002061,ORD00042247,P0025,C00415,WH03,2024-08-15,2,Late Delivery,3465.62
RET0002062,ORD00042312,P0038,C00746,WH04,2024-08-21,1,Quality Issue,2204.45
RET0002063,ORD00042313,P0038,C00189,WH05,2024-08-17,1,Damaged,1931.74
RET0002064,ORD00042327,P0001,C00852,WH04,2024-08-10,2,Quality Issue,3488.49
RET0002065,ORD00042332,P0002,C00920,WH04,2024-08-07,2,Damaged,1900.9
RET0002066,ORD00042338,P0003,C00022,WH05,2024-08-23,2,Late Delivery,2367.36
RET0002067,ORD00042356,P0007,C00340,WH04,2024-08-07,2,Damaged,5735.84
RET0002068,ORD00042427,P0021,C00898,WH05,2024-08-21,2,Late Delivery,1631.37
RET0002069,ORD00042439,P0024,C00821,WH02,2024-08-23,2,Quality Issue,1600.97
RET0002070,ORD00042443,P0025,C00591,WH01,2024-08-16,2,Damaged,3572.8
RET0002071,ORD00042491,P0034,C00287,WH05,2024-08-21,2,Wrong Product,7979.05
RET0002072,ORD00042496,P0035,C00795,WH05,2024-08-16,2,Damaged,4251.14
RET0002073,ORD00042521,P0001,C00205,WH02,2024-08-18,2,Quality Issue,3596.38
RET0002074,ORD00042535,P0004,C00856,WH01,2024-08-19,2,Wrong Product,4232.63
RET0002075,ORD00042554,P0008,C00567,WH03,2024-08-11,1,Damaged,823.38
RET0002076,ORD00042585,P0015,C00910,WH01,2024-08-20,1,Damaged,325.37
RET0002077,ORD00042589,P0015,C00653,WH05,2024-08-08,2,Late Delivery,585.67
RET0002078,ORD00042598,P0017,C00940,WH04,2024-08-24,2,Quality Issue,2229.66
RET0002079,ORD00042607,P0019,C00056,WH03,2024-08-24,1,Quality Issue,2482.42
RET0002080,ORD00042625,P0023,C00898,WH01,2024-08-22,2,Quality Issue,1795.02
RET0002081,ORD00042630,P0024,C00332,WH01,2024-08-14,1,Damaged,800.49
RET0002082,ORD00042705,P0039,C00032,WH02,2024-08-08,2,Quality Issue,1311.52
RET0002083,ORD00042734,P0005,C00515,WH01,2024-08-21,2,Customer Changed Mind,2971.39
RET0002084,ORD00042737,P0005,C00951,WH04,2024-08-24,1,Quality Issue,1601.25
RET0002085,ORD00042754,P0009,C00451,WH02,2024-08-13,1,Customer Changed Mind,3047.11
RET0002086,ORD00042766,P0011,C00451,WH04,2024-08-23,2,Quality Issue,1418.56
RET0002087,ORD00042794,P0017,C00821,WH02,2024-08-15,2,Damaged,2229.66
RET0002088,ORD00042802,P0019,C00351,WH01,2024-08-09,2,Damaged,5516.48
RET0002089,ORD00042809,P0020,C00708,WH03,2024-08-24,1,Customer Changed Mind,2943.68
RET0002090,ORD00042816,P0021,C00624,WH05,2024-08-22,2,Damaged,1631.37
RET0002091,ORD00042843,P0027,C00445,WH04,2024-08-10,1,Damaged,769.37
RET0002092,ORD00042890,P0038,C00489,WH01,2024-08-25,2,Wrong Product,3863.47
RET0002093,ORD00042978,P0016,C00136,WH01,2024-08-20,2,Damaged,1998.79
RET0002094,ORD00042981,P0016,C00079,WH04,2024-08-16,1,Quality Issue,1110.44
RET0002095,ORD00043032,P0027,C00584,WH02,2024-08-15,1,Wrong Product,692.43
RET0002096,ORD00043039,P0028,C00514,WH04,2024-08-22,2,Damaged,8179.4
RET0002097,ORD00043042,P0029,C00335,WH02,2024-08-23,2,Quality Issue,9286.0
RET0002098,ORD00043045,P0029,C00058,WH05,2024-08-17,2,Damaged,9286.0
RET0002099,ORD00043076,P0036,C00283,WH01,2024-08-12,2,Quality Issue,5347.57
RET0002100,ORD00043085,P0037,C00831,WH05,2024-08-21,1,Quality Issue,1836.09
RET0002101,ORD00043108,P0002,C00807,WH04,2024-08-25,2,Customer Changed Mind,1615.76
RET0002102,ORD00043126,P0006,C00541,WH03,2024-08-11,2,Quality Issue,6521.2
RET0002103,ORD00043161,P0013,C00912,WH04,2024-08-22,1,Wrong Product,3252.85
RET0002104,ORD00043179,P0017,C00243,WH02,2024-08-13,1,Late Delivery,1059.09
RET0002105,ORD00043194,P0020,C00718,WH02,2024-08-17,1,Customer Changed Mind,3034.72
RET0002106,ORD00043201,P0021,C00588,WH04,2024-08-17,1,Customer Changed Mind,840.91
RET0002107,ORD00043205,P0022,C00307,WH04,2024-08-25,1,Customer Changed Mind,611.26
RET0002108,ORD00043206,P0022,C00591,WH05,2024-08-18,1,Late Delivery,611.26
RET0002109,ORD00043227,P0027,C00194,WH02,2024-08-26,1,Damaged,769.37
RET0002110,ORD00043252,P0032,C00475,WH02,2024-08-10,1,Quality Issue,2060.12
RET0002111,ORD00043279,P0037,C00021,WH04,2024-08-27,1,Damaged,1652.48
RET0002112,ORD00043284,P0038,C00539,WH04,2024-08-16,2,Damaged,4408.9
RET0002113,ORD00043301,P0002,C00265,WH03,2024-08-26,2,Quality Issue,1710.81
RET0002114,ORD00043307,P0003,C00871,WH04,2024-08-17,2,Customer Changed Mind,2440.58
RET0002115,ORD00043312,P0004,C00111,WH04,2024-08-26,2,Quality Issue,4455.4
RET0002116,ORD00043316,P0005,C00030,WH03,2024-08-26,1,Late Delivery,1485.69
RET0002117,ORD00043330,P0008,C00794,WH03,2024-08-17,1,Quality Issue,968.68
RET0002118,ORD00043331,P0008,C00162,WH04,2024-08-27,2,Quality Issue,1879.24
RET0002119,ORD00043411,P0024,C00611,WH05,2024-08-27,2,Quality Issue,1689.92
RET0002120,ORD00043413,P0025,C00349,WH02,2024-08-16,1,Quality Issue,1786.4
RET0002121,ORD00043459,P0034,C00637,WH05,2024-08-25,2,Quality Issue,7403.24
RET0002122,ORD00043519,P0006,C00127,WH05,2024-08-20,2,Quality Issue,6883.49
RET0002123,ORD00043540,P0011,C00859,WH02,2024-08-13,1,Quality Issue,724.21
RET0002124,ORD00043560,P0015,C00095,WH02,2024-08-16,2,Quality Issue,585.67
RET0002125,ORD00043564,P0016,C00644,WH01,2024-08-13,2,Damaged,2154.25
RET0002126,ORD00043574,P0018,C00923,WH01,2024-08-26,1,Damaged,1297.99
RET0002127,ORD00043578,P0018,C00268,WH05,2024-08-19,2,Quality Issue,2459.36
RET0002128,ORD00043588,P0020,C00556,WH05,2024-08-27,2,Quality Issue,5765.97
RET0002129,ORD00043594,P0022,C00190,WH01,2024-08-24,1,Quality Issue,592.92
RET0002130,ORD00043674,P0038,C00824,WH02,2024-08-16,2,Quality Issue,4545.26
RET0002131,ORD00043695,P0002,C00615,WH03,2024-08-14,2,Quality Issue,1843.87
RET0002132,ORD00043722,P0008,C00634,WH03,2024-08-17,2,Customer Changed Mind,1840.49
RET0002133,ORD00043763,P0016,C00036,WH05,2024-08-24,1,Late Delivery,1077.13
RET0002134,ORD00043845,P0033,C00522,WH02,2024-08-14,2,Late Delivery,4855.16
RET0002135,ORD00043848,P0033,C00198,WH05,2024-08-28,1,Damaged,2555.35
RET0002136,ORD00043850,P0034,C00718,WH02,2024-08-28,1,Damaged,3701.62
RET0002137,ORD00043860,P0036,C00609,WH02,2024-08-28,2,Quality Issue,5460.15
RET0002138,ORD00043884,P0001,C00412,WH01,2024-08-22,2,Customer Changed Mind,3416.56
RET0002139,ORD00043885,P0001,C00543,WH02,2024-08-19,1,Customer Changed Mind,1798.19
RET0002140,ORD00043911,P0006,C00990,WH04,2024-08-30,1,Wrong Product,3514.2
RET0002141,ORD00043948,P0014,C00547,WH02,2024-08-17,2,Wrong Product,4478.34
RET0002142,ORD00043949,P0014,C00776,WH03,2024-08-23,2,Damaged,5268.64
RET0002143,ORD00043963,P0017,C00929,WH02,2024-08-30,2,Customer Changed Mind,1895.21
RET0002144,ORD00043965,P0017,C00166,WH04,2024-08-22,2,Wrong Product,2229.66
RET0002145,ORD00043991,P0023,C00976,WH02,2024-08-30,2,Quality Issue,1741.17
RET0002146,ORD00043992,P0023,C00171,WH03,2024-08-22,2,Late Delivery,1615.52
RET0002147,ORD00044076,P0040,C00663,WH03,2024-08-29,1,Quality Issue,910.4
RET0002148,ORD00044086,P0002,C00394,WH04,2024-08-25,1,Late Delivery,950.45
RET0002149,ORD00044136,P0013,C00073,WH04,2024-08-28,2,Customer Changed Mind,7228.56
RET0002150,ORD00044137,P0014,C00112,WH01,2024-08-30,1,Quality Issue,2634.32
RET0002151,ORD00044179,P0022,C00891,WH03,2024-08-16,2,Customer Changed Mind,1161.39
RET0002152,ORD00044191,P0025,C00610,WH02,2024-08-23,2,Quality Issue,3394.16
RET0002153,ORD00044206,P0028,C00348,WH02,2024-08-20,2,Customer Changed Mind,8609.9
RET0002154,ORD00044208,P0028,C00411,WH04,2024-08-19,1,Customer Changed Mind,4175.8
RET0002155,ORD00044232,P0033,C00953,WH03,2024-08-19,1,Customer Changed Mind,2555.35
RET0002156,ORD00044257,P0038,C00419,WH04,2024-08-18,1,Wrong Product,2272.63
RET0002157,ORD00044298,P0007,C00836,WH03,2024-08-30,1,Quality Issue,2808.79
RET0002158,ORD00044314,P0010,C00290,WH04,2024-08-16,1,Quality Issue,3567.8
RET0002159,ORD00044321,P0012,C00094,WH01,2024-09-01,1,Damaged,2625.92
RET0002160,ORD00044355,P0018,C00719,WH05,2024-08-23,2,Quality Issue,2732.62
RET0002161,ORD00044360,P0019,C00028,WH05,2024-08-28,2,Damaged,4689.01
RET0002162,ORD00044377,P0023,C00962,WH02,2024-08-31,2,Quality Issue,1795.02
RET0002163,ORD00044386,P0025,C00491,WH01,2024-08-19,1,Damaged,1786.4
RET0002164,ORD00044388,P0025,C00487,WH03,2024-08-26,1,Damaged,1786.4
RET0002165,ORD00044396,P0027,C00562,WH01,2024-08-18,2,Wrong Product,1492.58
RET0002166,ORD00044417,P0031,C00626,WH02,2024-08-16,1,Quality Issue,660.48
RET0002167,ORD00044428,P0033,C00312,WH03,2024-08-25,2,Wrong Product,5110.7
RET0002168,ORD00044431,P0034,C00293,WH01,2024-08-23,2,Damaged,8225.82
RET0002169,ORD00044443,P0036,C00500,WH03,2024-08-21,1,Quality Issue,2673.78
RET0002170,ORD00044454,P0038,C00773,WH04,2024-08-24,1,Damaged,1931.74
RET0002171,ORD00044469,P0001,C00068,WH04,2024-08-26,1,Damaged,1708.28
RET0002172,ORD00044505,P0008,C00471,WH05,2024-08-17,2,Quality Issue,1937.36
RET0002173,ORD00044519,P0011,C00557,WH04,2024-08-21,2,Damaged,1493.22
RET0002174,ORD00044526,P0013,C00222,WH02,2024-08-17,1,Quality Issue,3614.28
RET0002175,ORD00044530,P0014,C00917,WH01,2024-08-26,1,Damaged,2634.32
RET0002176,ORD00044560,P0020,C00934,WH01,2024-09-03,2,Damaged,5462.5
RET0002177,ORD00044561,P0020,C00433,WH02,2024-08-26,2,Damaged,6069.44
RET0002178,ORD00044624,P0033,C00738,WH02,2024-08-31,1,Wrong Product,2555.35
RET0002179,ORD00044667,P0002,C00018,WH04,2024-09-01,1,Quality Issue,807.88
RET0002180,ORD00044678,P0004,C00395,WH05,2024-08-23,1,Late Delivery,2227.7
RET0002181,ORD00044681,P0005,C00928,WH03,2024-08-25,2,Customer Changed Mind,3202.49
RET0002182,ORD00044682,P0005,C00901,WH04,2024-08-22,1,Late Delivery,1650.77
RET0002183,ORD00044713,P0012,C00294,WH03,2024-08-29,1,Wrong Product,3089.32
RET0002184,ORD00044714,P0012,C00608,WH05,2024-08-22,1,Quality Issue,3089.32
RET0002185,ORD00044731,P0016,C00998,WH03,2024-08-23,1,Damaged,1110.44
RET0002186,ORD00044750,P0020,C00913,WH02,2024-09-04,1,Quality Issue,2882.98
RET0002187,ORD00044763,P0023,C00965,WH01,2024-09-04,2,Wrong Product,1705.27
RET0002188,ORD00044778,P0026,C00730,WH01,2024-08-29,1,Damaged,2864.88
RET0002189,ORD00044836,P0038,C00697,WH01,2024-08-30,2,Quality Issue,4545.26
RET0002190,ORD00044865,P0003,C00013,WH05,2024-08-22,1,Late Delivery,1037.25
RET0002191,ORD00044891,P0009,C00406,WH02,2024-08-24,1,Quality Issue,3047.11
RET0002192,ORD00044902,P0011,C00051,WH04,2024-09-04,1,Damaged,746.61
RET0002193,ORD00044917,P0014,C00264,WH04,2024-09-04,1,Customer Changed Mind,2634.32
RET0002194,ORD00044926,P0016,C00212,WH03,2024-08-26,2,Quality Issue,1887.75
RET0002195,ORD00044946,P0020,C00836,WH03,2024-08-25,2,Damaged,5765.97
RET0002196,ORD00044952,P0021,C00466,WH04,2024-08-22,2,Wrong Product,1429.55
RET0002197,ORD00044999,P0031,C00285,WH01,2024-09-05,1,Quality Issue,660.48
RET0002198,ORD00045028,P0036,C00717,WH05,2024-09-02,2,Damaged,5629.02
RET0002199,ORD00045061,P0003,C00129,WH04,2024-09-03,1,Quality Issue,1159.28
RET0002200,ORD00045111,P0014,C00115,WH02,2024-09-04,1,Customer Changed Mind,2555.29
RET0002201,ORD00045151,P0022,C00186,WH02,2024-08-31,2,Quality Issue,1185.84
RET0002202,ORD00045166,P0025,C00747,WH02,2024-09-01,1,Late Delivery,1786.4
RET0002203,ORD00045201,P0032,C00699,WH02,2024-08-21,2,Wrong Product,4120.24
RET0002204,ORD00045244,P0001,C00359,WH02,2024-08-26,2,Quality Issue,3596.38
RET0002205,ORD00045273,P0007,C00699,WH03,2024-09-04,1,Quality Issue,2660.96
RET0002206,ORD00045281,P0009,C00788,WH01,2024-09-03,1,Damaged,3207.48
RET0002207,ORD00045291,P0011,C00992,WH01,2024-08-21,2,Customer Changed Mind,1493.22
RET0002208,ORD00045298,P0012,C00827,WH03,2024-08-29,1,Damaged,2996.64
RET0002209,ORD00045312,P0015,C00521,WH03,2024-08-26,1,Quality Issue,292.83
RET0002210,ORD00045329,P0018,C00366,WH05,2024-09-03,1,Quality Issue,1325.32
RET0002211,ORD00045337,P0020,C00898,WH03,2024-09-01,1,Late Delivery,3034.72
RET0002212,ORD00045353,P0023,C00144,WH04,2024-08-21,2,Damaged,1795.02
RET0002213,ORD00045379,P0028,C00874,WH05,2024-08-25,2,Wrong Product,8179.4
RET0002214,ORD00045395,P0032,C00313,WH01,2024-08-31,2,Damaged,4120.24
RET0002215,ORD00045426,P0038,C00894,WH03,2024-08-25,1,Late Delivery,2272.63
RET0002216,ORD00045449,P0003,C00660,WH02,2024-08-29,2,Quality Issue,2074.49
RET0002217,ORD00045465,P0007,C00533,WH02,2024-09-06,1,Quality Issue,2956.62
RET0002218,ORD00045470,P0008,C00156,WH02,2024-09-05,1,Late Delivery,871.81
RET0002219,ORD00045473,P0008,C00526,WH05,2024-09-07,2,Late Delivery,1937.36
RET0002220,ORD00045484,P0011,C00690,WH02,2024-09-05,2,Quality Issue,1269.24
RET0002221,ORD00045507,P0016,C00184,WH03,2024-08-23,1,Damaged,1054.92
RET0002222,ORD00045523,P0019,C00038,WH04,2024-08-31,2,Damaged,4964.83
RET0002223,ORD00045533,P0021,C00744,WH04,2024-08-31,2,Damaged,1513.64
RET0002224,ORD00045563,P0027,C00266,WH05,2024-09-07,2,Quality Issue,1384.87
RET0002225,ORD00045598,P0035,C00302,WH01,2024-08-25,2,Wrong Product,3826.03
RET0002226,ORD00045696,P0015,C00317,WH04,2024-08-24,1,Quality Issue,325.37
RET0002227,ORD00045699,P0016,C00173,WH02,2024-09-03,1,Customer Changed Mind,1110.44
RET0002228,ORD00045723,P0021,C00087,WH02,2024-09-01,1,Quality Issue,815.68
RET0002229,ORD00045726,P0021,C00970,WH05,2024-09-01,2,Quality Issue,1631.37
RET0002230,ORD00045729,P0022,C00839,WH03,2024-08-24,2,Customer Changed Mind,1100.27
RET0002231,ORD00045740,P0024,C00480,WH04,2024-09-05,1,Quality Issue,844.96
RET0002232,ORD00045752,P0027,C00315,WH01,2024-09-03,2,Customer Changed Mind,1538.74
RET0002233,ORD00045790,P0034,C00440,WH04,2024-08-23,2,Quality Issue,8225.82
RET0002234,ORD00045812,P0039,C00894,WH01,2024-09-05,1,Late Delivery,655.76
RET0002235,ORD00045825,P0001,C00298,WH04,2024-08-29,2,Customer Changed Mind,3596.38
RET0002236,ORD00045826,P0001,C00094,WH05,2024-09-03,1,Wrong Product,1798.19
RET0002237,ORD00045836,P0003,C00465,WH05,2024-09-06,2,Quality Issue,2318.55
RET0002238,ORD00045882,P0013,C00168,WH02,2024-09-08,2,Quality Issue,7011.7
RET0002239,ORD00045885,P0013,C00353,WH05,2024-08-25,2,Damaged,7011.7
RET0002240,ORD00045923,P0021,C00836,WH03,2024-09-08,2,Damaged,1597.73
RET0002241,ORD00045925,P0021,C00826,WH05,2024-08-29,2,Quality Issue,1681.82
RET0002242,ORD00045965,P0029,C00313,WH05,2024-08-24,1,Quality Issue,4410.85
RET0002243,ORD00046116,P0021,C00564,WH04,2024-08-26,2,Damaged,1513.64
RET0002244,ORD00046137,P0025,C00113,WH05,2024-09-08,1,Quality Issue,1786.4
RET0002245,ORD00046168,P0032,C00521,WH02,2024-09-06,1,Damaged,2060.12
RET0002246,ORD00046178,P0034,C00480,WH03,2024-08-29,1,Quality Issue,4112.91
RET0002247,ORD00046191,P0037,C00722,WH01,2024-09-09,1,Quality Issue,1744.29
RET0002248,ORD00046193,P0037,C00749,WH03,2024-08-26,1,Customer Changed Mind,1836.09
RET0002249,ORD00046221,P0003,C00791,WH03,2024-08-30,2,Damaged,2318.55
RET0002250,ORD00046263,P0012,C00885,WH01,2024-08-31,2,Damaged,6178.64
RET0002251,ORD00046365,P0032,C00049,WH04,2024-08-26,2,Damaged,3914.23
RET0002252,ORD00046378,P0035,C00739,WH02,2024-08-28,2,Customer Changed Mind,4251.14
RET0002253,ORD00046460,P0012,C00769,WH01,2024-09-08,2,Damaged,5869.71
RET0002254,ORD00046488,P0017,C00312,WH04,2024-09-01,2,Damaged,2006.69
RET0002255,ORD00046497,P0019,C00822,WH03,2024-09-05,1,Late Delivery,2344.5
RET0002256,ORD00046515,P0023,C00665,WH01,2024-09-11,2,Damaged,1795.02
RET0002257,ORD00046524,P0024,C00416,WH05,2024-09-04,1,Wrong Product,800.49
RET0002258,ORD00046546,P0029,C00263,WH02,2024-08-30,1,Customer Changed Mind,4503.71
RET0002259,ORD00046565,P0033,C00570,WH02,2024-08-30,1,Quality Issue,2555.35
RET0002260,ORD00046578,P0035,C00300,WH05,2024-09-11,1,Damaged,2125.57
RET0002261,ORD00046581,P0036,C00887,WH03,2024-09-07,1,Customer Changed Mind,2814.51
RET0002262,ORD00046670,P0014,C00439,WH04,2024-09-02,2,Late Delivery,5005.21
RET0002263,ORD00046698,P0020,C00261,WH03,2024-09-03,1,Damaged,2943.68
RET0002264,ORD00046708,P0022,C00144,WH03,2024-09-11,2,Quality Issue,1161.39
RET0002265,ORD00046716,P0024,C00255,WH01,2024-09-04,1,Damaged,889.43
RET0002266,ORD00046758,P0032,C00844,WH03,2024-09-01,1,Quality Issue,1998.32
RET0002267,ORD00046771,P0035,C00660,WH03,2024-09-05,2,Customer Changed Mind,3613.47
RET0002268,ORD00046780,P0037,C00128,WH02,2024-08-31,2,Damaged,3672.18
RET0002269,ORD00046790,P0039,C00557,WH02,2024-09-14,2,Customer Changed Mind,1245.94
RET0002270,ORD00046796,P0040,C00953,WH04,2024-09-05,1,Wrong Product,960.97
RET0002271,ORD00046846,P0011,C00249,WH03,2024-09-15,1,Customer Changed Mind,746.61
RET0002272,ORD00046878,P0017,C00215,WH05,2024-08-30,2,Customer Changed Mind,2229.66
RET0002273,ORD00046891,P0020,C00257,WH04,2024-09-04,2,Customer Changed Mind,6069.44
RET0002274,ORD00046897,P0021,C00497,WH05,2024-08-30,2,Wrong Product,1681.82
RET0002275,ORD00046899,P0022,C00994,WH02,2024-09-01,1,Wrong Product,580.7
RET0002276,ORD00046922,P0026,C00076,WH05,2024-09-02,2,Quality Issue,5729.76
RET0002277,ORD00046979,P0038,C00182,WH03,2024-09-07,1,Damaged,2272.63
RET0002278,ORD00047017,P0006,C00946,WH02,2024-09-03,2,Quality Issue,6521.2
RET0002279,ORD00047047,P0012,C00149,WH03,2024-09-11,1,Wrong Product,2934.85
RET0002280,ORD00047058,P0014,C00616,WH04,2024-09-09,2,Customer Changed Mind,4478.34
RET0002281,ORD00047065,P0016,C00081,WH01,2024-09-02,1,Damaged,943.87
RET0002282,ORD00047169,P0037,C00941,WH04,2024-09-07,1,Quality Issue,1836.09
RET0002283,ORD00047173,P0038,C00885,WH03,2024-09-03,1,Quality Issue,2159.0
RET0002284,ORD00047198,P0003,C00337,WH04,2024-09-08,1,Customer Changed Mind,1098.26
RET0002285,ORD00047238,P0011,C00113,WH05,2024-09-10,1,Quality Issue,724.21
RET0002286,ORD00047247,P0014,C00082,WH01,2024-09-11,1,Quality Issue,2634.32
RET0002287,ORD00047250,P0014,C00457,WH04,2024-09-13,2,Wrong Product,4741.78
RET0002288,ORD00047275,P0019,C00197,WH04,2024-09-17,1,Customer Changed Mind,2758.24
RET0002289,ORD00047284,P0021,C00709,WH03,2024-09-08,1,Quality Issue,815.68
RET0002290,ORD00047317,P0028,C00929,WH02,2024-09-05,1,Quality Issue,3659.21
RET0002291,ORD00047342,P0033,C00902,WH04,2024-09-09,2,Late Delivery,5110.7
RET0002292,ORD00047349,P0035,C00165,WH02,2024-09-04,2,Customer Changed Mind,4038.58
RET0002293,ORD00047382,P0001,C00814,WH05,2024-09-13,2,Customer Changed Mind,3056.92
RET0002294,ORD00047397,P0004,C00263,WH05,2024-09-09,2,Quality Issue,4232.63
RET0002295,ORD00047415,P0008,C00031,WH04,2024-09-09,2,Quality Issue,1937.36
RET0002296,ORD00047433,P0012,C00797,WH02,2024-09-12,1,Quality Issue,3089.32
RET0002297,ORD00047446,P0014,C00133,WH05,2024-09-03,2,Customer Changed Mind,5110.58
RET0002298,ORD00047459,P0017,C00751,WH03,2024-09-04,2,Quality Issue,2229.66
RET0002299,ORD00047469,P0019,C00740,WH03,2024-09-05,1,Quality Issue,2344.5
RET0002300,ORD00047503,P0026,C00450,WH03,2024-09-05,1,Customer Changed Mind,2864.88
RET0002301,ORD00047538,P0033,C00726,WH03,2024-09-09,2,Late Delivery,4599.63
RET0002302,ORD00047577,P0001,C00745,WH02,2024-09-07,1,Customer Changed Mind,1798.19
RET0002303,ORD00047578,P0001,C00119,WH03,2024-09-04,2,Damaged,3596.38
RET0002304,ORD00047586,P0003,C00168,WH01,2024-09-19,1,Damaged,1220.29
RET0002305,ORD00047600,P0005,C00919,WH05,2024-09-09,2,Damaged,3301.54
RET0002306,ORD00047608,P0007,C00632,WH03,2024-09-05,1,Quality Issue,2808.79
RET0002307,ORD00047643,P0014,C00627,WH03,2024-09-11,1,Damaged,2502.6
RET0002308,ORD00047682,P0022,C00715,WH02,2024-09-10,1,Damaged,580.7
RET0002309,ORD00047683,P0022,C00158,WH03,2024-09-18,2,Damaged,1222.52
RET0002310,ORD00047696,P0025,C00530,WH01,2024-09-07,1,Wrong Product,1732.81
RET0002311,ORD00047702,P0026,C00813,WH02,2024-09-11,2,Late Delivery,5557.87
RET0002312,ORD00047760,P0038,C00060,WH01,2024-09-04,1,Quality Issue,2272.63
RET0002313,ORD00047791,P0004,C00113,WH03,2024-09-12,1,Damaged,1893.54
RET0002314,ORD00047795,P0005,C00408,WH02,2024-09-18,1,Quality Issue,1650.77
RET0002315,ORD00047815,P0009,C00579,WH05,2024-09-08,2,Damaged,6414.96
RET0002316,ORD00047826,P0012,C00449,WH01,2024-09-04,1,Quality Issue,2996.64
RET0002317,ORD00047835,P0013,C00716,WH05,2024-09-19,2,Quality Issue,7228.56
RET0002318,ORD00047862,P0019,C00935,WH02,2024-09-18,1,Customer Changed Mind,2758.24
RET0002319,ORD00047874,P0021,C00268,WH04,2024-09-04,2,Damaged,1597.73
RET0002320,ORD00047875,P0021,C00372,WH05,2024-09-12,1,Wrong Product,840.91
RET0002321,ORD00047895,P0025,C00033,WH05,2024-09-18,1,Quality Issue,1786.4
RET0002322,ORD00047905,P0027,C00667,WH05,2024-09-08,2,Quality Issue,1492.58
RET0002323,ORD00047944,P0036,C00630,WH02,2024-09-05,2,Damaged,5629.02
RET0002324,ORD00047961,P0039,C00954,WH04,2024-09-14,1,Quality Issue,590.18
RET0002325,ORD00047968,P0001,C00736,WH01,2024-09-12,1,Quality Issue,1618.37
RET0002326,ORD00047988,P0005,C00269,WH02,2024-09-18,2,Late Delivery,3136.46
RET0002327,ORD00047991,P0005,C00980,WH05,2024-09-07,1,Quality Issue,1650.77
RET0002328,ORD00047993,P0006,C00893,WH03,2024-09-15,2,Quality Issue,6883.49
RET0002329,ORD00047998,P0007,C00096,WH03,2024-09-08,2,Damaged,5913.24
RET0002330,ORD00048003,P0008,C00605,WH03,2024-09-05,1,Damaged,968.68
RET0002331,ORD00048086,P0026,C00958,WH02,2024-09-21,2,Damaged,5729.76
RET0002332,ORD00048102,P0029,C00336,WH03,2024-09-13,2,Damaged,8821.7
RET0002333,ORD00048104,P0029,C00276,WH05,2024-09-04,2,Wrong Product,9286.0
RET0002334,ORD00048123,P0033,C00319,WH04,2024-09-15,2,Quality Issue,5110.7
RET0002335,ORD00048151,P0039,C00173,WH02,2024-09-09,2,Damaged,1245.94
RET0002336,ORD00048153,P0039,C00317,WH04,2024-09-16,1,Customer Changed Mind,655.76
RET0002337,ORD00048158,P0040,C00316,WH04,2024-09-20,1,Wrong Product,960.97
RET0002338,ORD00048165,P0002,C00845,WH01,2024-09-10,2,Damaged,1843.87
RET0002339,ORD00048245,P0018,C00625,WH03,2024-09-14,2,Damaged,2459.36
RET0002340,ORD00048251,P0019,C00256,WH04,2024-09-07,2,Quality Issue,5240.66
RET0002341,ORD00048257,P0020,C00204,WH05,2024-09-16,2,Quality Issue,5462.5
RET0002342,ORD00048269,P0023,C00822,WH02,2024-09-10,1,Quality Issue,807.76
RET0002343,ORD00048286,P0027,C00139,WH02,2024-09-12,1,Customer Changed Mind,769.37
RET0002344,ORD00048293,P0028,C00879,WH04,2024-09-07,1,Quality Issue,3659.21
RET0002345,ORD00048300,P0030,C00331,WH01,2024-09-14,2,Customer Changed Mind,6374.92
RET0002346,ORD00048306,P0031,C00154,WH03,2024-09-16,1,Quality Issue,660.48
RET0002347,ORD00048320,P0035,C00547,WH01,2024-09-08,2,Wrong Product,4251.14
RET0002348,ORD00048344,P0039,C00322,WH05,2024-09-17,2,Wrong Product,1245.94
RET0002349,ORD00048361,P0003,C00736,WH03,2024-09-09,1,Quality Issue,1220.29
RET0002350,ORD00048367,P0004,C00799,WH04,2024-09-21,2,Quality Issue,4232.63
RET0002351,ORD00048423,P0016,C00503,WH01,2024-09-14,2,Quality Issue,2220.88
RET0002352,ORD00048429,P0017,C00516,WH02,2024-09-09,2,Wrong Product,2118.18
RET0002353,ORD00048435,P0018,C00259,WH03,2024-09-14,2,Quality Issue,2732.62
RET0002354,ORD00048440,P0019,C00345,WH03,2024-09-23,2,Damaged,4964.83
RET0002355,ORD00048459,P0023,C00733,WH04,2024-09-19,1,Damaged,897.51
RET0002356,ORD00048491,P0030,C00248,WH03,2024-09-21,1,Customer Changed Mind,2957.44
RET0002357,ORD00048512,P0034,C00379,WH04,2024-09-08,1,Damaged,4112.91
RET0002358,ORD00048577,P0008,C00780,WH02,2024-09-20,2,Damaged,1937.36
RET0002359,ORD00048591,P0011,C00715,WH01,2024-09-13,1,Late Delivery,724.21
RET0002360,ORD00048596,P0012,C00469,WH01,2024-09-22,1,Quality Issue,2780.39
RET0002361,ORD00048598,P0012,C00492,WH03,2024-09-15,1,Wrong Product,3089.32
RET0002362,ORD00048605,P0014,C00099,WH01,2024-09-23,2,Quality Issue,5268.64
RET0002363,ORD00048634,P0019,C00027,WH05,2024-09-10,2,Damaged,4689.01
RET0002364,ORD00048659,P0025,C00911,WH01,2024-09-20,1,Wrong Product,1786.4
RET0002365,ORD00048677,P0028,C00741,WH04,2024-09-16,1,Customer Changed Mind,4304.95
RET0002366,ORD00048687,P0030,C00890,WH04,2024-09-19,2,Customer Changed Mind,6572.08
RET0002367,ORD00048691,P0031,C00895,WH03,2024-09-09,1,Quality Issue,660.48
RET0002368,ORD00048701,P0033,C00172,WH03,2024-09-19,1,Damaged,2172.05
RET0002369,ORD00048723,P0037,C00391,WH05,2024-09-08,2,Damaged,3672.18
RET0002370,ORD00048751,P0003,C00438,WH03,2024-09-25,2,Damaged,2196.52
RET0002371,ORD00048767,P0007,C00262,WH01,2024-09-24,1,Damaged,2808.79
RET0002372,ORD00048789,P0011,C00402,WH05,2024-09-09,1,Quality Issue,746.61
RET0002373,ORD00048805,P0015,C00760,WH03,2024-09-14,1,Quality Issue,315.61
RET0002374,ORD00048933,P0001,C00622,WH03,2024-09-09,1,Quality Issue,1798.19
RET0002375,ORD00048943,P0003,C00832,WH03,2024-09-21,2,Damaged,2440.58
RET0002376,ORD00048958,P0006,C00554,WH03,2024-09-20,1,Quality Issue,3441.75
RET0002377,ORD00048967,P0008,C00654,WH03,2024-09-09,2,Wrong Product,1937.36
RET0002378,ORD00048998,P0014,C00500,WH04,2024-09-14,1,Customer Changed Mind,2555.29
RET0002379,ORD00049004,P0015,C00867,WH05,2024-09-23,2,Quality Issue,585.67
RET0002380,ORD00049042,P0023,C00278,WH03,2024-09-19,2,Customer Changed Mind,1615.52
RET0002381,ORD00049057,P0026,C00414,WH03,2024-09-17,2,Wrong Product,5443.27
RET0002382,ORD00049058,P0026,C00658,WH04,2024-09-16,2,Quality Issue,4870.3
RET0002383,ORD00049070,P0029,C00753,WH01,2024-09-12,2,Quality Issue,9286.0
RET0002384,ORD00049074,P0029,C00537,WH05,2024-09-20,1,Quality Issue,4503.71
RET0002385,ORD00049129,P0001,C00137,WH04,2024-09-11,1,Quality Issue,1528.46
RET0002386,ORD00049189,P0014,C00772,WH01,2024-09-24,1,Customer Changed Mind,2634.32
RET0002387,ORD00049231,P0022,C00760,WH03,2024-09-16,1,Late Delivery,611.26
RET0002388,ORD00049249,P0026,C00004,WH02,2024-09-10,2,Quality Issue,5443.27
RET0002389,ORD00049268,P0030,C00955,WH01,2024-09-26,1,Customer Changed Mind,3121.74
RET0002390,ORD00049309,P0038,C00383,WH04,2024-09-26,2,Quality Issue,4545.26
RET0002391,ORD00049316,P0040,C00810,WH01,2024-09-23,2,Damaged,1962.41
RET0002392,ORD00049327,P0002,C00971,WH02,2024-09-19,2,Customer Changed Mind,1900.9
RET0002393,ORD00049356,P0008,C00547,WH02,2024-09-23,2,Damaged,1743.62
RET0002394,ORD00049402,P0017,C00595,WH05,2024-09-21,2,Quality Issue,2118.18
RET0002395,ORD00049411,P0019,C00646,WH04,2024-09-14,2,Damaged,5516.48
RET0002396,ORD00049424,P0022,C00472,WH02,2024-09-13,1,Late Delivery,592.92
RET0002397,ORD00049428,P0023,C00914,WH01,2024-09-24,2,Quality Issue,1705.27
RET0002398,ORD00049449,P0027,C00642,WH02,2024-09-19,1,Quality Issue,746.29
RET0002399,ORD00049505,P0038,C00619,WH03,2024-09-18,2,Quality Issue,4545.26
RET0002400,ORD00049519,P0001,C00860,WH03,2024-09-15,2,Damaged,3056.92
RET0002401,ORD00049521,P0001,C00793,WH05,2024-09-15,1,Damaged,1798.19
RET0002402,ORD00049524,P0002,C00389,WH03,2024-09-29,1,Customer Changed Mind,902.93
RET0002403,ORD00049561,P0010,C00118,WH02,2024-09-20,2,Customer Changed Mind,6065.26
RET0002404,ORD00049575,P0013,C00126,WH02,2024-09-28,1,Wrong Product,3505.85
RET0002405,ORD00049580,P0014,C00396,WH03,2024-09-23,2,Wrong Product,4478.34
RET0002406,ORD00049615,P0021,C00814,WH03,2024-09-19,2,Quality Issue,1597.73
RET0002407,ORD00049660,P0030,C00023,WH03,2024-09-13,2,Damaged,6243.48
RET0002408,ORD00049689,P0036,C00594,WH03,2024-09-22,2,Quality Issue,5347.57
RET0002409,ORD00049693,P0037,C00097,WH02,2024-09-21,2,Quality Issue,3672.18
RET0002410,ORD00049701,P0038,C00261,WH05,2024-09-14,1,Late Delivery,2272.63
RET0002411,ORD00049702,P0039,C00619,WH01,2024-09-23,1,Customer Changed Mind,655.76
RET0002412,ORD00049733,P0005,C00082,WH02,2024-09-22,1,Late Delivery,1485.69
RET0002413,ORD00049771,P0013,C00641,WH02,2024-09-17,2,Damaged,7228.56
RET0002414,ORD00049781,P0015,C00343,WH02,2024-09-19,2,Damaged,585.67
RET0002415,ORD00049799,P0018,C00279,WH05,2024-09-28,1,Damaged,1366.31
RET0002416,ORD00049807,P0020,C00775,WH03,2024-09-16,1,Quality Issue,2882.98
RET0002417,ORD00049889,P0037,C00952,WH01,2024-09-30,2,Quality Issue,3672.18
RET0002418,ORD00049924,P0004,C00952,WH01,2024-10-01,1,Damaged,2227.7
RET0002419,ORD00049932,P0005,C00438,WH04,2024-09-28,1,Quality Issue,1601.25
RET0002420,ORD00049949,P0009,C00397,WH03,2024-10-01,1,Late Delivery,3111.26
RET0002421,ORD00049974,P0014,C00417,WH05,2024-09-28,2,Quality Issue,4741.78
RET0002422,ORD00049977,P0015,C00555,WH03,2024-09-15,1,Quality Issue,309.1
RET0002423,ORD00049981,P0016,C00015,WH02,2024-09-26,2,Customer Changed Mind,1998.79
RET0002424,ORD00050012,P0022,C00850,WH04,2024-09-16,2,Quality Issue,1161.39
RET0002425,ORD00050021,P0024,C00660,WH04,2024-09-19,1,Wrong Product,889.43
RET0002426,ORD00050025,P0025,C00386,WH03,2024-09-19,1,Customer Changed Mind,1732.81
RET0002427,ORD00050045,P0029,C00593,WH03,2024-09-23,2,Quality Issue,9286.0
RET0002428,ORD00050050,P0030,C00296,WH03,2024-09-22,1,Customer Changed Mind,3286.04
RET0002429,ORD00050063,P0033,C00226,WH01,2024-09-27,1,Customer Changed Mind,2427.58
RET0002430,ORD00050075,P0035,C00067,WH05,2024-09-30,2,Customer Changed Mind,3826.03
RET0002431,ORD00050076,P0036,C00339,WH01,2024-09-27,1,Wrong Product,2814.51
RET0002432,ORD00050115,P0004,C00732,WH01,2024-10-02,1,Customer Changed Mind,2004.93
RET0002433,ORD00050171,P0016,C00994,WH02,2024-09-23,1,Damaged,1054.92
RET0002434,ORD00050209,P0024,C00027,WH02,2024-10-02,2,Quality Issue,1689.92
RET0002435,ORD00050222,P0026,C00951,WH05,2024-09-28,2,Customer Changed Mind,4870.3
RET0002436,ORD00050246,P0031,C00232,WH04,2024-09-21,2,Late Delivery,1320.96
RET0002437,ORD00050259,P0034,C00679,WH03,2024-09-21,2,Damaged,7979.05
RET0002438,ORD00050266,P0035,C00219,WH05,2024-09-18,1,Customer Changed Mind,2019.29
RET0002439,ORD00050288,P0040,C00629,WH02,2024-09-30,1,Damaged,1011.55
RET0002440,ORD00050293,P0001,C00485,WH03,2024-10-01,2,Customer Changed Mind,3488.49
RET0002441,ORD00050294,P0001,C00928,WH04,2024-09-22,2,Late Delivery,3236.74
RET0002442,ORD00050297,P0002,C00973,WH02,2024-09-22,1,Quality Issue,807.88
RET0002443,ORD00050305,P0003,C00524,WH05,2024-09-29,2,Quality Issue,2318.55
RET0002444,ORD00050315,P0005,C00529,WH05,2024-09-28,2,Damaged,2971.39
RET0002445,ORD00050324,P0007,C00714,WH05,2024-10-03,2,Damaged,5913.24
RET0002446,ORD00050333,P0009,C00763,WH04,2024-10-03,1,Damaged,3111.26
RET0002447,ORD00050346,P0012,C00365,WH02,2024-09-17,2,Quality Issue,6178.64
RET0002448,ORD00050375,P0018,C00561,WH01,2024-09-18,1,Damaged,1297.99
RET0002449,ORD00050393,P0021,C00447,WH04,2024-09-28,2,Damaged,1681.82
RET0002450,ORD00050394,P0021,C00402,WH05,2024-10-03,1,Damaged,756.82
RET0002451,ORD00050441,P0031,C00797,WH02,2024-10-02,1,Customer Changed Mind,627.46
RET0002452,ORD00050462,P0035,C00765,WH04,2024-09-19,2,Customer Changed Mind,4038.58
RET0002453,ORD00050466,P0036,C00817,WH03,2024-09-24,1,Customer Changed Mind,2673.78
RET0002454,ORD00050469,P0037,C00070,WH01,2024-09-25,1,Customer Changed Mind,1560.68
RET0002455,ORD00050474,P0038,C00542,WH01,2024-09-18,1,Customer Changed Mind,2159.0
RET0002456,ORD00050475,P0038,C00443,WH02,2024-10-03,1,Damaged,2204.45
RET0002457,ORD00050483,P0039,C00244,WH05,2024-09-20,1,Customer Changed Mind,636.09
RET0002458,ORD00050491,P0001,C00162,WH05,2024-10-02,2,Quality Issue,3596.38
RET0002459,ORD00050495,P0002,C00537,WH04,2024-09-17,1,Quality Issue,902.93
RET0002460,ORD00050506,P0004,C00741,WH05,2024-09-23,1,Damaged,2116.31
RET0002461,ORD00050526,P0009,C00279,WH04,2024-09-25,1,Wrong Product,3207.48
RET0002462,ORD00050531,P0010,C00285,WH04,2024-10-02,1,Customer Changed Mind,3389.41
RET0002463,ORD00050562,P0017,C00337,WH01,2024-09-25,2,Quality Issue,2118.18
RET0002464,ORD00050589,P0022,C00811,WH03,2024-09-28,2,Damaged,1222.52
RET0002465,ORD00050614,P0027,C00985,WH04,2024-09-29,2,Quality Issue,1538.74
RET0002466,ORD00050693,P0003,C00823,WH03,2024-09-27,1,Customer Changed Mind,1159.28
RET0002467,ORD00050705,P0005,C00326,WH05,2024-09-21,1,Wrong Product,1650.77
RET0002468,ORD00050717,P0008,C00582,WH02,2024-09-23,2,Damaged,1879.24
RET0002469,ORD00050756,P0016,C00692,WH02,2024-10-03,1,Damaged,1110.44
RET0002470,ORD00050816,P0028,C00291,WH03,2024-09-28,1,Quality Issue,3874.46
RET0002471,ORD00050819,P0029,C00950,WH01,2024-09-19,2,Damaged,9286.0
RET0002472,ORD00050878,P0001,C00800,WH02,2024-10-06,1,Wrong Product,1708.28
RET0002473,ORD00050893,P0004,C00704,WH02,2024-09-28,1,Customer Changed Mind,2227.7
RET0002474,ORD00050903,P0006,C00205,WH03,2024-09-25,1,Damaged,3260.6
RET0002475,ORD00050923,P0010,C00743,WH04,2024-09-29,2,Damaged,6778.82
RET0002476,ORD00050927,P0011,C00964,WH03,2024-09-25,2,Quality Issue,1493.22
RET0002477,ORD00050961,P0019,C00708,WH02,2024-09-25,2,Quality Issue,5516.48
RET0002478,ORD00050975,P0022,C00827,WH01,2024-10-05,1,Quality Issue,592.92
RET0002479,ORD00051051,P0037,C00836,WH04,2024-10-03,1,Damaged,1836.09
RET0002480,ORD00051060,P0039,C00758,WH03,2024-09-23,1,Late Delivery,655.76
RET0002481,ORD00051071,P0001,C00901,WH04,2024-09-22,2,Damaged,3236.74
RET0002482,ORD00051078,P0003,C00101,WH01,2024-10-03,2,Quality Issue,2440.58
RET0002483,ORD00051084,P0004,C00981,WH02,2024-09-25,2,Quality Issue,4455.4
RET0002484,ORD00051092,P0005,C00144,WH05,2024-09-22,1,Quality Issue,1650.77
RET0002485,ORD00051102,P0008,C00076,WH01,2024-10-04,2,Wrong Product,1937.36
RET0002486,ORD00051112,P0010,C00389,WH01,2024-09-22,2,Damaged,6422.04
RET0002487,ORD00051115,P0010,C00308,WH04,2024-09-20,1,Customer Changed Mind,3567.8
RET0002488,ORD00051142,P0016,C00856,WH01,2024-09-24,1,Wrong Product,1110.44
RET0002489,ORD00051164,P0020,C00413,WH03,2024-09-20,1,Quality Issue,2579.51
RET0002490,ORD00051174,P0022,C00453,WH03,2024-10-04,1,Customer Changed Mind,592.92
RET0002491,ORD00051175,P0022,C00735,WH04,2024-09-22,1,Late Delivery,580.7
RET0002492,ORD00051183,P0024,C00114,WH04,2024-09-28,1,Damaged,889.43
RET0002493,ORD00051244,P0037,C00622,WH01,2024-09-25,1,Quality Issue,1781.01
RET0002494,ORD00051245,P0037,C00523,WH02,2024-09-20,1,Late Delivery,1781.01
RET0002495,ORD00051263,P0040,C00477,WH05,2024-10-02,1,Wrong Product,1011.55
RET0002496,ORD00051276,P0003,C00369,WH03,2024-10-01,1,Damaged,1220.29
RET0002497,ORD00051288,P0005,C00126,WH05,2024-09-25,1,Damaged,1650.77
RET0002498,ORD00051326,P0013,C00245,WH05,2024-09-21,2,Quality Issue,6144.28
RET0002499,ORD00051336,P0015,C00082,WH05,2024-09-22,2,Wrong Product,650.74
RET0002500,ORD00051345,P0017,C00554,WH04,2024-09-21,2,Damaged,1895.21
RET0002501,ORD00051357,P0020,C00229,WH02,2024-09-30,2,Quality Issue,6069.44
RET0002502,ORD00051359,P0020,C00439,WH04,2024-09-29,1,Customer Changed Mind,2943.68
RET0002503,ORD00051399,P0028,C00403,WH04,2024-10-05,1,Late Delivery,3659.21
RET0002504,ORD00051400,P0028,C00685,WH05,2024-09-29,1,Wrong Product,4304.95
RET0002505,ORD00051414,P0031,C00775,WH05,2024-09-29,2,Quality Issue,1188.86
RET0002506,ORD00051447,P0038,C00154,WH03,2024-10-08,1,Quality Issue,2204.45
RET0002507,ORD00051480,P0005,C00758,WH03,2024-10-07,2,Late Delivery,3202.49
RET0002508,ORD00051542,P0018,C00067,WH03,2024-10-09,2,Late Delivery,2732.62
RET0002509,ORD00051584,P0027,C00718,WH02,2024-10-08,1,Damaged,769.37
RET0002510,ORD00051588,P0028,C00354,WH01,2024-10-05,1,Customer Changed Mind,3874.46
RET0002511,ORD00051597,P0029,C00756,WH05,2024-10-01,1,Damaged,4643.0
RET0002512,ORD00051606,P0031,C00536,WH04,2024-10-06,1,Damaged,627.46
RET0002513,ORD00051628,P0036,C00410,WH04,2024-10-08,1,Quality Issue,2814.51
RET0002514,ORD00051633,P0037,C00487,WH04,2024-09-25,1,Quality Issue,1744.29
RET0002515,ORD00051652,P0001,C00215,WH03,2024-10-02,1,Quality Issue,1708.28
RET0002516,ORD00051655,P0002,C00638,WH01,2024-10-04,1,Wrong Product,902.93
RET0002517,ORD00051657,P0002,C00177,WH03,2024-09-28,1,Quality Issue,902.93
RET0002518,ORD00051674,P0006,C00516,WH01,2024-10-04,2,Quality Issue,7245.78
RET0002519,ORD00051685,P0008,C00516,WH04,2024-10-01,2,Damaged,1743.62
RET0002520,ORD00051691,P0009,C00875,WH05,2024-10-10,1,Quality Issue,2726.36
RET0002521,ORD00051705,P0013,C00246,WH01,2024-09-24,2,Quality Issue,7228.56
RET0002522,ORD00051734,P0018,C00125,WH05,2024-10-01,2,Damaged,2322.73
RET0002523,ORD00051760,P0024,C00974,WH01,2024-09-28,2,Damaged,1600.97
RET0002524,ORD00051788,P0029,C00142,WH05,2024-10-06,1,Customer Changed Mind,4178.7
RET0002525,ORD00051839,P0040,C00190,WH01,2024-10-05,1,Wrong Product,1011.55
RET0002526,ORD00051860,P0004,C00901,WH02,2024-10-09,2,Quality Issue,3787.09
RET0002527,ORD00051879,P0008,C00822,WH03,2024-09-27,2,Wrong Product,1937.36
RET0002528,ORD00051892,P0011,C00687,WH01,2024-10-02,2,Wrong Product,1418.56
RET0002529,ORD00051906,P0014,C00449,WH01,2024-10-09,1,Wrong Product,2502.6
RET0002530,ORD00051915,P0015,C00259,WH05,2024-09-24,1,Customer Changed Mind,309.1
RET0002531,ORD00051955,P0023,C00812,WH05,2024-10-11,1,Customer Changed Mind,852.63
RET0002532,ORD00051986,P0030,C00284,WH01,2024-10-02,2,Customer Changed Mind,5914.87
RET0002533,ORD00052006,P0034,C00107,WH02,2024-10-02,2,Customer Changed Mind,8225.82
RET0002534,ORD00052048,P0002,C00949,WH05,2024-10-06,2,Quality Issue,1900.9
RET0002535,ORD00052049,P0003,C00958,WH01,2024-09-28,2,Late Delivery,2318.55
RET0002536,ORD00052057,P0004,C00517,WH04,2024-10-07,2,Damaged,4455.4
RET0002537,ORD00052061,P0005,C00373,WH03,2024-10-09,1,Customer Changed Mind,1650.77
RET0002538,ORD00052074,P0008,C00749,WH02,2024-09-30,2,Damaged,1840.49
RET0002539,ORD00052091,P0011,C00174,WH04,2024-10-06,1,Quality Issue,746.61
RET0002540,ORD00052096,P0013,C00261,WH03,2024-10-11,1,Damaged,3614.28
RET0002541,ORD00052097,P0013,C00312,WH04,2024-09-30,2,Damaged,7228.56
RET0002542,ORD00052126,P0019,C00046,WH03,2024-10-07,1,Damaged,2758.24
RET0002543,ORD00052132,P0020,C00906,WH04,2024-10-03,1,Quality Issue,2731.25
RET0002544,ORD00052142,P0022,C00582,WH04,2024-10-03,1,Quality Issue,550.13
RET0002545,ORD00052150,P0024,C00739,WH02,2024-10-03,1,Damaged,862.75
RET0002546,ORD00052155,P0025,C00792,WH03,2024-10-03,2,Damaged,3572.8
RET0002547,ORD00052182,P0030,C00144,WH05,2024-09-30,1,Late Delivery,3286.04
RET0002548,ORD00052185,P0031,C00587,WH03,2024-10-04,2,Quality Issue,1188.86
RET0002549,ORD00052205,P0035,C00227,WH05,2024-09-27,1,Quality Issue,1913.01
RET0002550,ORD00052266,P0008,C00829,WH04,2024-10-09,2,Quality Issue,1646.76
RET0002551,ORD00052268,P0009,C00824,WH01,2024-10-09,2,Damaged,6094.21
RET0002552,ORD00052271,P0009,C00052,WH04,2024-10-07,1,Damaged,3207.48
RET0002553,ORD00052302,P0016,C00064,WH04,2024-10-05,1,Customer Changed Mind,1077.13
RET0002554,ORD00052321,P0020,C00405,WH03,2024-10-05,1,Late Delivery,3034.72
RET0002555,ORD00052323,P0020,C00736,WH05,2024-09-26,1,Quality Issue,3034.72
RET0002556,ORD00052328,P0021,C00433,WH05,2024-10-04,1,Customer Changed Mind,714.77
RET0002557,ORD00052350,P0026,C00044,WH02,2024-10-08,2,Quality Issue,5729.76
RET0002558,ORD00052365,P0029,C00807,WH02,2024-10-02,1,Quality Issue,4410.85
RET0002559,ORD00052408,P0038,C00764,WH02,2024-10-09,2,Damaged,4318.0
RET0002560,ORD00052434,P0003,C00709,WH05,2024-09-29,2,Quality Issue,2440.58
RET0002561,ORD00052452,P0007,C00294,WH04,2024-10-13,1,Customer Changed Mind,2956.62
RET0002562,ORD00052453,P0007,C00982,WH05,2024-09-28,1,Customer Changed Mind,2808.79
RET0002563,ORD00052511,P0019,C00213,WH04,2024-10-10,1,Customer Changed Mind,2758.24
RET0002564,ORD00052535,P0024,C00841,WH04,2024-10-06,2,Damaged,1689.92
RET0002565,ORD00052538,P0025,C00299,WH03,2024-10-14,2,Customer Changed Mind,3465.62
RET0002566,ORD00052555,P0028,C00484,WH05,2024-10-08,2,Damaged,8609.9
RET0002567,ORD00052556,P0029,C00783,WH01,2024-09-30,1,Quality Issue,4643.0
RET0002568,ORD00052558,P0029,C00656,WH03,2024-10-01,2,Quality Issue,7893.1
RET0002569,ORD00052560,P0029,C00656,WH05,2024-10-12,1,Customer Changed Mind,4643.0
RET0002570,ORD00052567,P0031,C00444,WH02,2024-10-09,2,Late Delivery,1254.91
RET0002571,ORD00052574,P0032,C00695,WH05,2024-09-28,2,Quality Issue,3914.23
RET0002572,ORD00052618,P0002,C00938,WH01,2024-10-10,2,Damaged,1900.9
RET0002573,ORD00052624,P0003,C00764,WH02,2024-10-14,2,Customer Changed Mind,2196.52
RET0002574,ORD00052639,P0006,C00111,WH02,2024-10-03,2,Wrong Product,6158.91
RET0002575,ORD00052650,P0008,C00578,WH03,2024-10-14,1,Damaged,968.68
RET0002576,ORD00052655,P0009,C00312,WH03,2024-10-05,1,Customer Changed Mind,3047.11
RET0002577,ORD00052738,P0026,C00179,WH03,2024-10-05,1,Customer Changed Mind,2864.88
RET0002578,ORD00052750,P0028,C00855,WH05,2024-10-13,1,Wrong Product,4304.95
RET0002579,ORD00052752,P0029,C00891,WH02,2024-10-12,2,Quality Issue,9007.42
RET0002580,ORD00052755,P0029,C00100,WH05,2024-10-14,2,Late Delivery,9286.0
RET0002581,ORD00052761,P0031,C00329,WH01,2024-09-28,1,Quality Issue,594.43
RET0002582,ORD00052772,P0033,C00278,WH04,2024-10-05,2,Wrong Product,4344.09
RET0002583,ORD00052807,P0001,C00957,WH01,2024-10-08,2,Quality Issue,3416.56
RET0002584,ORD00052822,P0004,C00692,WH01,2024-10-07,1,Quality Issue,2227.7
RET0002585,ORD00052823,P0004,C00559,WH02,2024-10-13,1,Quality Issue,2160.87
RET0002586,ORD00052850,P0009,C00697,WH04,2024-10-16,1,Damaged,2886.73
RET0002587,ORD00052852,P0010,C00354,WH01,2024-10-01,1,Quality Issue,3567.8
RET0002588,ORD00052861,P0012,C00584,WH01,2024-10-10,1,Quality Issue,3089.32
RET0002589,ORD00052863,P0012,C00351,WH03,2024-10-10,1,Damaged,3089.32
RET0002590,ORD00052880,P0016,C00073,WH01,2024-09-29,1,Damaged,1054.92
RET0002591,ORD00052904,P0021,C00178,WH01,2024-10-05,1,Customer Changed Mind,815.68
RET0002592,ORD00052928,P0026,C00211,WH01,2024-10-03,2,Wrong Product,5156.78
RET0002593,ORD00052934,P0027,C00168,WH02,2024-10-13,2,Customer Changed Mind,1492.58
RET0002594,ORD00052944,P0029,C00081,WH02,2024-10-14,1,Quality Issue,4178.7
RET0002595,ORD00052956,P0031,C00986,WH04,2024-10-01,2,Quality Issue,1254.91
RET0002596,ORD00052968,P0034,C00153,WH01,2024-10-16,2,Wrong Product,8225.82
RET0002597,ORD00052977,P0035,C00696,WH05,2024-10-01,2,Quality Issue,3826.03
RET0002598,ORD00052992,P0038,C00816,WH05,2024-10-09,2,Damaged,4318.0
RET0002599,ORD00053011,P0002,C00771,WH05,2024-10-04,1,Late Delivery,902.93
RET0002600,ORD00053038,P0008,C00983,WH02,2024-10-14,1,Late Delivery,968.68
RET0002601,ORD00053057,P0012,C00702,WH01,2024-10-15,1,Damaged,2780.39
RET0002602,ORD00053083,P0017,C00857,WH02,2024-10-08,2,Customer Changed Mind,2118.18
RET0002603,ORD00053092,P0019,C00783,WH01,2024-10-16,1,Damaged,2758.24
RET0002604,ORD00053093,P0019,C00611,WH02,2024-10-15,2,Customer Changed Mind,4964.83
RET0002605,ORD00053121,P0024,C00538,WH05,2024-10-11,2,Quality Issue,1725.49
RET0002606,ORD00053127,P0026,C00818,WH01,2024-10-12,1,Quality Issue,2721.64
RET0002607,ORD00053135,P0027,C00821,WH04,2024-10-09,1,Customer Changed Mind,769.37
RET0002608,ORD00053151,P0030,C00794,WH05,2024-10-17,2,Quality Issue,6243.48
RET0002609,ORD00053162,P0033,C00250,WH01,2024-10-07,1,Customer Changed Mind,2555.35
RET0002610,ORD00053165,P0033,C00239,WH04,2024-10-14,2,Damaged,5110.7
RET0002611,ORD00053184,P0037,C00587,WH03,2024-10-03,1,Wrong Product,1744.29
RET0002612,ORD00053215,P0003,C00341,WH05,2024-10-09,2,Wrong Product,2367.36
RET0002613,ORD00053235,P0008,C00753,WH03,2024-10-13,2,Damaged,1937.36
RET0002614,ORD00053237,P0008,C00612,WH05,2024-10-04,2,Customer Changed Mind,1937.36
RET0002615,ORD00053238,P0009,C00842,WH01,2024-10-06,2,Quality Issue,6414.96
RET0002616,ORD00053251,P0011,C00821,WH04,2024-10-11,1,Damaged,746.61
RET0002617,ORD00053317,P0025,C00370,WH01,2024-10-18,2,Quality Issue,3572.8
RET0002618,ORD00053329,P0027,C00955,WH03,2024-10-01,2,Wrong Product,1461.8
RET0002619,ORD00053332,P0028,C00634,WH01,2024-10-18,2,Wrong Product,8351.6
RET0002620,ORD00053337,P0029,C00765,WH01,2024-10-11,1,Wrong Product,4643.0
RET0002621,ORD00053378,P0037,C00997,WH02,2024-10-02,1,Wrong Product,1836.09
RET0002622,ORD00053388,P0039,C00671,WH02,2024-10-16,2,Late Delivery,1311.52
RET0002623,ORD00053477,P0017,C00247,WH02,2024-10-13,1,Quality Issue,1114.83
RET0002624,ORD00053500,P0021,C00125,WH05,2024-10-09,2,Late Delivery,1681.82
RET0002625,ORD00053516,P0025,C00422,WH01,2024-10-18,1,Damaged,1786.4
RET0002626,ORD00053539,P0029,C00079,WH04,2024-10-11,2,Damaged,8821.7
RET0002627,ORD00053541,P0030,C00633,WH01,2024-10-05,2,Damaged,5914.87
RET0002628,ORD00053561,P0034,C00253,WH04,2024-10-14,2,Damaged,8225.82
RET0002629,ORD00053566,P0035,C00465,WH04,2024-10-11,2,Quality Issue,4038.58
RET0002630,ORD00053572,P0036,C00275,WH05,2024-10-12,2,Quality Issue,5347.57
RET0002631,ORD00053575,P0037,C00589,WH03,2024-10-09,2,Quality Issue,3672.18
RET0002632,ORD00053598,P0002,C00454,WH01,2024-10-07,1,Damaged,855.41
RET0002633,ORD00053603,P0003,C00537,WH01,2024-10-18,1,Wrong Product,1159.28
RET0002634,ORD00053615,P0005,C00413,WH03,2024-10-14,1,Customer Changed Mind,1650.77
RET0002635,ORD00053623,P0007,C00379,WH02,2024-10-11,1,Damaged,2956.62
RET0002636,ORD00053645,P0011,C00374,WH05,2024-10-12,2,Damaged,1343.9
RET0002637,ORD00053655,P0014,C00885,WH03,2024-10-08,1,Damaged,2634.32
RET0002638,ORD00053658,P0015,C00986,WH01,2024-10-10,2,Quality Issue,631.22
RET0002639,ORD00053683,P0020,C00861,WH02,2024-10-19,1,Wrong Product,2943.68
RET0002640,ORD00053724,P0028,C00981,WH04,2024-10-09,2,Quality Issue,8609.9
RET0002641,ORD00053734,P0030,C00143,WH04,2024-10-19,2,Customer Changed Mind,6374.92
RET0002642,ORD00053754,P0034,C00113,WH05,2024-10-13,1,Customer Changed Mind,3989.52
RET0002643,ORD00053758,P0035,C00688,WH04,2024-10-12,1,Damaged,2125.57
RET0002644,ORD00053760,P0036,C00203,WH01,2024-10-12,1,Wrong Product,2814.51
RET0002645,ORD00053831,P0011,C00436,WH01,2024-10-21,2,Quality Issue,1493.22
RET0002646,ORD00053839,P0012,C00890,WH04,2024-10-21,2,Wrong Product,5869.71
RET0002647,ORD00053852,P0015,C00906,WH02,2024-10-10,2,Customer Changed Mind,650.74
RET0002648,ORD00053858,P0016,C00139,WH03,2024-10-05,1,Customer Changed Mind,1110.44
RET0002649,ORD00053888,P0022,C00206,WH03,2024-10-16,2,Customer Changed Mind,1222.52
RET0002650,ORD00053932,P0031,C00500,WH05,2024-10-08,1,Wrong Product,660.48
RET0002651,ORD00053946,P0035,C00869,WH02,2024-10-13,1,Late Delivery,2125.57
RET0002652,ORD00053951,P0036,C00012,WH02,2024-10-16,2,Damaged,5347.57
RET0002653,ORD00053955,P0037,C00293,WH01,2024-10-18,2,Wrong Product,3488.57
RET0002654,ORD00053997,P0005,C00825,WH04,2024-10-08,1,Customer Changed Mind,1568.23
RET0002655,ORD00054022,P0011,C00337,WH02,2024-10-13,1,Damaged,746.61
RET0002656,ORD00054035,P0014,C00391,WH01,2024-10-08,2,Late Delivery,5110.58
RET0002657,ORD00054036,P0014,C00932,WH02,2024-10-09,1,Damaged,2555.29
RET0002658,ORD00054063,P0019,C00106,WH04,2024-10-13,1,Damaged,2675.49
RET0002659,ORD00054069,P0020,C00618,WH05,2024-10-17,2,Quality Issue,6069.44
RET0002660,ORD00054082,P0023,C00089,WH03,2024-10-10,2,Quality Issue,1795.02
RET0002661,ORD00054106,P0028,C00789,WH02,2024-10-22,2,Wrong Product,8609.9
RET0002662,ORD00054155,P0038,C00361,WH04,2024-10-14,2,Damaged,4545.26
RET0002663,ORD00054166,P0040,C00868,WH05,2024-10-16,1,Damaged,960.97
RET0002664,ORD00054196,P0007,C00090,WH01,2024-10-13,1,Quality Issue,2808.79
RET0002665,ORD00054253,P0018,C00135,WH05,2024-10-13,1,Damaged,1366.31
RET0002666,ORD00054288,P0026,C00121,WH01,2024-10-11,1,Wrong Product,2864.88
RET0002667,ORD00054307,P0029,C00198,WH05,2024-10-20,2,Wrong Product,9286.0
RET0002668,ORD00054357,P0040,C00232,WH05,2024-10-18,2,Quality Issue,2023.1
RET0002669,ORD00054400,P0009,C00055,WH04,2024-10-16,1,Damaged,3207.48
RET0002670,ORD00054413,P0012,C00026,WH02,2024-10-22,1,Damaged,2934.85
RET0002671,ORD00054417,P0013,C00084,WH03,2024-10-15,1,Customer Changed Mind,3614.28
RET0002672,ORD00054424,P0014,C00752,WH05,2024-10-11,1,Damaged,2239.17
RET0002673,ORD00054434,P0016,C00669,WH05,2024-10-11,2,Damaged,2220.88
RET0002674,ORD00054491,P0028,C00962,WH02,2024-10-20,1,Damaged,4304.95
RET0002675,ORD00054493,P0028,C00157,WH04,2024-10-23,1,Damaged,4304.95
RET0002676,ORD00054538,P0037,C00404,WH04,2024-10-11,2,Damaged,3672.18
RET0002677,ORD00054553,P0040,C00427,WH04,2024-10-13,2,Damaged,2023.1
RET0002678,ORD00054557,P0001,C00666,WH03,2024-10-08,2,Wrong Product,3416.56
RET0002679,ORD00054558,P0001,C00938,WH04,2024-10-19,2,Customer Changed Mind,3416.56
RET0002680,ORD00054620,P0014,C00733,WH01,2024-10-10,2,Damaged,5005.21
RET0002681,ORD00054637,P0017,C00197,WH03,2024-10-14,1,Wrong Product,1059.09
RET0002682,ORD00054661,P0022,C00121,WH02,2024-10-17,1,Wrong Product,611.26
RET0002683,ORD00054721,P0034,C00160,WH02,2024-10-15,2,Quality Issue,8225.82
RET0002684,ORD00054740,P0038,C00037,WH02,2024-10-16,1,Damaged,2204.45
RET0002685,ORD00054748,P0039,C00774,WH05,2024-10-17,2,Quality Issue,1180.37
RET0002686,ORD00054754,P0001,C00159,WH01,2024-10-23,2,Customer Changed Mind,3056.92
RET0002687,ORD00054771,P0004,C00519,WH03,2024-10-18,1,Quality Issue,2227.7
RET0002688,ORD00054784,P0007,C00865,WH01,2024-10-26,2,Customer Changed Mind,5026.25
RET0002689,ORD00054810,P0012,C00470,WH03,2024-10-24,1,Quality Issue,3089.32
RET0002690,ORD00054893,P0029,C00904,WH03,2024-10-20,1,Damaged,4643.0
RET0002691,ORD00054921,P0035,C00921,WH01,2024-10-20,2,Late Delivery,3826.03
RET0002692,ORD00054925,P0035,C00557,WH05,2024-10-24,1,Damaged,2125.57
RET0002693,ORD00054933,P0037,C00284,WH03,2024-10-19,1,Wrong Product,1836.09
RET0002694,ORD00054987,P0008,C00568,WH02,2024-10-24,2,Late Delivery,1743.62
RET0002695,ORD00055022,P0015,C00518,WH05,2024-10-22,2,Wrong Product,650.74
RET0002696,ORD00055045,P0020,C00563,WH03,2024-10-14,2,Quality Issue,5159.02
RET0002697,ORD00055057,P0023,C00157,WH02,2024-10-16,1,Wrong Product,897.51
RET0002698,ORD00055060,P0023,C00877,WH05,2024-10-16,2,Quality Issue,1795.02
RET0002699,ORD00055080,P0028,C00649,WH01,2024-10-11,1,Damaged,4175.8
RET0002700,ORD00055089,P0029,C00952,WH05,2024-10-22,2,Wrong Product,9286.0
RET0002701,ORD00055092,P0030,C00474,WH03,2024-10-19,1,Customer Changed Mind,2957.44
RET0002702,ORD00055112,P0034,C00736,WH04,2024-10-26,1,Damaged,4112.91
RET0002703,ORD00055126,P0037,C00885,WH03,2024-10-18,2,Damaged,3121.35
RET0002704,ORD00055127,P0037,C00131,WH04,2024-10-24,2,Wrong Product,3562.01
RET0002705,ORD00055155,P0003,C00513,WH02,2024-10-28,1,Customer Changed Mind,1098.26
RET0002706,ORD00055162,P0004,C00255,WH04,2024-10-17,1,Damaged,2116.31
RET0002707,ORD00055188,P0010,C00637,WH01,2024-10-14,1,Wrong Product,3567.8
RET0002708,ORD00055212,P0014,C00826,WH05,2024-10-16,1,Quality Issue,2555.29
RET0002709,ORD00055222,P0016,C00790,WH05,2024-10-22,2,Quality Issue,2154.25
RET0002710,ORD00055247,P0021,C00497,WH05,2024-10-19,1,Customer Changed Mind,714.77
RET0002711,ORD00055256,P0023,C00912,WH04,2024-10-28,2,Late Delivery,1705.27
RET0002712,ORD00055274,P0027,C00089,WH02,2024-10-11,1,Quality Issue,769.37
RET0002713,ORD00055283,P0029,C00940,WH01,2024-10-23,2,Quality Issue,9286.0
RET0002714,ORD00055313,P0035,C00154,WH01,2024-10-22,2,Quality Issue,3826.03
RET0002715,ORD00055341,P0040,C00113,WH04,2024-10-19,1,Wrong Product,1011.55
RET0002716,ORD00055372,P0007,C00259,WH02,2024-10-28,1,Quality Issue,2867.92
RET0002717,ORD00055384,P0009,C00201,WH04,2024-10-14,1,Damaged,2886.73
RET0002718,ORD00055396,P0012,C00247,WH02,2024-10-20,2,Late Delivery,5869.71
RET0002719,ORD00055410,P0015,C00482,WH01,2024-10-15,2,Quality Issue,650.74
RET0002720,ORD00055457,P0024,C00509,WH04,2024-10-28,2,Damaged,1778.86
RET0002721,ORD00055466,P0026,C00326,WH03,2024-10-29,1,Damaged,2864.88
RET0002722,ORD00055511,P0035,C00984,WH05,2024-10-19,1,Wrong Product,2125.57
RET0002723,ORD00055523,P0038,C00334,WH02,2024-10-23,2,Damaged,4545.26
RET0002724,ORD00055539,P0001,C00408,WH04,2024-10-19,2,Damaged,3596.38
RET0002725,ORD00055540,P0001,C00863,WH05,2024-10-27,1,Quality Issue,1618.37
RET0002726,ORD00055579,P0009,C00481,WH05,2024-10-26,1,Customer Changed Mind,3047.11
RET0002727,ORD00055616,P0017,C00077,WH02,2024-10-16,1,Customer Changed Mind,1059.09
RET0002728,ORD00055638,P0021,C00353,WH04,2024-10-13,2,Quality Issue,1429.55
RET0002729,ORD00055641,P0022,C00944,WH03,2024-10-13,2,Damaged,1185.84
RET0002730,ORD00055673,P0028,C00755,WH05,2024-10-13,1,Wrong Product,3874.46
RET0002731,ORD00055705,P0035,C00147,WH05,2024-10-23,2,Quality Issue,4038.58
RET0002732,ORD00055742,P0003,C00519,WH03,2024-10-19,1,Quality Issue,1159.28
RET0002733,ORD00055768,P0008,C00093,WH05,2024-10-31,2,Damaged,1937.36
RET0002734,ORD00055795,P0014,C00191,WH03,2024-10-15,1,Quality Issue,2502.6
RET0002735,ORD00055813,P0018,C00116,WH01,2024-10-14,2,Quality Issue,2595.99
RET0002736,ORD00055829,P0021,C00328,WH02,2024-10-21,1,Damaged,756.82
RET0002737,ORD00055851,P0025,C00888,WH04,2024-10-24,2,Quality Issue,3572.8
RET0002738,ORD00055861,P0027,C00704,WH04,2024-10-30,2,Damaged,1538.74
RET0002739,ORD00055906,P0036,C00326,WH05,2024-10-15,1,Customer Changed Mind,2392.33
RET0002740,ORD00055921,P0039,C00522,WH05,2024-10-24,1,Damaged,590.18
RET0002741,ORD00055935,P0002,C00557,WH04,2024-10-16,2,Quality Issue,1900.9
RET0002742,ORD00055948,P0005,C00106,WH02,2024-10-24,1,Wrong Product,1650.77
RET0002743,ORD00055949,P0005,C00745,WH03,2024-10-22,2,Quality Issue,3301.54
RET0002744,ORD00055975,P0010,C00641,WH05,2024-10-29,1,Customer Changed Mind,3567.8
RET0002745,ORD00055992,P0014,C00077,WH04,2024-10-24,2,Damaged,5005.21
RET0002746,ORD00055999,P0016,C00459,WH01,2024-10-17,1,Customer Changed Mind,1110.44
RET0002747,ORD00056023,P0020,C00550,WH05,2024-11-01,2,Quality Issue,5887.36
RET0002748,ORD00056034,P0023,C00750,WH01,2024-10-31,2,Quality Issue,1795.02
RET0002749,ORD00056039,P0024,C00032,WH01,2024-10-26,2,Damaged,1725.49
RET0002750,ORD00056040,P0024,C00712,WH02,2024-10-17,1,Quality Issue,800.49
RET0002751,ORD00056064,P0029,C00010,WH01,2024-11-01,1,Quality Issue,4643.0
RET0002752,ORD00056085,P0033,C00832,WH02,2024-10-30,1,Customer Changed Mind,2478.69
RET0002753,ORD00056119,P0040,C00194,WH02,2024-10-17,1,Wrong Product,981.2
RET0002754,ORD00056133,P0003,C00938,WH01,2024-10-21,2,Quality Issue,2196.52
RET0002755,ORD00056134,P0003,C00437,WH02,2024-11-02,2,Wrong Product,2196.52
RET0002756,ORD00056183,P0013,C00636,WH03,2024-11-01,1,Customer Changed Mind,3252.85
RET0002757,ORD00056199,P0016,C00582,WH04,2024-10-31,2,Wrong Product,1998.79
RET0002758,ORD00056208,P0018,C00314,WH04,2024-10-21,1,Customer Changed Mind,1366.31
RET0002759,ORD00056223,P0021,C00103,WH04,2024-10-27,2,Customer Changed Mind,1631.37
RET0002760,ORD00056227,P0022,C00815,WH03,2024-10-19,1,Damaged,611.26
RET0002761,ORD00056231,P0023,C00170,WH02,2024-10-25,2,Customer Changed Mind,1705.27
RET0002762,ORD00056315,P0040,C00683,WH01,2024-10-30,1,Wrong Product,1011.55
RET0002763,ORD00056338,P0004,C00234,WH04,2024-10-24,2,Quality Issue,4321.74
RET0002764,ORD00056350,P0007,C00425,WH03,2024-10-26,2,Quality Issue,5617.58
RET0002765,ORD00056351,P0007,C00184,WH04,2024-10-28,1,Quality Issue,2808.79
RET0002766,ORD00056406,P0019,C00020,WH01,2024-10-18,2,Late Delivery,5516.48
RET0002767,ORD00056445,P0026,C00004,WH05,2024-11-01,2,Damaged,5557.87
RET0002768,ORD00056456,P0029,C00818,WH01,2024-10-31,1,Customer Changed Mind,4410.85
RET0002769,ORD00056459,P0029,C00103,WH04,2024-10-31,1,Wrong Product,4503.71
RET0002770,ORD00056461,P0030,C00383,WH01,2024-10-24,1,Late Delivery,3286.04
RET0002771,ORD00056462,P0030,C00874,WH02,2024-10-30,1,Quality Issue,2957.44
RET0002772,ORD00056474,P0032,C00586,WH04,2024-10-25,2,Customer Changed Mind,4120.24
RET0002773,ORD00056515,P0001,C00482,WH02,2024-10-27,2,Wrong Product,3236.74
RET0002774,ORD00056518,P0001,C00243,WH05,2024-10-24,2,Quality Issue,3596.38
RET0002775,ORD00056545,P0007,C00639,WH04,2024-11-02,1,Customer Changed Mind,2867.92
RET0002776,ORD00056561,P0011,C00670,WH01,2024-10-26,1,Damaged,709.28
RET0002777,ORD00056580,P0015,C00564,WH01,2024-10-18,1,Customer Changed Mind,315.61
RET0002778,ORD00056587,P0016,C00246,WH03,2024-10-26,2,Damaged,2220.88
RET0002779,ORD00056606,P0020,C00615,WH02,2024-11-04,1,Quality Issue,2731.25
RET0002780,ORD00056630,P0025,C00264,WH02,2024-11-03,2,Quality Issue,3036.88
RET0002781,ORD00056650,P0029,C00831,WH02,2024-10-31,2,Quality Issue,7893.1
RET0002782,ORD00056709,P0001,C00566,WH05,2024-11-05,2,Quality Issue,3596.38
RET0002783,ORD00056724,P0004,C00682,WH05,2024-10-19,1,Customer Changed Mind,2116.31
RET0002784,ORD00056736,P0007,C00146,WH02,2024-10-19,1,Damaged,2660.96
RET0002785,ORD00056749,P0009,C00071,WH05,2024-10-28,1,Quality Issue,2726.36
RET0002786,ORD00056751,P0010,C00374,WH02,2024-10-30,2,Customer Changed Mind,6778.82
RET0002787,ORD00056790,P0018,C00872,WH01,2024-10-25,1,Customer Changed Mind,1325.32
RET0002788,ORD00056801,P0020,C00118,WH02,2024-10-21,1,Damaged,3034.72
RET0002789,ORD00056807,P0021,C00990,WH03,2024-11-01,1,Late Delivery,840.91
RET0002790,ORD00056808,P0021,C00221,WH04,2024-10-28,2,Damaged,1597.73
RET0002791,ORD00056810,P0022,C00167,WH01,2024-10-29,1,Wrong Product,550.13
RET0002792,ORD00056811,P0022,C00222,WH02,2024-10-29,1,Quality Issue,611.26
RET0002793,ORD00056813,P0022,C00048,WH04,2024-10-21,1,Customer Changed Mind,550.13
RET0002794,ORD00056821,P0024,C00016,WH02,2024-11-01,2,Late Delivery,1778.86
RET0002795,ORD00056823,P0024,C00936,WH04,2024-10-20,1,Wrong Product,889.43
RET0002796,ORD00056877,P0035,C00706,WH04,2024-10-19,1,Damaged,1913.01
RET0002797,ORD00056886,P0037,C00097,WH03,2024-10-24,2,Customer Changed Mind,3562.01
RET0002798,ORD00056888,P0037,C00527,WH05,2024-11-02,2,Damaged,3672.18
RET0002799,ORD00056908,P0001,C00609,WH05,2024-10-22,1,Customer Changed Mind,1618.37
RET0002800,ORD00056937,P0007,C00219,WH05,2024-10-26,2,Customer Changed Mind,5321.92
RET0002801,ORD00056951,P0010,C00710,WH04,2024-10-30,2,Late Delivery,6422.04
RET0002802,ORD00057000,P0020,C00617,WH03,2024-10-30,1,Damaged,2882.98
RET0002803,ORD00057024,P0025,C00885,WH04,2024-10-27,2,Quality Issue,3572.8
RET0002804,ORD00057033,P0027,C00480,WH03,2024-10-23,2,Damaged,1538.74
RET0002805,ORD00057081,P0037,C00721,WH03,2024-10-27,1,Quality Issue,1744.29
RET0002806,ORD00057092,P0039,C00215,WH04,2024-10-29,1,Quality Issue,622.97
RET0002807,ORD00057128,P0007,C00083,WH01,2024-10-25,2,Quality Issue,5321.92
RET0002808,ORD00057133,P0008,C00226,WH01,2024-10-30,1,Customer Changed Mind,968.68
RET0002809,ORD00057156,P0012,C00586,WH04,2024-11-03,2,Quality Issue,6178.64
RET0002810,ORD00057159,P0013,C00937,WH02,2024-10-31,1,Quality Issue,3614.28
RET0002811,ORD00057175,P0016,C00591,WH04,2024-10-30,1,Quality Issue,1110.44
RET0002812,ORD00057185,P0018,C00735,WH04,2024-10-24,1,Wrong Product,1161.36
RET0002813,ORD00057201,P0021,C00151,WH05,2024-10-28,1,Customer Changed Mind,798.86
RET0002814,ORD00057210,P0023,C00201,WH04,2024-10-24,2,Quality Issue,1795.02
RET0002815,ORD00057238,P0029,C00873,WH02,2024-10-23,2,Quality Issue,9286.0
RET0002816,ORD00057261,P0033,C00207,WH05,2024-11-06,2,Damaged,5110.7
RET0002817,ORD00057306,P0002,C00808,WH05,2024-10-28,2,Quality Issue,1900.9
RET0002818,ORD00057314,P0004,C00042,WH03,2024-10-31,1,Damaged,2116.31
RET0002819,ORD00057331,P0008,C00889,WH02,2024-11-02,1,Damaged,968.68
RET0002820,ORD00057356,P0013,C00088,WH02,2024-10-22,1,Late Delivery,3614.28
RET0002821,ORD00057371,P0016,C00493,WH02,2024-11-03,1,Quality Issue,999.4
RET0002822,ORD00057381,P0018,C00460,WH02,2024-11-07,2,Customer Changed Mind,2732.62
RET0002823,ORD00057402,P0022,C00814,WH04,2024-11-08,1,Quality Issue,611.26
RET0002824,ORD00057427,P0027,C00555,WH04,2024-11-06,1,Late Delivery,730.9
RET0002825,ORD00057429,P0028,C00479,WH01,2024-10-25,1,Late Delivery,4304.95
RET0002826,ORD00057439,P0030,C00908,WH01,2024-10-25,1,Customer Changed Mind,3121.74
RET0002827,ORD00057462,P0034,C00132,WH04,2024-10-30,1,Damaged,3907.26
RET0002828,ORD00057521,P0006,C00579,WH05,2024-11-09,1,Quality Issue,3514.2
RET0002829,ORD00057525,P0007,C00662,WH04,2024-11-06,2,Wrong Product,5321.92
RET0002830,ORD00057577,P0018,C00937,WH02,2024-10-24,1,Customer Changed Mind,1366.31
RET0002831,ORD00057584,P0019,C00739,WH04,2024-11-05,1,Quality Issue,2675.49
RET0002832,ORD00057593,P0021,C00123,WH03,2024-10-31,1,Damaged,798.86
RET0002833,ORD00057660,P0035,C00391,WH02,2024-10-31,2,Damaged,4251.14
RET0002834,ORD00057685,P0040,C00101,WH02,2024-11-03,2,Wrong Product,2023.1
RET0002835,ORD00057696,P0002,C00848,WH03,2024-10-28,2,Customer Changed Mind,1900.9
RET0002836,ORD00057701,P0003,C00230,WH03,2024-11-01,1,Customer Changed Mind,1220.29
RET0002837,ORD00057744,P0012,C00083,WH02,2024-11-05,1,Customer Changed Mind,3089.32
RET0002838,ORD00057757,P0015,C00675,WH01,2024-11-06,2,Quality Issue,650.74
RET0002839,ORD00057759,P0015,C00311,WH03,2024-10-24,2,Damaged,618.2
RET0002840,ORD00057765,P0016,C00428,WH04,2024-11-02,1,Quality Issue,1110.44
RET0002841,ORD00057767,P0017,C00512,WH01,2024-11-08,2,Customer Changed Mind,2229.66
RET0002842,ORD00057770,P0017,C00643,WH04,2024-10-27,2,Damaged,2162.77
RET0002843,ORD00057774,P0018,C00119,WH03,2024-11-07,2,Damaged,2459.36
RET0002844,ORD00057799,P0023,C00253,WH03,2024-10-25,1,Quality Issue,897.51
RET0002845,ORD00057813,P0026,C00735,WH03,2024-10-26,1,Quality Issue,2578.39
RET0002846,ORD00057826,P0029,C00580,WH01,2024-10-29,2,Damaged,8357.4
RET0002847,ORD00057837,P0031,C00537,WH02,2024-10-30,2,Quality Issue,1281.33
RET0002848,ORD00057840,P0031,C00948,WH05,2024-11-04,1,Quality Issue,660.48
RET0002849,ORD00057856,P0035,C00950,WH03,2024-11-05,2,Customer Changed Mind,4251.14
RET0002850,ORD00057863,P0036,C00609,WH05,2024-11-04,1,Damaged,2814.51
RET0002851,ORD00057870,P0038,C00632,WH02,2024-11-07,1,Damaged,2272.63
RET0002852,ORD00057907,P0005,C00988,WH05,2024-11-08,2,Damaged,3301.54
RET0002853,ORD00057922,P0009,C00473,WH01,2024-11-07,2,Wrong Product,6414.96
RET0002854,ORD00057926,P0009,C00478,WH05,2024-11-03,1,Quality Issue,2726.36
RET0002855,ORD00057932,P0011,C00490,WH01,2024-11-02,2,Customer Changed Mind,1493.22
RET0002856,ORD00057938,P0012,C00155,WH02,2024-11-05,2,Late Delivery,6178.64
RET0002857,ORD00057955,P0015,C00966,WH04,2024-11-03,2,Customer Changed Mind,618.2
RET0002858,ORD00057974,P0019,C00576,WH03,2024-10-29,1,Damaged,2758.24
RET0002859,ORD00057976,P0019,C00122,WH05,2024-10-27,2,Customer Changed Mind,4964.83
RET0002860,ORD00057987,P0022,C00300,WH01,2024-11-09,2,Damaged,1161.39
RET0002861,ORD00057994,P0023,C00690,WH04,2024-11-02,1,Damaged,852.63
RET0002862,ORD00058003,P0025,C00122,WH03,2024-11-06,1,Damaged,1786.4
RET0002863,ORD00058007,P0026,C00423,WH02,2024-10-26,2,Quality Issue,5729.76
RET0002864,ORD00058012,P0027,C00888,WH02,2024-11-01,2,Quality Issue,1538.74
RET0002865,ORD00058058,P0036,C00754,WH03,2024-10-30,2,Damaged,5066.12
RET0002866,ORD00058061,P0037,C00707,WH01,2024-10-26,2,Quality Issue,3672.18
RET0002867,ORD00058081,P0001,C00382,WH03,2024-11-02,1,Damaged,1708.28
RET0002868,ORD00058086,P0002,C00883,WH03,2024-11-11,1,Damaged,855.41
RET0002869,ORD00058149,P0015,C00607,WH02,2024-11-12,1,Late Delivery,276.56
RET0002870,ORD00058173,P0020,C00136,WH02,2024-11-01,2,Quality Issue,6069.44
RET0002871,ORD00058229,P0031,C00672,WH03,2024-11-11,2,Customer Changed Mind,1320.96
RET0002872,ORD00058240,P0033,C00262,WH05,2024-11-01,2,Damaged,4855.16
RET0002873,ORD00058256,P0037,C00541,WH02,2024-11-09,1,Quality Issue,1744.29
RET0002874,ORD00058259,P0037,C00942,WH05,2024-11-02,1,Quality Issue,1836.09
RET0002875,ORD00058261,P0038,C00479,WH02,2024-11-10,2,Quality Issue,4090.73
RET0002876,ORD00058274,P0001,C00530,WH02,2024-11-07,2,Quality Issue,3416.56
RET0002877,ORD00058329,P0012,C00423,WH03,2024-11-12,2,Quality Issue,5869.71
RET0002878,ORD00058334,P0013,C00935,WH03,2024-11-09,1,Damaged,3505.85
RET0002879,ORD00058383,P0023,C00537,WH02,2024-10-27,1,Damaged,897.51
RET0002880,ORD00058404,P0027,C00882,WH03,2024-11-01,1,Quality Issue,769.37
RET0002881,ORD00058535,P0014,C00485,WH01,2024-11-14,2,Quality Issue,5005.21
RET0002882,ORD00058538,P0014,C00473,WH04,2024-11-13,1,Quality Issue,2634.32
RET0002883,ORD00058560,P0019,C00971,WH01,2024-10-31,1,Damaged,2758.24
RET0002884,ORD00058599,P0026,C00591,WH05,2024-10-31,1,Quality Issue,2864.88
RET0002885,ORD00058608,P0028,C00861,WH04,2024-10-31,2,Damaged,8609.9
RET0002886,ORD00058619,P0030,C00426,WH05,2024-11-05,1,Quality Issue,3286.04
RET0002887,ORD00058620,P0031,C00761,WH02,2024-11-12,1,Quality Issue,640.67
RET0002888,ORD00058625,P0032,C00492,WH02,2024-11-08,1,Late Delivery,1957.11
RET0002889,ORD00058634,P0034,C00815,WH01,2024-11-12,2,Quality Issue,7814.53
RET0002890,ORD00058637,P0034,C00592,WH05,2024-11-10,2,Quality Issue,8225.82
RET0002891,ORD00058658,P0039,C00776,WH01,2024-11-03,1,Quality Issue,655.76
RET0002892,ORD00058659,P0039,C00748,WH02,2024-11-02,1,Late Delivery,636.09
RET0002893,ORD00058664,P0040,C00742,WH02,2024-11-07,1,Customer Changed Mind,981.2
RET0002894,ORD00058672,P0001,C00767,WH05,2024-11-14,2,Customer Changed Mind,3488.49
RET0002895,ORD00058696,P0006,C00644,WH04,2024-11-08,2,Late Delivery,7245.78
RET0002896,ORD00058712,P0009,C00583,WH05,2024-11-13,1,Quality Issue,3207.48
RET0002897,ORD00058730,P0013,C00484,WH03,2024-11-08,1,Late Delivery,3433.57
RET0002898,ORD00058749,P0017,C00911,WH02,2024-11-11,2,Quality Issue,2229.66
RET0002899,ORD00058750,P0017,C00418,WH03,2024-11-11,1,Customer Changed Mind,1114.83
RET0002900,ORD00058762,P0019,C00911,WH05,2024-11-11,1,Damaged,2482.42
RET0002901,ORD00058768,P0021,C00506,WH01,2024-11-09,2,Damaged,1681.82
RET0002902,ORD00058781,P0023,C00604,WH04,2024-11-07,1,Late Delivery,870.58
RET0002903,ORD00058789,P0025,C00208,WH04,2024-11-12,2,Quality Issue,3394.16
RET0002904,ORD00058817,P0031,C00529,WH02,2024-11-12,2,Late Delivery,1320.96
RET0002905,ORD00058828,P0033,C00175,WH03,2024-11-04,1,Damaged,2555.35
RET0002906,ORD00058833,P0034,C00533,WH03,2024-11-12,2,Customer Changed Mind,7403.24
RET0002907,ORD00058838,P0035,C00872,WH04,2024-10-29,2,Late Delivery,4038.58
RET0002908,ORD00058839,P0035,C00070,WH05,2024-11-09,1,Quality Issue,2125.57
RET0002909,ORD00058850,P0038,C00018,WH01,2024-11-09,1,Late Delivery,2272.63
RET0002910,ORD00058916,P0011,C00494,WH04,2024-11-02,1,Damaged,709.28
RET0002911,ORD00058918,P0012,C00082,WH01,2024-11-05,1,Customer Changed Mind,2996.64
RET0002912,ORD00058945,P0017,C00501,WH04,2024-11-16,1,Quality Issue,1003.35
RET0002913,ORD00058966,P0021,C00556,WH05,2024-11-05,1,Damaged,756.82
RET0002914,ORD00058979,P0024,C00550,WH04,2024-11-04,2,Customer Changed Mind,1778.86
RET0002915,ORD00059035,P0036,C00136,WH02,2024-10-31,1,Damaged,2673.78
RET0002916,ORD00059060,P0001,C00127,WH02,2024-11-05,1,Quality Issue,1798.19
RET0002917,ORD00059063,P0001,C00415,WH05,2024-11-11,2,Quality Issue,3236.74
RET0002918,ORD00059078,P0004,C00925,WH05,2024-11-01,1,Wrong Product,2116.31
RET0002919,ORD00059153,P0020,C00299,WH04,2024-11-04,1,Quality Issue,3034.72
RET0002920,ORD00059208,P0031,C00197,WH05,2024-11-04,2,Customer Changed Mind,1281.33
RET0002921,ORD00059210,P0032,C00766,WH02,2024-11-05,1,Late Delivery,1998.32
RET0002922,ORD00059234,P0037,C00190,WH03,2024-11-03,2,Quality Issue,3488.57
RET0002923,ORD00059240,P0038,C00051,WH04,2024-11-16,1,Quality Issue,2159.0
RET0002924,ORD00059248,P0040,C00834,WH03,2024-11-15,1,Customer Changed Mind,960.97
RET0002925,ORD00059268,P0004,C00928,WH03,2024-11-09,2,Quality Issue,4232.63
RET0002926,ORD00059275,P0005,C00183,WH05,2024-11-18,1,Damaged,1568.23
RET0002927,ORD00059305,P0011,C00441,WH05,2024-11-16,1,Customer Changed Mind,746.61
RET0002928,ORD00059316,P0014,C00249,WH02,2024-11-09,1,Damaged,2634.32
RET0002929,ORD00059346,P0020,C00492,WH02,2024-11-03,1,Damaged,2882.98
RET0002930,ORD00059347,P0020,C00659,WH03,2024-11-13,2,Customer Changed Mind,6069.44
RET0002931,ORD00059350,P0021,C00766,WH01,2024-11-03,1,Damaged,798.86
RET0002932,ORD00059354,P0021,C00765,WH05,2024-11-08,1,Quality Issue,756.82
RET0002933,ORD00059377,P0026,C00700,WH04,2024-11-07,2,Damaged,5156.78
RET0002934,ORD00059398,P0030,C00565,WH05,2024-11-16,2,Wrong Product,6572.08
RET0002935,ORD00059446,P0040,C00148,WH05,2024-11-11,2,Customer Changed Mind,2023.1
RET0002936,ORD00059482,P0008,C00383,WH01,2024-11-18,2,Damaged,1840.49
RET0002937,ORD00059519,P0015,C00168,WH03,2024-11-03,2,Quality Issue,650.74
RET0002938,ORD00059536,P0018,C00079,WH05,2024-11-09,1,Quality Issue,1366.31
RET0002939,ORD00059544,P0020,C00771,WH03,2024-11-14,1,Quality Issue,2882.98
RET0002940,ORD00059576,P0027,C00889,WH01,2024-11-15,2,Quality Issue,1538.74
RET0002941,ORD00059600,P0031,C00169,WH05,2024-11-15,1,Late Delivery,594.43
RET0002942,ORD00059620,P0035,C00817,WH05,2024-11-03,2,Quality Issue,4038.58
RET0002943,ORD00059649,P0001,C00190,WH04,2024-11-03,2,Wrong Product,3488.49
RET0002944,ORD00059673,P0006,C00620,WH03,2024-11-09,1,Quality Issue,3622.89
RET0002945,ORD00059676,P0007,C00206,WH01,2024-11-03,1,Quality Issue,2956.62
RET0002946,ORD00059727,P0017,C00919,WH02,2024-11-08,2,Damaged,2229.66
RET0002947,ORD00059738,P0019,C00822,WH04,2024-11-13,1,Quality Issue,2482.42
RET0002948,ORD00059768,P0025,C00854,WH04,2024-11-20,2,Customer Changed Mind,3465.62
RET0002949,ORD00059799,P0032,C00460,WH01,2024-11-18,2,Late Delivery,3914.23
RET0002950,ORD00059820,P0036,C00372,WH03,2024-11-06,2,Wrong Product,4784.67
RET0002951,ORD00059871,P0006,C00170,WH04,2024-11-04,2,Quality Issue,7245.78
RET0002952,ORD00059917,P0015,C00417,WH05,2024-11-17,2,Customer Changed Mind,631.22
RET0002953,ORD00059918,P0016,C00504,WH01,2024-11-16,1,Quality Issue,999.4
RET0002954,ORD00059976,P0027,C00189,WH04,2024-11-17,1,Wrong Product,769.37
RET0002955,ORD00059985,P0029,C00672,WH03,2024-11-18,1,Damaged,4643.0
RET0002956,ORD00060017,P0036,C00981,WH01,2024-11-07,1,Quality Issue,2814.51
RET0002957,ORD00060037,P0040,C00908,WH01,2024-11-13,1,Quality Issue,981.2
RET0002958,ORD00060039,P0040,C00606,WH03,2024-11-19,1,Quality Issue,1011.55
RET0002959,ORD00060073,P0007,C00833,WH02,2024-11-20,2,Quality Issue,5913.24
RET0002960,ORD00060074,P0007,C00266,WH03,2024-11-10,1,Wrong Product,2956.62
RET0002961,ORD00060090,P0010,C00171,WH04,2024-11-20,1,Customer Changed Mind,3032.63
RET0002962,ORD00060106,P0013,C00198,WH05,2024-11-06,1,Late Delivery,3505.85
RET0002963,ORD00060187,P0030,C00071,WH02,2024-11-22,2,Quality Issue,6572.08
RET0002964,ORD00060218,P0036,C00946,WH04,2024-11-21,1,Damaged,2673.78
RET0002965,ORD00060219,P0036,C00136,WH05,2024-11-17,1,Quality Issue,2814.51
RET0002966,ORD00060266,P0006,C00497,WH04,2024-11-15,2,Damaged,6521.2
RET0002967,ORD00060267,P0006,C00890,WH05,2024-11-12,1,Quality Issue,3622.89
RET0002968,ORD00060268,P0007,C00935,WH01,2024-11-15,1,Quality Issue,2867.92
RET0002969,ORD00060279,P0009,C00955,WH02,2024-11-14,1,Damaged,2886.73
RET0002970,ORD00060309,P0015,C00811,WH03,2024-11-17,1,Quality Issue,315.61
RET0002971,ORD00060323,P0018,C00246,WH02,2024-11-10,2,Damaged,2732.62
RET0002972,ORD00060326,P0018,C00756,WH05,2024-11-13,2,Customer Changed Mind,2459.36
RET0002973,ORD00060328,P0019,C00474,WH02,2024-11-14,1,Quality Issue,2758.24
RET0002974,ORD00060356,P0024,C00416,WH05,2024-11-14,2,Late Delivery,1778.86
RET0002975,ORD00060375,P0028,C00410,WH04,2024-11-08,1,Damaged,3874.46
RET0002976,ORD00060383,P0030,C00737,WH02,2024-11-07,2,Wrong Product,5914.87
RET0002977,ORD00060400,P0033,C00366,WH05,2024-11-23,2,Customer Changed Mind,5110.7
RET0002978,ORD00060430,P0040,C00433,WH01,2024-11-07,2,Customer Changed Mind,1820.79
RET0002979,ORD00060432,P0040,C00928,WH03,2024-11-15,2,Customer Changed Mind,2023.1
RET0002980,ORD00060439,P0001,C00243,WH05,2024-11-23,2,Wrong Product,3236.74
RET0002981,ORD00060460,P0006,C00919,WH01,2024-11-10,1,Customer Changed Mind,3441.75
RET0002982,ORD00060463,P0006,C00990,WH05,2024-11-10,1,Quality Issue,3441.75
RET0002983,ORD00060498,P0014,C00446,WH03,2024-11-13,2,Quality Issue,5268.64
RET0002984,ORD00060534,P0021,C00486,WH04,2024-11-19,1,Customer Changed Mind,798.86
RET0002985,ORD00060556,P0026,C00706,WH01,2024-11-18,2,Quality Issue,5557.87
RET0002986,ORD00060571,P0029,C00062,WH01,2024-11-23,2,Quality Issue,8357.4
RET0002987,ORD00060595,P0033,C00507,WH05,2024-11-14,1,Quality Issue,2555.35
RET0002988,ORD00060596,P0034,C00030,WH01,2024-11-08,1,Damaged,4112.91
RET0002989,ORD00060604,P0035,C00657,WH05,2024-11-22,2,Quality Issue,4251.14
RET0002990,ORD00060619,P0038,C00486,WH05,2024-11-19,1,Customer Changed Mind,1931.74
RET0002991,ORD00060631,P0001,C00444,WH02,2024-11-24,2,Customer Changed Mind,3488.49
RET0002992,ORD00060644,P0003,C00492,WH05,2024-11-09,1,Wrong Product,1220.29
RET0002993,ORD00060649,P0004,C00400,WH05,2024-11-23,1,Quality Issue,2227.7
RET0002994,ORD00060663,P0008,C00536,WH01,2024-11-11,1,Damaged,871.81
RET0002995,ORD00060709,P0017,C00795,WH03,2024-11-15,2,Damaged,2229.66
RET0002996,ORD00060713,P0018,C00516,WH02,2024-11-10,2,Damaged,2595.99
RET0002997,ORD00060757,P0027,C00733,WH03,2024-11-11,2,Customer Changed Mind,1538.74
RET0002998,ORD00060804,P0037,C00617,WH02,2024-11-13,1,Quality Issue,1781.01
RET0002999,ORD00060826,P0001,C00270,WH04,2024-11-19,1,Late Delivery,1744.24
RET0003000,ORD00060896,P0016,C00837,WH02,2024-11-17,2,Quality Issue,2220.88
RET0003001,ORD00060909,P0018,C00050,WH05,2024-11-20,2,Wrong Product,2595.99
RET0003002,ORD00060941,P0025,C00704,WH03,2024-11-11,1,Damaged,1697.08
RET0003003,ORD00060985,P0034,C00283,WH02,2024-11-18,1,Quality Issue,3907.26
RET0003004,ORD00061005,P0038,C00576,WH03,2024-11-14,1,Customer Changed Mind,2045.37
RET0003005,ORD00061023,P0002,C00398,WH01,2024-11-10,2,Quality Issue,1805.86
RET0003006,ORD00061062,P0009,C00134,WH05,2024-11-21,1,Customer Changed Mind,2886.73
RET0003007,ORD00061075,P0012,C00884,WH04,2024-11-18,1,Damaged,3089.32
RET0003008,ORD00061088,P0015,C00573,WH03,2024-11-23,1,Quality Issue,325.37
RET0003009,ORD00061118,P0021,C00211,WH03,2024-11-17,2,Quality Issue,1681.82
RET0003010,ORD00061125,P0023,C00959,WH01,2024-11-26,2,Customer Changed Mind,1705.27
RET0003011,ORD00061145,P0027,C00826,WH01,2024-11-24,1,Quality Issue,653.96
RET0003012,ORD00061150,P0028,C00016,WH01,2024-11-27,2,Wrong Product,7748.91
RET0003013,ORD00061159,P0029,C00591,WH05,2024-11-10,1,Customer Changed Mind,4178.7
RET0003014,ORD00061164,P0030,C00992,WH05,2024-11-11,2,Customer Changed Mind,6243.48
RET0003015,ORD00061227,P0003,C00816,WH04,2024-11-24,2,Quality Issue,2440.58
RET0003016,ORD00061251,P0008,C00864,WH03,2024-11-15,1,Customer Changed Mind,871.81
RET0003017,ORD00061252,P0008,C00266,WH04,2024-11-18,2,Late Delivery,1937.36
RET0003018,ORD00061256,P0009,C00290,WH03,2024-11-25,1,Quality Issue,2886.73
RET0003019,ORD00061259,P0010,C00464,WH01,2024-11-19,2,Quality Issue,7135.6
RET0003020,ORD00061261,P0010,C00435,WH03,2024-11-23,2,Quality Issue,6921.53
RET0003021,ORD00061268,P0011,C00726,WH05,2024-11-25,1,Damaged,746.61
RET0003022,ORD00061280,P0014,C00887,WH03,2024-11-15,2,Customer Changed Mind,5110.58
RET0003023,ORD00061393,P0037,C00380,WH02,2024-11-11,2,Damaged,3672.18
RET0003024,ORD00061443,P0007,C00925,WH03,2024-11-27,1,Damaged,2513.13
RET0003025,ORD00061456,P0010,C00688,WH01,2024-11-13,1,Quality Issue,3211.02
RET0003026,ORD00061474,P0013,C00713,WH04,2024-11-28,1,Quality Issue,3072.14
RET0003027,ORD00061511,P0021,C00054,WH01,2024-11-28,2,Quality Issue,1513.64
RET0003028,ORD00061517,P0022,C00321,WH02,2024-11-18,1,Wrong Product,592.92
RET0003029,ORD00061524,P0023,C00318,WH05,2024-11-25,1,Customer Changed Mind,762.88
RET0003030,ORD00061540,P0027,C00280,WH02,2024-11-15,2,Damaged,1538.74
RET0003031,ORD00061550,P0029,C00826,WH02,2024-11-14,1,Customer Changed Mind,4503.71
RET0003032,ORD00061567,P0032,C00459,WH04,2024-11-21,1,Quality Issue,1998.32
RET0003033,ORD00061572,P0033,C00236,WH04,2024-11-21,1,Quality Issue,2478.69
RET0003034,ORD00061600,P0039,C00107,WH02,2024-11-23,2,Quality Issue,1311.52
RET0003035,ORD00061601,P0039,C00412,WH03,2024-11-24,1,Late Delivery,636.09
RET0003036,ORD00061624,P0004,C00023,WH02,2024-11-25,1,Customer Changed Mind,2227.7
RET0003037,ORD00061653,P0010,C00739,WH01,2024-11-21,2,Customer Changed Mind,7135.6
RET0003038,ORD00061663,P0012,C00179,WH01,2024-11-17,1,Quality Issue,3089.32
RET0003039,ORD00061673,P0014,C00543,WH02,2024-11-23,1,Quality Issue,2370.89
RET0003040,ORD00061674,P0014,C00205,WH03,2024-11-28,2,Customer Changed Mind,5268.64
RET0003041,ORD00061694,P0018,C00708,WH03,2024-11-22,2,Damaged,2595.99
RET0003042,ORD00061697,P0019,C00705,WH01,2024-11-15,2,Late Delivery,5240.66
RET0003043,ORD00061710,P0021,C00990,WH04,2024-11-15,2,Customer Changed Mind,1681.82
RET0003044,ORD00061738,P0027,C00331,WH02,2024-11-26,2,Damaged,1461.8
RET0003045,ORD00061763,P0032,C00349,WH02,2024-11-25,1,Customer Changed Mind,2060.12
RET0003046,ORD00061764,P0032,C00600,WH03,2024-11-29,1,Late Delivery,2060.12
RET0003047,ORD00061772,P0034,C00447,WH01,2024-11-20,1,Damaged,3701.62
RET0003048,ORD00061777,P0035,C00409,WH01,2024-11-24,1,Customer Changed Mind,2125.57
RET0003049,ORD00061798,P0039,C00589,WH02,2024-11-20,2,Wrong Product,1311.52
RET0003050,ORD00061825,P0004,C00832,WH04,2024-11-26,1,Quality Issue,2227.7
RET0003051,ORD00061858,P0011,C00053,WH04,2024-11-23,1,Wrong Product,724.21
RET0003052,ORD00061897,P0019,C00137,WH03,2024-11-23,1,Quality Issue,2620.33
RET0003053,ORD00061933,P0026,C00197,WH05,2024-11-29,2,Customer Changed Mind,5729.76
RET0003054,ORD00061937,P0027,C00886,WH04,2024-11-26,2,Customer Changed Mind,1538.74
RET0003055,ORD00061948,P0029,C00105,WH05,2024-11-19,2,Customer Changed Mind,8357.4
RET0003056,ORD00061966,P0033,C00737,WH04,2024-11-24,1,Damaged,2555.35
RET0003057,ORD00061986,P0038,C00678,WH02,2024-11-17,1,Customer Changed Mind,2272.63
RET0003058,ORD00062031,P0007,C00071,WH05,2024-11-26,1,Quality Issue,2956.62
RET0003059,ORD00062047,P0011,C00047,WH01,2024-11-23,1,Quality Issue,709.28
RET0003060,ORD00062127,P0027,C00228,WH01,2024-11-17,1,Quality Issue,730.9
RET0003061,ORD00062146,P0030,C00140,WH05,2024-11-24,1,Damaged,3286.04
RET0003062,ORD00062177,P0037,C00572,WH03,2024-11-15,1,Damaged,1836.09
RET0003063,ORD00062193,P0040,C00579,WH04,2024-11-26,2,Quality Issue,2023.1
RET0003064,ORD00062225,P0007,C00570,WH02,2024-11-24,2,Wrong Product,5321.92
RET0003065,ORD00062227,P0007,C00859,WH04,2024-12-02,1,Damaged,2867.92
RET0003066,ORD00062290,P0020,C00766,WH04,2024-11-20,1,Damaged,2943.68
RET0003067,ORD00062308,P0024,C00775,WH03,2024-12-03,2,Damaged,1600.97
RET0003068,ORD00062314,P0025,C00377,WH04,2024-11-21,2,Quality Issue,3572.8
RET0003069,ORD00062318,P0026,C00064,WH03,2024-11-20,1,Customer Changed Mind,2778.93
RET0003070,ORD00062406,P0004,C00216,WH03,2024-11-19,1,Damaged,2004.93
RET0003071,ORD00062419,P0007,C00815,WH02,2024-12-01,1,Quality Issue,2956.62
RET0003072,ORD00062438,P0011,C00015,WH01,2024-11-24,2,Late Delivery,1493.22
RET0003073,ORD00062447,P0012,C00020,WH05,2024-11-29,1,Wrong Product,3089.32
RET0003074,ORD00062451,P0013,C00766,WH04,2024-11-24,1,Customer Changed Mind,3252.85
RET0003075,ORD00062453,P0014,C00040,WH01,2024-11-18,2,Wrong Product,5110.58
RET0003076,ORD00062464,P0016,C00561,WH02,2024-11-20,2,Wrong Product,2154.25
RET0003077,ORD00062481,P0019,C00661,WH04,2024-11-19,2,Quality Issue,5516.48
RET0003078,ORD00062509,P0025,C00150,WH03,2024-11-28,1,Customer Changed Mind,1786.4
RET0003079,ORD00062567,P0037,C00678,WH05,2024-11-28,2,Customer Changed Mind,3672.18
RET0003080,ORD00062573,P0039,C00516,WH01,2024-11-30,1,Quality Issue,655.76
RET0003081,ORD00062578,P0040,C00738,WH01,2024-11-17,1,Quality Issue,981.2
RET0003082,ORD00062593,P0003,C00669,WH01,2024-11-30,1,Quality Issue,1220.29
RET0003083,ORD00062603,P0005,C00892,WH01,2024-11-19,1,Customer Changed Mind,1485.69
RET0003084,ORD00062620,P0008,C00838,WH03,2024-11-23,2,Customer Changed Mind,1937.36
RET0003085,ORD00062652,P0014,C00383,WH05,2024-11-26,1,Customer Changed Mind,2370.89
RET0003086,ORD00062653,P0015,C00023,WH01,2024-11-20,1,Quality Issue,292.83
RET0003087,ORD00062670,P0018,C00160,WH03,2024-12-02,1,Quality Issue,1325.32
RET0003088,ORD00062671,P0018,C00172,WH04,2024-12-01,1,Damaged,1297.99
RET0003089,ORD00062675,P0019,C00946,WH03,2024-12-04,2,Damaged,4964.83
RET0003090,ORD00062679,P0020,C00123,WH02,2024-11-27,2,Wrong Product,5765.97
RET0003091,ORD00062692,P0022,C00859,WH05,2024-11-18,1,Wrong Product,611.26
RET0003092,ORD00062705,P0025,C00077,WH03,2024-11-29,1,Wrong Product,1518.44
RET0003093,ORD00062785,P0001,C00143,WH04,2024-12-04,2,Wrong Product,3236.74
RET0003094,ORD00062786,P0001,C00890,WH05,2024-12-05,1,Late Delivery,1798.19
RET0003095,ORD00062803,P0005,C00829,WH02,2024-12-03,2,Damaged,3136.46
RET0003096,ORD00062822,P0009,C00303,WH03,2024-11-28,2,Quality Issue,6414.96
RET0003097,ORD00062832,P0011,C00752,WH03,2024-12-06,1,Quality Issue,709.28
RET0003098,ORD00062862,P0017,C00736,WH04,2024-11-26,1,Damaged,1081.39
RET0003099,ORD00062863,P0017,C00075,WH05,2024-12-06,2,Quality Issue,2229.66
RET0003100,ORD00062894,P0024,C00209,WH01,2024-11-29,2,Quality Issue,1600.97
RET0003101,ORD00062895,P0024,C00591,WH02,2024-11-26,2,Late Delivery,1689.92
RET0003102,ORD00062899,P0025,C00318,WH01,2024-11-20,1,Quality Issue,1697.08
RET0003103,ORD00062969,P0039,C00745,WH02,2024-11-19,2,Late Delivery,1311.52
RET0003104,ORD00062988,P0003,C00337,WH01,2024-11-24,1,Customer Changed Mind,1159.28
RET0003105,ORD00063069,P0019,C00209,WH04,2024-11-29,1,Customer Changed Mind,2620.33
RET0003106,ORD00063092,P0024,C00368,WH03,2024-11-29,2,Customer Changed Mind,1689.92
RET0003107,ORD00063099,P0025,C00774,WH05,2024-11-27,2,Quality Issue,3036.88
RET0003108,ORD00063148,P0036,C00101,WH03,2024-12-07,1,Customer Changed Mind,2730.07
RET0003109,ORD00063150,P0036,C00003,WH05,2024-11-21,1,Quality Issue,2814.51
RET0003110,ORD00063225,P0012,C00653,WH04,2024-11-21,2,Late Delivery,6178.64
RET0003111,ORD00063285,P0024,C00820,WH05,2024-11-21,1,Quality Issue,889.43
RET0003112,ORD00063320,P0032,C00853,WH01,2024-11-24,1,Quality Issue,2060.12
RET0003113,ORD00063355,P0039,C00990,WH03,2024-12-02,2,Customer Changed Mind,1245.94
RET0003114,ORD00063370,P0002,C00444,WH03,2024-11-25,1,Customer Changed Mind,902.93
RET0003115,ORD00063384,P0005,C00906,WH02,2024-12-02,2,Damaged,3301.54
RET0003116,ORD00063401,P0008,C00058,WH04,2024-12-03,2,Customer Changed Mind,1879.24
RET0003117,ORD00063405,P0009,C00584,WH03,2024-12-06,1,Quality Issue,3207.48
RET0003118,ORD00063422,P0012,C00492,WH05,2024-12-06,1,Customer Changed Mind,3089.32
RET0003119,ORD00063444,P0017,C00210,WH02,2024-11-23,1,Quality Issue,1114.83
RET0003120,ORD00063465,P0021,C00778,WH03,2024-11-23,2,Quality Issue,1631.37
RET0003121,ORD00063487,P0025,C00359,WH05,2024-12-06,2,Quality Issue,3215.52
RET0003122,ORD00063488,P0026,C00352,WH01,2024-12-07,2,Quality Issue,4870.3
RET0003123,ORD00063552,P0039,C00094,WH01,2024-11-24,1,Quality Issue,655.76
RET0003124,ORD00063606,P0010,C00236,WH01,2024-11-27,1,Damaged,3460.77
RET0003125,ORD00063612,P0011,C00765,WH02,2024-12-04,2,Quality Issue,1493.22
RET0003126,ORD00063693,P0027,C00561,WH03,2024-12-01,1,Quality Issue,746.29
RET0003127,ORD00063721,P0033,C00848,WH02,2024-12-06,2,Damaged,4599.63
RET0003128,ORD00063742,P0037,C00099,WH05,2024-12-04,1,Quality Issue,1652.48
RET0003129,ORD00063761,P0001,C00539,WH04,2024-11-27,1,Customer Changed Mind,1744.24
RET0003130,ORD00063767,P0002,C00300,WH05,2024-11-27,2,Late Delivery,1900.9
RET0003131,ORD00063791,P0007,C00580,WH04,2024-11-25,1,Damaged,2808.79
RET0003132,ORD00063856,P0020,C00333,WH05,2024-12-03,1,Wrong Product,2731.25
RET0003133,ORD00063858,P0021,C00308,WH02,2024-12-05,1,Quality Issue,815.68
RET0003134,ORD00063867,P0023,C00383,WH01,2024-12-10,2,Quality Issue,1741.17
RET0003135,ORD00063877,P0025,C00703,WH01,2024-12-01,1,Customer Changed Mind,1786.4
RET0003136,ORD00063891,P0027,C00680,WH05,2024-11-30,2,Customer Changed Mind,1492.58
RET0003137,ORD00063898,P0029,C00112,WH02,2024-12-03,1,Wrong Product,4410.85
RET0003138,ORD00063920,P0033,C00406,WH05,2024-12-05,1,Quality Issue,2172.05
RET0003139,ORD00063921,P0034,C00689,WH01,2024-12-04,1,Customer Changed Mind,3495.97
RET0003140,ORD00063929,P0035,C00741,WH04,2024-11-24,2,Damaged,4038.58
RET0003141,ORD00063945,P0038,C00861,WH05,2024-12-08,1,Quality Issue,2272.63
RET0003142,ORD00063967,P0003,C00946,WH02,2024-12-01,2,Quality Issue,2440.58
RET0003143,ORD00063977,P0005,C00686,WH02,2024-12-05,1,Late Delivery,1650.77
RET0003144,ORD00063995,P0009,C00942,WH02,2024-12-04,1,Quality Issue,3207.48
RET0003145,ORD00064002,P0010,C00307,WH04,2024-11-27,2,Wrong Product,7135.6
RET0003146,ORD00064010,P0012,C00651,WH02,2024-12-01,1,Customer Changed Mind,2780.39
RET0003147,ORD00064015,P0013,C00444,WH03,2024-12-05,1,Customer Changed Mind,3614.28
RET0003148,ORD00064027,P0015,C00520,WH05,2024-12-01,2,Customer Changed Mind,618.2
RET0003149,ORD00064035,P0017,C00099,WH03,2024-12-02,2,Wrong Product,2229.66
RET0003150,ORD00064071,P0024,C00501,WH04,2024-12-05,1,Quality Issue,862.75
RET0003151,ORD00064082,P0026,C00535,WH05,2024-12-05,2,Quality Issue,5729.76
RET0003152,ORD00064092,P0028,C00468,WH05,2024-11-28,2,Damaged,8351.6
RET0003153,ORD00064111,P0032,C00897,WH05,2024-12-11,1,Damaged,1998.32
RET0003154,ORD00064117,P0034,C00514,WH01,2024-12-12,1,Quality Issue,3907.26
RET0003155,ORD00064143,P0039,C00795,WH02,2024-12-11,1,Quality Issue,590.18
RET0003156,ORD00064164,P0003,C00326,WH03,2024-11-28,2,Quality Issue,2318.55
RET0003157,ORD00064165,P0003,C00610,WH04,2024-12-03,1,Quality Issue,1220.29
RET0003158,ORD00064170,P0004,C00438,WH04,2024-12-07,2,Quality Issue,4455.4
RET0003159,ORD00064258,P0022,C00451,WH04,2024-12-07,2,Wrong Product,1100.27
RET0003160,ORD00064275,P0026,C00261,WH01,2024-12-12,2,Quality Issue,5729.76
RET0003161,ORD00064280,P0027,C00801,WH01,2024-12-05,2,Late Delivery,1384.87
RET0003162,ORD00064286,P0028,C00528,WH02,2024-12-09,2,Late Delivery,8179.4
RET0003163,ORD00064308,P0032,C00571,WH04,2024-12-12,1,Quality Issue,1998.32
RET0003164,ORD00064310,P0033,C00692,WH01,2024-12-08,2,Customer Changed Mind,4344.09
RET0003165,ORD00064318,P0034,C00694,WH04,2024-12-12,1,Customer Changed Mind,3907.26
RET0003166,ORD00064345,P0040,C00798,WH01,2024-12-05,1,Customer Changed Mind,910.4
RET0003167,ORD00064380,P0007,C00438,WH01,2024-12-10,1,Quality Issue,2956.62
RET0003168,ORD00064385,P0008,C00501,WH01,2024-12-09,2,Quality Issue,1937.36
RET0003169,ORD00064414,P0013,C00797,WH05,2024-12-10,2,Quality Issue,7011.7
RET0003170,ORD00064420,P0015,C00063,WH01,2024-12-14,1,Customer Changed Mind,292.83
RET0003171,ORD00064430,P0017,C00229,WH01,2024-11-29,2,Late Delivery,2006.69
RET0003172,ORD00064446,P0020,C00626,WH02,2024-11-30,1,Customer Changed Mind,2943.68
RET0003173,ORD00064493,P0030,C00954,WH01,2024-11-28,2,Customer Changed Mind,6243.48
RET0003174,ORD00064498,P0031,C00700,WH01,2024-12-06,2,Late Delivery,1188.86
RET0003175,ORD00064512,P0033,C00564,WH05,2024-12-08,2,Customer Changed Mind,5110.7
RET0003176,ORD00064526,P0036,C00617,WH04,2024-12-10,1,Quality Issue,2730.07
RET0003177,ORD00064541,P0039,C00481,WH04,2024-12-03,2,Wrong Product,1272.17
RET0003178,ORD00064555,P0002,C00500,WH03,2024-11-30,2,Damaged,1710.81
RET0003179,ORD00064573,P0006,C00532,WH01,2024-12-02,2,Quality Issue,6158.91
RET0003180,ORD00064581,P0007,C00822,WH04,2024-12-14,1,Damaged,2660.96
RET0003181,ORD00064600,P0011,C00371,WH03,2024-12-13,2,Late Delivery,1418.56
RET0003182,ORD00064673,P0026,C00641,WH04,2024-12-11,2,Quality Issue,5729.76
RET0003183,ORD00064719,P0035,C00158,WH05,2024-12-09,2,Damaged,4038.58
RET0003184,ORD00064755,P0003,C00638,WH02,2024-12-03,2,Quality Issue,2440.58
RET0003185,ORD00064789,P0010,C00741,WH01,2024-12-05,1,Quality Issue,3567.8
RET0003186,ORD00064794,P0011,C00982,WH01,2024-12-05,2,Quality Issue,1493.22
RET0003187,ORD00064799,P0012,C00903,WH01,2024-11-30,2,Customer Changed Mind,5560.78
RET0003188,ORD00064801,P0012,C00939,WH03,2024-12-04,2,Wrong Product,6178.64
RET0003189,ORD00064825,P0017,C00550,WH02,2024-12-09,1,Quality Issue,1114.83
RET0003190,ORD00064852,P0022,C00451,WH04,2024-12-02,2,Quality Issue,1222.52
RET0003191,ORD00064864,P0025,C00959,WH01,2024-11-29,2,Quality Issue,3465.62
RET0003192,ORD00064883,P0028,C00160,WH05,2024-12-10,1,Quality Issue,4304.95
RET0003193,ORD00064891,P0030,C00595,WH03,2024-12-07,1,Damaged,3286.04
RET0003194,ORD00064903,P0033,C01000,WH01,2024-12-07,2,Customer Changed Mind,4599.63
RET0003195,ORD00064921,P0037,C00862,WH01,2024-12-05,2,Customer Changed Mind,3488.57
RET0003196,ORD00064931,P0039,C00925,WH01,2024-12-16,2,Damaged,1311.52
RET0003197,ORD00064997,P0012,C00563,WH03,2024-12-03,1,Damaged,2934.85
RET0003198,ORD00065010,P0015,C00772,WH01,2024-12-05,1,Quality Issue,325.37
RET0003199,ORD00065037,P0020,C00068,WH03,2024-12-09,2,Quality Issue,6069.44
RET0003200,ORD00065042,P0021,C00296,WH03,2024-12-06,1,Late Delivery,840.91
RET0003201,ORD00065147,P0002,C00397,WH05,2024-12-04,2,Customer Changed Mind,1710.81
RET0003202,ORD00065166,P0006,C00486,WH04,2024-12-04,2,Late Delivery,6521.2
RET0003203,ORD00065171,P0007,C00650,WH04,2024-12-07,1,Wrong Product,2956.62
RET0003204,ORD00065181,P0009,C00471,WH04,2024-12-05,2,Customer Changed Mind,6094.21
RET0003205,ORD00065211,P0015,C00598,WH05,2024-12-01,1,Late Delivery,309.1
RET0003206,ORD00065232,P0020,C00964,WH01,2024-12-10,2,Damaged,5765.97
RET0003207,ORD00065235,P0020,C00840,WH04,2024-12-09,1,Quality Issue,3034.72
RET0003208,ORD00065237,P0021,C00825,WH01,2024-12-18,2,Quality Issue,1597.73
RET0003209,ORD00065256,P0025,C00783,WH01,2024-12-12,2,Quality Issue,3572.8
RET0003210,ORD00065259,P0025,C00224,WH04,2024-12-15,1,Quality Issue,1697.08
RET0003211,ORD00065260,P0025,C00466,WH05,2024-12-15,1,Damaged,1786.4
RET0003212,ORD00065327,P0039,C00928,WH05,2024-12-08,1,Customer Changed Mind,655.76
RET0003213,ORD00065346,P0003,C00473,WH05,2024-12-06,2,Customer Changed Mind,2440.58
RET0003214,ORD00065362,P0007,C00484,WH02,2024-12-06,1,Damaged,2808.79
RET0003215,ORD00065372,P0009,C00302,WH02,2024-12-12,2,Quality Issue,6094.21
RET0003216,ORD00065382,P0011,C00225,WH02,2024-12-11,1,Customer Changed Mind,671.95
RET0003217,ORD00065405,P0016,C00803,WH01,2024-12-16,1,Damaged,1110.44
RET0003218,ORD00065413,P0017,C00820,WH04,2024-12-12,2,Quality Issue,2118.18
RET0003219,ORD00065439,P0022,C00774,WH05,2024-12-09,1,Quality Issue,580.7
RET0003220,ORD00065441,P0023,C00359,WH02,2024-12-11,2,Quality Issue,1795.02
RET0003221,ORD00065463,P0027,C00054,WH04,2024-12-08,1,Quality Issue,730.9
RET0003222,ORD00065464,P0027,C00234,WH05,2024-12-06,1,Wrong Product,769.37
RET0003223,ORD00065471,P0029,C00101,WH02,2024-12-02,2,Customer Changed Mind,8357.4
RET0003224,ORD00065474,P0029,C00339,WH05,2024-12-13,2,Customer Changed Mind,9286.0
RET0003225,ORD00065488,P0032,C00514,WH04,2024-12-13,2,Quality Issue,3914.23
RET0003226,ORD00065508,P0036,C00690,WH05,2024-12-14,2,Wrong Product,5066.12
RET0003227,ORD00065545,P0004,C00534,WH02,2024-12-10,1,Customer Changed Mind,2227.7
RET0003228,ORD00065551,P0005,C00037,WH03,2024-12-16,2,Quality Issue,2971.39
RET0003229,ORD00065554,P0006,C00009,WH01,2024-12-05,1,Customer Changed Mind,3079.46
RET0003230,ORD00065561,P0007,C00289,WH03,2024-12-11,2,Damaged,5617.58
RET0003231,ORD00065580,P0011,C00418,WH02,2024-12-20,1,Damaged,746.61
RET0003232,ORD00065606,P0016,C00369,WH03,2024-12-17,1,Quality Issue,1054.92
RET0003233,ORD00065622,P0019,C00712,WH04,2024-12-10,1,Damaged,2344.5
RET0003234,ORD00065629,P0021,C00717,WH01,2024-12-11,2,Quality Issue,1681.82
RET0003235,ORD00065676,P0030,C00810,WH03,2024-12-11,1,Quality Issue,3286.04
RET0003236,ORD00065683,P0031,C00175,WH05,2024-12-07,1,Quality Issue,640.67
RET0003237,ORD00065697,P0034,C00773,WH04,2024-12-19,1,Late Delivery,4112.91
RET0003238,ORD00065699,P0035,C00603,WH01,2024-12-19,2,Quality Issue,4251.14
RET0003239,ORD00065716,P0038,C00790,WH03,2024-12-11,2,Damaged,4545.26
RET0003240,ORD00065799,P0015,C00166,WH01,2024-12-05,1,Quality Issue,315.61
RET0003241,ORD00065830,P0021,C00141,WH02,2024-12-17,2,Wrong Product,1681.82
RET0003242,ORD00065846,P0024,C00189,WH03,2024-12-19,1,Damaged,844.96
RET0003243,ORD00065900,P0035,C00417,WH03,2024-12-21,1,Wrong Product,2125.57
RET0003244,ORD00065921,P0039,C00384,WH04,2024-12-16,2,Quality Issue,1311.52
RET0003245,ORD00065945,P0004,C00398,WH03,2024-12-11,1,Quality Issue,2227.7
RET0003246,ORD00066004,P0017,C00511,WH01,2024-12-19,2,Damaged,2006.69
RET0003247,ORD00066041,P0024,C00961,WH05,2024-12-14,1,Damaged,800.49
RET0003248,ORD00066060,P0028,C00511,WH04,2024-12-11,1,Wrong Product,3874.46
RET0003249,ORD00066096,P0036,C00427,WH02,2024-12-19,1,Wrong Product,2814.51
RET0003250,ORD00066112,P0039,C00739,WH03,2024-12-08,2,Damaged,1180.37
RET0003251,ORD00066128,P0002,C00439,WH04,2024-12-12,2,Late Delivery,1900.9
RET0003252,ORD00066134,P0003,C00422,WH05,2024-12-12,1,Damaged,1220.29
RET0003253,ORD00066207,P0018,C00086,WH03,2024-12-11,1,Quality Issue,1325.32
RET0003254,ORD00066227,P0022,C00932,WH03,2024-12-15,2,Damaged,1161.39
RET0003255,ORD00066231,P0023,C00718,WH02,2024-12-08,2,Quality Issue,1525.77
RET0003256,ORD00066234,P0023,C00420,WH05,2024-12-06,1,Wrong Product,897.51
RET0003257,ORD00066272,P0031,C00746,WH03,2024-12-21,1,Quality Issue,660.48
RET0003258,ORD00066273,P0031,C00977,WH04,2024-12-15,1,Quality Issue,660.48
RET0003259,ORD00066281,P0033,C00657,WH02,2024-12-13,2,Damaged,4599.63
RET0003260,ORD00066288,P0034,C00267,WH04,2024-12-13,2,Quality Issue,7814.53
RET0003261,ORD00066294,P0035,C00473,WH05,2024-12-06,1,Quality Issue,2125.57
RET0003262,ORD00066297,P0036,C00650,WH03,2024-12-14,2,Customer Changed Mind,5629.02
RET0003263,ORD00066304,P0038,C00189,WH01,2024-12-15,1,Quality Issue,2272.63
RET0003264,ORD00066309,P0039,C00376,WH01,2024-12-11,2,Damaged,1311.52
RET0003265,ORD00066399,P0017,C00980,WH03,2024-12-22,2,Quality Issue,2118.18
RET0003266,ORD00066426,P0023,C00769,WH01,2024-12-08,2,Quality Issue,1795.02
RET0003267,ORD00066459,P0029,C00004,WH04,2024-12-20,2,Quality Issue,9286.0
RET0003268,ORD00066486,P0035,C00273,WH02,2024-12-18,2,Customer Changed Mind,4251.14
RET0003269,ORD00066509,P0039,C00306,WH05,2024-12-08,1,Late Delivery,655.76
RET0003270,ORD00066515,P0001,C00154,WH01,2024-12-12,1,Quality Issue,1798.19
RET0003271,ORD00066547,P0007,C00455,WH04,2024-12-18,2,Late Delivery,5735.84
RET0003272,ORD00066565,P0011,C00451,WH04,2024-12-08,2,Damaged,1343.9
RET0003273,ORD00066567,P0012,C00372,WH01,2024-12-21,2,Customer Changed Mind,5993.28
RET0003274,ORD00066570,P0012,C00194,WH04,2024-12-17,1,Customer Changed Mind,3089.32
RET0003275,ORD00066576,P0013,C00074,WH05,2024-12-18,1,Customer Changed Mind,3433.57
RET0003276,ORD00066609,P0020,C00058,WH03,2024-12-19,1,Wrong Product,3034.72
RET0003277,ORD00066629,P0024,C00684,WH03,2024-12-10,2,Damaged,1689.92
RET0003278,ORD00066643,P0027,C00744,WH03,2024-12-23,2,Damaged,1538.74
RET0003279,ORD00066678,P0034,C00041,WH03,2024-12-18,1,Quality Issue,3495.97
RET0003280,ORD00066694,P0037,C00602,WH04,2024-12-09,1,Quality Issue,1836.09
RET0003281,ORD00066742,P0007,C00601,WH04,2024-12-16,2,Customer Changed Mind,5913.24
RET0003282,ORD00066790,P0017,C00149,WH04,2024-12-11,2,Quality Issue,2006.69
RET0003283,ORD00066796,P0018,C00095,WH05,2024-12-19,2,Quality Issue,2732.62
RET0003284,ORD00066819,P0023,C00142,WH03,2024-12-14,1,Quality Issue,852.63
RET0003285,ORD00066822,P0024,C00911,WH01,2024-12-12,1,Quality Issue,800.49
RET0003286,ORD00066834,P0026,C00227,WH03,2024-12-24,1,Customer Changed Mind,2721.64
RET0003287,ORD00066917,P0003,C00126,WH02,2024-12-17,2,Customer Changed Mind,2196.52
RET0003288,ORD00066921,P0004,C00345,WH01,2024-12-18,2,Damaged,4321.74
RET0003289,ORD00066935,P0007,C00297,WH01,2024-12-16,2,Quality Issue,5913.24
RET0003290,ORD00066942,P0008,C00104,WH03,2024-12-18,1,Damaged,968.68
RET0003291,ORD00066943,P0008,C00824,WH04,2024-12-17,1,Damaged,871.81
RET0003292,ORD00066950,P0010,C00157,WH01,2024-12-11,2,Customer Changed Mind,6778.82
RET0003293,ORD00066965,P0013,C00925,WH01,2024-12-14,1,Damaged,3505.85
RET0003294,ORD00066971,P0014,C00051,WH02,2024-12-27,2,Damaged,5005.21
RET0003295,ORD00066972,P0014,C00703,WH03,2024-12-22,2,Damaged,5268.64
RET0003296,ORD00067009,P0021,C00313,WH05,2024-12-27,1,Late Delivery,840.91
RET0003297,ORD00067060,P0032,C00799,WH02,2024-12-19,2,Customer Changed Mind,4120.24
RET0003298,ORD00067116,P0003,C00275,WH04,2024-12-26,2,Damaged,2318.55
RET0003299,ORD00067208,P0022,C00556,WH03,2024-12-13,2,Damaged,1222.52
RET0003300,ORD00067210,P0022,C00166,WH05,2024-12-16,1,Quality Issue,611.26
RET0003301,ORD00067216,P0024,C00894,WH01,2024-12-19,1,Late Delivery,889.43
RET0003302,ORD00067225,P0025,C00077,WH05,2024-12-11,1,Quality Issue,1732.81
RET0003303,ORD00067228,P0026,C00651,WH03,2024-12-19,1,Quality Issue,2864.88
RET0003304,ORD00067239,P0028,C00598,WH04,2024-12-15,1,Late Delivery,4089.7
RET0003305,ORD00067291,P0039,C00450,WH03,2024-12-23,1,Customer Changed Mind,655.76
RET0003306,ORD00067331,P0007,C00487,WH04,2024-12-25,2,Quality Issue,5913.24
RET0003307,ORD00067343,P0010,C00273,WH03,2024-12-23,2,Quality Issue,7135.6
RET0003308,ORD00067400,P0022,C00703,WH01,2024-12-15,1,Quality Issue,580.7
RET0003309,ORD00067406,P0023,C00402,WH03,2024-12-27,1,Damaged,870.58
RET0003310,ORD00067409,P0024,C00230,WH01,2024-12-28,1,Quality Issue,800.49
RET0003311,ORD00067418,P0025,C00111,WH05,2024-12-17,1,Late Delivery,1786.4
RET0003312,ORD00067422,P0026,C00973,WH04,2024-12-20,1,Late Delivery,2864.88
RET0003313,ORD00067457,P0033,C00911,WH05,2024-12-25,2,Damaged,5110.7
RET0003314,ORD00067477,P0038,C00716,WH01,2024-12-26,1,Customer Changed Mind,2272.63
RET0003315,ORD00067494,P0001,C00324,WH03,2024-12-18,1,Quality Issue,1528.46
RET0003316,ORD00067498,P0002,C00188,WH02,2024-12-15,1,Quality Issue,902.93
RET0003317,ORD00067503,P0003,C00160,WH02,2024-12-29,1,Customer Changed Mind,1220.29
RET0003318,ORD00067516,P0005,C00617,WH05,2024-12-29,1,Quality Issue,1485.69
RET0003319,ORD00067573,P0017,C00997,WH02,2024-12-20,1,Quality Issue,1114.83
RET0003320,ORD00067604,P0023,C00143,WH04,2024-12-25,2,Quality Issue,1795.02
RET0003321,ORD00067731,P0009,C00800,WH02,2024-12-25,1,Quality Issue,3047.11
RET0003322,ORD00067766,P0016,C00152,WH02,2024-12-31,1,Damaged,1054.92
RET0003323,ORD00067785,P0020,C00816,WH01,2024-12-15,1,Customer Changed Mind,2882.98
RET0003324,ORD00067786,P0020,C00260,WH02,2024-12-22,2,Wrong Product,5887.36
RET0003325,ORD00067789,P0020,C00403,WH05,2024-12-14,1,Customer Changed Mind,3034.72
RET0003326,ORD00067821,P0027,C00909,WH02,2024-12-22,2,Wrong Product,1384.87
RET0003327,ORD00067884,P0040,C00898,WH01,2024-12-25,2,Damaged,1921.94
RET0003328,ORD00067887,P0040,C00891,WH04,2024-12-28,1,Wrong Product,1011.55
RET0003329,ORD00067890,P0001,C00642,WH02,2024-12-19,2,Damaged,3236.74
RET0003330,ORD00067962,P0015,C00881,WH05,2024-12-29,1,Quality Issue,325.37
RET0003331,ORD00068010,P0025,C00078,WH04,2024-12-28,2,Late Delivery,3572.8
RET0003332,ORD00068012,P0026,C00269,WH01,2024-12-21,1,Quality Issue,2721.64
RET0003333,ORD00068014,P0026,C00068,WH03,2024-12-29,2,Quality Issue,5729.76
RET0003334,ORD00068062,P0036,C00881,WH03,2024-12-21,2,Quality Issue,5347.57
RET0003335,ORD00068063,P0036,C00905,WH04,2024-12-27,1,Damaged,2814.51
RET0003336,ORD00068131,P0010,C00832,WH03,2024-12-26,1,Damaged,3211.02
RET0003337,ORD00068182,P0020,C00600,WH05,2024-12-16,1,Damaged,2882.98
RET0003338,ORD00068186,P0021,C00162,WH04,2024-12-22,2,Wrong Product,1597.73
RET0003339,ORD00068226,P0029,C00375,WH04,2024-12-28,2,Quality Issue,8357.4
RET0003340,ORD00068227,P0029,C00891,WH05,2024-12-31,1,Damaged,4503.71
RET0003341,ORD00068262,P0036,C00488,WH05,2025-01-02,1,Damaged,2533.06
RET0003342,ORD00068263,P0037,C00616,WH01,2024-12-28,1,Wrong Product,1836.09
RET0003343,ORD00068278,P0040,C00423,WH03,2024-12-26,2,Quality Issue,2023.1
RET0003344,ORD00068297,P0004,C00258,WH02,2024-12-24,1,Quality Issue,2227.7
RET0003345,ORD00068303,P0005,C00958,WH03,2024-12-18,1,Damaged,1568.23
RET0003346,ORD00068330,P0011,C00008,WH01,2024-12-30,2,Customer Changed Mind,1448.42
RET0003347,ORD00068361,P0017,C00340,WH02,2024-12-25,2,Customer Changed Mind,2229.66
RET0003348,ORD00068387,P0022,C00367,WH04,2025-01-02,1,Damaged,611.26
RET0003349,ORD00068396,P0024,C00353,WH03,2024-12-29,2,Customer Changed Mind,1778.86
RET0003350,ORD00068406,P0026,C00957,WH03,2024-12-25,2,Damaged,5557.87
RET0003351,ORD00068413,P0027,C00673,WH05,2025-01-03,1,Quality Issue,730.9
RET0003352,ORD00068447,P0034,C00552,WH04,2024-12-20,2,Quality Issue,8225.82
RET0003353,ORD00068452,P0035,C00058,WH04,2024-12-23,1,Quality Issue,2125.57
RET0003354,ORD00068472,P0039,C00116,WH04,2024-12-19,2,Quality Issue,1272.17
RET0003355,ORD00068499,P0005,C00781,WH01,2024-12-25,1,Damaged,1650.77
RET0003356,ORD00068560,P0017,C00476,WH03,2024-12-21,1,Damaged,1059.09
RET0003357,ORD00068579,P0021,C00735,WH02,2024-12-23,2,Damaged,1681.82
RET0003358,ORD00068604,P0026,C00174,WH02,2025-01-03,1,Damaged,2864.88
RET0003359,ORD00068605,P0026,C00981,WH03,2024-12-19,2,Customer Changed Mind,5729.76
RET0003360,ORD00068611,P0027,C00537,WH04,2024-12-31,1,Customer Changed Mind,692.43
RET0003361,ORD00068621,P0029,C00902,WH04,2025-01-02,2,Quality Issue,8821.7
RET0003362,ORD00068638,P0033,C00604,WH01,2024-12-29,2,Damaged,4855.16
RET0003363,ORD00068674,P0040,C00587,WH03,2024-12-18,1,Damaged,859.82
RET0003364,ORD00068679,P0001,C00760,WH03,2025-01-05,1,Damaged,1798.19
RET0003365,ORD00068720,P0009,C00823,WH04,2025-01-05,1,Quality Issue,3207.48
RET0003366,ORD00068778,P0021,C00380,WH03,2024-12-20,1,Quality Issue,840.91
RET0003367,ORD00068795,P0025,C00564,WH02,2024-12-23,1,Customer Changed Mind,1732.81
RET0003368,ORD00068811,P0028,C00919,WH03,2024-12-22,2,Customer Changed Mind,8351.6
RET0003369,ORD00068833,P0033,C00982,WH01,2024-12-31,1,Quality Issue,2172.05
RET0003370,ORD00068840,P0034,C00436,WH03,2025-01-02,1,Damaged,3701.62
RET0003371,ORD00068928,P0012,C00382,WH02,2024-12-28,2,Wrong Product,5869.71
RET0003372,ORD00068936,P0014,C00534,WH01,2024-12-23,2,Quality Issue,5005.21
RET0003373,ORD00068939,P0014,C00694,WH04,2025-01-02,1,Wrong Product,2370.89
RET0003374,ORD00068990,P0024,C00845,WH05,2025-01-01,2,Quality Issue,1689.92
RET0003375,ORD00069048,P0036,C00114,WH04,2024-12-23,1,Damaged,2814.51
RET0003376,ORD00069055,P0038,C00145,WH01,2025-01-02,2,Damaged,3863.47
RET0003377,ORD00069078,P0002,C00167,WH05,2024-12-27,1,Quality Issue,902.93
RET0003378,ORD00069100,P0007,C00887,WH02,2025-01-05,2,Wrong Product,5913.24
RET0003379,ORD00069136,P0014,C00550,WH04,2025-01-04,1,Damaged,2555.29
RET0003380,ORD00069144,P0016,C00384,WH02,2024-12-21,2,Late Delivery,2109.84
RET0003381,ORD00069178,P0023,C00576,WH02,2024-12-29,1,Quality Issue,852.63
RET0003382,ORD00069190,P0026,C00015,WH01,2024-12-21,1,Wrong Product,2864.88
RET0003383,ORD00069196,P0027,C00458,WH02,2025-01-04,2,Late Delivery,1538.74
RET0003384,ORD00069204,P0028,C00751,WH05,2024-12-23,1,Damaged,4175.8
RET0003385,ORD00069225,P0033,C00206,WH03,2025-01-01,2,Quality Issue,4957.38
RET0003386,ORD00069250,P0038,C00247,WH03,2024-12-27,1,Customer Changed Mind,2272.63
RET0003387,ORD00069271,P0002,C00406,WH04,2024-12-22,1,Damaged,950.45
RET0003388,ORD00069275,P0003,C00333,WH03,2025-01-07,1,Late Delivery,1098.26
RET0003389,ORD00069281,P0004,C00052,WH04,2025-01-04,1,Damaged,2116.31
RET0003390,ORD00069284,P0005,C00353,WH02,2024-12-29,2,Quality Issue,3301.54
RET0003391,ORD00069290,P0006,C00432,WH04,2025-01-07,1,Quality Issue,3622.89
RET0003392,ORD00069294,P0007,C00923,WH04,2025-01-06,1,Customer Changed Mind,2660.96
RET0003393,ORD00069300,P0008,C00109,WH05,2025-01-02,2,Late Delivery,1743.62
RET0003394,ORD00069321,P0013,C00839,WH01,2024-12-30,1,Quality Issue,3252.85
RET0003395,ORD00069327,P0014,C00481,WH03,2024-12-29,1,Customer Changed Mind,2370.89
RET0003396,ORD00069397,P0028,C00141,WH03,2024-12-31,2,Late Delivery,8179.4
RET0003397,ORD00069411,P0031,C00251,WH02,2025-01-06,2,Quality Issue,1320.96
RET0003398,ORD00069464,P0002,C00489,WH03,2025-01-07,1,Quality Issue,807.88
RET0003399,ORD00069479,P0005,C00672,WH03,2025-01-03,2,Customer Changed Mind,3301.54
RET0003400,ORD00069489,P0007,C00060,WH04,2025-01-04,1,Customer Changed Mind,2808.79
RET0003401,ORD00069502,P0010,C00327,WH02,2025-01-02,1,Quality Issue,3389.41
RET0003402,ORD00069549,P0019,C00325,WH04,2025-01-04,1,Wrong Product,2675.49
RET0003403,ORD00069558,P0021,C00810,WH03,2025-01-03,2,Damaged,1597.73
RET0003404,ORD00069605,P0030,C00676,WH05,2025-01-07,1,Wrong Product,3286.04
RET0003405,ORD00069622,P0034,C00317,WH03,2024-12-24,1,Wrong Product,3495.97
RET0003406,ORD00069630,P0036,C00911,WH01,2025-01-04,2,Wrong Product,5629.02
RET0003407,ORD00069633,P0036,C00408,WH04,2024-12-29,2,Damaged,5629.02
RET0003408,ORD00069644,P0038,C00841,WH05,2024-12-23,1,Quality Issue,2272.63
RET0003409,ORD00069648,P0039,C00153,WH04,2025-01-06,1,Damaged,622.97
RET0003410,ORD00069654,P0040,C00763,WH05,2024-12-25,2,Quality Issue,1820.79
RET0003411,ORD00069676,P0005,C00624,WH02,2025-01-04,1,Customer Changed Mind,1485.69
RET0003412,ORD00069726,P0015,C00413,WH04,2024-12-30,2,Quality Issue,618.2
RET0003413,ORD00069738,P0018,C00324,WH01,2025-01-04,2,Damaged,2732.62
RET0003414,ORD00069743,P0019,C00846,WH01,2025-01-10,2,Quality Issue,5240.66
RET0003415,ORD00069793,P0029,C00710,WH01,2025-01-01,2,Quality Issue,8821.7
RET0003416,ORD00069821,P0034,C00839,WH04,2024-12-24,1,Quality Issue,3495.97
RET0003417,ORD00069828,P0036,C00902,WH01,2024-12-24,2,Customer Changed Mind,5629.02
RET0003418,ORD00069876,P0005,C00711,WH04,2025-01-09,2,Customer Changed Mind,3136.46
RET0003419,ORD00069911,P0013,C00978,WH02,2024-12-29,1,Quality Issue,3614.28
RET0003420,ORD00069970,P0025,C00881,WH03,2025-01-07,2,Wrong Product,3215.52
RET0003421,ORD00069994,P0030,C00613,WH02,2025-01-11,1,Wrong Product,3121.74
RET0003422,ORD00070026,P0037,C00296,WH01,2025-01-08,2,Damaged,3488.57
RET0003423,ORD00070042,P0040,C00090,WH02,2025-01-06,2,Customer Changed Mind,2023.1
RET0003424,ORD00070044,P0040,C00462,WH04,2025-01-05,1,Damaged,960.97
RET0003425,ORD00070053,P0002,C00120,WH03,2025-01-03,1,Quality Issue,921.94
RET0003426,ORD00070092,P0010,C00289,WH03,2025-01-03,1,Damaged,3389.41
RET0003427,ORD00070108,P0013,C00531,WH04,2025-01-11,2,Quality Issue,6867.13
RET0003428,ORD00070149,P0021,C00925,WH05,2025-01-02,2,Wrong Product,1681.82
RET0003429,ORD00070158,P0023,C00669,WH04,2025-01-06,1,Late Delivery,762.88
RET0003430,ORD00070181,P0028,C00398,WH02,2025-01-06,2,Wrong Product,8351.6
RET0003431,ORD00070194,P0030,C00926,WH05,2024-12-28,1,Damaged,3187.46
RET0003432,ORD00070217,P0035,C00244,WH05,2025-01-07,2,Damaged,4038.58
RET0003433,ORD00070266,P0005,C00514,WH04,2025-01-10,1,Late Delivery,1601.25
RET0003434,ORD00070268,P0006,C00473,WH01,2025-01-13,1,Quality Issue,3622.89
RET0003435,ORD00070331,P0018,C00075,WH04,2025-01-08,2,Quality Issue,2459.36
RET0003436,ORD00070394,P0031,C00467,WH03,2025-01-06,2,Damaged,1281.33
RET0003437,ORD00070403,P0033,C00520,WH02,2024-12-30,1,Quality Issue,2555.35
RET0003438,ORD00070408,P0034,C00109,WH02,2025-01-01,2,Quality Issue,7814.53
RET0003439,ORD00070409,P0034,C00470,WH03,2025-01-12,2,Quality Issue,8225.82
RET0003440,ORD00070477,P0008,C00136,WH04,2025-01-06,1,Damaged,939.62
RET0003441,ORD00070526,P0018,C00644,WH03,2025-01-10,1,Quality Issue,1366.31
RET0003442,ORD00070555,P0024,C00350,WH02,2025-01-04,1,Quality Issue,862.75
RET0003443,ORD00070575,P0028,C00328,WH02,2025-01-01,2,Quality Issue,7318.41
RET0003444,ORD00070591,P0031,C00282,WH03,2025-01-03,2,Damaged,1254.91
RET0003445,ORD00070593,P0031,C00436,WH05,2025-01-07,2,Wrong Product,1320.96
RET0003446,ORD00070595,P0032,C00301,WH02,2025-01-14,1,Quality Issue,2060.12
RET0003447,ORD00070654,P0004,C00128,WH01,2024-12-30,1,Customer Changed Mind,2227.7
RET0003448,ORD00070658,P0004,C00978,WH05,2025-01-15,2,Customer Changed Mind,4455.4
RET0003449,ORD00070661,P0005,C00790,WH03,2025-01-11,1,Quality Issue,1601.25
RET0003450,ORD00070666,P0006,C00374,WH03,2025-01-06,1,Wrong Product,3514.2
RET0003451,ORD00070697,P0012,C00123,WH04,2025-01-02,2,Customer Changed Mind,6178.64
RET0003452,ORD00070708,P0014,C00413,WH05,2025-01-07,2,Damaged,5268.64
RET0003453,ORD00070710,P0015,C00540,WH02,2025-01-03,1,Quality Issue,292.83
RET0003454,ORD00070715,P0016,C00519,WH02,2025-01-11,2,Quality Issue,1998.79
RET0003455,ORD00070773,P0027,C00219,WH05,2025-01-02,1,Late Delivery,769.37
RET0003456,ORD00070791,P0031,C00659,WH04,2025-01-09,2,Customer Changed Mind,1320.96
RET0003457,ORD00070806,P0034,C00919,WH04,2025-01-06,1,Late Delivery,4112.91
RET0003458,ORD00070866,P0006,C00209,WH05,2025-01-01,2,Wrong Product,7245.78
RET0003459,ORD00070875,P0008,C00088,WH04,2025-01-10,1,Quality Issue,968.68
RET0003460,ORD00070880,P0009,C00707,WH05,2025-01-11,1,Customer Changed Mind,3111.26
RET0003461,ORD00070889,P0011,C00310,WH04,2025-01-15,2,Damaged,1493.22
RET0003462,ORD00070890,P0011,C00541,WH05,2024-12-30,2,Customer Changed Mind,1418.56
RET0003463,ORD00070893,P0012,C00966,WH03,2025-01-11,2,Quality Issue,5993.28
RET0003464,ORD00070895,P0012,C00261,WH05,2025-01-08,2,Quality Issue,5560.78
RET0003465,ORD00070908,P0015,C00747,WH05,2024-12-30,2,Customer Changed Mind,618.2
RET0003466,ORD00070933,P0020,C00180,WH05,2025-01-05,2,Customer Changed Mind,5765.97
RET0003467,ORD00070938,P0021,C00372,WH05,2025-01-03,1,Customer Changed Mind,756.82
RET0003468,ORD00070943,P0022,C00741,WH05,2025-01-09,1,Quality Issue,611.26
RET0003469,ORD00070984,P0031,C00762,WH01,2025-01-08,1,Quality Issue,660.48
RET0003470,ORD00070993,P0032,C00845,WH05,2025-01-06,2,Late Delivery,4120.24
RET0003471,ORD00071006,P0035,C00675,WH03,2025-01-03,1,Damaged,2061.8
RET0003472,ORD00071022,P0038,C00005,WH04,2025-01-11,1,Damaged,2272.63
RET0003473,ORD00071032,P0040,C00674,WH04,2025-01-15,2,Damaged,1820.79
RET0003474,ORD00071033,P0040,C00633,WH05,2025-01-05,1,Damaged,910.4
RET0003475,ORD00071077,P0009,C00275,WH04,2025-01-08,2,Damaged,6414.96
RET0003476,ORD00071139,P0022,C00483,WH01,2025-01-14,2,Damaged,1222.52
RET0003477,ORD00071188,P0031,C00322,WH05,2025-01-16,2,Wrong Product,1254.91
RET0003478,ORD00071196,P0033,C00467,WH03,2025-01-03,1,Wrong Product,2555.35
RET0003479,ORD00071250,P0004,C00756,WH02,2025-01-04,2,Late Delivery,4009.86
RET0003480,ORD00071321,P0018,C00535,WH04,2025-01-13,2,Damaged,2459.36
RET0003481,ORD00071332,P0020,C00437,WH05,2025-01-01,1,Damaged,2731.25
RET0003482,ORD00071341,P0022,C00569,WH04,2025-01-15,1,Customer Changed Mind,611.26
RET0003483,ORD00071346,P0023,C00026,WH04,2025-01-14,2,Wrong Product,1705.27
RET0003484,ORD00071370,P0028,C00456,WH03,2025-01-04,1,Damaged,4089.7
RET0003485,ORD00071390,P0032,C00602,WH03,2025-01-02,2,Customer Changed Mind,3996.63
RET0003486,ORD00071412,P0037,C00099,WH01,2025-01-06,1,Customer Changed Mind,1652.48
RET0003487,ORD00071446,P0004,C00458,WH01,2025-01-08,1,Customer Changed Mind,2227.7
RET0003488,ORD00071448,P0004,C00185,WH03,2025-01-15,2,Customer Changed Mind,4455.4
RET0003489,ORD00071456,P0006,C00620,WH02,2025-01-09,1,Quality Issue,3622.89
RET0003490,ORD00071467,P0008,C00248,WH04,2025-01-12,2,Damaged,1840.49
RET0003491,ORD00071486,P0012,C00234,WH04,2025-01-16,1,Damaged,2780.39
RET0003492,ORD00071511,P0017,C00587,WH05,2025-01-14,1,Quality Issue,1059.09
RET0003493,ORD00071533,P0022,C00893,WH02,2025-01-03,2,Wrong Product,1161.39
RET0003494,ORD00071539,P0023,C00365,WH03,2025-01-18,2,Customer Changed Mind,1795.02
RET0003495,ORD00071548,P0025,C00971,WH02,2025-01-10,2,Quality Issue,3572.8
RET0003496,ORD00071551,P0025,C00925,WH05,2025-01-02,2,Wrong Product,3215.52
RET0003497,ORD00071577,P0031,C00830,WH01,2025-01-12,2,Customer Changed Mind,1320.96
RET0003498,ORD00071587,P0033,C00834,WH01,2025-01-10,1,Customer Changed Mind,2555.35
RET0003499,ORD00071601,P0036,C00229,WH01,2025-01-09,1,Damaged,2673.78
RET0003500,ORD00071607,P0037,C00987,WH02,2025-01-05,1,Wrong Product,1744.29
RET0003501,ORD00071636,P0003,C00619,WH01,2025-01-14,1,Damaged,1159.28
RET0003502,ORD00071675,P0010,C00757,WH05,2025-01-11,2,Damaged,7135.6
RET0003503,ORD00071697,P0015,C00013,WH03,2025-01-20,2,Quality Issue,585.67
RET0003504,ORD00071713,P0018,C00708,WH04,2025-01-05,1,Customer Changed Mind,1325.32
RET0003505,ORD00071726,P0021,C00058,WH02,2025-01-10,2,Customer Changed Mind,1631.37
RET0003506,ORD00071743,P0024,C00385,WH04,2025-01-09,1,Damaged,889.43
RET0003507,ORD00071750,P0026,C00772,WH01,2025-01-10,1,Damaged,2864.88
RET0003508,ORD00071779,P0031,C00603,WH05,2025-01-07,1,Wrong Product,627.46
RET0003509,ORD00071798,P0035,C00017,WH04,2025-01-14,2,Customer Changed Mind,4038.58
RET0003510,ORD00071838,P0003,C00213,WH04,2025-01-11,1,Quality Issue,1220.29
RET0003511,ORD00071849,P0005,C00532,WH05,2025-01-06,1,Late Delivery,1650.77
RET0003512,ORD00071900,P0016,C00734,WH03,2025-01-15,2,Customer Changed Mind,2220.88
RET0003513,ORD00071918,P0020,C00700,WH01,2025-01-18,2,Late Delivery,5765.97
RET0003514,ORD00071927,P0021,C00350,WH05,2025-01-13,2,Late Delivery,1681.82
RET0003515,ORD00071935,P0023,C00720,WH03,2025-01-07,1,Wrong Product,897.51
RET0003516,ORD00071955,P0027,C00109,WH03,2025-01-13,1,Customer Changed Mind,769.37
RET0003517,ORD00071968,P0030,C00584,WH01,2025-01-15,1,Customer Changed Mind,3286.04
RET0003518,ORD00071991,P0034,C00192,WH05,2025-01-05,1,Quality Issue,3907.26
RET0003519,ORD00071995,P0035,C00032,WH04,2025-01-10,2,Damaged,4251.14
RET0003520,ORD00072046,P0005,C00261,WH05,2025-01-07,1,Customer Changed Mind,1650.77
RET0003521,ORD00072111,P0019,C00743,WH05,2025-01-13,2,Damaged,5516.48
RET0003522,ORD00072137,P0025,C00106,WH02,2025-01-06,2,Wrong Product,3394.16
RET0003523,ORD00072158,P0029,C00254,WH03,2025-01-14,2,Quality Issue,9007.42
RET0003524,ORD00072162,P0030,C00432,WH02,2025-01-17,2,Damaged,6572.08
RET0003525,ORD00072171,P0032,C00704,WH01,2025-01-08,1,Damaged,2060.12
RET0003526,ORD00072172,P0032,C00514,WH02,2025-01-22,2,Damaged,3914.23
RET0003527,ORD00072183,P0034,C00099,WH03,2025-01-15,2,Quality Issue,7403.24
RET0003528,ORD00072198,P0037,C00953,WH03,2025-01-08,1,Quality Issue,1652.48
RET0003529,ORD00072203,P0038,C00361,WH03,2025-01-09,2,Wrong Product,4545.26
RET0003530,ORD00072239,P0005,C00393,WH04,2025-01-06,1,Damaged,1650.77
RET0003531,ORD00072275,P0013,C00539,WH01,2025-01-22,1,Quality Issue,3505.85
RET0003532,ORD00072288,P0015,C00549,WH04,2025-01-16,1,Quality Issue,325.37
RET0003533,ORD00072307,P0019,C00169,WH03,2025-01-11,1,Damaged,2758.24
RET0003534,ORD00072341,P0026,C00934,WH02,2025-01-11,2,Quality Issue,5729.76
RET0003535,ORD00072423,P0002,C00721,WH05,2025-01-15,1,Customer Changed Mind,807.88
RET0003536,ORD00072502,P0018,C00068,WH05,2025-01-24,1,Customer Changed Mind,1366.31
RET0003537,ORD00072518,P0022,C00341,WH01,2025-01-07,1,Quality Issue,611.26
RET0003538,ORD00072520,P0022,C00236,WH03,2025-01-22,2,Damaged,1185.84
RET0003539,ORD00072526,P0023,C00895,WH04,2025-01-23,1,Quality Issue,897.51
RET0003540,ORD00072534,P0025,C00553,WH02,2025-01-15,1,Quality Issue,1697.08
RET0003541,ORD00072550,P0028,C00693,WH03,2025-01-17,1,Wrong Product,3874.46
RET0003542,ORD00072557,P0029,C00309,WH05,2025-01-23,1,Damaged,4643.0
RET0003543,ORD00072562,P0030,C00255,WH05,2025-01-07,1,Wrong Product,3121.74
RET0003544,ORD00072579,P0034,C00905,WH02,2025-01-10,1,Quality Issue,4112.91
RET0003545,ORD00072622,P0002,C00257,WH05,2025-01-21,2,Quality Issue,1805.86
RET0003546,ORD00072625,P0003,C00987,WH03,2025-01-25,1,Damaged,1098.26
RET0003547,ORD00072648,P0008,C00017,WH01,2025-01-09,2,Damaged,1937.36
RET0003548,ORD00072693,P0017,C00563,WH01,2025-01-08,1,Late Delivery,1114.83
RET0003549,ORD00072728,P0024,C00646,WH01,2025-01-20,2,Quality Issue,1725.49
RET0003550,ORD00072754,P0029,C00249,WH02,2025-01-23,2,Wrong Product,9286.0
RET0003551,ORD00072793,P0037,C00373,WH01,2025-01-21,2,Wrong Product,3488.57
RET0003552,ORD00072804,P0039,C00871,WH02,2025-01-18,2,Damaged,1311.52
RET0003553,ORD00072808,P0040,C00030,WH01,2025-01-24,1,Damaged,1011.55
RET0003554,ORD00072832,P0004,C00442,WH05,2025-01-25,2,Damaged,4455.4
RET0003555,ORD00072838,P0006,C00603,WH02,2025-01-18,2,Quality Issue,6521.2
RET0003556,ORD00072887,P0016,C00690,WH02,2025-01-19,2,Customer Changed Mind,1998.79
RET0003557,ORD00072897,P0018,C00935,WH02,2025-01-22,1,Damaged,1366.31
RET0003558,ORD00072914,P0021,C00330,WH05,2025-01-10,2,Late Delivery,1597.73
RET0003559,ORD00072960,P0031,C00702,WH01,2025-01-23,1,Customer Changed Mind,660.48
RET0003560,ORD00072977,P0034,C00282,WH04,2025-01-15,1,Damaged,4112.91
RET0003561,ORD00072989,P0037,C00305,WH01,2025-01-15,2,Customer Changed Mind,3304.96
RET0003562,ORD00073014,P0002,C00280,WH01,2025-01-15,1,Damaged,950.45
RET0003563,ORD00073023,P0003,C00747,WH05,2025-01-18,2,Wrong Product,2440.58
RET0003564,ORD00073024,P0004,C00185,WH01,2025-01-26,2,Quality Issue,4455.4
RET0003565,ORD00073035,P0006,C00256,WH02,2025-01-22,2,Late Delivery,7245.78
RET0003566,ORD00073040,P0007,C00431,WH03,2025-01-25,1,Wrong Product,2956.62
RET0003567,ORD00073049,P0009,C00924,WH02,2025-01-15,2,Wrong Product,6414.96
RET0003568,ORD00073077,P0014,C00080,WH05,2025-01-24,1,Damaged,2502.6
RET0003569,ORD00073093,P0018,C00873,WH01,2025-01-27,1,Wrong Product,1325.32
RET0003570,ORD00073127,P0025,C00767,WH01,2025-01-27,1,Quality Issue,1786.4
RET0003571,ORD00073152,P0030,C00359,WH01,2025-01-23,1,Customer Changed Mind,3187.46
RET0003572,ORD00073217,P0003,C00927,WH01,2025-01-23,2,Quality Issue,2196.52
RET0003573,ORD00073226,P0004,C00055,WH05,2025-01-25,2,Quality Issue,4009.86
RET0003574,ORD00073253,P0010,C00213,WH05,2025-01-14,2,Damaged,7135.6
RET0003575,ORD00073260,P0012,C00821,WH02,2025-01-12,2,Quality Issue,5869.71
RET0003576,ORD00073273,P0014,C00417,WH05,2025-01-12,2,Damaged,4478.34
RET0003577,ORD00073288,P0017,C00376,WH05,2025-01-26,1,Wrong Product,1003.35
RET0003578,ORD00073289,P0018,C00731,WH01,2025-01-27,2,Quality Issue,2650.64
RET0003579,ORD00073296,P0019,C00936,WH03,2025-01-28,2,Customer Changed Mind,5516.48
RET0003580,ORD00073347,P0029,C00122,WH05,2025-01-14,1,Quality Issue,4178.7
RET0003581,ORD00073356,P0031,C00998,WH04,2025-01-19,1,Customer Changed Mind,594.43
RET0003582,ORD00073413,P0003,C00742,WH02,2025-01-25,1,Customer Changed Mind,1098.26
RET0003583,ORD00073424,P0005,C00072,WH03,2025-01-18,2,Damaged,3301.54
RET0003584,ORD00073456,P0011,C00748,WH05,2025-01-15,2,Customer Changed Mind,1448.42
RET0003585,ORD00073457,P0012,C00420,WH02,2025-01-18,2,Wrong Product,5993.28
RET0003586,ORD00073483,P0017,C00869,WH03,2025-01-26,1,Wrong Product,1003.35
RET0003587,ORD00073486,P0018,C00613,WH01,2025-01-28,1,Damaged,1325.32
RET0003588,ORD00073490,P0018,C00233,WH05,2025-01-13,2,Damaged,2595.99
RET0003589,ORD00073518,P0024,C00363,WH03,2025-01-22,1,Customer Changed Mind,889.43
RET0003590,ORD00073522,P0025,C00945,WH02,2025-01-15,1,Quality Issue,1518.44
RET0003591,ORD00073523,P0025,C00604,WH03,2025-01-16,1,Wrong Product,1697.08
RET0003592,ORD00073545,P0029,C00798,WH05,2025-01-13,2,Quality Issue,9286.0
RET0003593,ORD00073550,P0030,C00895,WH05,2025-01-20,1,Wrong Product,3286.04
RET0003594,ORD00073571,P0035,C00518,WH01,2025-01-25,2,Quality Issue,4038.58
RET0003595,ORD00073572,P0035,C00470,WH02,2025-01-27,1,Quality Issue,2125.57
RET0003596,ORD00073598,P0040,C00139,WH03,2025-01-14,1,Late Delivery,1011.55
RET0003597,ORD00073603,P0001,C00294,WH03,2025-01-19,1,Wrong Product,1744.24
RET0003598,ORD00073617,P0004,C00924,WH02,2025-01-13,1,Wrong Product,2227.7
RET0003599,ORD00073638,P0008,C00855,WH04,2025-01-29,1,Late Delivery,920.25
RET0003600,ORD00073651,P0011,C00186,WH02,2025-01-19,2,Damaged,1418.56
RET0003601,ORD00073658,P0012,C00386,WH04,2025-01-16,1,Quality Issue,3089.32
RET0003602,ORD00073671,P0015,C00539,WH03,2025-01-27,1,Quality Issue,325.37
RET0003603,ORD00073674,P0016,C00354,WH01,2025-01-26,1,Damaged,1054.92
RET0003604,ORD00073683,P0017,C00392,WH05,2025-01-21,2,Quality Issue,2162.77
RET0003605,ORD00073763,P0033,C00741,WH05,2025-01-24,1,Late Delivery,2555.35
RET0003606,ORD00073764,P0034,C00446,WH01,2025-01-19,1,Quality Issue,4112.91
RET0003607,ORD00073791,P0039,C00884,WH03,2025-01-17,1,Quality Issue,622.97
RET0003608,ORD00073793,P0039,C00889,WH05,2025-01-18,2,Quality Issue,1311.52
RET0003609,ORD00073797,P0040,C00148,WH04,2025-01-19,2,Quality Issue,2023.1
RET0003610,ORD00073813,P0003,C00303,WH05,2025-01-22,1,Quality Issue,1159.28
RET0003611,ORD00073818,P0004,C00582,WH05,2025-01-20,1,Customer Changed Mind,2227.7
RET0003612,ORD00073870,P0016,C00881,WH01,2025-01-20,2,Quality Issue,2220.88
RET0003613,ORD00073871,P0016,C00512,WH02,2025-01-24,1,Customer Changed Mind,1110.44
RET0003614,ORD00073903,P0022,C00820,WH04,2025-01-28,1,Wrong Product,611.26
RET0003615,ORD00073969,P0036,C00795,WH01,2025-01-20,1,Customer Changed Mind,2673.78
RET0003616,ORD00074006,P0003,C00101,WH04,2025-01-19,2,Customer Changed Mind,2440.58
RET0003617,ORD00074015,P0005,C00910,WH03,2025-01-18,1,Damaged,1568.23
RET0003618,ORD00074025,P0007,C00819,WH03,2025-01-16,1,Quality Issue,2956.62
RET0003619,ORD00074129,P0028,C00750,WH02,2025-01-16,1,Quality Issue,4304.95
RET0003620,ORD00074176,P0037,C00106,WH05,2025-01-15,2,Late Delivery,3672.18
RET0003621,ORD00074186,P0039,C00065,WH05,2025-01-24,2,Customer Changed Mind,1245.94
RET0003622,ORD00074208,P0004,C00914,WH03,2025-02-02,1,Quality Issue,2160.87
RET0003623,ORD00074209,P0004,C00518,WH04,2025-02-01,1,Damaged,2227.7
RET0003624,ORD00074220,P0007,C00948,WH01,2025-01-23,2,Wrong Product,5735.84
RET0003625,ORD00074238,P0010,C00730,WH04,2025-01-19,1,Customer Changed Mind,3567.8
RET0003626,ORD00074248,P0012,C00273,WH05,2025-01-28,1,Damaged,2996.64
RET0003627,ORD00074249,P0013,C00598,WH01,2025-01-24,1,Wrong Product,3072.14
RET0003628,ORD00074277,P0018,C00374,WH04,2025-02-02,1,Customer Changed Mind,1366.31
RET0003629,ORD00074290,P0021,C00658,WH02,2025-01-22,1,Customer Changed Mind,840.91
RET0003630,ORD00074292,P0021,C00695,WH04,2025-01-17,1,Quality Issue,840.91
RET0003631,ORD00074330,P0029,C00309,WH02,2025-01-30,2,Quality Issue,9286.0
RET0003632,ORD00074369,P0037,C00807,WH03,2025-01-30,2,Late Delivery,3121.35
RET0003633,ORD00074381,P0039,C00111,WH05,2025-01-25,2,Damaged,1311.52
RET0003634,ORD00074390,P0001,C00829,WH04,2025-01-27,1,Damaged,1708.28
RET0003635,ORD00074516,P0027,C00190,WH02,2025-01-26,2,Damaged,1538.74
RET0003636,ORD00074535,P0031,C00203,WH01,2025-01-22,1,Quality Issue,627.46
RET0003637,ORD00074573,P0038,C00181,WH04,2025-01-31,2,Wrong Product,4408.9
RET0003638,ORD00074604,P0004,C00540,WH05,2025-01-22,2,Quality Issue,4232.63
RET0003639,ORD00074607,P0005,C00853,WH03,2025-01-21,2,Wrong Product,2806.31
RET0003640,ORD00074610,P0006,C00989,WH01,2025-01-26,2,Damaged,7028.41
RET0003641,ORD00074628,P0009,C00495,WH04,2025-02-04,2,Quality Issue,6414.96
RET0003642,ORD00074631,P0010,C00400,WH02,2025-02-03,2,Quality Issue,7135.6
RET0003643,ORD00074634,P0010,C00979,WH05,2025-01-19,1,Wrong Product,3567.8
RET0003644,ORD00074637,P0011,C00169,WH03,2025-01-24,2,Quality Issue,1343.9
RET0003645,ORD00074662,P0016,C00113,WH04,2025-01-18,2,Quality Issue,2220.88
RET0003646,ORD00074690,P0022,C00485,WH02,2025-01-29,1,Customer Changed Mind,580.7
RET0003647,ORD00074712,P0026,C00665,WH05,2025-02-01,1,Damaged,2864.88
RET0003648,ORD00074720,P0028,C00537,WH03,2025-02-01,1,Damaged,4304.95
RET0003649,ORD00074722,P0028,C00318,WH05,2025-02-04,1,Quality Issue,4304.95
RET0003650,ORD00074731,P0030,C00048,WH04,2025-01-19,1,Wrong Product,3286.04
RET0003651,ORD00074734,P0031,C00407,WH02,2025-02-04,2,Quality Issue,1122.82
RET0003652,ORD00074743,P0033,C00710,WH01,2025-01-19,1,Quality Issue,2427.58
RET0003653,ORD00074746,P0033,C00645,WH04,2025-01-27,1,Quality Issue,2555.35
RET0003654,ORD00074747,P0033,C00044,WH05,2025-01-19,2,Quality Issue,4855.16
RET0003655,ORD00074763,P0037,C00696,WH02,2025-01-26,1,Quality Issue,1560.68
RET0003656,ORD00074764,P0037,C00704,WH03,2025-01-22,1,Quality Issue,1781.01
RET0003657,ORD00074801,P0004,C00282,WH05,2025-01-28,1,Quality Issue,2227.7
RET0003658,ORD00074824,P0009,C00600,WH03,2025-01-26,1,Damaged,2886.73
RET0003659,ORD00074833,P0011,C00640,WH02,2025-01-28,2,Wrong Product,1343.9
RET0003660,ORD00074843,P0013,C00783,WH02,2025-01-23,2,Quality Issue,6867.13
RET0003661,ORD00074864,P0017,C00330,WH03,2025-01-23,1,Quality Issue,1114.83
RET0003662,ORD00074892,P0023,C00937,WH01,2025-02-03,1,Wrong Product,807.76
RET0003663,ORD00074899,P0024,C00992,WH03,2025-02-03,2,Wrong Product,1725.49
RET0003664,ORD00074911,P0026,C00954,WH05,2025-01-25,1,Customer Changed Mind,2864.88
RET0003665,ORD00074926,P0029,C00425,WH05,2025-01-23,2,Quality Issue,7893.1
RET0003666,ORD00074992,P0003,C00788,WH01,2025-01-23,1,Damaged,1098.26
RET0003667,ORD00075014,P0007,C00761,WH04,2025-01-31,2,Quality Issue,5735.84
RET0003668,ORD00075081,P0021,C00138,WH01,2025-01-28,1,Quality Issue,756.82
RET0003669,ORD00075136,P0032,C00642,WH01,2025-01-23,2,Damaged,4120.24
RET0003670,ORD00075213,P0007,C00182,WH04,2025-01-23,2,Damaged,5735.84
RET0003671,ORD00075215,P0008,C00863,WH01,2025-02-03,1,Damaged,968.68
RET0003672,ORD00075243,P0013,C00970,WH04,2025-01-22,2,Customer Changed Mind,7228.56
RET0003673,ORD00075288,P0022,C00194,WH04,2025-01-21,2,Quality Issue,1222.52
RET0003674,ORD00075334,P0031,C00582,WH05,2025-01-23,2,Damaged,1254.91
RET0003675,ORD00075369,P0038,C00003,WH05,2025-02-02,2,Customer Changed Mind,4545.26
RET0003676,ORD00075387,P0002,C00084,WH03,2025-01-26,2,Wrong Product,1900.9
RET0003677,ORD00075411,P0007,C00935,WH03,2025-02-04,2,Quality Issue,5617.58
RET0003678,ORD00075477,P0020,C00327,WH05,2025-01-22,2,Damaged,5765.97
RET0003679,ORD00075488,P0023,C00845,WH01,2025-02-08,1,Quality Issue,897.51
RET0003680,ORD00075504,P0026,C00435,WH02,2025-01-26,2,Quality Issue,5443.27
RET0003681,ORD00075510,P0027,C00393,WH03,2025-01-23,1,Customer Changed Mind,692.43
RET0003682,ORD00075513,P0028,C00650,WH01,2025-02-05,2,Quality Issue,8351.6
RET0003683,ORD00075524,P0030,C00444,WH02,2025-01-31,2,Damaged,5586.27
RET0003684,ORD00075565,P0038,C00516,WH05,2025-01-23,2,Damaged,4318.0
RET0003685,ORD00075621,P0010,C00211,WH04,2025-02-02,1,Quality Issue,3211.02
RET0003686,ORD00075626,P0011,C00822,WH04,2025-02-03,1,Quality Issue,724.21
RET0003687,ORD00075675,P0021,C00009,WH03,2025-02-07,2,Damaged,1681.82
RET0003688,ORD00075716,P0029,C00504,WH05,2025-01-27,1,Late Delivery,4503.71
RET0003689,ORD00075800,P0007,C00951,WH03,2025-01-26,1,Customer Changed Mind,2867.92
RET0003690,ORD00075829,P0013,C00203,WH02,2025-02-07,1,Damaged,3614.28
RET0003691,ORD00075861,P0019,C00958,WH04,2025-02-10,2,Quality Issue,5516.48
RET0003692,ORD00075868,P0021,C00054,WH01,2025-02-04,1,Customer Changed Mind,840.91
RET0003693,ORD00075897,P0026,C00375,WH05,2025-02-06,1,Quality Issue,2721.64
RET0003694,ORD00075954,P0038,C00047,WH02,2025-02-07,1,Damaged,2204.45
RET0003695,ORD00075959,P0039,C00346,WH03,2025-01-25,2,Customer Changed Mind,1272.17
RET0003696,ORD00075968,P0001,C00627,WH03,2025-01-26,1,Damaged,1798.19
RET0003697,ORD00075986,P0005,C00568,WH01,2025-01-28,2,Quality Issue,3136.46
RET0003698,ORD00076001,P0008,C00648,WH02,2025-01-26,2,Quality Issue,1840.49
RET0003699,ORD00076099,P0027,C00020,WH05,2025-01-25,1,Quality Issue,769.37
RET0003700,ORD00076147,P0037,C00224,WH04,2025-01-29,1,Damaged,1836.09
RET0003701,ORD00076171,P0002,C00356,WH03,2025-01-31,2,Wrong Product,1710.81
RET0003702,ORD00076184,P0005,C00446,WH01,2025-02-06,2,Quality Issue,3202.49
RET0003703,ORD00076191,P0006,C00626,WH05,2025-02-08,1,Damaged,3260.6
RET0003704,ORD00076228,P0014,C00649,WH02,2025-01-28,2,Customer Changed Mind,4478.34
RET0003705,ORD00076230,P0014,C00466,WH04,2025-02-12,1,Quality Issue,2634.32
RET0003706,ORD00076242,P0017,C00982,WH01,2025-02-10,1,Quality Issue,1114.83
RET0003707,ORD00076252,P0019,C00343,WH01,2025-02-11,1,Quality Issue,2482.42
RET0003708,ORD00076280,P0024,C00814,WH05,2025-02-01,1,Customer Changed Mind,889.43
RET0003709,ORD00076293,P0027,C00271,WH03,2025-02-02,1,Damaged,730.9
RET0003710,ORD00076295,P0027,C00818,WH05,2025-01-31,2,Customer Changed Mind,1538.74
RET0003711,ORD00076348,P0039,C00960,WH02,2025-02-10,2,Wrong Product,1245.94
RET0003712,ORD00076402,P0010,C00129,WH01,2025-01-27,1,Customer Changed Mind,3567.8
RET0003713,ORD00076410,P0011,C00963,WH04,2025-02-07,1,Late Delivery,671.95
RET0003714,ORD00076423,P0014,C00578,WH02,2025-02-12,2,Customer Changed Mind,5268.64
RET0003715,ORD00076431,P0015,C00582,WH05,2025-02-13,2,Wrong Product,650.74
RET0003716,ORD00076458,P0021,C00323,WH02,2025-02-10,1,Wrong Product,756.82
RET0003717,ORD00076489,P0027,C00370,WH03,2025-02-01,2,Customer Changed Mind,1538.74
RET0003718,ORD00076502,P0030,C00976,WH01,2025-02-08,2,Wrong Product,6374.92
RET0003719,ORD00076503,P0030,C00793,WH02,2025-02-07,2,Late Delivery,5914.87
RET0003720,ORD00076525,P0035,C00275,WH01,2025-01-28,2,Damaged,4251.14
RET0003721,ORD00076535,P0037,C00486,WH01,2025-02-05,2,Customer Changed Mind,3304.96
RET0003722,ORD00076545,P0039,C00044,WH01,2025-02-05,1,Damaged,655.76
RET0003723,ORD00076564,P0002,C00023,WH05,2025-02-09,1,Wrong Product,902.93
RET0003724,ORD00076575,P0005,C00488,WH01,2025-02-09,1,Damaged,1568.23
RET0003725,ORD00076592,P0008,C00774,WH04,2025-01-30,2,Wrong Product,1937.36
RET0003726,ORD00076671,P0024,C00183,WH04,2025-02-06,2,Customer Changed Mind,1512.03
RET0003727,ORD00076679,P0026,C00653,WH03,2025-02-11,1,Late Delivery,2578.39
RET0003728,ORD00076685,P0027,C00190,WH04,2025-02-03,2,Quality Issue,1538.74
RET0003729,ORD00076729,P0036,C00757,WH03,2025-02-01,2,Customer Changed Mind,5066.12
RET0003730,ORD00076743,P0039,C00171,WH02,2025-02-11,1,Customer Changed Mind,655.76
RET0003731,ORD00076787,P0008,C00036,WH03,2025-02-14,2,Late Delivery,1743.62
RET0003732,ORD00076800,P0011,C00956,WH01,2025-02-01,2,Wrong Product,1493.22
RET0003733,ORD00076825,P0016,C00541,WH01,2025-01-30,2,Damaged,2220.88
RET0003734,ORD00076834,P0017,C00467,WH05,2025-02-09,2,Damaged,2118.18
RET0003735,ORD00076853,P0021,C00129,WH04,2025-02-05,2,Quality Issue,1597.73
RET0003736,ORD00076859,P0022,C00146,WH05,2025-02-04,1,Late Delivery,611.26
RET0003737,ORD00076874,P0025,C00135,WH05,2025-02-10,1,Quality Issue,1697.08
RET0003738,ORD00076885,P0028,C00760,WH01,2025-02-13,1,Customer Changed Mind,4089.7
RET0003739,ORD00076901,P0031,C00442,WH03,2025-02-13,1,Customer Changed Mind,660.48
RET0003740,ORD00076964,P0004,C00862,WH01,2025-02-13,1,Damaged,2227.7
RET0003741,ORD00076996,P0010,C00521,WH03,2025-01-30,1,Quality Issue,3389.41
RET0003742,ORD00077016,P0014,C00769,WH05,2025-02-15,2,Quality Issue,5268.64
RET0003743,ORD00077023,P0016,C00039,WH02,2025-01-30,1,Wrong Product,1110.44
RET0003744,ORD00077028,P0017,C00038,WH02,2025-02-12,2,Damaged,2229.66
RET0003745,ORD00077040,P0019,C00164,WH04,2025-02-11,2,Quality Issue,5516.48
RET0003746,ORD00077049,P0021,C00535,WH03,2025-02-04,1,Customer Changed Mind,840.91
RET0003747,ORD00077151,P0002,C00470,WH02,2025-02-04,1,Quality Issue,950.45
RET0003748,ORD00077160,P0004,C00348,WH01,2025-02-15,2,Wrong Product,4455.4
RET0003749,ORD00077166,P0005,C00769,WH02,2025-02-07,2,Quality Issue,3202.49
RET0003750,ORD00077167,P0005,C00724,WH03,2025-02-08,2,Quality Issue,3136.46
RET0003751,ORD00077199,P0011,C00886,WH05,2025-02-11,1,Quality Issue,746.61
RET0003752,ORD00077250,P0022,C00546,WH03,2025-02-12,2,Damaged,1161.39
RET0003753,ORD00077256,P0023,C00937,WH04,2025-01-31,2,Damaged,1705.27
RET0003754,ORD00077269,P0026,C00967,WH03,2025-02-11,1,Customer Changed Mind,2721.64
RET0003755,ORD00077288,P0030,C00048,WH02,2025-02-13,2,Damaged,6572.08
RET0003756,ORD00077318,P0036,C00080,WH02,2025-02-01,2,Damaged,5460.15
RET0003757,ORD00077334,P0039,C00862,WH03,2025-02-01,1,Quality Issue,655.76
RET0003758,ORD00077346,P0002,C00925,WH01,2025-02-02,2,Quality Issue,1843.87
RET0003759,ORD00077348,P0002,C00416,WH03,2025-02-03,2,Late Delivery,1710.81
RET0003760,ORD00077362,P0005,C00021,WH02,2025-02-15,1,Quality Issue,1650.77
RET0003761,ORD00077381,P0009,C00152,WH02,2025-02-10,2,Late Delivery,6094.21
RET0003762,ORD00077394,P0012,C00883,WH01,2025-02-10,1,Quality Issue,2625.92
RET0003763,ORD00077397,P0012,C00836,WH04,2025-02-17,1,Quality Issue,3089.32
RET0003764,ORD00077424,P0018,C00184,WH01,2025-02-01,1,Quality Issue,1366.31
RET0003765,ORD00077454,P0024,C00144,WH01,2025-02-03,1,Quality Issue,862.75
RET0003766,ORD00077491,P0031,C00208,WH03,2025-02-13,1,Customer Changed Mind,640.67
RET0003767,ORD00077522,P0038,C00223,WH02,2025-02-14,2,Damaged,4545.26
RET0003768,ORD00077560,P0006,C00646,WH01,2025-02-10,2,Quality Issue,7245.78
RET0003769,ORD00077572,P0008,C00568,WH03,2025-02-08,1,Customer Changed Mind,968.68
RET0003770,ORD00077591,P0012,C00594,WH02,2025-02-07,1,Customer Changed Mind,2625.92
RET0003771,ORD00077609,P0015,C00526,WH05,2025-02-04,2,Late Delivery,618.2
RET0003772,ORD00077658,P0025,C00690,WH05,2025-02-04,2,Late Delivery,3572.8
RET0003773,ORD00077668,P0027,C00791,WH05,2025-02-19,1,Customer Changed Mind,769.37
RET0003774,ORD00077681,P0030,C00650,WH03,2025-02-06,1,Wrong Product,2957.44
RET0003775,ORD00077715,P0037,C00548,WH04,2025-02-04,1,Customer Changed Mind,1836.09
RET0003776,ORD00077718,P0038,C00109,WH02,2025-02-16,1,Damaged,2272.63
RET0003777,ORD00077738,P0002,C00570,WH03,2025-02-06,2,Customer Changed Mind,1900.9
RET0003778,ORD00077745,P0003,C00354,WH05,2025-02-05,1,Quality Issue,1159.28
RET0003779,ORD00077760,P0006,C00692,WH05,2025-02-11,1,Customer Changed Mind,3260.6
RET0003780,ORD00077770,P0008,C00295,WH05,2025-02-20,2,Late Delivery,1743.62
RET0003781,ORD00077777,P0010,C00832,WH02,2025-02-04,1,Quality Issue,3460.77
RET0003782,ORD00077780,P0010,C00733,WH05,2025-02-03,2,Wrong Product,7135.6
RET0003783,ORD00077820,P0018,C00836,WH05,2025-02-14,2,Late Delivery,2732.62
RET0003784,ORD00077844,P0023,C00136,WH05,2025-02-17,1,Quality Issue,762.88
RET0003785,ORD00077865,P0028,C00913,WH01,2025-02-20,1,Damaged,4089.7
RET0003786,ORD00077870,P0029,C00211,WH01,2025-02-20,1,Late Delivery,4643.0
RET0003787,ORD00077907,P0036,C00070,WH03,2025-02-03,2,Late Delivery,5347.57
RET0003788,ORD00077918,P0038,C00981,WH04,2025-02-08,2,Quality Issue,4545.26
RET0003789,ORD00077920,P0039,C00465,WH01,2025-02-03,1,Damaged,622.97
RET0003790,ORD00077953,P0005,C00047,WH04,2025-02-16,2,Customer Changed Mind,3301.54
RET0003791,ORD00077983,P0011,C00314,WH04,2025-02-04,2,Quality Issue,1343.9
RET0003792,ORD00078017,P0018,C00699,WH03,2025-02-18,1,Quality Issue,1297.99
RET0003793,ORD00078037,P0022,C00309,WH03,2025-02-20,1,Quality Issue,611.26
RET0003794,ORD00078051,P0025,C00130,WH02,2025-02-21,1,Quality Issue,1786.4
RET0003795,ORD00078054,P0025,C00619,WH05,2025-02-06,2,Damaged,3572.8
RET0003796,ORD00078056,P0026,C00004,WH02,2025-02-07,1,Customer Changed Mind,2778.93
RET0003797,ORD00078070,P0029,C00962,WH01,2025-02-06,2,Customer Changed Mind,9286.0
RET0003798,ORD00078092,P0033,C00420,WH03,2025-02-17,1,Customer Changed Mind,2172.05
RET0003799,ORD00078116,P0038,C00804,WH03,2025-02-16,2,Damaged,4090.73
RET0003800,ORD00078130,P0001,C00553,WH02,2025-02-13,2,Quality Issue,3596.38
RET0003801,ORD00078159,P0007,C00739,WH01,2025-02-06,2,Quality Issue,5617.58
RET0003802,ORD00078187,P0012,C00974,WH04,2025-02-17,2,Quality Issue,5560.78
RET0003803,ORD00078198,P0014,C00205,WH05,2025-02-11,1,Quality Issue,2634.32
RET0003804,ORD00078242,P0023,C00885,WH04,2025-02-11,2,Quality Issue,1705.27
RET0003805,ORD00078264,P0028,C00381,WH01,2025-02-13,1,Quality Issue,3874.46
RET0003806,ORD00078268,P0028,C00045,WH05,2025-02-05,1,Quality Issue,4304.95
RET0003807,ORD00078269,P0029,C00653,WH01,2025-02-15,1,Customer Changed Mind,4643.0
RET0003808,ORD00078287,P0032,C00067,WH04,2025-02-18,1,Customer Changed Mind,1957.11
RET0003809,ORD00078288,P0032,C00933,WH05,2025-02-17,2,Late Delivery,3708.22
RET0003810,ORD00078294,P0034,C00630,WH01,2025-02-20,1,Customer Changed Mind,3701.62
RET0003811,ORD00078316,P0038,C00919,WH03,2025-02-11,1,Damaged,2159.0
RET0003812,ORD00078327,P0040,C00989,WH04,2025-02-05,1,Quality Issue,1011.55
RET0003813,ORD00078368,P0009,C00264,WH01,2025-02-17,1,Damaged,3207.48
RET0003814,ORD00078400,P0015,C00874,WH04,2025-02-16,1,Quality Issue,325.37
RET0003815,ORD00078405,P0016,C00942,WH04,2025-02-13,2,Damaged,2220.88
RET0003816,ORD00078429,P0021,C00643,WH03,2025-02-20,2,Damaged,1681.82
RET0003817,ORD00078442,P0024,C00977,WH03,2025-02-11,1,Damaged,889.43
RET0003818,ORD00078458,P0027,C00724,WH04,2025-02-20,2,Quality Issue,1538.74
RET0003819,ORD00078459,P0027,C00130,WH05,2025-02-13,1,Customer Changed Mind,769.37
RET0003820,ORD00078463,P0028,C00746,WH04,2025-02-21,1,Wrong Product,4089.7
RET0003821,ORD00078518,P0039,C00626,WH04,2025-02-17,1,Customer Changed Mind,655.76
RET0003822,ORD00078533,P0002,C00708,WH04,2025-02-10,2,Customer Changed Mind,1900.9
RET0003823,ORD00078537,P0003,C00784,WH03,2025-02-17,2,Damaged,2196.52
RET0003824,ORD00078540,P0004,C00258,WH01,2025-02-11,2,Quality Issue,4009.86
RET0003825,ORD00078556,P0007,C00003,WH04,2025-02-07,2,Customer Changed Mind,5913.24
RET0003826,ORD00078558,P0008,C00063,WH01,2025-02-13,2,Damaged,1646.76
RET0003827,ORD00078559,P0008,C00699,WH02,2025-02-23,2,Quality Issue,1743.62
RET0003828,ORD00078566,P0009,C00733,WH05,2025-02-07,1,Quality Issue,3207.48
RET0003829,ORD00078622,P0021,C00108,WH02,2025-02-16,2,Late Delivery,1513.64
RET0003830,ORD00078633,P0023,C00479,WH03,2025-02-22,2,Customer Changed Mind,1705.27
RET0003831,ORD00078706,P0038,C00616,WH03,2025-02-14,2,Damaged,4090.73
RET0003832,ORD00078758,P0009,C00671,WH02,2025-02-17,2,Customer Changed Mind,5452.72
RET0003833,ORD00078762,P0010,C00018,WH01,2025-02-10,2,Damaged,7135.6
RET0003834,ORD00078815,P0020,C00330,WH05,2025-02-08,1,Damaged,3034.72
RET0003835,ORD00078827,P0023,C00522,WH02,2025-02-18,1,Quality Issue,897.51
RET0003836,ORD00078853,P0028,C00997,WH04,2025-02-13,1,Damaged,4089.7
RET0003837,ORD00078892,P0036,C00190,WH03,2025-02-16,2,Customer Changed Mind,5460.15
RET0003838,ORD00078946,P0007,C00057,WH04,2025-02-09,1,Quality Issue,2867.92
RET0003839,ORD00079000,P0018,C00894,WH03,2025-02-10,2,Customer Changed Mind,2732.62
RET0003840,ORD00079010,P0020,C00943,WH03,2025-02-22,2,Quality Issue,5765.97
RET0003841,ORD00079050,P0028,C00702,WH03,2025-02-24,1,Customer Changed Mind,4175.8
RET0003842,ORD00079091,P0036,C00377,WH04,2025-02-20,2,Customer Changed Mind,5460.15
RET0003843,ORD00079096,P0037,C00175,WH04,2025-02-25,1,Customer Changed Mind,1781.01
RET0003844,ORD00079244,P0027,C00979,WH03,2025-02-14,1,Customer Changed Mind,730.9
RET0003845,ORD00079257,P0030,C00254,WH01,2025-02-24,2,Late Delivery,6572.08
RET0003846,ORD00079270,P0032,C00468,WH04,2025-02-23,1,Damaged,2060.12
RET0003847,ORD00079273,P0033,C00030,WH02,2025-02-26,1,Customer Changed Mind,2555.35
RET0003848,ORD00079280,P0034,C00015,WH04,2025-02-27,2,Customer Changed Mind,7403.24
RET0003849,ORD00079327,P0004,C00397,WH01,2025-02-15,2,Quality Issue,4232.63
RET0003850,ORD00079367,P0012,C00267,WH01,2025-02-28,2,Quality Issue,5993.28
RET0003851,ORD00079368,P0012,C00693,WH02,2025-02-22,2,Damaged,6178.64
RET0003852,ORD00079385,P0015,C00807,WH04,2025-02-24,2,Quality Issue,618.2
RET0003853,ORD00079421,P0023,C00505,WH01,2025-02-14,2,Damaged,1615.52
RET0003854,ORD00079510,P0001,C00595,WH02,2025-02-28,1,Damaged,1798.19
RET0003855,ORD00079522,P0003,C00409,WH04,2025-02-18,2,Customer Changed Mind,2440.58
RET0003856,ORD00079525,P0004,C00956,WH02,2025-02-21,1,Quality Issue,2116.31
RET0003857,ORD00079533,P0005,C00383,WH05,2025-02-17,2,Wrong Product,2806.31
RET0003858,ORD00079566,P0012,C00870,WH03,2025-02-12,1,Damaged,2780.39
RET0003859,ORD00079578,P0015,C00206,WH01,2025-02-16,2,Customer Changed Mind,650.74
RET0003860,ORD00079587,P0016,C00121,WH05,2025-02-18,1,Quality Issue,1054.92
RET0003861,ORD00079602,P0019,C00835,WH05,2025-02-25,2,Damaged,5240.66
RET0003862,ORD00079628,P0025,C00222,WH01,2025-02-27,2,Quality Issue,3572.8
RET0003863,ORD00079637,P0026,C00110,WH05,2025-02-15,2,Customer Changed Mind,5729.76
RET0003864,ORD00079656,P0030,C00889,WH04,2025-02-19,2,Damaged,5914.87
RET0003865,ORD00079691,P0037,C00291,WH05,2025-03-01,2,Late Delivery,3672.18
RET0003866,ORD00079724,P0004,C00221,WH03,2025-02-16,1,Quality Issue,2227.7
RET0003867,ORD00079768,P0013,C00012,WH03,2025-02-15,2,Damaged,7011.7
RET0003868,ORD00079791,P0018,C00346,WH01,2025-02-19,2,Quality Issue,2732.62
RET0003869,ORD00079824,P0024,C00720,WH05,2025-03-01,1,Customer Changed Mind,800.49
RET0003870,ORD00079828,P0025,C00134,WH04,2025-02-22,2,Damaged,3572.8
RET0003871,ORD00079833,P0026,C00559,WH04,2025-02-22,1,Damaged,2864.88
RET0003872,ORD00079836,P0027,C00403,WH02,2025-02-23,2,Quality Issue,1538.74
RET0003873,ORD00079854,P0030,C00091,WH05,2025-02-13,1,Quality Issue,3286.04
RET0003874,ORD00079866,P0033,C00050,WH02,2025-02-20,1,Quality Issue,2427.58
RET0003875,ORD00079885,P0037,C00439,WH01,2025-02-23,2,Late Delivery,3304.96
RET0003876,ORD00079926,P0005,C00616,WH02,2025-03-01,2,Damaged,3202.49
RET0003877,ORD00079951,P0010,C00181,WH02,2025-02-22,2,Quality Issue,6921.53
RET0003878,ORD00079952,P0010,C00928,WH03,2025-02-22,2,Late Delivery,6778.82
RET0003879,ORD00079992,P0018,C00524,WH04,2025-02-22,1,Quality Issue,1297.99
RET0003880,ORD00080000,P0020,C00964,WH02,2025-02-14,2,Damaged,5887.36
RET0003881,ORD00080042,P0028,C00843,WH04,2025-02-23,2,Customer Changed Mind,8609.9
RET0003882,ORD00080044,P0029,C00079,WH01,2025-03-02,2,Wrong Product,9007.42
RET0003883,ORD00080074,P0035,C00193,WH02,2025-02-14,2,Customer Changed Mind,4123.61
RET0003884,ORD00080096,P0039,C00540,WH04,2025-02-21,2,Damaged,1180.37
RET0003885,ORD00080110,P0002,C00844,WH03,2025-02-16,2,Late Delivery,1710.81
RET0003886,ORD00080137,P0007,C00880,WH05,2025-02-28,1,Quality Issue,2808.79
RET0003887,ORD00080142,P0008,C00827,WH05,2025-03-01,1,Late Delivery,920.25
RET0003888,ORD00080143,P0009,C00876,WH01,2025-02-22,2,Wrong Product,6222.51
RET0003889,ORD00080146,P0009,C00297,WH04,2025-02-25,1,Late Delivery,2726.36
RET0003890,ORD00080158,P0012,C00619,WH01,2025-02-17,2,Quality Issue,5869.71
RET0003891,ORD00080162,P0012,C00720,WH05,2025-03-01,2,Quality Issue,5560.78
RET0003892,ORD00080164,P0013,C00120,WH02,2025-02-20,1,Customer Changed Mind,3614.28
RET0003893,ORD00080184,P0017,C00358,WH03,2025-02-27,2,Damaged,2229.66
RET0003894,ORD00080220,P0024,C00177,WH05,2025-02-24,1,Damaged,844.96
RET0003895,ORD00080237,P0028,C00533,WH02,2025-02-19,2,Late Delivery,8351.6
RET0003896,ORD00080239,P0028,C00725,WH04,2025-02-23,1,Customer Changed Mind,4089.7
RET0003897,ORD00080241,P0029,C00176,WH01,2025-02-19,2,Quality Issue,9286.0
RET0003898,ORD00080261,P0033,C00077,WH01,2025-02-27,1,Damaged,2427.58
RET0003899,ORD00080294,P0039,C00418,WH04,2025-03-02,1,Quality Issue,655.76
RET0003900,ORD00080306,P0002,C00438,WH02,2025-02-18,2,Quality Issue,1615.76
RET0003901,ORD00080307,P0002,C00270,WH03,2025-03-04,1,Quality Issue,855.41
RET0003902,ORD00080332,P0007,C00018,WH04,2025-02-20,1,Wrong Product,2808.79
RET0003903,ORD00080337,P0008,C00090,WH04,2025-02-26,2,Customer Changed Mind,1840.49
RET0003904,ORD00080345,P0010,C00940,WH02,2025-02-21,2,Damaged,6422.04
RET0003905,ORD00080350,P0011,C00500,WH02,2025-02-16,1,Damaged,709.28
RET0003906,ORD00080357,P0012,C00098,WH04,2025-02-26,1,Customer Changed Mind,2625.92
RET0003907,ORD00080365,P0014,C00854,WH02,2025-02-22,1,Wrong Product,2555.29
RET0003908,ORD00080368,P0014,C00383,WH05,2025-02-18,2,Wrong Product,5268.64
RET0003909,ORD00080400,P0021,C00414,WH02,2025-02-23,2,Damaged,1597.73
RET0003910,ORD00080406,P0022,C00825,WH03,2025-02-18,2,Wrong Product,1222.52
RET0003911,ORD00080409,P0023,C00292,WH01,2025-02-21,1,Damaged,897.51
RET0003912,ORD00080418,P0024,C00668,WH05,2025-03-02,1,Damaged,862.75
RET0003913,ORD00080424,P0026,C00087,WH01,2025-02-28,2,Wrong Product,5443.27
RET0003914,ORD00080431,P0027,C00771,WH03,2025-02-19,1,Damaged,769.37
RET0003915,ORD00080436,P0028,C00142,WH03,2025-02-28,2,Damaged,8179.4
RET0003916,ORD00080453,P0031,C00759,WH05,2025-02-28,1,Quality Issue,660.48
RET0003917,ORD00080454,P0032,C00796,WH01,2025-03-01,1,Damaged,2060.12
RET0003918,ORD00080455,P0032,C00801,WH02,2025-02-28,1,Damaged,1957.11
RET0003919,ORD00080460,P0033,C00386,WH02,2025-02-28,2,Customer Changed Mind,4957.38
RET0003920,ORD00080462,P0033,C00953,WH04,2025-02-28,1,Damaged,2172.05
RET0003921,ORD00080465,P0034,C00798,WH02,2025-02-25,1,Quality Issue,3907.26
RET0003922,ORD00080482,P0037,C00648,WH04,2025-02-24,2,Wrong Product,3672.18
RET0003923,ORD00080499,P0001,C00506,WH02,2025-02-21,2,Damaged,3416.56
RET0003924,ORD00080504,P0002,C00430,WH02,2025-03-04,1,Late Delivery,902.93
RET0003925,ORD00080506,P0002,C00956,WH04,2025-02-19,2,Quality Issue,1615.76
RET0003926,ORD00080512,P0003,C00612,WH05,2025-03-05,2,Damaged,2196.52
RET0003927,ORD00080548,P0011,C00260,WH01,2025-02-20,2,Damaged,1493.22
RET0003928,ORD00080549,P0011,C00775,WH02,2025-02-18,1,Wrong Product,746.61
RET0003929,ORD00080557,P0013,C00065,WH01,2025-02-27,1,Quality Issue,3614.28
RET0003930,ORD00080589,P0019,C00560,WH03,2025-02-22,1,Wrong Product,2620.33
RET0003931,ORD00080595,P0020,C00016,WH04,2025-02-26,2,Damaged,5462.5
RET0003932,ORD00080605,P0022,C00674,WH05,2025-02-23,1,Damaged,550.13
RET0003933,ORD00080658,P0033,C00777,WH04,2025-02-24,1,Damaged,2555.35
RET0003934,ORD00080705,P0003,C00205,WH01,2025-02-25,2,Quality Issue,2318.55
RET0003935,ORD00080707,P0003,C00227,WH03,2025-02-18,1,Damaged,1220.29
RET0003936,ORD00080714,P0004,C00299,WH05,2025-02-20,1,Quality Issue,2227.7
RET0003937,ORD00080716,P0005,C00878,WH02,2025-03-01,2,Damaged,3301.54
RET0003938,ORD00080740,P0010,C00687,WH01,2025-02-21,2,Customer Changed Mind,7135.6
RET0003939,ORD00080764,P0014,C00334,WH05,2025-03-06,1,Damaged,2502.6
RET0003940,ORD00080766,P0015,C00465,WH02,2025-03-06,2,Quality Issue,618.2
RET0003941,ORD00080779,P0017,C00937,WH05,2025-03-05,2,Quality Issue,2006.69
RET0003942,ORD00080799,P0021,C00393,WH05,2025-02-25,2,Quality Issue,1597.73
RET0003943,ORD00080820,P0026,C00032,WH01,2025-03-07,1,Quality Issue,2864.88
RET0003944,ORD00080825,P0027,C00538,WH01,2025-02-20,2,Customer Changed Mind,1461.8
RET0003945,ORD00080835,P0029,C00101,WH01,2025-02-26,1,Quality Issue,4643.0
RET0003946,ORD00080856,P0033,C00063,WH04,2025-02-28,2,Wrong Product,5110.7
RET0003947,ORD00080874,P0037,C00961,WH02,2025-02-25,1,Quality Issue,1836.09
RET0003948,ORD00080898,P0002,C00663,WH01,2025-03-03,1,Quality Issue,950.45
RET0003949,ORD00080926,P0007,C00882,WH05,2025-02-21,2,Wrong Product,5913.24
RET0003950,ORD00080935,P0009,C00616,WH04,2025-03-04,1,Quality Issue,3207.48
RET0003951,ORD00080949,P0012,C00672,WH03,2025-03-06,2,Damaged,5869.71
RET0003952,ORD00080958,P0014,C00242,WH02,2025-02-26,1,Late Delivery,2502.6
RET0003953,ORD00080974,P0017,C00292,WH03,2025-02-23,2,Late Delivery,2229.66
RET0003954,ORD00080981,P0018,C00558,WH05,2025-02-24,2,Customer Changed Mind,2650.64
RET0003955,ORD00080998,P0022,C00124,WH02,2025-03-04,2,Quality Issue,1100.27
RET0003956,ORD00081006,P0023,C00978,WH05,2025-03-08,1,Damaged,852.63
RET0003957,ORD00081023,P0027,C00307,WH02,2025-02-27,1,Late Delivery,653.96
RET0003958,ORD00081065,P0035,C00100,WH05,2025-03-08,1,Late Delivery,2125.57
RET0003959,ORD00081113,P0005,C00718,WH03,2025-03-05,2,Quality Issue,3202.49
RET0003960,ORD00081147,P0012,C00824,WH02,2025-02-26,1,Damaged,2996.64
RET0003961,ORD00081152,P0013,C00350,WH02,2025-02-28,2,Quality Issue,7228.56
RET0003962,ORD00081159,P0014,C00935,WH04,2025-03-01,2,Quality Issue,5268.64
RET0003963,ORD00081168,P0016,C00761,WH03,2025-03-07,1,Customer Changed Mind,1054.92
RET0003964,ORD00081177,P0018,C00621,WH02,2025-03-06,2,Quality Issue,2732.62
RET0003965,ORD00081186,P0020,C00712,WH01,2025-02-22,1,Damaged,3034.72
RET0003966,ORD00081205,P0023,C00718,WH05,2025-02-28,1,Quality Issue,807.76
RET0003967,ORD00081275,P0038,C00836,WH03,2025-02-22,2,Damaged,4318.0
RET0003968,ORD00081277,P0038,C00924,WH05,2025-02-21,1,Quality Issue,1931.74
RET0003969,ORD00081323,P0008,C00908,WH03,2025-02-25,2,Damaged,1937.36
RET0003970,ORD00081338,P0011,C00080,WH03,2025-03-10,2,Quality Issue,1448.42
RET0003971,ORD00081347,P0013,C00066,WH02,2025-03-01,2,Late Delivery,7228.56
RET0003972,ORD00081363,P0016,C00598,WH03,2025-03-08,2,Quality Issue,1998.79
RET0003973,ORD00081407,P0025,C00144,WH03,2025-03-05,1,Damaged,1786.4
RET0003974,ORD00081446,P0033,C00676,WH03,2025-03-05,1,Quality Issue,2427.58
RET0003975,ORD00081497,P0003,C00097,WH04,2025-02-27,1,Quality Issue,1159.28
RET0003976,ORD00081501,P0004,C00426,WH03,2025-02-25,1,Quality Issue,2227.7
RET0003977,ORD00081541,P0012,C00941,WH03,2025-03-10,1,Quality Issue,2780.39
RET0003978,ORD00081545,P0013,C00323,WH04,2025-03-05,1,Quality Issue,3614.28
RET0003979,ORD00081547,P0014,C00580,WH01,2025-03-02,2,Damaged,5110.58
RET0003980,ORD00081549,P0014,C00293,WH03,2025-03-02,2,Customer Changed Mind,5005.21
RET0003981,ORD00081564,P0017,C00731,WH03,2025-03-04,1,Quality Issue,1003.35
RET0003982,ORD00081582,P0021,C00612,WH01,2025-03-07,1,Damaged,840.91
RET0003983,ORD00081586,P0021,C00874,WH05,2025-03-11,1,Damaged,714.77
RET0003984,ORD00081599,P0024,C00228,WH03,2025-03-07,1,Quality Issue,844.96
RET0003985,ORD00081609,P0026,C00052,WH03,2025-02-24,2,Damaged,5729.76
RET0003986,ORD00081612,P0027,C00203,WH01,2025-02-26,1,Quality Issue,769.37
RET0003987,ORD00081643,P0033,C00612,WH03,2025-03-07,1,Quality Issue,2427.58
RET0003988,ORD00081649,P0034,C00930,WH04,2025-02-22,1,Damaged,4112.91
RET0003989,ORD00081655,P0035,C00610,WH05,2025-03-11,2,Late Delivery,4123.61
RET0003990,ORD00081664,P0037,C00991,WH04,2025-03-10,1,Late Delivery,1836.09
RET0003991,ORD00081677,P0040,C00376,WH02,2025-03-09,1,Late Delivery,910.4
RET0003992,ORD00081687,P0002,C00742,WH04,2025-02-27,2,Damaged,1900.9
RET0003993,ORD00081694,P0004,C00920,WH01,2025-02-25,1,Quality Issue,2116.31
RET0003994,ORD00081701,P0005,C00042,WH03,2025-03-12,1,Quality Issue,1650.77
RET0003995,ORD00081746,P0014,C00583,WH05,2025-03-11,1,Quality Issue,2555.29
RET0003996,ORD00081750,P0015,C00087,WH04,2025-03-12,2,Quality Issue,631.22
RET0003997,ORD00081761,P0017,C00001,WH05,2025-02-26,1,Quality Issue,1059.09
RET0003998,ORD00081762,P0018,C00332,WH01,2025-02-23,2,Damaged,2459.36
RET0003999,ORD00081793,P0024,C00570,WH03,2025-02-26,2,Quality Issue,1778.86
RET0004000,ORD00081838,P0033,C00381,WH03,2025-02-25,2,Quality Issue,4344.09
RET0004001,ORD00081839,P0033,C00241,WH04,2025-02-25,1,Customer Changed Mind,2427.58
RET0004002,ORD00081844,P0034,C00071,WH05,2025-03-08,1,Damaged,4112.91
RET0004003,ORD00081853,P0036,C00059,WH04,2025-03-12,1,Wrong Product,2673.78
RET0004004,ORD00081858,P0037,C00522,WH04,2025-03-02,1,Quality Issue,1836.09
RET0004005,ORD00081860,P0038,C00364,WH01,2025-02-26,2,Damaged,4090.73
RET0004006,ORD00081898,P0005,C00618,WH05,2025-02-25,2,Quality Issue,3301.54
RET0004007,ORD00081902,P0006,C00150,WH04,2025-03-13,1,Damaged,3514.2
RET0004008,ORD00081940,P0014,C00212,WH02,2025-02-25,1,Quality Issue,2634.32
RET0004009,ORD00081947,P0015,C00195,WH04,2025-03-02,1,Quality Issue,309.1
RET0004010,ORD00082027,P0031,C00715,WH04,2025-03-04,2,Customer Changed Mind,1254.91
RET0004011,ORD00082029,P0032,C00501,WH01,2025-03-01,2,Quality Issue,3914.23
RET0004012,ORD00082046,P0035,C00400,WH04,2025-03-06,1,Quality Issue,1913.01
RET0004013,ORD00082051,P0036,C00819,WH04,2025-02-24,1,Late Delivery,2814.51
RET0004014,ORD00082058,P0038,C00354,WH01,2025-03-09,2,Quality Issue,4545.26
RET0004015,ORD00082077,P0001,C00609,WH05,2025-03-03,2,Damaged,3416.56
RET0004016,ORD00082128,P0012,C00121,WH01,2025-02-27,1,Damaged,3089.32
RET0004017,ORD00082181,P0022,C00350,WH04,2025-03-08,1,Quality Issue,611.26
RET0004018,ORD00082189,P0024,C00330,WH02,2025-03-01,2,Damaged,1778.86
RET0004019,ORD00082193,P0025,C00525,WH01,2025-03-08,1,Quality Issue,1786.4
RET0004020,ORD00082215,P0029,C00656,WH03,2025-03-07,1,Customer Changed Mind,4410.85
RET0004021,ORD00082223,P0031,C00181,WH01,2025-03-13,1,Quality Issue,594.43
RET0004022,ORD00082230,P0032,C00588,WH03,2025-02-28,1,Quality Issue,1957.11
RET0004023,ORD00082242,P0034,C00728,WH05,2025-03-13,1,Quality Issue,4112.91
RET0004024,ORD00082245,P0035,C00684,WH03,2025-03-05,2,Wrong Product,4251.14
RET0004025,ORD00082251,P0036,C00242,WH04,2025-02-28,1,Customer Changed Mind,2673.78
RET0004026,ORD00082254,P0037,C00497,WH02,2025-03-07,2,Late Delivery,3488.57
RET0004027,ORD00082256,P0037,C00155,WH04,2025-03-09,1,Customer Changed Mind,1781.01
RET0004028,ORD00082292,P0004,C00869,WH05,2025-03-01,2,Customer Changed Mind,4455.4
RET0004029,ORD00082298,P0006,C00515,WH01,2025-02-28,1,Damaged,3514.2
RET0004030,ORD00082313,P0009,C00997,WH02,2025-03-10,1,Wrong Product,3207.48
RET0004031,ORD00082316,P0009,C00928,WH05,2025-03-07,2,Damaged,6414.96
RET0004032,ORD00082333,P0013,C00063,WH02,2025-03-07,2,Damaged,7228.56
RET0004033,ORD00082334,P0013,C00192,WH03,2025-03-10,1,Customer Changed Mind,3505.85
RET0004034,ORD00082380,P0022,C00957,WH04,2025-03-06,1,Damaged,592.92
RET0004035,ORD00082395,P0025,C00153,WH05,2025-03-11,2,Quality Issue,3465.62
RET0004036,ORD00082399,P0026,C00191,WH04,2025-03-02,1,Damaged,2864.88
RET0004037,ORD00082401,P0027,C00404,WH01,2025-02-26,2,Quality Issue,1461.8
RET0004038,ORD00082403,P0027,C00449,WH03,2025-03-10,1,Wrong Product,730.9
RET0004039,ORD00082418,P0030,C00282,WH03,2025-03-10,1,Damaged,3286.04
RET0004040,ORD00082454,P0037,C00138,WH04,2025-03-12,2,Wrong Product,3672.18
RET0004041,ORD00082487,P0004,C00012,WH02,2025-03-09,1,Damaged,2227.7
RET0004042,ORD00082504,P0007,C00386,WH05,2025-03-10,1,Customer Changed Mind,2808.79
RET0004043,ORD00082507,P0008,C00602,WH03,2025-02-28,1,Quality Issue,968.68
RET0004044,ORD00082519,P0010,C00824,WH05,2025-03-02,1,Late Delivery,3389.41
RET0004045,ORD00082523,P0011,C00841,WH04,2025-03-08,1,Damaged,724.21
RET0004046,ORD00082553,P0017,C00615,WH05,2025-03-14,1,Quality Issue,947.61
RET0004047,ORD00082574,P0022,C00929,WH01,2025-03-06,1,Quality Issue,592.92
RET0004048,ORD00082575,P0022,C00833,WH02,2025-03-01,2,Quality Issue,1100.27
RET0004049,ORD00082577,P0022,C00070,WH04,2025-03-04,1,Damaged,592.92
RET0004050,ORD00082590,P0025,C00400,WH02,2025-03-16,2,Customer Changed Mind,3036.88
RET0004051,ORD00082609,P0029,C00092,WH01,2025-03-16,1,Late Delivery,4503.71
RET0004052,ORD00082633,P0033,C00680,WH05,2025-03-13,1,Customer Changed Mind,2555.35
RET0004053,ORD00082641,P0035,C00793,WH03,2025-03-07,2,Damaged,4251.14
RET0004054,ORD00082677,P0002,C00261,WH04,2025-03-11,1,Damaged,950.45
RET0004055,ORD00082678,P0002,C00893,WH05,2025-03-13,1,Wrong Product,950.45
RET0004056,ORD00082702,P0007,C00376,WH05,2025-03-06,2,Wrong Product,5617.58
RET0004057,ORD00082706,P0008,C00254,WH04,2025-03-03,1,Quality Issue,920.25
RET0004058,ORD00082722,P0011,C00458,WH05,2025-03-01,1,Late Delivery,746.61
RET0004059,ORD00082723,P0012,C00206,WH01,2025-03-03,2,Damaged,6178.64
RET0004060,ORD00082790,P0025,C00991,WH03,2025-03-05,1,Wrong Product,1697.08
RET0004061,ORD00082792,P0025,C00929,WH05,2025-03-03,1,Late Delivery,1786.4
RET0004062,ORD00082801,P0027,C00160,WH04,2025-03-11,1,Customer Changed Mind,730.9
RET0004063,ORD00082833,P0034,C00386,WH02,2025-03-17,1,Quality Issue,3989.52
RET0004064,ORD00082881,P0004,C00369,WH01,2025-03-15,2,Damaged,4232.63
RET0004065,ORD00082915,P0010,C00377,WH05,2025-03-12,2,Quality Issue,7135.6
RET0004066,ORD00082926,P0013,C00219,WH02,2025-03-06,2,Customer Changed Mind,7228.56
RET0004067,ORD00082929,P0013,C00576,WH05,2025-03-13,1,Quality Issue,3252.85
RET0004068,ORD00082930,P0014,C00235,WH01,2025-03-06,2,Customer Changed Mind,5110.58
RET0004069,ORD00082967,P0021,C00932,WH03,2025-03-16,1,Wrong Product,840.91
RET0004070,ORD00083024,P0032,C00811,WH05,2025-03-06,1,Quality Issue,1751.1
RET0004071,ORD00083039,P0035,C00912,WH05,2025-03-06,1,Damaged,1913.01
RET0004072,ORD00083050,P0038,C00613,WH01,2025-03-13,1,Customer Changed Mind,2272.63
RET0004073,ORD00083062,P0040,C00028,WH03,2025-03-13,2,Damaged,2023.1
RET0004074,ORD00083091,P0006,C00512,WH02,2025-03-06,1,Quality Issue,3622.89
RET0004075,ORD00083096,P0007,C00861,WH02,2025-03-06,1,Quality Issue,2660.96
RET0004076,ORD00083110,P0010,C00920,WH01,2025-03-14,2,Damaged,6422.04
RET0004077,ORD00083123,P0012,C00018,WH04,2025-03-12,1,Customer Changed Mind,3089.32
RET0004078,ORD00083133,P0014,C00966,WH04,2025-03-09,1,Damaged,2634.32
RET0004079,ORD00083137,P0015,C00077,WH03,2025-03-14,2,Quality Issue,650.74
RET0004080,ORD00083150,P0018,C00799,WH01,2025-03-04,1,Damaged,1229.68
RET0004081,ORD00083164,P0020,C00691,WH05,2025-03-02,2,Damaged,6069.44
RET0004082,ORD00083195,P0027,C00006,WH01,2025-03-14,1,Quality Issue,769.37
RET0004083,ORD00083205,P0029,C00695,WH01,2025-03-19,2,Customer Changed Mind,9007.42
RET0004084,ORD00083224,P0033,C00822,WH01,2025-03-16,1,Quality Issue,2555.35
RET0004085,ORD00083250,P0038,C00063,WH03,2025-03-10,1,Damaged,1931.74
RET0004086,ORD00083291,P0006,C00093,WH04,2025-03-11,2,Late Delivery,6521.2
RET0004087,ORD00083305,P0009,C00504,WH03,2025-03-11,1,Damaged,3207.48
RET0004088,ORD00083316,P0011,C00145,WH04,2025-03-10,2,Customer Changed Mind,1493.22
RET0004089,ORD00083319,P0012,C00206,WH02,2025-03-18,1,Quality Issue,2934.85
RET0004090,ORD00083394,P0027,C00169,WH02,2025-03-15,2,Quality Issue,1461.8
RET0004091,ORD00083409,P0030,C00356,WH02,2025-03-19,2,Quality Issue,6572.08
RET0004092,ORD00083412,P0030,C00077,WH05,2025-03-17,2,Customer Changed Mind,6572.08
RET0004093,ORD00083419,P0032,C00131,WH03,2025-03-20,2,Wrong Product,3914.23
RET0004094,ORD00083437,P0036,C00597,WH01,2025-03-13,2,Quality Issue,4784.67
RET0004095,ORD00083496,P0007,C00882,WH05,2025-03-06,1,Quality Issue,2660.96
RET0004096,ORD00083536,P0015,C00201,WH05,2025-03-21,1,Quality Issue,325.37
RET0004097,ORD00083554,P0019,C00928,WH03,2025-03-19,1,Damaged,2758.24
RET0004098,ORD00083556,P0019,C00368,WH05,2025-03-09,1,Customer Changed Mind,2620.33
RET0004099,ORD00083564,P0021,C00259,WH03,2025-03-16,2,Customer Changed Mind,1681.82
RET0004100,ORD00083567,P0022,C00987,WH01,2025-03-10,1,Wrong Product,550.13
RET0004101,ORD00083581,P0024,C00266,WH05,2025-03-09,1,Quality Issue,800.49
RET0004102,ORD00083608,P0030,C00507,WH02,2025-03-08,1,Customer Changed Mind,3121.74
RET0004103,ORD00083640,P0036,C00741,WH04,2025-03-08,2,Damaged,5066.12
RET0004104,ORD00083660,P0040,C00601,WH04,2025-03-13,1,Quality Issue,981.2
RET0004105,ORD00083750,P0019,C00885,WH01,2025-03-21,2,Wrong Product,5240.66
RET0004106,ORD00083762,P0021,C00019,WH03,2025-03-07,2,Quality Issue,1681.82
RET0004107,ORD00083775,P0024,C00889,WH01,2025-03-06,1,Customer Changed Mind,862.75
RET0004108,ORD00083776,P0024,C00519,WH02,2025-03-12,1,Customer Changed Mind,889.43
RET0004109,ORD00083859,P0001,C00686,WH01,2025-03-18,2,Wrong Product,3488.49
RET0004110,ORD00083867,P0002,C00897,WH04,2025-03-16,2,Damaged,1900.9
RET0004111,ORD00083884,P0006,C00037,WH02,2025-03-20,1,Quality Issue,3514.2
RET0004112,ORD00083888,P0007,C00956,WH01,2025-03-08,2,Wrong Product,5321.92
RET0004113,ORD00083894,P0008,C00980,WH02,2025-03-13,1,Customer Changed Mind,968.68
RET0004114,ORD00083908,P0011,C00617,WH02,2025-03-12,2,Damaged,1493.22
RET0004115,ORD00083945,P0018,C00067,WH04,2025-03-10,1,Customer Changed Mind,1297.99
RET0004116,ORD00083956,P0020,C00901,WH05,2025-03-20,1,Quality Issue,3034.72
RET0004117,ORD00083961,P0021,C00153,WH05,2025-03-23,2,Damaged,1681.82
RET0004118,ORD00083978,P0025,C00518,WH02,2025-03-12,2,Wrong Product,3215.52
RET0004119,ORD00083981,P0025,C00509,WH05,2025-03-17,1,Quality Issue,1786.4
RET0004120,ORD00083996,P0028,C00818,WH05,2025-03-07,2,Damaged,8609.9
RET0004121,ORD00083999,P0029,C00340,WH03,2025-03-23,1,Late Delivery,4643.0
RET0004122,ORD00084002,P0030,C00626,WH01,2025-03-09,2,Customer Changed Mind,6572.08
RET0004123,ORD00084035,P0036,C00065,WH05,2025-03-22,1,Wrong Product,2673.78
RET0004124,ORD00084036,P0037,C00082,WH01,2025-03-07,1,Damaged,1836.09
RET0004125,ORD00084037,P0037,C00917,WH02,2025-03-20,1,Late Delivery,1836.09
RET0004126,ORD00084042,P0038,C00287,WH02,2025-03-06,2,Quality Issue,4318.0
RET0004127,ORD00084088,P0007,C00687,WH04,2025-03-21,1,Damaged,2867.92
RET0004128,ORD00084123,P0014,C00256,WH05,2025-03-12,1,Damaged,2370.89
RET0004129,ORD00084139,P0018,C00350,WH01,2025-03-12,1,Customer Changed Mind,1297.99
RET0004130,ORD00084145,P0019,C00128,WH02,2025-03-10,2,Wrong Product,5516.48
RET0004131,ORD00084147,P0019,C00941,WH04,2025-03-16,2,Customer Changed Mind,4964.83
RET0004132,ORD00084150,P0020,C00703,WH02,2025-03-12,1,Customer Changed Mind,2731.25
RET0004133,ORD00084205,P0031,C00949,WH02,2025-03-18,2,Damaged,1320.96
RET0004134,ORD00084220,P0034,C00409,WH02,2025-03-17,2,Damaged,8225.82
RET0004135,ORD00084230,P0036,C00119,WH02,2025-03-12,1,Damaged,2814.51
RET0004136,ORD00084242,P0038,C00406,WH04,2025-03-23,2,Quality Issue,4545.26
RET0004137,ORD00084256,P0001,C00137,WH03,2025-03-12,2,Damaged,3416.56
RET0004138,ORD00084279,P0006,C00260,WH01,2025-03-10,2,Wrong Product,7245.78
RET0004139,ORD00084283,P0007,C00477,WH01,2025-03-19,1,Customer Changed Mind,2956.62
RET0004140,ORD00084299,P0010,C00586,WH02,2025-03-13,2,Customer Changed Mind,6422.04
RET0004141,ORD00084303,P0011,C00703,WH01,2025-03-09,1,Damaged,671.95
RET0004142,ORD00084320,P0014,C00048,WH03,2025-03-12,1,Damaged,2502.6
RET0004143,ORD00084345,P0019,C00847,WH03,2025-03-24,1,Quality Issue,2482.42
RET0004144,ORD00084367,P0023,C00384,WH05,2025-03-19,2,Damaged,1795.02
RET0004145,ORD00084371,P0024,C00854,WH04,2025-03-12,1,Damaged,889.43
RET0004146,ORD00084389,P0028,C00849,WH02,2025-03-21,1,Quality Issue,4304.95
RET0004147,ORD00084417,P0033,C00458,WH05,2025-03-10,2,Quality Issue,5110.7
RET0004148,ORD00084445,P0039,C00618,WH05,2025-03-08,1,Customer Changed Mind,636.09
RET0004149,ORD00084454,P0001,C00116,WH04,2025-03-25,2,Damaged,3236.74
RET0004150,ORD00084460,P0002,C00195,WH05,2025-03-21,1,Damaged,855.41
RET0004151,ORD00084466,P0004,C00071,WH01,2025-03-12,1,Quality Issue,2227.7
RET0004152,ORD00084469,P0004,C00306,WH04,2025-03-10,1,Damaged,2116.31
RET0004153,ORD00084482,P0007,C00060,WH02,2025-03-24,1,Damaged,2660.96
RET0004154,ORD00084501,P0011,C00432,WH01,2025-03-12,2,Damaged,1493.22
RET0004155,ORD00084503,P0011,C00421,WH03,2025-03-21,1,Damaged,709.28
RET0004156,ORD00084523,P0015,C00020,WH04,2025-03-24,1,Quality Issue,309.1
RET0004157,ORD00084526,P0016,C00483,WH02,2025-03-17,1,Wrong Product,999.4
RET0004158,ORD00084565,P0024,C00283,WH01,2025-03-23,1,Quality Issue,889.43
RET0004159,ORD00084569,P0024,C00031,WH05,2025-03-26,1,Damaged,844.96
RET0004160,ORD00084640,P0039,C00879,WH01,2025-03-19,1,Quality Issue,655.76
RET0004161,ORD00084651,P0001,C00847,WH02,2025-03-13,1,Damaged,1708.28
RET0004162,ORD00084691,P0009,C00100,WH02,2025-03-20,1,Quality Issue,3207.48
RET0004163,ORD00084710,P0013,C00261,WH01,2025-03-22,1,Wrong Product,3433.57
RET0004164,ORD00084742,P0019,C00689,WH03,2025-03-23,1,Damaged,2482.42
RET0004165,ORD00084772,P0025,C00368,WH03,2025-03-12,1,Customer Changed Mind,1786.4
RET0004166,ORD00084785,P0028,C00332,WH01,2025-03-25,2,Quality Issue,8609.9
RET0004167,ORD00084793,P0029,C00264,WH04,2025-03-11,2,Quality Issue,8821.7
RET0004168,ORD00084794,P0029,C00650,WH05,2025-03-11,1,Damaged,3946.55
RET0004169,ORD00084813,P0033,C00691,WH04,2025-03-26,1,Damaged,2427.58
RET0004170,ORD00084841,P0039,C00765,WH02,2025-03-12,2,Damaged,1311.52
RET0004171,ORD00084865,P0004,C00371,WH01,2025-03-17,1,Late Delivery,2227.7
RET0004172,ORD00084872,P0005,C00118,WH03,2025-03-22,1,Customer Changed Mind,1650.77
RET0004173,ORD00084896,P0010,C00167,WH03,2025-03-11,1,Late Delivery,3389.41
RET0004174,ORD00084900,P0011,C00169,WH02,2025-03-12,1,Quality Issue,746.61
RET0004175,ORD00084906,P0012,C00753,WH03,2025-03-22,1,Customer Changed Mind,3089.32
RET0004176,ORD00084910,P0013,C00094,WH02,2025-03-19,1,Damaged,3505.85
RET0004177,ORD00084947,P0020,C00658,WH04,2025-03-11,2,Customer Changed Mind,5765.97
RET0004178,ORD00084948,P0020,C00877,WH05,2025-03-25,1,Late Delivery,2882.98
RET0004179,ORD00084967,P0024,C00935,WH04,2025-03-20,1,Customer Changed Mind,889.43
RET0004180,ORD00084975,P0026,C00527,WH02,2025-03-17,1,Wrong Product,2721.64
RET0004181,ORD00085006,P0032,C00857,WH03,2025-03-14,2,Customer Changed Mind,4120.24
RET0004182,ORD00085011,P0033,C00047,WH03,2025-03-15,1,Quality Issue,2555.35
RET0004183,ORD00085016,P0034,C00686,WH03,2025-03-24,1,Customer Changed Mind,3907.26
RET0004184,ORD00085034,P0038,C00653,WH01,2025-03-14,1,Damaged,2272.63
RET0004185,ORD00085063,P0003,C00466,WH05,2025-03-26,1,Wrong Product,1220.29
RET0004186,ORD00085085,P0008,C00046,WH03,2025-03-23,1,Wrong Product,920.25
RET0004187,ORD00085093,P0010,C00202,WH01,2025-03-21,2,Quality Issue,7135.6
RET0004188,ORD00085114,P0014,C00199,WH02,2025-03-18,1,Quality Issue,2634.32
RET0004189,ORD00085157,P0022,C00066,WH05,2025-03-20,1,Quality Issue,611.26
RET0004190,ORD00085261,P0003,C00757,WH04,2025-03-26,1,Damaged,1183.68
RET0004191,ORD00085273,P0006,C00526,WH01,2025-03-24,1,Quality Issue,3441.75
RET0004192,ORD00085292,P0010,C00495,WH01,2025-03-24,2,Customer Changed Mind,7135.6
RET0004193,ORD00085332,P0018,C00098,WH01,2025-03-18,2,Damaged,2732.62
RET0004194,ORD00085361,P0024,C00100,WH02,2025-03-14,2,Wrong Product,1725.49
RET0004195,ORD00085380,P0028,C00334,WH01,2025-03-14,1,Quality Issue,4304.95
RET0004196,ORD00085445,P0001,C00097,WH01,2025-03-19,2,Damaged,3416.56
RET0004197,ORD00085470,P0006,C00923,WH01,2025-03-31,1,Quality Issue,3260.6
RET0004198,ORD00085472,P0006,C00322,WH03,2025-03-31,1,Wrong Product,3260.6
RET0004199,ORD00085473,P0006,C00325,WH04,2025-03-18,1,Quality Issue,3622.89
RET0004200,ORD00085515,P0015,C00036,WH01,2025-03-23,1,Quality Issue,325.37
RET0004201,ORD00085522,P0016,C00573,WH03,2025-03-19,2,Quality Issue,2220.88
RET0004202,ORD00085523,P0016,C00759,WH04,2025-03-23,2,Wrong Product,2109.84
RET0004203,ORD00085524,P0016,C00731,WH05,2025-03-28,2,Quality Issue,2220.88
RET0004204,ORD00085525,P0017,C00485,WH01,2025-03-19,1,Customer Changed Mind,1114.83
RET0004205,ORD00085530,P0018,C00548,WH01,2025-03-30,1,Customer Changed Mind,1229.68
RET0004206,ORD00085548,P0021,C00634,WH04,2025-03-15,2,Customer Changed Mind,1681.82
RET0004207,ORD00085572,P0026,C00099,WH03,2025-03-28,2,Quality Issue,5729.76
RET0004208,ORD00085635,P0039,C00125,WH01,2025-03-28,2,Quality Issue,1311.52
RET0004209,ORD00085641,P0040,C00547,WH02,2025-03-24,2,Damaged,1719.64
RET0004210,ORD00085763,P0024,C00904,WH05,2025-03-23,2,Quality Issue,1778.86
RET0004211,ORD00085769,P0026,C00792,WH01,2025-03-26,1,Customer Changed Mind,2778.93
RET0004212,ORD00085831,P0038,C00984,WH03,2025-03-24,1,Damaged,2272.63
RET0004213,ORD00085865,P0005,C00104,WH03,2025-03-16,1,Damaged,1485.69
RET0004214,ORD00085877,P0007,C00809,WH05,2025-04-02,2,Quality Issue,5913.24
RET0004215,ORD00085903,P0013,C00841,WH01,2025-03-28,2,Damaged,6867.13
RET0004216,ORD00085924,P0017,C00375,WH02,2025-03-29,1,Quality Issue,1081.39
RET0004217,ORD00085947,P0021,C00248,WH05,2025-03-24,2,Customer Changed Mind,1513.64
RET0004218,ORD00086000,P0032,C00096,WH03,2025-03-16,1,Quality Issue,1998.32
RET0004219,ORD00086016,P0035,C00721,WH05,2025-03-31,2,Late Delivery,4251.14
RET0004220,ORD00086028,P0038,C00696,WH02,2025-03-30,2,Customer Changed Mind,4545.26
RET0004221,ORD00086039,P0040,C00810,WH04,2025-03-22,2,Quality Issue,2023.1
RET0004222,ORD00086041,P0001,C00616,WH01,2025-03-31,1,Quality Issue,1798.19
RET0004223,ORD00086066,P0006,C00716,WH01,2025-03-17,1,Quality Issue,3622.89
RET0004224,ORD00086069,P0006,C00121,WH04,2025-03-28,1,Quality Issue,3622.89
RET0004225,ORD00086081,P0009,C00742,WH01,2025-03-27,1,Quality Issue,3111.26
RET0004226,ORD00086085,P0009,C00011,WH05,2025-03-25,1,Wrong Product,3111.26
RET0004227,ORD00086090,P0010,C00609,WH05,2025-04-02,1,Customer Changed Mind,3567.8
RET0004228,ORD00086097,P0012,C00999,WH02,2025-04-03,2,Quality Issue,5993.28
RET0004229,ORD00086112,P0015,C00331,WH02,2025-03-23,1,Damaged,292.83
RET0004230,ORD00086118,P0016,C00506,WH03,2025-03-26,2,Quality Issue,1887.75
RET0004231,ORD00086168,P0026,C00664,WH03,2025-03-29,2,Late Delivery,5557.87
RET0004232,ORD00086196,P0032,C00460,WH01,2025-03-19,2,Quality Issue,4120.24
RET0004233,ORD00086199,P0032,C00459,WH04,2025-03-28,1,Customer Changed Mind,2060.12
RET0004234,ORD00086200,P0032,C00028,WH05,2025-04-02,1,Customer Changed Mind,1854.11
RET0004235,ORD00086202,P0033,C00863,WH02,2025-03-25,1,Quality Issue,2427.58
RET0004236,ORD00086247,P0002,C00162,WH02,2025-03-20,1,Quality Issue,950.45
RET0004237,ORD00086248,P0002,C00386,WH03,2025-03-31,1,Damaged,950.45
RET0004238,ORD00086250,P0002,C00292,WH05,2025-03-25,2,Wrong Product,1900.9
RET0004239,ORD00086256,P0004,C00187,WH01,2025-03-30,2,Damaged,4455.4
RET0004240,ORD00086272,P0007,C00111,WH03,2025-04-01,1,Customer Changed Mind,2956.62
RET0004241,ORD00086277,P0008,C00234,WH03,2025-03-28,1,Customer Changed Mind,939.62
RET0004242,ORD00086279,P0008,C00630,WH05,2025-03-25,2,Wrong Product,1937.36
RET0004243,ORD00086307,P0014,C00808,WH03,2025-03-26,1,Damaged,2634.32
RET0004244,ORD00086318,P0016,C00561,WH04,2025-03-27,1,Damaged,1077.13
RET0004245,ORD00086358,P0024,C00258,WH04,2025-03-22,2,Customer Changed Mind,1600.97
RET0004246,ORD00086366,P0026,C00823,WH02,2025-04-04,2,Quality Issue,5729.76
RET0004247,ORD00086378,P0028,C00440,WH04,2025-03-18,1,Wrong Product,4304.95
RET0004248,ORD00086392,P0031,C00792,WH03,2025-04-03,2,Quality Issue,1320.96
RET0004249,ORD00086403,P0033,C00062,WH04,2025-04-01,2,Quality Issue,4855.16
RET0004250,ORD00086404,P0033,C00616,WH05,2025-03-23,2,Wrong Product,4599.63
RET0004251,ORD00086408,P0034,C00943,WH05,2025-04-02,2,Damaged,8225.82
RET0004252,ORD00086420,P0037,C00328,WH02,2025-03-18,1,Quality Issue,1836.09
RET0004253,ORD00086451,P0003,C00975,WH03,2025-03-27,2,Quality Issue,2440.58
RET0004254,ORD00086453,P0003,C00825,WH05,2025-04-02,2,Damaged,2318.55
RET0004255,ORD00086459,P0005,C00228,WH01,2025-03-25,1,Wrong Product,1403.15
RET0004256,ORD00086542,P0021,C00976,WH05,2025-04-04,1,Quality Issue,798.86
RET0004257,ORD00086610,P0035,C00155,WH04,2025-04-05,1,Quality Issue,2125.57
RET0004258,ORD00086616,P0036,C00796,WH05,2025-03-20,1,Damaged,2814.51
RET0004259,ORD00086626,P0038,C00868,WH05,2025-03-23,1,Late Delivery,2204.45
RET0004260,ORD00086630,P0039,C00156,WH04,2025-04-02,1,Quality Issue,622.97
RET0004261,ORD00086659,P0005,C00736,WH03,2025-04-05,1,Late Delivery,1601.25
RET0004262,ORD00086665,P0006,C00759,WH04,2025-03-31,1,Wrong Product,3514.2
RET0004263,ORD00086673,P0008,C00389,WH02,2025-03-25,2,Quality Issue,1937.36
RET0004264,ORD00086683,P0010,C00654,WH03,2025-03-30,1,Wrong Product,3389.41
RET0004265,ORD00086687,P0011,C00227,WH02,2025-03-26,1,Customer Changed Mind,746.61
RET0004266,ORD00086689,P0011,C00016,WH04,2025-03-28,1,Damaged,746.61
RET0004267,ORD00086691,P0012,C00553,WH01,2025-03-22,2,Damaged,5869.71
RET0004268,ORD00086696,P0013,C00242,WH02,2025-04-06,1,Wrong Product,3433.57
RET0004269,ORD00086715,P0017,C00753,WH01,2025-04-05,2,Customer Changed Mind,2229.66
RET0004270,ORD00086727,P0019,C00382,WH03,2025-03-26,2,Customer Changed Mind,5350.99
RET0004271,ORD00086731,P0020,C00134,WH02,2025-04-06,1,Late Delivery,3034.72
RET0004272,ORD00086743,P0022,C00051,WH04,2025-03-30,2,Damaged,1161.39
RET0004273,ORD00086768,P0027,C00049,WH04,2025-04-01,1,Wrong Product,769.37
RET0004274,ORD00086769,P0027,C00969,WH05,2025-04-03,2,Wrong Product,1461.8
RET0004275,ORD00086770,P0028,C00313,WH01,2025-04-06,1,Quality Issue,4089.7
RET0004276,ORD00086781,P0030,C00715,WH02,2025-03-29,2,Quality Issue,6572.08
RET0004277,ORD00086794,P0032,C00164,WH05,2025-03-22,2,Damaged,3708.22
RET0004278,ORD00086818,P0037,C00938,WH04,2025-03-29,1,Wrong Product,1836.09
RET0004279,ORD00086849,P0004,C00063,WH01,2025-03-29,1,Quality Issue,2116.31
RET0004280,ORD00086861,P0006,C00702,WH03,2025-04-02,2,Customer Changed Mind,6521.2
RET0004281,ORD00086894,P0013,C00470,WH02,2025-03-24,2,Quality Issue,7228.56
RET0004282,ORD00086911,P0016,C00612,WH04,2025-04-07,2,Damaged,2220.88
RET0004283,ORD00086914,P0017,C00585,WH02,2025-03-21,1,Customer Changed Mind,1003.35
RET0004284,ORD00086938,P0022,C00081,WH01,2025-04-04,1,Quality Issue,611.26
RET0004285,ORD00086946,P0023,C00641,WH04,2025-04-01,1,Wrong Product,807.76
RET0004286,ORD00086958,P0026,C00634,WH02,2025-04-01,1,Quality Issue,2864.88
RET0004287,ORD00086979,P0030,C00413,WH03,2025-03-24,1,Wrong Product,3286.04
RET0004288,ORD00086999,P0034,C00768,WH05,2025-04-05,1,Quality Issue,3907.26
RET0004289,ORD00087015,P0038,C00324,WH01,2025-04-05,1,Late Delivery,2159.0
RET0004290,ORD00087016,P0038,C00454,WH02,2025-04-07,1,Customer Changed Mind,2272.63
RET0004291,ORD00087050,P0005,C00001,WH01,2025-04-02,2,Quality Issue,3301.54
RET0004292,ORD00087067,P0008,C00189,WH05,2025-04-02,2,Quality Issue,1840.49
RET0004293,ORD00087072,P0009,C00645,WH05,2025-04-08,2,Quality Issue,6222.51
RET0004294,ORD00087089,P0013,C00658,WH03,2025-03-29,2,Damaged,7228.56
RET0004295,ORD00087096,P0014,C00333,WH05,2025-04-08,1,Wrong Product,2555.29
RET0004296,ORD00087140,P0023,C00455,WH04,2025-04-06,2,Damaged,1795.02
RET0004297,ORD00087146,P0024,C00521,WH05,2025-03-26,1,Damaged,889.43
RET0004298,ORD00087153,P0026,C00601,WH02,2025-04-07,2,Damaged,5729.76
RET0004299,ORD00087155,P0026,C00878,WH04,2025-03-25,2,Damaged,5443.27
RET0004300,ORD00087163,P0028,C00900,WH02,2025-03-26,2,Customer Changed Mind,7748.91
RET0004301,ORD00087186,P0033,C00933,WH01,2025-04-06,2,Damaged,4957.38
RET0004302,ORD00087196,P0035,C00328,WH01,2025-03-27,1,Customer Changed Mind,2125.57
RET0004303,ORD00087228,P0001,C00980,WH03,2025-03-30,1,Late Delivery,1618.37
RET0004304,ORD00087271,P0010,C00542,WH02,2025-04-07,1,Damaged,3389.41
RET0004305,ORD00087273,P0010,C00149,WH04,2025-03-30,1,Quality Issue,3567.8
RET0004306,ORD00087298,P0015,C00013,WH04,2025-03-27,1,Quality Issue,309.1
RET0004307,ORD00087314,P0018,C00913,WH05,2025-04-08,1,Damaged,1161.36
RET0004308,ORD00087348,P0025,C00017,WH04,2025-03-29,2,Damaged,3215.52
RET0004309,ORD00087351,P0026,C00528,WH02,2025-03-26,2,Late Delivery,5729.76
RET0004310,ORD00087364,P0028,C00702,WH05,2025-03-25,1,Customer Changed Mind,4304.95
RET0004311,ORD00087390,P0034,C00176,WH02,2025-03-23,2,Damaged,7403.24
RET0004312,ORD00087406,P0037,C00386,WH03,2025-03-27,1,Customer Changed Mind,1836.09
RET0004313,ORD00087422,P0040,C00865,WH05,2025-04-01,2,Quality Issue,1820.79
RET0004314,ORD00087460,P0008,C00640,WH04,2025-04-04,1,Wrong Product,968.68
RET0004315,ORD00087475,P0011,C00913,WH04,2025-04-08,2,Quality Issue,1493.22
RET0004316,ORD00087529,P0022,C00415,WH04,2025-03-24,2,Customer Changed Mind,1100.27
RET0004317,ORD00087552,P0027,C00181,WH03,2025-04-03,1,Late Delivery,769.37
RET0004318,ORD00087582,P0033,C00994,WH03,2025-04-04,1,Customer Changed Mind,2427.58
RET0004319,ORD00087629,P0003,C00542,WH01,2025-04-03,2,Wrong Product,2440.58
RET0004320,ORD00087632,P0003,C00676,WH04,2025-03-28,1,Damaged,1220.29
RET0004321,ORD00087646,P0006,C00403,WH03,2025-03-28,1,Wrong Product,3622.89
RET0004322,ORD00087657,P0008,C00209,WH04,2025-03-27,1,Damaged,968.68
RET0004323,ORD00087671,P0011,C00183,WH03,2025-03-28,1,Customer Changed Mind,746.61
RET0004324,ORD00087692,P0015,C00258,WH04,2025-04-03,2,Quality Issue,650.74
RET0004325,ORD00087716,P0020,C00389,WH03,2025-03-29,2,Quality Issue,6069.44
RET0004326,ORD00087749,P0027,C00614,WH01,2025-04-09,1,Damaged,730.9
RET0004327,ORD00087754,P0028,C00896,WH01,2025-03-26,2,Quality Issue,8609.9
RET0004328,ORD00087778,P0032,C00145,WH05,2025-04-10,1,Customer Changed Mind,2060.12
RET0004329,ORD00087784,P0034,C00305,WH01,2025-04-07,1,Wrong Product,3907.26
RET0004330,ORD00087830,P0003,C00937,WH03,2025-03-27,1,Late Delivery,1183.68
RET0004331,ORD00087865,P0010,C00641,WH04,2025-03-27,2,Quality Issue,6065.26
RET0004332,ORD00087899,P0017,C00050,WH03,2025-03-30,1,Late Delivery,1114.83
RET0004333,ORD00087911,P0019,C00178,WH05,2025-03-27,2,Quality Issue,5516.48
RET0004334,ORD00087955,P0028,C00484,WH04,2025-04-12,1,Damaged,4175.8
RET0004335,ORD00087989,P0035,C00571,WH03,2025-03-27,2,Wrong Product,4251.14
RET0004336,ORD00088000,P0037,C00791,WH04,2025-04-12,1,Quality Issue,1836.09
RET0004337,ORD00088014,P0040,C00120,WH03,2025-04-08,1,Quality Issue,981.2
RET0004338,ORD00088056,P0009,C00714,WH01,2025-04-11,1,Quality Issue,3207.48
RET0004339,ORD00088058,P0009,C00141,WH03,2025-03-29,2,Damaged,6414.96
RET0004340,ORD00088060,P0009,C00437,WH05,2025-04-03,2,Wrong Product,5773.46
RET0004341,ORD00088062,P0010,C00307,WH02,2025-03-30,2,Quality Issue,6422.04
RET0004342,ORD00088064,P0010,C00044,WH04,2025-03-31,2,Quality Issue,6921.53
RET0004343,ORD00088097,P0017,C00106,WH02,2025-04-13,1,Damaged,1081.39
RET0004344,ORD00088164,P0031,C00520,WH01,2025-03-28,1,Quality Issue,594.43
RET0004345,ORD00088169,P0032,C00337,WH01,2025-04-07,1,Customer Changed Mind,1957.11
RET0004346,ORD00088241,P0007,C00568,WH01,2025-04-14,2,Late Delivery,5913.24
RET0004347,ORD00088246,P0008,C00020,WH01,2025-04-08,2,Customer Changed Mind,1937.36
RET0004348,ORD00088275,P0013,C00078,WH05,2025-04-06,2,Wrong Product,7228.56
RET0004349,ORD00088283,P0015,C00237,WH03,2025-04-03,1,Damaged,309.1
RET0004350,ORD00088290,P0016,C00488,WH05,2025-04-01,2,Wrong Product,2220.88
RET0004351,ORD00088339,P0026,C00294,WH04,2025-04-12,2,Quality Issue,4870.3
RET0004352,ORD00088352,P0029,C00680,WH02,2025-04-08,2,Quality Issue,8357.4
RET0004353,ORD00088373,P0033,C00881,WH04,2025-04-12,2,Customer Changed Mind,4599.63
RET0004354,ORD00088402,P0039,C00994,WH03,2025-04-14,1,Quality Issue,655.76
RET0004355,ORD00088412,P0001,C00530,WH03,2025-04-01,1,Wrong Product,1618.37
RET0004356,ORD00088419,P0002,C00386,WH05,2025-04-08,2,Customer Changed Mind,1900.9
RET0004357,ORD00088424,P0003,C00175,WH05,2025-04-05,2,Late Delivery,2367.36
RET0004358,ORD00088445,P0008,C00934,WH01,2025-03-31,1,Quality Issue,968.68
RET0004359,ORD00088497,P0018,C00534,WH05,2025-04-11,1,Damaged,1325.32
RET0004360,ORD00088514,P0022,C00527,WH02,2025-04-09,1,Customer Changed Mind,611.26
RET0004361,ORD00088536,P0026,C00401,WH05,2025-04-07,2,Quality Issue,5156.78
RET0004362,ORD00088556,P0030,C00404,WH05,2025-04-02,2,Damaged,6572.08
RET0004363,ORD00088569,P0033,C00636,WH04,2025-04-10,2,Customer Changed Mind,5110.7
RET0004364,ORD00088581,P0036,C00336,WH01,2025-04-15,1,Late Delivery,2533.06
RET0004365,ORD00088613,P0002,C00321,WH04,2025-04-16,2,Customer Changed Mind,1900.9
RET0004366,ORD00088676,P0015,C00376,WH03,2025-04-14,2,Quality Issue,650.74
RET0004367,ORD00088722,P0025,C00334,WH01,2025-04-03,2,Damaged,3394.16
RET0004368,ORD00088730,P0026,C00956,WH04,2025-04-09,1,Damaged,2864.88
RET0004369,ORD00088753,P0031,C00583,WH02,2025-04-03,1,Quality Issue,561.41
RET0004370,ORD00088766,P0033,C00673,WH05,2025-04-03,2,Damaged,4855.16
RET0004371,ORD00088771,P0034,C00717,WH05,2025-04-03,2,Quality Issue,8225.82
RET0004372,ORD00088782,P0037,C00556,WH01,2025-04-06,1,Quality Issue,1781.01
RET0004373,ORD00088788,P0038,C00509,WH02,2025-04-12,1,Damaged,2272.63
RET0004374,ORD00088793,P0039,C00868,WH02,2025-04-03,1,Quality Issue,636.09
RET0004375,ORD00088819,P0004,C00319,WH03,2025-04-07,1,Damaged,2227.7
RET0004376,ORD00088829,P0006,C00392,WH03,2025-04-09,2,Quality Issue,6883.49
RET0004377,ORD00088834,P0007,C00229,WH03,2025-04-06,1,Customer Changed Mind,2956.62
RET0004378,ORD00088843,P0009,C00380,WH02,2025-04-09,2,Quality Issue,6414.96
RET0004379,ORD00088881,P0016,C00239,WH05,2025-04-03,2,Wrong Product,2220.88
RET0004380,ORD00088889,P0018,C00640,WH03,2025-04-16,1,Quality Issue,1366.31
RET0004381,ORD00088899,P0020,C00276,WH03,2025-04-14,1,Damaged,2882.98
RET0004382,ORD00088926,P0026,C00218,WH01,2025-04-07,2,Quality Issue,5729.76
RET0004383,ORD00088932,P0027,C00116,WH02,2025-04-01,1,Quality Issue,769.37
RET0004384,ORD00088942,P0029,C00845,WH02,2025-04-02,1,Damaged,4643.0
RET0004385,ORD00088955,P0031,C00229,WH05,2025-03-31,1,Wrong Product,660.48
RET0004386,ORD00088968,P0034,C00914,WH03,2025-04-10,1,Wrong Product,3907.26
RET0004387,ORD00088978,P0036,C00920,WH03,2025-04-14,1,Quality Issue,2392.33
RET0004388,ORD00088984,P0037,C00606,WH04,2025-04-01,1,Quality Issue,1560.68
RET0004389,ORD00089006,P0002,C00094,WH01,2025-04-03,1,Customer Changed Mind,950.45
RET0004390,ORD00089016,P0004,C00768,WH01,2025-04-06,2,Damaged,4455.4
RET0004391,ORD00089031,P0007,C00553,WH01,2025-04-10,2,Quality Issue,5617.58
RET0004392,ORD00089036,P0008,C00290,WH01,2025-04-08,1,Customer Changed Mind,823.38
RET0004393,ORD00089129,P0026,C00183,WH04,2025-04-11,2,Damaged,5729.76
RET0004394,ORD00089132,P0027,C00002,WH02,2025-04-16,2,Customer Changed Mind,1492.58
RET0004395,ORD00089135,P0027,C00107,WH05,2025-04-15,1,Damaged,746.29
RET0004396,ORD00089152,P0031,C00645,WH02,2025-04-12,2,Damaged,1281.33
RET0004397,ORD00089178,P0036,C00523,WH03,2025-04-16,1,Quality Issue,2814.51
RET0004398,ORD00089181,P0037,C00388,WH01,2025-04-10,1,Customer Changed Mind,1836.09
RET0004399,ORD00089183,P0037,C00483,WH03,2025-04-08,1,Quality Issue,1836.09
RET0004400,ORD00089184,P0037,C00868,WH04,2025-04-09,1,Customer Changed Mind,1836.09
RET0004401,ORD00089226,P0006,C00834,WH01,2025-04-16,1,Customer Changed Mind,3260.6
RET0004402,ORD00089234,P0007,C00271,WH04,2025-04-03,2,Customer Changed Mind,5617.58
RET0004403,ORD00089255,P0011,C00947,WH05,2025-04-06,1,Quality Issue,671.95
RET0004404,ORD00089278,P0016,C00514,WH03,2025-04-17,1,Quality Issue,999.4
RET0004405,ORD00089295,P0019,C00728,WH05,2025-04-02,1,Damaged,2758.24
RET0004406,ORD00089338,P0028,C00972,WH03,2025-04-08,2,Damaged,8609.9
RET0004407,ORD00089361,P0033,C00289,WH01,2025-04-13,2,Wrong Product,4855.16
RET0004408,ORD00089379,P0036,C00739,WH05,2025-04-11,2,Damaged,5347.57
RET0004409,ORD00089394,P0039,C00328,WH05,2025-04-18,1,Wrong Product,655.76
RET0004410,ORD00089485,P0018,C00988,WH02,2025-04-12,2,Quality Issue,2732.62
RET0004411,ORD00089533,P0028,C00315,WH01,2025-04-13,2,Damaged,7748.91
RET0004412,ORD00089580,P0037,C00211,WH03,2025-04-11,2,Quality Issue,3672.18
RET0004413,ORD00089613,P0004,C00033,WH02,2025-04-21,1,Customer Changed Mind,2227.7
RET0004414,ORD00089621,P0005,C00174,WH05,2025-04-12,1,Quality Issue,1568.23
RET0004415,ORD00089628,P0007,C00188,WH02,2025-04-10,2,Quality Issue,5321.92
RET0004416,ORD00089656,P0012,C00761,WH05,2025-04-04,1,Customer Changed Mind,3089.32
RET0004417,ORD00089687,P0019,C00627,WH01,2025-04-15,1,Damaged,2675.49
RET0004418,ORD00089696,P0020,C00643,WH05,2025-04-14,2,Quality Issue,6069.44
RET0004419,ORD00089699,P0021,C00930,WH03,2025-04-11,1,Quality Issue,840.91
RET0004420,ORD00089701,P0021,C00084,WH05,2025-04-18,1,Damaged,840.91
RET0004421,ORD00089713,P0024,C00949,WH02,2025-04-11,2,Quality Issue,1778.86
RET0004422,ORD00089736,P0028,C00676,WH05,2025-04-04,1,Quality Issue,4304.95
RET0004423,ORD00089743,P0030,C00006,WH02,2025-04-16,1,Customer Changed Mind,2793.13
RET0004424,ORD00089751,P0031,C00729,WH05,2025-04-09,2,Quality Issue,1188.86
RET0004425,ORD00089812,P0004,C00811,WH01,2025-04-05,1,Damaged,1893.54
RET0004426,ORD00089816,P0004,C00267,WH05,2025-04-10,1,Damaged,2227.7
RET0004427,ORD00089831,P0008,C00013,WH01,2025-04-07,2,Quality Issue,1646.76
RET0004428,ORD00089838,P0009,C00724,WH03,2025-04-12,1,Quality Issue,3207.48
RET0004429,ORD00089885,P0019,C00519,WH01,2025-04-13,2,Quality Issue,5516.48
RET0004430,ORD00089895,P0021,C00728,WH01,2025-04-14,2,Quality Issue,1681.82
RET0004431,ORD00089922,P0026,C00365,WH03,2025-04-14,1,Quality Issue,2778.93
RET0004432,ORD00089924,P0026,C00355,WH05,2025-04-16,2,Wrong Product,5729.76
RET0004433,ORD00089948,P0031,C00122,WH04,2025-04-16,1,Wrong Product,660.48
RET0004434,ORD00089956,P0033,C00616,WH02,2025-04-06,1,Damaged,2555.35
RET0004435,ORD00089966,P0035,C00379,WH02,2025-04-06,2,Damaged,4038.58
RET0004436,ORD00090005,P0003,C00701,WH01,2025-04-23,1,Damaged,1183.68
RET0004437,ORD00090017,P0005,C00500,WH03,2025-04-21,1,Wrong Product,1650.77
RET0004438,ORD00090043,P0010,C00827,WH04,2025-04-16,1,Quality Issue,3460.77
RET0004439,ORD00090059,P0014,C00809,WH01,2025-04-22,1,Quality Issue,2634.32
RET0004440,ORD00090079,P0018,C00420,WH01,2025-04-17,1,Quality Issue,1325.32
RET0004441,ORD00090100,P0022,C00786,WH03,2025-04-12,1,Quality Issue,592.92
RET0004442,ORD00090125,P0027,C00402,WH03,2025-04-15,1,Quality Issue,730.9
RET0004443,ORD00090137,P0029,C00791,WH05,2025-04-22,2,Wrong Product,8821.7
RET0004444,ORD00090165,P0035,C00887,WH03,2025-04-09,1,Wrong Product,2125.57
RET0004445,ORD00090169,P0036,C00001,WH02,2025-04-16,2,Quality Issue,5347.57
RET0004446,ORD00090180,P0038,C00661,WH03,2025-04-19,1,Damaged,2204.45
RET0004447,ORD00090202,P0003,C00218,WH01,2025-04-19,1,Damaged,1159.28
RET0004448,ORD00090205,P0003,C00334,WH04,2025-04-15,2,Damaged,2367.36
RET0004449,ORD00090211,P0004,C00284,WH05,2025-04-13,2,Damaged,4009.86
RET0004450,ORD00090224,P0007,C00216,WH03,2025-04-16,2,Quality Issue,5617.58
RET0004451,ORD00090246,P0011,C00338,WH05,2025-04-13,2,Wrong Product,1418.56
RET0004452,ORD00090261,P0014,C00507,WH05,2025-04-21,1,Late Delivery,2634.32
RET0004453,ORD00090271,P0016,C00870,WH05,2025-04-21,1,Customer Changed Mind,1110.44
RET0004454,ORD00090286,P0019,C00405,WH05,2025-04-10,1,Customer Changed Mind,2482.42
RET0004455,ORD00090295,P0021,C00029,WH04,2025-04-17,1,Damaged,840.91
RET0004456,ORD00090342,P0031,C00953,WH02,2025-04-15,2,Quality Issue,1281.33
RET0004457,ORD00090378,P0038,C00449,WH05,2025-04-18,2,Quality Issue,4408.9
RET0004458,ORD00090384,P0040,C00494,WH01,2025-04-14,1,Damaged,981.2
RET0004459,ORD00090452,P0013,C00258,WH05,2025-04-14,2,Quality Issue,6867.13
RET0004460,ORD00090497,P0022,C00960,WH05,2025-04-17,2,Wrong Product,1222.52
RET0004461,ORD00090509,P0025,C00534,WH03,2025-04-21,1,Damaged,1697.08
RET0004462,ORD00090533,P0030,C00010,WH02,2025-04-25,2,Damaged,6243.48
RET0004463,ORD00090550,P0033,C00519,WH04,2025-04-10,1,Quality Issue,2427.58
RET0004464,ORD00090551,P0033,C00843,WH05,2025-04-19,2,Late Delivery,5110.7
RET0004465,ORD00090556,P0034,C00521,WH05,2025-04-17,2,Quality Issue,7979.05
RET0004466,ORD00090560,P0035,C00042,WH04,2025-04-25,2,Quality Issue,4251.14
RET0004467,ORD00090568,P0037,C00655,WH02,2025-04-12,2,Quality Issue,3488.57
RET0004468,ORD00090574,P0038,C00857,WH03,2025-04-13,2,Customer Changed Mind,4545.26
RET0004469,ORD00090576,P0038,C00168,WH05,2025-04-13,1,Late Delivery,2272.63
RET0004470,ORD00090594,P0002,C00002,WH04,2025-04-11,2,Quality Issue,1900.9
RET0004471,ORD00090598,P0003,C00158,WH03,2025-04-21,2,Wrong Product,2440.58
RET0004472,ORD00090599,P0003,C00196,WH04,2025-04-25,1,Quality Issue,1183.68
RET0004473,ORD00090607,P0005,C00864,WH02,2025-04-21,2,Customer Changed Mind,3301.54
RET0004474,ORD00090633,P0010,C00974,WH03,2025-04-20,1,Quality Issue,3211.02
RET0004475,ORD00090635,P0010,C00166,WH05,2025-04-23,1,Damaged,3211.02
RET0004476,ORD00090649,P0013,C00749,WH04,2025-04-26,1,Customer Changed Mind,3614.28
RET0004477,ORD00090652,P0014,C00170,WH02,2025-04-17,1,Damaged,2634.32
RET0004478,ORD00090670,P0017,C00083,WH05,2025-04-10,2,Quality Issue,2162.77
RET0004479,ORD00090712,P0026,C00643,WH04,2025-04-18,1,Wrong Product,2864.88
RET0004480,ORD00090725,P0029,C00470,WH02,2025-04-22,1,Late Delivery,4503.71
RET0004481,ORD00090731,P0030,C00844,WH03,2025-04-21,2,Damaged,6572.08
RET0004482,ORD00090760,P0036,C00548,WH02,2025-04-20,1,Customer Changed Mind,2814.51
RET0004483,ORD00090762,P0036,C00362,WH04,2025-04-14,2,Customer Changed Mind,5629.02
RET0004484,ORD00090828,P0010,C00513,WH01,2025-04-17,1,Quality Issue,3567.8
RET0004485,ORD00090880,P0020,C00601,WH04,2025-04-23,1,Wrong Product,2731.25
RET0004486,ORD00090897,P0024,C00085,WH01,2025-04-19,1,Quality Issue,889.43
RET0004487,ORD00090899,P0024,C00161,WH03,2025-04-27,2,Customer Changed Mind,1725.49
RET0004488,ORD00090905,P0025,C00725,WH04,2025-04-12,2,Quality Issue,3572.8
RET0004489,ORD00090907,P0026,C00396,WH01,2025-04-21,2,Quality Issue,5729.76
RET0004490,ORD00090924,P0029,C00663,WH03,2025-04-27,1,Damaged,4503.71
RET0004491,ORD00090925,P0029,C00459,WH04,2025-04-21,1,Damaged,4410.85
RET0004492,ORD00090972,P0039,C00478,WH03,2025-04-22,1,Wrong Product,590.18
RET0004493,ORD00091006,P0006,C00357,WH02,2025-04-13,1,Late Delivery,3622.89
RET0004494,ORD00091017,P0008,C00653,WH03,2025-04-20,1,Quality Issue,968.68
RET0004495,ORD00091023,P0009,C00387,WH04,2025-04-15,2,Quality Issue,6414.96
RET0004496,ORD00091025,P0010,C00673,WH01,2025-04-18,1,Damaged,3567.8
RET0004497,ORD00091050,P0015,C00990,WH02,2025-04-28,1,Damaged,309.1
RET0004498,ORD00091055,P0016,C00954,WH02,2025-04-26,1,Damaged,1077.13
RET0004499,ORD00091082,P0021,C00964,WH04,2025-04-20,1,Wrong Product,714.77
RET0004500,ORD00091093,P0023,C00414,WH05,2025-04-25,1,Customer Changed Mind,897.51
RET0004501,ORD00091138,P0032,C00519,WH05,2025-04-25,1,Quality Issue,1957.11
RET0004502,ORD00091250,P0015,C00245,WH05,2025-04-15,1,Damaged,292.83
RET0004503,ORD00091273,P0020,C00595,WH03,2025-04-22,1,Customer Changed Mind,3034.72
RET0004504,ORD00091332,P0032,C00909,WH03,2025-04-15,1,Damaged,1998.32
RET0004505,ORD00091386,P0003,C00803,WH03,2025-04-28,1,Quality Issue,1220.29
RET0004506,ORD00091396,P0005,C00767,WH03,2025-04-20,2,Damaged,2806.31
RET0004507,ORD00091397,P0005,C00810,WH04,2025-04-17,2,Damaged,3136.46
RET0004508,ORD00091401,P0006,C00833,WH04,2025-04-18,1,Quality Issue,3514.2
RET0004509,ORD00091411,P0008,C00296,WH04,2025-04-21,2,Customer Changed Mind,1840.49
RET0004510,ORD00091422,P0010,C00327,WH05,2025-04-13,1,Quality Issue,3567.8
RET0004511,ORD00091457,P0018,C00903,WH01,2025-04-29,1,Damaged,1366.31
RET0004512,ORD00091462,P0019,C00565,WH01,2025-04-30,1,Damaged,2620.33
RET0004513,ORD00091464,P0019,C00765,WH03,2025-04-28,2,Wrong Product,5350.99
RET0004514,ORD00091470,P0020,C00101,WH04,2025-04-21,1,Quality Issue,2882.98
RET0004515,ORD00091475,P0021,C00214,WH04,2025-04-20,1,Quality Issue,798.86
RET0004516,ORD00091481,P0022,C00525,WH05,2025-04-17,1,Quality Issue,611.26
RET0004517,ORD00091536,P0033,C00780,WH05,2025-04-13,1,Damaged,2555.35
RET0004518,ORD00091570,P0001,C00542,WH01,2025-04-14,1,Quality Issue,1798.19
RET0004519,ORD00091572,P0001,C00533,WH03,2025-04-26,1,Customer Changed Mind,1798.19
RET0004520,ORD00091581,P0003,C00625,WH02,2025-04-18,2,Quality Issue,2196.52
RET0004521,ORD00091610,P0009,C00016,WH01,2025-04-30,2,Quality Issue,6414.96
RET0004522,ORD00091635,P0014,C00888,WH01,2025-04-20,2,Damaged,5110.58
RET0004523,ORD00091640,P0015,C00779,WH01,2025-04-14,2,Customer Changed Mind,618.2
RET0004524,ORD00091659,P0018,C00215,WH05,2025-04-30,1,Wrong Product,1161.36
RET0004525,ORD00091660,P0019,C00443,WH01,2025-04-15,1,Customer Changed Mind,2758.24
RET0004526,ORD00091743,P0036,C00598,WH01,2025-04-27,2,Damaged,5629.02
RET0004527,ORD00091779,P0003,C00693,WH02,2025-04-22,1,Customer Changed Mind,1098.26
RET0004528,ORD00091786,P0004,C00048,WH04,2025-04-26,2,Customer Changed Mind,3787.09
RET0004529,ORD00091794,P0006,C00167,WH03,2025-04-16,1,Quality Issue,3622.89
RET0004530,ORD00091873,P0022,C00326,WH02,2025-04-25,2,Damaged,1222.52
RET0004531,ORD00091963,P0040,C00005,WH03,2025-04-30,2,Customer Changed Mind,1962.41
RET0004532,ORD00092027,P0013,C00303,WH04,2025-05-02,1,Quality Issue,3072.14
RET0004533,ORD00092037,P0015,C00051,WH04,2025-04-19,1,Customer Changed Mind,325.37
RET0004534,ORD00092063,P0020,C00003,WH05,2025-04-24,2,Damaged,5462.5
RET0004535,ORD00092072,P0022,C00227,WH04,2025-04-24,1,Damaged,580.7
RET0004536,ORD00092112,P0030,C00270,WH05,2025-04-16,1,Quality Issue,3286.04
RET0004537,ORD00092131,P0034,C00092,WH05,2025-04-28,1,Customer Changed Mind,4112.91
RET0004538,ORD00092160,P0040,C00501,WH04,2025-04-29,1,Wrong Product,960.97
RET0004539,ORD00092162,P0001,C00446,WH01,2025-05-04,2,Quality Issue,3488.49
RET0004540,ORD00092170,P0002,C00370,WH04,2025-04-25,1,Damaged,950.45
RET0004541,ORD00092193,P0007,C00668,WH04,2025-05-03,1,Quality Issue,2956.62
RET0004542,ORD00092238,P0016,C00198,WH04,2025-04-25,1,Quality Issue,1110.44
RET0004543,ORD00092247,P0018,C00856,WH03,2025-04-23,2,Late Delivery,2459.36
RET0004544,ORD00092250,P0019,C00500,WH01,2025-04-22,1,Damaged,2758.24
RET0004545,ORD00092251,P0019,C00846,WH02,2025-04-26,1,Damaged,2620.33
RET0004546,ORD00092264,P0021,C00763,WH05,2025-05-01,1,Quality Issue,815.68
RET0004547,ORD00092265,P0022,C00396,WH01,2025-04-17,1,Late Delivery,550.13
RET0004548,ORD00092274,P0023,C00272,WH05,2025-05-04,1,Quality Issue,897.51
RET0004549,ORD00092284,P0025,C00004,WH05,2025-05-01,1,Customer Changed Mind,1607.76
RET0004550,ORD00092300,P0029,C00850,WH01,2025-04-29,1,Quality Issue,4410.85
RET0004551,ORD00092310,P0031,C00952,WH01,2025-04-26,1,Quality Issue,594.43
RET0004552,ORD00092328,P0035,C00226,WH01,2025-04-30,1,Customer Changed Mind,2061.8
RET0004553,ORD00092348,P0039,C00533,WH01,2025-05-01,1,Quality Issue,655.76
RET0004554,ORD00092376,P0004,C00972,WH04,2025-04-26,1,Customer Changed Mind,2227.7
RET0004555,ORD00092378,P0005,C00603,WH01,2025-04-23,1,Quality Issue,1568.23
RET0004556,ORD00092387,P0007,C00662,WH01,2025-04-21,1,Customer Changed Mind,2956.62
RET0004557,ORD00092388,P0007,C00002,WH02,2025-04-27,2,Customer Changed Mind,5617.58
RET0004558,ORD00092410,P0011,C00608,WH04,2025-04-27,2,Customer Changed Mind,1493.22
RET0004559,ORD00092423,P0014,C00463,WH02,2025-05-03,1,Quality Issue,2634.32
RET0004560,ORD00092449,P0019,C00993,WH03,2025-04-20,1,Customer Changed Mind,2758.24
RET0004561,ORD00092469,P0023,C00978,WH03,2025-04-26,2,Late Delivery,1795.02
RET0004562,ORD00092481,P0025,C00565,WH05,2025-04-27,2,Quality Issue,3394.16
RET0004563,ORD00092506,P0030,C00230,WH05,2025-04-19,1,Quality Issue,3286.04
RET0004564,ORD00092522,P0034,C00152,WH01,2025-04-27,1,Wrong Product,4112.91
RET0004565,ORD00092565,P0002,C00770,WH04,2025-04-24,1,Quality Issue,921.94
RET0004566,ORD00092570,P0003,C00129,WH04,2025-04-19,2,Customer Changed Mind,2318.55
RET0004567,ORD00092610,P0011,C00601,WH04,2025-05-04,1,Customer Changed Mind,746.61
RET0004568,ORD00092615,P0012,C00723,WH04,2025-04-28,2,Quality Issue,6178.64
RET0004569,ORD00092618,P0013,C00927,WH02,2025-04-22,1,Damaged,3614.28
RET0004570,ORD00092655,P0020,C00232,WH04,2025-04-27,2,Damaged,5887.36
RET0004571,ORD00092663,P0022,C00514,WH03,2025-04-22,1,Quality Issue,550.13
RET0004572,ORD00092666,P0023,C00563,WH01,2025-04-27,2,Wrong Product,1525.77
RET0004573,ORD00092667,P0023,C00648,WH02,2025-04-28,2,Quality Issue,1795.02
RET0004574,ORD00092683,P0026,C00239,WH03,2025-04-25,2,Damaged,5729.76
RET0004575,ORD00092717,P0033,C00256,WH02,2025-04-23,2,Wrong Product,5110.7
RET0004576,ORD00092729,P0035,C00695,WH04,2025-04-21,1,Quality Issue,2125.57
RET0004577,ORD00092732,P0036,C00781,WH02,2025-04-26,2,Wrong Product,5629.02
RET0004578,ORD00092787,P0007,C00685,WH03,2025-04-20,1,Quality Issue,2867.92
RET0004579,ORD00092808,P0011,C00510,WH04,2025-04-30,2,Damaged,1493.22
RET0004580,ORD00092818,P0013,C00817,WH04,2025-05-06,1,Quality Issue,3252.85
RET0004581,ORD00092827,P0015,C00647,WH03,2025-04-23,1,Customer Changed Mind,292.83
RET0004582,ORD00092866,P0023,C00912,WH02,2025-05-05,2,Customer Changed Mind,1795.02
RET0004583,ORD00092871,P0024,C00233,WH02,2025-05-04,1,Wrong Product,862.75
RET0004584,ORD00092890,P0028,C00106,WH01,2025-05-06,2,Late Delivery,8609.9
RET0004585,ORD00092894,P0028,C00359,WH05,2025-05-01,2,Customer Changed Mind,8609.9
RET0004586,ORD00092914,P0033,C00745,WH01,2025-05-02,2,Customer Changed Mind,5110.7
RET0004587,ORD00092917,P0033,C00919,WH04,2025-05-06,2,Damaged,5110.7
RET0004588,ORD00092923,P0035,C00666,WH01,2025-04-20,1,Wrong Product,2125.57
RET0004589,ORD00092948,P0040,C00930,WH01,2025-04-29,1,Customer Changed Mind,1011.55
RET0004590,ORD00092977,P0005,C00358,WH05,2025-04-26,2,Wrong Product,3136.46
RET0004591,ORD00092981,P0006,C00254,WH04,2025-05-05,1,Quality Issue,3622.89
RET0004592,ORD00092983,P0007,C00804,WH01,2025-04-23,2,Damaged,5617.58
RET0004593,ORD00092992,P0008,C00519,WH05,2025-05-02,1,Customer Changed Mind,871.81
RET0004594,ORD00093051,P0020,C00264,WH05,2025-04-23,2,Quality Issue,6069.44
RET0004595,ORD00093055,P0021,C00586,WH04,2025-04-22,2,Quality Issue,1513.64
RET0004596,ORD00093106,P0032,C00976,WH01,2025-04-23,1,Late Delivery,2060.12
RET0004597,ORD00093109,P0032,C00713,WH04,2025-05-07,2,Damaged,3914.23
RET0004598,ORD00093131,P0037,C00283,WH01,2025-04-28,2,Quality Issue,3121.35
RET0004599,ORD00093181,P0007,C00145,WH01,2025-04-27,2,Quality Issue,5913.24
RET0004600,ORD00093186,P0008,C00299,WH01,2025-04-26,1,Damaged,939.62
RET0004601,ORD00093241,P0019,C00248,WH01,2025-05-02,1,Customer Changed Mind,2758.24
RET0004602,ORD00093265,P0023,C00058,WH05,2025-04-29,1,Late Delivery,897.51
RET0004603,ORD00093270,P0024,C00376,WH05,2025-05-04,2,Late Delivery,1600.97
RET0004604,ORD00093297,P0030,C00470,WH02,2025-04-22,1,Customer Changed Mind,3286.04
RET0004605,ORD00093320,P0034,C00034,WH05,2025-04-27,1,Customer Changed Mind,4112.91
RET0004606,ORD00093365,P0003,C00127,WH05,2025-04-28,2,Quality Issue,2196.52
RET0004607,ORD00093421,P0015,C00586,WH01,2025-05-10,1,Wrong Product,315.61
RET0004608,ORD00093422,P0015,C00326,WH02,2025-05-08,1,Quality Issue,325.37
RET0004609,ORD00093444,P0019,C00490,WH04,2025-04-24,1,Quality Issue,2758.24
RET0004610,ORD00093462,P0023,C00995,WH02,2025-05-10,1,Late Delivery,870.58
RET0004611,ORD00093471,P0025,C00778,WH01,2025-04-23,1,Wrong Product,1786.4
RET0004612,ORD00093512,P0033,C00855,WH02,2025-05-02,1,Quality Issue,2555.35
RET0004613,ORD00093517,P0034,C00519,WH02,2025-05-05,2,Customer Changed Mind,7403.24
RET0004614,ORD00093520,P0034,C00061,WH05,2025-05-01,1,Damaged,3989.52
RET0004615,ORD00093523,P0035,C00580,WH03,2025-04-23,2,Quality Issue,4251.14
RET0004616,ORD00093541,P0039,C00842,WH01,2025-04-23,1,Quality Issue,655.76
RET0004617,ORD00093547,P0040,C00717,WH02,2025-05-06,2,Quality Issue,2023.1
RET0004618,ORD00093600,P0011,C00970,WH01,2025-04-24,1,Damaged,724.21
RET0004619,ORD00093601,P0011,C00562,WH02,2025-05-09,1,Damaged,746.61
RET0004620,ORD00093720,P0035,C00591,WH04,2025-05-10,2,Damaged,4038.58
RET0004621,ORD00093731,P0037,C00632,WH05,2025-05-04,2,Quality Issue,3562.01
RET0004622,ORD00093733,P0038,C00736,WH02,2025-04-29,2,Late Delivery,4090.73
RET0004623,ORD00093788,P0009,C00706,WH03,2025-05-06,1,Customer Changed Mind,3047.11
RET0004624,ORD00093793,P0010,C00460,WH03,2025-05-09,2,Wrong Product,6778.82
RET0004625,ORD00093824,P0016,C00245,WH05,2025-05-04,2,Quality Issue,2109.84
RET0004626,ORD00093829,P0017,C00900,WH05,2025-05-05,2,Customer Changed Mind,2118.18
RET0004627,ORD00093834,P0018,C00988,WH05,2025-04-26,2,Wrong Product,2732.62
RET0004628,ORD00093848,P0021,C00172,WH04,2025-05-03,2,Quality Issue,1631.37
RET0004629,ORD00093855,P0023,C00350,WH01,2025-05-01,1,Quality Issue,897.51
RET0004630,ORD00093870,P0026,C00895,WH01,2025-04-29,2,Quality Issue,5729.76
RET0004631,ORD00093881,P0028,C00338,WH02,2025-04-28,1,Quality Issue,4304.95
RET0004632,ORD00093890,P0030,C00457,WH01,2025-05-12,2,Damaged,5914.87
RET0004633,ORD00093906,P0033,C00999,WH02,2025-05-04,1,Quality Issue,2555.35
RET0004634,ORD00093933,P0038,C00771,WH04,2025-04-28,1,Quality Issue,2204.45
RET0004635,ORD00093943,P0040,C00461,WH04,2025-04-28,1,Customer Changed Mind,1011.55
RET0004636,ORD00093947,P0001,C00511,WH03,2025-05-13,2,Quality Issue,3596.38
RET0004637,ORD00093972,P0006,C00815,WH03,2025-04-26,2,Damaged,6883.49
RET0004638,ORD00093977,P0007,C00923,WH03,2025-04-26,1,Customer Changed Mind,2956.62
RET0004639,ORD00093982,P0008,C00418,WH03,2025-05-02,2,Quality Issue,1937.36
RET0004640,ORD00093987,P0009,C00624,WH03,2025-05-13,2,Quality Issue,6222.51
RET0004641,ORD00093996,P0011,C00630,WH02,2025-05-08,1,Quality Issue,671.95
RET0004642,ORD00093998,P0011,C00611,WH04,2025-04-29,2,Quality Issue,1493.22
RET0004643,ORD00094021,P0016,C00856,WH02,2025-05-04,2,Damaged,2220.88
RET0004644,ORD00094029,P0017,C00423,WH05,2025-05-01,2,Quality Issue,2162.77
RET0004645,ORD00094043,P0020,C00807,WH05,2025-05-05,2,Quality Issue,6069.44
RET0004646,ORD00094072,P0026,C00064,WH05,2025-04-29,1,Late Delivery,2864.88
RET0004647,ORD00094082,P0028,C00099,WH05,2025-05-04,2,Wrong Product,7318.41
RET0004648,ORD00094111,P0034,C00904,WH05,2025-05-09,1,Quality Issue,4112.91
RET0004649,ORD00094130,P0038,C00289,WH04,2025-05-08,1,Quality Issue,2272.63
RET0004650,ORD00094142,P0001,C00017,WH01,2025-05-07,2,Damaged,3596.38
RET0004651,ORD00094144,P0001,C00438,WH03,2025-04-28,1,Wrong Product,1798.19
RET0004652,ORD00094180,P0008,C00138,WH05,2025-05-03,2,Wrong Product,1840.49
RET0004653,ORD00094189,P0010,C00835,WH04,2025-05-04,1,Quality Issue,3032.63
RET0004654,ORD00094204,P0013,C00411,WH04,2025-04-27,2,Quality Issue,7228.56
RET0004655,ORD00094249,P0022,C00885,WH05,2025-05-10,1,Damaged,580.7
RET0004656,ORD00094252,P0023,C00364,WH03,2025-05-03,2,Wrong Product,1795.02
RET0004657,ORD00094282,P0029,C00536,WH05,2025-05-10,2,Wrong Product,9286.0
RET0004658,ORD00094283,P0030,C00490,WH01,2025-05-02,1,Quality Issue,3187.46
RET0004659,ORD00094300,P0033,C00154,WH04,2025-05-12,2,Damaged,5110.7
RET0004660,ORD00094361,P0006,C00713,WH02,2025-05-02,1,Quality Issue,3441.75
RET0004661,ORD00094378,P0009,C00513,WH04,2025-05-11,1,Customer Changed Mind,2886.73
RET0004662,ORD00094389,P0011,C00591,WH05,2025-05-01,2,Wrong Product,1448.42
RET0004663,ORD00094400,P0014,C00945,WH02,2025-05-03,2,Damaged,5268.64
RET0004664,ORD00094471,P0028,C00509,WH04,2025-05-03,2,Quality Issue,8609.9
RET0004665,ORD00094483,P0031,C00078,WH01,2025-05-10,1,Damaged,660.48
RET0004666,ORD00094518,P0038,C00734,WH01,2025-05-03,1,Damaged,2272.63
RET0004667,ORD00094522,P0038,C00331,WH05,2025-05-10,2,Wrong Product,4318.0
RET0004668,ORD00094540,P0002,C00072,WH04,2025-05-01,1,Damaged,950.45
RET0004669,ORD00094553,P0005,C00185,WH02,2025-05-16,1,Wrong Product,1485.69
RET0004670,ORD00094569,P0008,C00944,WH04,2025-05-07,1,Quality Issue,968.68
RET0004671,ORD00094583,P0011,C00453,WH04,2025-04-30,1,Quality Issue,671.95
RET0004672,ORD00094619,P0019,C00860,WH01,2025-05-14,2,Quality Issue,4964.83
RET0004673,ORD00094633,P0021,C00704,WH05,2025-05-04,1,Quality Issue,815.68
RET0004674,ORD00094662,P0027,C00739,WH04,2025-05-10,2,Quality Issue,1538.74
RET0004675,ORD00094666,P0028,C00594,WH03,2025-05-03,2,Customer Changed Mind,8351.6
RET0004676,ORD00094671,P0029,C00419,WH03,2025-05-02,2,Quality Issue,8357.4
RET0004677,ORD00094675,P0030,C00284,WH02,2025-05-14,2,Quality Issue,6374.92
RET0004678,ORD00094681,P0031,C00368,WH03,2025-05-04,1,Quality Issue,660.48
RET0004679,ORD00094714,P0038,C00944,WH03,2025-05-09,2,Quality Issue,4545.26
RET0004680,ORD00094724,P0040,C00985,WH03,2025-05-09,1,Wrong Product,1011.55
RET0004681,ORD00094740,P0003,C00343,WH04,2025-05-10,2,Late Delivery,2440.58
RET0004682,ORD00094751,P0005,C00089,WH05,2025-05-01,1,Quality Issue,1485.69
RET0004683,ORD00094754,P0006,C00400,WH04,2025-05-15,1,Customer Changed Mind,3441.75
RET0004684,ORD00094774,P0010,C00115,WH04,2025-05-09,2,Customer Changed Mind,7135.6
RET0004685,ORD00094838,P0023,C00261,WH03,2025-05-17,1,Late Delivery,897.51
RET0004686,ORD00094841,P0024,C00087,WH01,2025-05-15,2,Damaged,1778.86
RET0004687,ORD00094902,P0036,C00248,WH03,2025-05-17,1,Quality Issue,2673.78
RET0004688,ORD00094903,P0036,C00654,WH04,2025-05-04,1,Damaged,2730.07
RET0004689,ORD00094910,P0038,C00652,WH01,2025-04-30,1,Wrong Product,2272.63
RET0004690,ORD00094956,P0007,C00559,WH03,2025-05-02,2,Customer Changed Mind,5913.24
RET0004691,ORD00094990,P0014,C00563,WH04,2025-05-10,1,Damaged,2634.32
RET0004692,ORD00095011,P0018,C00668,WH05,2025-05-04,1,Quality Issue,1366.31
RET0004693,ORD00095032,P0023,C00786,WH02,2025-05-06,1,Customer Changed Mind,852.63
RET0004694,ORD00095043,P0025,C00438,WH04,2025-05-08,1,Wrong Product,1607.76
RET0004695,ORD00095068,P0030,C00297,WH04,2025-05-06,1,Damaged,3286.04
RET0004696,ORD00095114,P0040,C00480,WH02,2025-05-03,2,Customer Changed Mind,2023.1
RET0004697,ORD00095115,P0040,C00487,WH03,2025-05-04,2,Damaged,1962.41
RET0004698,ORD00095128,P0003,C00860,WH01,2025-05-07,2,Damaged,2196.52
RET0004699,ORD00095136,P0004,C00311,WH04,2025-05-09,1,Damaged,2227.7
RET0004700,ORD00095151,P0007,C00896,WH04,2025-05-15,1,Customer Changed Mind,2956.62
RET0004701,ORD00095171,P0011,C00890,WH04,2025-05-15,2,Late Delivery,1493.22
RET0004702,ORD00095205,P0018,C00573,WH03,2025-05-02,1,Damaged,1366.31
RET0004703,ORD00095227,P0022,C00663,WH05,2025-05-07,1,Damaged,611.26
RET0004704,ORD00095238,P0025,C00106,WH01,2025-05-13,1,Damaged,1786.4
RET0004705,ORD00095239,P0025,C00931,WH02,2025-05-17,1,Quality Issue,1786.4
RET0004706,ORD00095245,P0026,C00115,WH03,2025-05-17,1,Quality Issue,2721.64
RET0004707,ORD00095251,P0027,C00290,WH04,2025-05-02,2,Quality Issue,1538.74
RET0004708,ORD00095253,P0028,C00404,WH01,2025-05-11,2,Damaged,8609.9
RET0004709,ORD00095261,P0029,C00915,WH04,2025-05-09,1,Quality Issue,4643.0
RET0004710,ORD00095297,P0036,C00585,WH05,2025-05-03,1,Damaged,2673.78
RET0004711,ORD00095302,P0037,C00505,WH05,2025-05-18,2,Customer Changed Mind,3672.18
RET0004712,ORD00095318,P0001,C00074,WH02,2025-05-11,1,Quality Issue,1618.37
RET0004713,ORD00095330,P0003,C00373,WH04,2025-05-10,2,Customer Changed Mind,2318.55
RET0004714,ORD00095339,P0005,C00647,WH03,2025-05-14,1,Wrong Product,1650.77
RET0004715,ORD00095350,P0007,C00499,WH04,2025-05-16,2,Damaged,5735.84
RET0004716,ORD00095394,P0016,C00549,WH04,2025-05-05,2,Quality Issue,2109.84
RET0004717,ORD00095410,P0019,C00535,WH05,2025-05-03,1,Damaged,2758.24
RET0004718,ORD00095413,P0020,C00772,WH03,2025-05-09,2,Damaged,5765.97
RET0004719,ORD00095424,P0022,C00038,WH04,2025-05-07,2,Damaged,1185.84
RET0004720,ORD00095427,P0023,C00906,WH02,2025-05-18,2,Quality Issue,1795.02
RET0004721,ORD00095479,P0033,C00568,WH04,2025-05-03,2,Damaged,4957.38
RET0004722,ORD00095487,P0035,C00649,WH02,2025-05-06,1,Damaged,2061.8
RET0004723,ORD00095497,P0037,C00106,WH02,2025-05-06,2,Quality Issue,3488.57
RET0004724,ORD00095531,P0004,C00275,WH01,2025-05-20,2,Customer Changed Mind,4009.86
RET0004725,ORD00095543,P0006,C00846,WH04,2025-05-06,2,Quality Issue,6883.49
RET0004726,ORD00095557,P0009,C00061,WH03,2025-05-16,2,Quality Issue,5773.46
RET0004727,ORD00095567,P0011,C00948,WH05,2025-05-17,1,Wrong Product,724.21
RET0004728,ORD00095576,P0014,C00025,WH01,2025-05-18,1,Quality Issue,2634.32
RET0004729,ORD00095597,P0018,C00504,WH02,2025-05-05,1,Customer Changed Mind,1297.99
RET0004730,ORD00095610,P0020,C00454,WH05,2025-05-09,2,Damaged,5887.36
RET0004731,ORD00095619,P0022,C00612,WH04,2025-05-12,1,Quality Issue,550.13
RET0004732,ORD00095628,P0024,C00624,WH04,2025-05-09,2,Wrong Product,1725.49
RET0004733,ORD00095635,P0026,C00849,WH01,2025-05-12,1,Damaged,2864.88
RET0004734,ORD00095639,P0026,C00711,WH05,2025-05-12,2,Quality Issue,5443.27
RET0004735,ORD00095655,P0030,C00810,WH01,2025-05-12,2,Wrong Product,6572.08
RET0004736,ORD00095677,P0034,C00214,WH04,2025-05-18,2,Customer Changed Mind,8225.82
RET0004737,ORD00095693,P0037,C00870,WH05,2025-05-12,2,Customer Changed Mind,3672.18
RET0004738,ORD00095696,P0038,C00485,WH03,2025-05-12,2,Quality Issue,4545.26
RET0004739,ORD00095716,P0002,C00690,WH03,2025-05-12,1,Quality Issue,902.93
RET0004740,ORD00095723,P0003,C00938,WH05,2025-05-16,1,Customer Changed Mind,1098.26
RET0004741,ORD00095752,P0009,C00744,WH04,2025-05-18,2,Quality Issue,6414.96
RET0004742,ORD00095772,P0013,C00093,WH04,2025-05-07,1,Quality Issue,3614.28
RET0004743,ORD00095795,P0018,C00987,WH02,2025-05-18,1,Customer Changed Mind,1325.32
RET0004744,ORD00095798,P0018,C00446,WH05,2025-05-13,1,Quality Issue,1366.31
RET0004745,ORD00095812,P0021,C00401,WH04,2025-05-17,1,Quality Issue,714.77
RET0004746,ORD00095835,P0026,C00146,WH02,2025-05-05,1,Quality Issue,2578.39
RET0004747,ORD00095855,P0030,C00333,WH02,2025-05-09,2,Damaged,6243.48
RET0004748,ORD00095857,P0030,C00900,WH04,2025-05-19,2,Customer Changed Mind,6572.08
RET0004749,ORD00095869,P0033,C00260,WH01,2025-05-08,1,Wrong Product,2555.35
RET0004750,ORD00095871,P0033,C00621,WH03,2025-05-11,2,Quality Issue,5110.7
RET0004751,ORD00095879,P0035,C00272,WH01,2025-05-17,2,Quality Issue,4038.58
RET0004752,ORD00095910,P0001,C00622,WH02,2025-05-21,1,Damaged,1744.24
RET0004753,ORD00095913,P0001,C00403,WH05,2025-05-15,2,Damaged,3488.49
RET0004754,ORD00095956,P0010,C00607,WH04,2025-05-22,2,Damaged,6778.82
RET0004755,ORD00095985,P0016,C00166,WH03,2025-05-09,2,Late Delivery,2220.88
RET0004756,ORD00096009,P0021,C00896,WH02,2025-05-16,2,Damaged,1681.82
RET0004757,ORD00096014,P0022,C00115,WH03,2025-05-09,2,Damaged,1222.52
RET0004758,ORD00096016,P0022,C00635,WH05,2025-05-20,2,Late Delivery,1222.52
RET0004759,ORD00096028,P0025,C00506,WH02,2025-05-13,1,Quality Issue,1786.4
RET0004760,ORD00096052,P0030,C00928,WH01,2025-05-19,2,Late Delivery,6374.92
RET0004761,ORD00096075,P0034,C00558,WH04,2025-05-16,1,Damaged,3907.26
RET0004762,ORD00096077,P0035,C00658,WH01,2025-05-18,2,Damaged,3613.47
RET0004763,ORD00096087,P0037,C00079,WH01,2025-05-21,2,Late Delivery,3672.18
RET0004764,ORD00096092,P0038,C00688,WH01,2025-05-17,2,Damaged,4545.26
RET0004765,ORD00096104,P0040,C00788,WH03,2025-05-23,2,Damaged,2023.1
RET0004766,ORD00096123,P0004,C00243,WH02,2025-05-15,1,Quality Issue,2116.31
RET0004767,ORD00096126,P0004,C00319,WH05,2025-05-13,1,Customer Changed Mind,2227.7
RET0004768,ORD00096133,P0006,C00815,WH03,2025-05-24,2,Damaged,7028.41
RET0004769,ORD00096147,P0009,C00290,WH02,2025-05-14,2,Quality Issue,6094.21
RET0004770,ORD00096191,P0018,C00881,WH01,2025-05-18,2,Customer Changed Mind,2732.62
RET0004771,ORD00096204,P0020,C00228,WH04,2025-05-14,2,Customer Changed Mind,5887.36
RET0004772,ORD00096234,P0026,C00865,WH04,2025-05-24,1,Damaged,2435.15
RET0004773,ORD00096235,P0026,C00386,WH05,2025-05-18,1,Quality Issue,2864.88
RET0004774,ORD00096245,P0028,C00664,WH05,2025-05-23,2,Damaged,8609.9
RET0004775,ORD00096291,P0038,C00519,WH01,2025-05-13,1,Quality Issue,2272.63
RET0004776,ORD00096294,P0038,C00408,WH04,2025-05-10,2,Quality Issue,4545.26
RET0004777,ORD00096322,P0004,C00995,WH02,2025-05-12,2,Damaged,4009.86
RET0004778,ORD00096324,P0004,C00148,WH04,2025-05-23,2,Quality Issue,4009.86
RET0004779,ORD00096347,P0009,C00454,WH03,2025-05-13,1,Quality Issue,3207.48
RET0004780,ORD00096356,P0011,C00672,WH02,2025-05-17,1,Customer Changed Mind,746.61
RET0004781,ORD00096365,P0013,C00564,WH01,2025-05-12,2,Quality Issue,7228.56
RET0004782,ORD00096377,P0015,C00164,WH03,2025-05-11,2,Late Delivery,585.67
RET0004783,ORD00096378,P0015,C00091,WH04,2025-05-16,2,Wrong Product,585.67
RET0004784,ORD00096402,P0020,C00518,WH03,2025-05-24,1,Damaged,3034.72
RET0004785,ORD00096438,P0027,C00749,WH04,2025-05-17,1,Late Delivery,769.37
RET0004786,ORD00096445,P0029,C00574,WH01,2025-05-22,2,Wrong Product,9007.42
RET0004787,ORD00096458,P0031,C00186,WH04,2025-05-20,1,Quality Issue,594.43
RET0004788,ORD00096466,P0033,C00418,WH02,2025-05-24,1,Customer Changed Mind,2427.58
RET0004789,ORD00096502,P0040,C00323,WH05,2025-05-18,1,Quality Issue,1011.55
RET0004790,ORD00096514,P0003,C00485,WH02,2025-05-24,2,Customer Changed Mind,2367.36
RET0004791,ORD00096525,P0005,C00261,WH03,2025-05-26,1,Damaged,1650.77
RET0004792,ORD00096529,P0006,C00508,WH03,2025-05-26,1,Quality Issue,3514.2
RET0004793,ORD00096538,P0008,C00875,WH02,2025-05-25,2,Quality Issue,1840.49
RET0004794,ORD00096578,P0016,C00588,WH03,2025-05-20,2,Late Delivery,2220.88
RET0004795,ORD00096581,P0017,C00162,WH01,2025-05-15,2,Quality Issue,1895.21
RET0004796,ORD00096644,P0029,C00185,WH04,2025-05-26,1,Quality Issue,4178.7
RET0004797,ORD00096646,P0030,C00304,WH01,2025-05-15,1,Quality Issue,3286.04
RET0004798,ORD00096652,P0031,C00629,WH02,2025-05-26,1,Damaged,640.67
RET0004799,ORD00096701,P0001,C00981,WH03,2025-05-25,2,Wrong Product,3596.38
RET0004800,ORD00096706,P0002,C00588,WH03,2025-05-27,1,Customer Changed Mind,921.94
RET0004801,ORD00096707,P0002,C00999,WH04,2025-05-24,2,Damaged,1900.9
RET0004802,ORD00096718,P0004,C00121,WH05,2025-05-18,2,Quality Issue,4455.4
RET0004803,ORD00096730,P0007,C00787,WH02,2025-05-22,1,Quality Issue,2660.96
RET0004804,ORD00096762,P0013,C00858,WH04,2025-05-26,1,Damaged,3614.28
RET0004805,ORD00096771,P0015,C00957,WH03,2025-05-20,1,Wrong Product,292.83
RET0004806,ORD00096780,P0017,C00514,WH02,2025-05-12,2,Customer Changed Mind,2118.18
RET0004807,ORD00096783,P0017,C00085,WH05,2025-05-21,2,Damaged,2162.77
RET0004808,ORD00096789,P0019,C00764,WH01,2025-05-15,1,Damaged,2620.33
RET0004809,ORD00096792,P0019,C00774,WH04,2025-05-20,1,Damaged,2758.24
RET0004810,ORD00096812,P0023,C00679,WH04,2025-05-14,2,Damaged,1615.52
RET0004811,ORD00096847,P0030,C00731,WH04,2025-05-24,1,Damaged,2957.44
RET0004812,ORD00096866,P0034,C00237,WH03,2025-05-24,1,Customer Changed Mind,3907.26
RET0004813,ORD00096871,P0035,C00344,WH04,2025-05-10,2,Damaged,3826.03
RET0004814,ORD00096893,P0040,C00650,WH01,2025-05-16,1,Late Delivery,910.4
RET0004815,ORD00096906,P0002,C00546,WH04,2025-05-15,2,Damaged,1710.81
RET0004816,ORD00096909,P0003,C00853,WH02,2025-05-14,2,Quality Issue,2318.55
RET0004817,ORD00096947,P0010,C00629,WH05,2025-05-19,1,Quality Issue,3567.8
RET0004818,ORD00096968,P0015,C00512,WH03,2025-05-11,1,Damaged,325.37
RET0004819,ORD00096972,P0016,C00138,WH02,2025-05-25,2,Damaged,2154.25
RET0004820,ORD00097010,P0023,C00653,WH05,2025-05-12,1,Damaged,852.63
RET0004821,ORD00097069,P0035,C00885,WH04,2025-05-24,1,Customer Changed Mind,2019.29
RET0004822,ORD00097086,P0039,C00820,WH01,2025-05-18,2,Quality Issue,1245.94
RET0004823,ORD00097094,P0040,C00581,WH04,2025-05-15,1,Customer Changed Mind,1011.55
RET0004824,ORD00097123,P0006,C00481,WH03,2025-05-29,1,Customer Changed Mind,3622.89
RET0004825,ORD00097145,P0010,C00856,WH05,2025-05-28,1,Damaged,3389.41
RET0004826,ORD00097186,P0019,C00575,WH01,2025-05-24,1,Damaged,2758.24
RET0004827,ORD00097233,P0028,C00722,WH04,2025-05-28,1,Quality Issue,4089.7
RET0004828,ORD00097248,P0031,C00597,WH04,2025-05-14,2,Damaged,1188.86
RET0004829,ORD00097257,P0033,C00183,WH03,2025-05-28,2,Customer Changed Mind,5110.7
RET0004830,ORD00097303,P0002,C00856,WH04,2025-05-22,2,Wrong Product,1900.9
RET0004831,ORD00097305,P0003,C00339,WH01,2025-05-30,2,Damaged,2440.58
RET0004832,ORD00097312,P0004,C00975,WH03,2025-05-15,1,Quality Issue,2227.7
RET0004833,ORD00097332,P0008,C00097,WH03,2025-05-16,1,Customer Changed Mind,871.81
RET0004834,ORD00097349,P0011,C00938,WH05,2025-05-15,2,Customer Changed Mind,1493.22
RET0004835,ORD00097402,P0022,C00598,WH04,2025-05-26,1,Quality Issue,611.26
RET0004836,ORD00097403,P0022,C00258,WH05,2025-05-20,1,Wrong Product,611.26
RET0004837,ORD00097474,P0037,C00286,WH02,2025-05-21,1,Quality Issue,1652.48
RET0004838,ORD00097480,P0038,C00867,WH03,2025-05-23,1,Quality Issue,2272.63
RET0004839,ORD00097505,P0003,C00657,WH03,2025-05-15,2,Quality Issue,2196.52
RET0004840,ORD00097522,P0006,C00669,WH05,2025-05-16,2,Quality Issue,7245.78
RET0004841,ORD00097533,P0009,C00283,WH01,2025-05-14,1,Wrong Product,3207.48
RET0004842,ORD00097541,P0010,C00998,WH04,2025-05-27,2,Damaged,6065.26
RET0004843,ORD00097542,P0010,C00045,WH05,2025-05-19,1,Quality Issue,3567.8
RET0004844,ORD00097593,P0021,C00149,WH01,2025-05-31,1,Damaged,840.91
RET0004845,ORD00097601,P0022,C00106,WH04,2025-05-18,1,Damaged,611.26
RET0004846,ORD00097603,P0023,C00189,WH01,2025-05-16,1,Quality Issue,897.51
RET0004847,ORD00097622,P0026,C00921,WH05,2025-05-24,2,Quality Issue,4870.3
RET0004848,ORD00097636,P0029,C00377,WH04,2025-05-26,2,Customer Changed Mind,8357.4
RET0004849,ORD00097640,P0030,C00142,WH03,2025-05-25,1,Quality Issue,3286.04
RET0004850,ORD00097666,P0035,C00822,WH05,2025-05-19,2,Customer Changed Mind,4251.14
RET0004851,ORD00097672,P0037,C00830,WH01,2025-05-26,2,Quality Issue,3672.18
RET0004852,ORD00097687,P0040,C00897,WH01,2025-05-16,1,Customer Changed Mind,1011.55
RET0004853,ORD00097695,P0001,C00648,WH04,2025-05-28,2,Wrong Product,3236.74
RET0004854,ORD00097705,P0003,C00359,WH04,2025-05-21,2,Quality Issue,2196.52
RET0004855,ORD00097715,P0005,C00939,WH04,2025-05-17,1,Quality Issue,1601.25
RET0004856,ORD00097719,P0006,C00903,WH03,2025-05-30,1,Late Delivery,3514.2
RET0004857,ORD00097728,P0008,C00287,WH03,2025-05-21,1,Damaged,871.81
RET0004858,ORD00097800,P0023,C00342,WH01,2025-05-28,1,Customer Changed Mind,852.63
RET0004859,ORD00097829,P0028,C00727,WH05,2025-05-25,1,Quality Issue,4175.8
RET0004860,ORD00097836,P0030,C00877,WH02,2025-05-19,1,Quality Issue,3121.74
RET0004861,ORD00097841,P0031,C00266,WH02,2025-05-23,1,Damaged,594.43
RET0004862,ORD00097852,P0033,C00389,WH03,2025-05-25,2,Wrong Product,4957.38
RET0004863,ORD00097854,P0033,C00759,WH05,2025-05-22,2,Quality Issue,5110.7
RET0004864,ORD00097885,P0040,C00715,WH04,2025-05-28,1,Customer Changed Mind,1011.55
RET0004865,ORD00097916,P0007,C00570,WH01,2025-06-02,1,Customer Changed Mind,2808.79
RET0004866,ORD00097951,P0014,C00343,WH01,2025-05-17,1,Quality Issue,2634.32
RET0004867,ORD00097960,P0015,C00879,WH05,2025-05-30,1,Quality Issue,292.83
RET0004868,ORD00098016,P0027,C00997,WH01,2025-05-21,1,Quality Issue,746.29
RET0004869,ORD00098022,P0028,C00863,WH02,2025-05-16,1,Damaged,4089.7
RET0004870,ORD00098043,P0032,C00915,WH03,2025-05-26,1,Customer Changed Mind,1957.11
RET0004871,ORD00098049,P0033,C00957,WH04,2025-05-26,2,Damaged,5110.7
RET0004872,ORD00098057,P0035,C00474,WH02,2025-05-16,2,Quality Issue,4251.14
RET0004873,ORD00098071,P0038,C00002,WH01,2025-05-24,1,Customer Changed Mind,2204.45
RET0004874,ORD00098076,P0039,C00498,WH01,2025-05-23,2,Damaged,1245.94
RET0004875,ORD00098081,P0040,C00068,WH01,2025-05-25,1,Damaged,1011.55
RET0004876,ORD00098106,P0005,C00072,WH02,2025-05-23,1,Damaged,1485.69
RET0004877,ORD00098123,P0008,C00392,WH04,2025-05-31,1,Quality Issue,823.38
RET0004878,ORD00098185,P0021,C00210,WH02,2025-05-17,1,Customer Changed Mind,756.82
RET0004879,ORD00098207,P0026,C00674,WH01,2025-05-20,1,Damaged,2864.88
RET0004880,ORD00098217,P0028,C00293,WH01,2025-05-27,1,Damaged,4304.95
RET0004881,ORD00098221,P0028,C00117,WH05,2025-05-20,1,Quality Issue,4175.8
RET0004882,ORD00098243,P0033,C00083,WH04,2025-05-23,2,Damaged,5110.7
RET0004883,ORD00098298,P0005,C00582,WH02,2025-05-18,1,Customer Changed Mind,1601.25
RET0004884,ORD00098304,P0006,C00512,WH03,2025-06-04,1,Damaged,3079.46
RET0004885,ORD00098325,P0010,C00513,WH04,2025-05-27,1,Wrong Product,3389.41
RET0004886,ORD00098332,P0012,C00407,WH01,2025-05-28,2,Wrong Product,6178.64
RET0004887,ORD00098404,P0026,C00586,WH04,2025-06-01,2,Quality Issue,5729.76
RET0004888,ORD00098420,P0029,C00814,WH05,2025-06-01,2,Customer Changed Mind,9286.0
RET0004889,ORD00098438,P0033,C00631,WH03,2025-05-24,2,Damaged,5110.7
RET0004890,ORD00098440,P0033,C00581,WH05,2025-05-23,1,Late Delivery,2555.35
RET0004891,ORD00098441,P0034,C00515,WH01,2025-05-24,2,Quality Issue,8225.82
RET0004892,ORD00098445,P0035,C00152,WH02,2025-06-03,1,Quality Issue,1913.01
RET0004893,ORD00098522,P0010,C00471,WH04,2025-06-05,2,Damaged,7135.6
RET0004894,ORD00098530,P0012,C00145,WH02,2025-05-20,2,Quality Issue,6178.64
RET0004895,ORD00098575,P0021,C00186,WH02,2025-05-26,2,Customer Changed Mind,1513.64
RET0004896,ORD00098584,P0023,C00081,WH01,2025-05-30,2,Damaged,1795.02
RET0004897,ORD00098592,P0024,C00581,WH04,2025-06-03,2,Quality Issue,1725.49
RET0004898,ORD00098650,P0036,C00881,WH03,2025-06-02,2,Damaged,5460.15
RET0004899,ORD00098660,P0038,C00629,WH03,2025-05-27,2,Wrong Product,3863.47
RET0004900,ORD00098694,P0005,C00574,WH02,2025-05-26,2,Customer Changed Mind,3301.54
RET0004901,ORD00098702,P0007,C00505,WH01,2025-06-05,1,Damaged,2867.92
RET0004902,ORD00098745,P0015,C00437,WH05,2025-05-27,1,Quality Issue,292.83
RET0004903,ORD00098786,P0024,C00965,WH02,2025-05-25,2,Quality Issue,1689.92
RET0004904,ORD00098853,P0038,C00283,WH01,2025-06-02,2,Wrong Product,4545.26
RET0004905,ORD00098866,P0040,C00828,WH04,2025-05-27,2,Customer Changed Mind,1719.64
RET0004906,ORD00098877,P0002,C00452,WH05,2025-06-01,1,Damaged,950.45
RET0004907,ORD00098902,P0008,C00092,WH01,2025-06-04,2,Wrong Product,1937.36
RET0004908,ORD00098916,P0010,C00338,WH05,2025-05-22,2,Quality Issue,6921.53
RET0004909,ORD00098926,P0013,C00476,WH01,2025-06-02,2,Customer Changed Mind,7011.7
RET0004910,ORD00098928,P0013,C00752,WH03,2025-06-07,1,Quality Issue,3433.57
RET0004911,ORD00098935,P0014,C00556,WH05,2025-06-01,2,Quality Issue,4741.78
RET0004912,ORD00098945,P0016,C00207,WH05,2025-05-28,1,Damaged,999.4
RET0004913,ORD00098961,P0020,C00084,WH01,2025-05-22,1,Damaged,2882.98
RET0004914,ORD00098962,P0020,C00463,WH02,2025-05-25,2,Late Delivery,5159.02
RET0004915,ORD00098974,P0022,C00694,WH04,2025-06-03,1,Quality Issue,550.13
RET0004916,ORD00098980,P0023,C00506,WH05,2025-06-06,1,Wrong Product,897.51
RET0004917,ORD00098983,P0024,C00719,WH03,2025-05-26,1,Customer Changed Mind,800.49
RET0004918,ORD00099015,P0030,C00315,WH05,2025-05-22,1,Customer Changed Mind,3286.04
RET0004919,ORD00099037,P0035,C00407,WH03,2025-05-28,1,Late Delivery,2125.57
RET0004920,ORD00099057,P0039,C00604,WH03,2025-06-04,2,Damaged,1311.52
RET0004921,ORD00099073,P0002,C00863,WH04,2025-06-04,1,Damaged,921.94
RET0004922,ORD00099087,P0005,C00689,WH03,2025-05-31,1,Quality Issue,1568.23
RET0004923,ORD00099120,P0012,C00246,WH01,2025-06-05,2,Quality Issue,5869.71
RET0004924,ORD00099129,P0013,C00093,WH05,2025-06-03,1,Wrong Product,3505.85
RET0004925,ORD00099139,P0015,C00924,WH05,2025-06-02,1,Damaged,309.1
RET0004926,ORD00099158,P0019,C00370,WH04,2025-06-06,2,Damaged,5516.48
RET0004927,ORD00099176,P0023,C00621,WH02,2025-06-03,1,Quality Issue,897.51
RET0004928,ORD00099198,P0027,C00037,WH04,2025-05-28,1,Damaged,769.37
RET0004929,ORD00099201,P0028,C00726,WH02,2025-05-24,2,Customer Changed Mind,8179.4
RET0004930,ORD00099204,P0028,C00957,WH05,2025-05-24,1,Quality Issue,4175.8
RET0004931,ORD00099251,P0038,C00514,WH04,2025-05-26,2,Customer Changed Mind,4318.0
RET0004932,ORD00099257,P0039,C00117,WH05,2025-06-01,2,Customer Changed Mind,1311.52
RET0004933,ORD00099263,P0001,C00779,WH02,2025-05-31,2,Customer Changed Mind,3056.92
RET0004934,ORD00099312,P0011,C00992,WH01,2025-05-28,1,Quality Issue,709.28
RET0004935,ORD00099313,P0011,C00799,WH02,2025-06-02,2,Customer Changed Mind,1493.22
RET0004936,ORD00099381,P0025,C00852,WH01,2025-06-09,2,Quality Issue,3465.62
RET0004937,ORD00099391,P0027,C00803,WH01,2025-05-26,1,Damaged,730.9
RET0004938,ORD00099394,P0027,C00560,WH04,2025-06-01,2,Customer Changed Mind,1538.74
RET0004939,ORD00099422,P0033,C00507,WH02,2025-05-24,2,Customer Changed Mind,5110.7
RET0004940,ORD00099441,P0037,C00876,WH01,2025-05-24,2,Quality Issue,3672.18
RET0004941,ORD00099456,P0040,C00880,WH01,2025-05-26,1,Wrong Product,960.97
RET0004942,ORD00099465,P0001,C00538,WH05,2025-05-24,2,Quality Issue,3236.74
RET0004943,ORD00099469,P0002,C00428,WH04,2025-06-01,2,Damaged,1900.9
RET0004944,ORD00099490,P0006,C00719,WH05,2025-05-25,2,Late Delivery,7245.78
RET0004945,ORD00099504,P0009,C00875,WH05,2025-05-29,2,Damaged,5773.46
RET0004946,ORD00099505,P0010,C00494,WH01,2025-05-29,2,Wrong Product,6422.04
RET0004947,ORD00099513,P0011,C00444,WH04,2025-05-26,1,Damaged,709.28
RET0004948,ORD00099542,P0017,C00295,WH04,2025-06-07,2,Customer Changed Mind,2229.66
RET0004949,ORD00099547,P0018,C00466,WH04,2025-06-03,1,Customer Changed Mind,1366.31
RET0004950,ORD00099563,P0021,C00996,WH05,2025-05-31,2,Customer Changed Mind,1681.82
RET0004951,ORD00099575,P0024,C00712,WH04,2025-05-30,1,Quality Issue,844.96
RET0004952,ORD00099594,P0028,C00352,WH03,2025-06-08,1,Customer Changed Mind,4304.95
RET0004953,ORD00099608,P0031,C00478,WH02,2025-05-28,1,Quality Issue,594.43
RET0004954,ORD00099645,P0038,C00264,WH04,2025-06-08,2,Late Delivery,4408.9
RET0004955,ORD00099650,P0039,C00572,WH04,2025-06-02,2,Quality Issue,1180.37
RET0004956,ORD00099680,P0005,C00055,WH04,2025-06-10,1,Quality Issue,1568.23
RET0004957,ORD00099695,P0008,C00369,WH04,2025-05-26,1,Wrong Product,968.68
RET0004958,ORD00099701,P0009,C00717,WH05,2025-05-25,1,Quality Issue,3207.48
RET0004959,ORD00099725,P0014,C00243,WH04,2025-05-26,2,Damaged,4478.34
RET0004960,ORD00099782,P0026,C00441,WH01,2025-06-03,2,Customer Changed Mind,5557.87
RET0004961,ORD00099791,P0027,C00165,WH05,2025-05-26,2,Quality Issue,1384.87
RET0004962,ORD00099797,P0029,C00370,WH01,2025-06-10,2,Quality Issue,9286.0
RET0004963,ORD00099915,P0013,C00474,WH02,2025-05-26,1,Damaged,3505.85
RET0004964,ORD00099994,P0029,C00158,WH01,2025-05-31,1,Quality Issue,4643.0
RET0004965,ORD00100022,P0034,C00026,WH04,2025-06-03,1,Quality Issue,4112.91
RET0004966,ORD00100039,P0038,C00124,WH01,2025-05-31,2,Quality Issue,4090.73
RET0004967,ORD00100070,P0004,C00725,WH02,2025-06-02,2,Damaged,4455.4
RET0004968,ORD00100075,P0005,C00842,WH02,2025-06-06,2,Quality Issue,3301.54
RET0004969,ORD00100123,P0014,C00041,WH05,2025-06-13,2,Quality Issue,5268.64
RET0004970,ORD00100126,P0015,C00497,WH03,2025-06-08,2,Customer Changed Mind,631.22
RET0004971,ORD00100147,P0019,C00250,WH04,2025-05-28,2,Customer Changed Mind,5516.48
RET0004972,ORD00100170,P0024,C00139,WH02,2025-06-08,1,Quality Issue,800.49
RET0004973,ORD00100193,P0028,C00214,WH05,2025-06-13,1,Quality Issue,4089.7
RET0004974,ORD00100197,P0029,C00094,WH04,2025-06-05,2,Wrong Product,7893.1
RET0004975,ORD00100229,P0036,C00490,WH01,2025-05-30,2,Damaged,5347.57
RET0004976,ORD00100245,P0039,C00223,WH02,2025-06-07,2,Damaged,1114.79
RET0004977,ORD00100248,P0039,C00035,WH05,2025-06-07,1,Damaged,655.76
RET0004978,ORD00100255,P0001,C00067,WH02,2025-05-31,2,Quality Issue,3596.38
RET0004979,ORD00100260,P0002,C00369,WH02,2025-05-28,2,Wrong Product,1900.9
RET0004980,ORD00100263,P0002,C00992,WH05,2025-06-10,1,Wrong Product,950.45
RET0004981,ORD00100265,P0003,C00703,WH02,2025-06-06,2,Wrong Product,2318.55
RET0004982,ORD00100291,P0008,C00385,WH03,2025-05-30,1,Quality Issue,920.25
RET0004983,ORD00100293,P0008,C00663,WH05,2025-05-31,1,Quality Issue,968.68
RET0004984,ORD00100352,P0020,C00344,WH05,2025-05-28,1,Quality Issue,3034.72
RET0004985,ORD00100353,P0021,C00051,WH01,2025-06-11,1,Quality Issue,840.91
RET0004986,ORD00100358,P0022,C00308,WH01,2025-06-05,1,Quality Issue,611.26
RET0004987,ORD00100424,P0035,C00151,WH05,2025-05-30,2,Customer Changed Mind,3826.03
RET0004988,ORD00100442,P0039,C00327,WH03,2025-06-07,2,Quality Issue,1272.17
RET0004989,ORD00100449,P0040,C00778,WH05,2025-06-12,2,Wrong Product,2023.1
RET0004990,ORD00100454,P0001,C00425,WH05,2025-06-08,2,Quality Issue,3416.56
RET0004991,ORD00100455,P0002,C00917,WH01,2025-06-09,2,Quality Issue,1805.86
RET0004992,ORD00100466,P0004,C00270,WH02,2025-05-29,2,Wrong Product,4232.63
RET0004993,ORD00100511,P0013,C00130,WH05,2025-06-11,1,Customer Changed Mind,3614.28
RET0004994,ORD00100521,P0015,C00757,WH05,2025-06-15,2,Damaged,618.2
RET0004995,ORD00100525,P0016,C00733,WH04,2025-06-01,2,Damaged,1998.79
RET0004996,ORD00100538,P0019,C00006,WH03,2025-05-31,1,Quality Issue,2758.24
RET0004997,ORD00100569,P0025,C00066,WH05,2025-06-09,1,Quality Issue,1786.4
RET0004998,ORD00100588,P0029,C00412,WH04,2025-06-15,1,Damaged,4410.85
RET0004999,ORD00100593,P0030,C00783,WH04,2025-06-05,2,Damaged,6572.08
RET0005000,ORD00100595,P0031,C00062,WH01,2025-06-02,1,Customer Changed Mind,660.48
RET0005001,ORD00100596,P0031,C00754,WH02,2025-06-15,1,Quality Issue,594.43
RET0005002,ORD00100620,P0036,C00228,WH02,2025-06-08,1,Customer Changed Mind,2392.33
RET0005003,ORD00100632,P0038,C00328,WH04,2025-06-07,2,Customer Changed Mind,4090.73
RET0005004,ORD00100644,P0001,C00958,WH01,2025-06-05,2,Quality Issue,3596.38
RET0005005,ORD00100655,P0003,C00459,WH02,2025-06-09,1,Quality Issue,1220.29
RET0005006,ORD00100683,P0009,C00222,WH02,2025-06-09,2,Damaged,5452.72
RET0005007,ORD00100706,P0013,C00755,WH05,2025-06-13,1,Customer Changed Mind,3252.85
RET0005008,ORD00100744,P0021,C00014,WH03,2025-06-08,2,Customer Changed Mind,1681.82
RET0005009,ORD00100747,P0022,C00679,WH01,2025-06-07,2,Customer Changed Mind,1161.39
RET0005010,ORD00100772,P0027,C00639,WH01,2025-06-05,2,Damaged,1384.87
RET0005011,ORD00100799,P0032,C00077,WH03,2025-06-13,2,Quality Issue,3914.23
RET0005012,ORD00100819,P0036,C00557,WH04,2025-06-14,2,Damaged,5066.12
RET0005013,ORD00100843,P0001,C00192,WH03,2025-06-03,1,Quality Issue,1618.37
RET0005014,ORD00100846,P0002,C00843,WH01,2025-06-10,1,Customer Changed Mind,921.94
RET0005015,ORD00100847,P0002,C00468,WH02,2025-06-16,2,Quality Issue,1900.9
RET0005016,ORD00100879,P0008,C00773,WH04,2025-06-17,1,Quality Issue,939.62
RET0005017,ORD00100896,P0012,C00603,WH01,2025-06-06,2,Damaged,6178.64
RET0005018,ORD00100920,P0017,C00107,WH01,2025-06-15,1,Damaged,1059.09
RET0005019,ORD00100996,P0032,C00076,WH02,2025-06-11,2,Customer Changed Mind,3914.23
RET0005020,ORD00101015,P0036,C00921,WH01,2025-05-31,1,Damaged,2533.06
RET0005021,ORD00101055,P0004,C00112,WH01,2025-06-07,2,Wrong Product,4232.63
RET0005022,ORD00101060,P0005,C00900,WH01,2025-06-13,2,Wrong Product,3301.54
RET0005023,ORD00101100,P0013,C00785,WH02,2025-06-16,1,Wrong Product,3072.14
RET0005024,ORD00101134,P0020,C00313,WH02,2025-06-10,1,Customer Changed Mind,2943.68
RET0005025,ORD00101158,P0025,C00631,WH02,2025-06-09,2,Customer Changed Mind,3215.52
RET0005026,ORD00101254,P0004,C00077,WH04,2025-06-14,1,Customer Changed Mind,2160.87
RET0005027,ORD00101303,P0014,C00951,WH03,2025-06-04,2,Damaged,5268.64
RET0005028,ORD00101337,P0021,C00542,WH02,2025-06-03,2,Quality Issue,1631.37
RET0005029,ORD00101342,P0022,C00018,WH02,2025-06-14,2,Damaged,1222.52
RET0005030,ORD00101389,P0031,C00868,WH05,2025-06-14,2,Quality Issue,1320.96
RET0005031,ORD00101449,P0004,C00257,WH02,2025-06-12,2,Quality Issue,3787.09
RET0005032,ORD00101452,P0004,C00719,WH05,2025-06-06,2,Wrong Product,4455.4
RET0005033,ORD00101480,P0010,C00538,WH04,2025-06-05,1,Quality Issue,3567.8
RET0005034,ORD00101501,P0014,C00989,WH05,2025-06-18,2,Damaged,4741.78
RET0005035,ORD00101511,P0016,C00555,WH05,2025-06-04,1,Customer Changed Mind,1110.44
RET0005036,ORD00101533,P0021,C00848,WH02,2025-06-13,1,Quality Issue,798.86
RET0005037,ORD00101575,P0029,C00409,WH04,2025-06-14,2,Wrong Product,8357.4
RET0005038,ORD00101594,P0033,C00748,WH03,2025-06-06,2,Quality Issue,5110.7
RET0005039,ORD00101601,P0034,C00586,WH05,2025-06-20,2,Wrong Product,6991.95
RET0005040,ORD00101663,P0007,C00864,WH05,2025-06-16,1,Customer Changed Mind,2956.62
RET0005041,ORD00101672,P0009,C00108,WH04,2025-06-11,2,Quality Issue,6222.51
RET0005042,ORD00101674,P0010,C00402,WH01,2025-06-16,2,Quality Issue,7135.6
RET0005043,ORD00101680,P0011,C00886,WH02,2025-06-08,1,Quality Issue,709.28
RET0005044,ORD00101744,P0024,C00909,WH02,2025-06-06,1,Damaged,800.49
RET0005045,ORD00101748,P0025,C00807,WH01,2025-06-10,2,Quality Issue,3465.62
RET0005046,ORD00101775,P0030,C00528,WH03,2025-06-10,1,Late Delivery,3187.46
RET0005047,ORD00101797,P0035,C00495,WH02,2025-06-10,2,Quality Issue,3826.03
RET0005048,ORD00101804,P0036,C00071,WH04,2025-06-10,2,Wrong Product,5460.15
RET0005049,ORD00101818,P0039,C00980,WH03,2025-06-14,2,Quality Issue,1311.52
RET0005050,ORD00101828,P0001,C00947,WH03,2025-06-20,2,Late Delivery,3488.49
RET0005051,ORD00101830,P0001,C00828,WH05,2025-06-07,2,Quality Issue,3596.38
RET0005052,ORD00101844,P0004,C00654,WH04,2025-06-09,1,Damaged,2004.93
RET0005053,ORD00101902,P0016,C00394,WH04,2025-06-05,1,Damaged,1110.44
RET0005054,ORD00101905,P0017,C00919,WH02,2025-06-11,1,Quality Issue,1003.35
RET0005055,ORD00101912,P0018,C00295,WH04,2025-06-13,1,Wrong Product,1325.32
RET0005056,ORD00101940,P0024,C00797,WH03,2025-06-15,2,Quality Issue,1725.49
RET0005057,ORD00101946,P0025,C00954,WH04,2025-06-19,1,Damaged,1786.4
RET0005058,ORD00101957,P0027,C00097,WH05,2025-06-06,2,Damaged,1384.87
RET0005059,ORD00101998,P0036,C00915,WH02,2025-06-06,2,Customer Changed Mind,5629.02
RET0005060,ORD00102031,P0002,C00704,WH05,2025-06-21,1,Quality Issue,921.94
RET0005061,ORD00102032,P0003,C00426,WH01,2025-06-06,1,Quality Issue,1220.29
RET0005062,ORD00102087,P0014,C00528,WH04,2025-06-07,2,Quality Issue,5268.64
RET0005063,ORD00102088,P0014,C00759,WH05,2025-06-07,1,Quality Issue,2634.32
RET0005064,ORD00102108,P0018,C00193,WH05,2025-06-23,2,Quality Issue,2595.99
RET0005065,ORD00102121,P0021,C00179,WH03,2025-06-17,2,Late Delivery,1597.73
RET0005066,ORD00102162,P0030,C00150,WH01,2025-06-20,2,Damaged,6572.08
RET0005067,ORD00102190,P0035,C00905,WH04,2025-06-21,2,Customer Changed Mind,4251.14
RET0005068,ORD00102221,P0001,C00851,WH05,2025-06-20,1,Damaged,1798.19
RET0005069,ORD00102231,P0003,C00164,WH05,2025-06-21,2,Quality Issue,2440.58
RET0005070,ORD00102243,P0006,C00353,WH02,2025-06-18,2,Damaged,6521.2
RET0005071,ORD00102268,P0011,C00999,WH02,2025-06-21,2,Quality Issue,1493.22
RET0005072,ORD00102269,P0011,C00692,WH03,2025-06-20,1,Damaged,709.28
RET0005073,ORD00102292,P0016,C00862,WH02,2025-06-16,1,Damaged,999.4
RET0005074,ORD00102294,P0016,C00168,WH04,2025-06-19,2,Damaged,2220.88
RET0005075,ORD00102302,P0018,C00529,WH02,2025-06-11,2,Late Delivery,2650.64
RET0005076,ORD00102303,P0018,C00910,WH03,2025-06-17,1,Quality Issue,1297.99
RET0005077,ORD00102313,P0020,C00456,WH03,2025-06-14,1,Damaged,2943.68
RET0005078,ORD00102327,P0023,C00263,WH02,2025-06-18,1,Quality Issue,897.51
RET0005079,ORD00102330,P0023,C00393,WH05,2025-06-12,1,Damaged,897.51
RET0005080,ORD00102358,P0029,C00844,WH04,2025-06-20,2,Customer Changed Mind,9007.42
RET0005081,ORD00102374,P0033,C00201,WH01,2025-06-12,2,Quality Issue,4599.63
RET0005082,ORD00102483,P0015,C00997,WH02,2025-06-08,2,Damaged,618.2
RET0005083,ORD00102491,P0016,C00986,WH05,2025-06-16,2,Damaged,2109.84
RET0005084,ORD00102493,P0017,C00221,WH02,2025-06-08,1,Quality Issue,1114.83
RET0005085,ORD00102572,P0033,C00818,WH01,2025-06-12,2,Late Delivery,5110.7
RET0005086,ORD00102589,P0036,C00386,WH03,2025-06-24,2,Damaged,5347.57
RET0005087,ORD00102606,P0039,C00561,WH05,2025-06-23,1,Customer Changed Mind,655.76
RET0005088,ORD00102640,P0006,C00969,WH04,2025-06-13,1,Damaged,3622.89
RET0005089,ORD00102651,P0009,C00098,WH01,2025-06-26,2,Late Delivery,6222.51
RET0005090,ORD00102653,P0009,C00117,WH03,2025-06-13,2,Quality Issue,6094.21
RET0005091,ORD00102675,P0014,C00950,WH01,2025-06-26,1,Damaged,2502.6
RET0005092,ORD00102680,P0015,C00285,WH01,2025-06-23,2,Customer Changed Mind,585.67
RET0005093,ORD00102693,P0017,C00201,WH04,2025-06-09,1,Damaged,1003.35
RET0005094,ORD00102696,P0018,C00734,WH02,2025-06-10,2,Damaged,2595.99
RET0005095,ORD00102704,P0019,C00278,WH05,2025-06-20,1,Late Delivery,2620.33
RET0005096,ORD00102734,P0025,C00447,WH05,2025-06-10,2,Damaged,3572.8
RET0005097,ORD00102744,P0027,C00423,WH05,2025-06-21,1,Customer Changed Mind,746.29
RET0005098,ORD00102751,P0029,C00403,WH02,2025-06-20,2,Customer Changed Mind,7893.1
RET0005099,ORD00102759,P0030,C00786,WH05,2025-06-13,2,Wrong Product,6243.48
RET0005100,ORD00102770,P0033,C00127,WH01,2025-06-23,2,Wrong Product,4599.63
RET0005101,ORD00102793,P0037,C00145,WH05,2025-06-19,1,Damaged,1836.09
RET0005102,ORD00102808,P0040,C00514,WH05,2025-06-12,1,Quality Issue,960.97
RET0005103,ORD00102826,P0004,C00460,WH03,2025-06-10,2,Quality Issue,4455.4
RET0005104,ORD00102891,P0017,C00603,WH04,2025-06-20,1,Customer Changed Mind,1114.83
RET0005105,ORD00102892,P0017,C00364,WH05,2025-06-16,2,Wrong Product,2162.77
RET0005106,ORD00102904,P0020,C00200,WH02,2025-06-23,1,Damaged,2731.25
RET0005107,ORD00102949,P0029,C00317,WH02,2025-06-14,1,Quality Issue,4643.0
RET0005108,ORD00102957,P0030,C00727,WH05,2025-06-12,2,Quality Issue,5914.87
RET0005109,ORD00102958,P0031,C00580,WH02,2025-06-22,1,Damaged,660.48
RET0005110,ORD00102975,P0034,C00299,WH05,2025-06-20,1,Wrong Product,4112.91
RET0005111,ORD00102987,P0037,C00288,WH02,2025-06-23,2,Quality Issue,3672.18
RET0005112,ORD00103085,P0017,C00277,WH01,2025-06-27,2,Customer Changed Mind,2229.66
RET0005113,ORD00103086,P0017,C00038,WH02,2025-06-17,1,Customer Changed Mind,1081.39
RET0005114,ORD00103090,P0018,C00388,WH01,2025-06-28,1,Late Delivery,1297.99
RET0005115,ORD00103142,P0028,C00680,WH03,2025-06-13,2,Quality Issue,8179.4
RET0005116,ORD00103155,P0031,C00457,WH01,2025-06-22,1,Late Delivery,627.46
RET0005117,ORD00103162,P0032,C00734,WH03,2025-06-14,2,Customer Changed Mind,3914.23
RET0005118,ORD00103175,P0035,C00523,WH03,2025-06-27,2,Customer Changed Mind,4251.14
RET0005119,ORD00103179,P0036,C00125,WH02,2025-06-19,2,Quality Issue,5629.02
RET0005120,ORD00103181,P0036,C00510,WH04,2025-06-25,2,Damaged,5066.12
RET0005121,ORD00103186,P0037,C00128,WH04,2025-06-18,2,Customer Changed Mind,3121.35
RET0005122,ORD00103191,P0038,C00817,WH04,2025-06-17,2,Quality Issue,4545.26
RET0005123,ORD00103193,P0039,C00163,WH01,2025-06-18,2,Damaged,1272.17
RET0005124,ORD00103199,P0040,C00684,WH02,2025-06-23,1,Damaged,1011.55
RET0005125,ORD00103265,P0014,C00902,WH01,2025-06-16,2,Damaged,5268.64
RET0005126,ORD00103267,P0014,C00107,WH03,2025-06-27,1,Quality Issue,2634.32
RET0005127,ORD00103271,P0015,C00048,WH02,2025-06-19,2,Damaged,631.22
RET0005128,ORD00103300,P0021,C00080,WH01,2025-06-22,1,Quality Issue,840.91
RET0005129,ORD00103317,P0024,C00802,WH05,2025-06-22,1,Wrong Product,756.02
RET0005130,ORD00103320,P0025,C00122,WH03,2025-06-16,1,Late Delivery,1697.08
RET0005131,ORD00103322,P0025,C00610,WH05,2025-06-25,1,Quality Issue,1732.81
RET0005132,ORD00103331,P0027,C00081,WH04,2025-06-25,1,Quality Issue,730.9
RET0005133,ORD00103355,P0032,C00543,WH03,2025-06-25,1,Quality Issue,2060.12
RET0005134,ORD00103372,P0036,C00604,WH02,2025-06-27,1,Damaged,2814.51
RET0005135,ORD00103378,P0037,C00345,WH03,2025-06-14,2,Wrong Product,3488.57
RET0005136,ORD00103430,P0007,C00461,WH05,2025-06-19,2,Damaged,5617.58
RET0005137,ORD00103441,P0010,C00433,WH01,2025-06-29,1,Quality Issue,3567.8
RET0005138,ORD00103477,P0017,C00505,WH02,2025-06-20,1,Quality Issue,1059.09
RET0005139,ORD00103503,P0022,C00072,WH03,2025-06-18,2,Quality Issue,1161.39
RET0005140,ORD00103516,P0025,C00299,WH02,2025-06-19,1,Wrong Product,1786.4
RET0005141,ORD00103527,P0027,C00173,WH03,2025-06-24,2,Customer Changed Mind,1384.87
RET0005142,ORD00103554,P0033,C00545,WH01,2025-06-27,2,Damaged,5110.7
RET0005143,ORD00103569,P0036,C00451,WH02,2025-06-13,2,Quality Issue,5629.02
RET0005144,ORD00103571,P0036,C00230,WH04,2025-06-16,1,Late Delivery,2814.51
RET0005145,ORD00103580,P0038,C00766,WH03,2025-06-22,1,Quality Issue,1931.74
RET0005146,ORD00103596,P0001,C00702,WH04,2025-06-20,2,Wrong Product,3596.38
RET0005147,ORD00103646,P0011,C00877,WH05,2025-06-23,1,Wrong Product,671.95
RET0005148,ORD00103656,P0014,C00072,WH02,2025-06-29,1,Damaged,2370.89
RET0005149,ORD00103684,P0019,C00235,WH05,2025-06-27,1,Wrong Product,2482.42
RET0005150,ORD00103686,P0020,C00297,WH02,2025-07-01,1,Quality Issue,2882.98
RET0005151,ORD00103724,P0027,C00562,WH05,2025-06-14,2,Customer Changed Mind,1461.8
RET0005152,ORD00103730,P0029,C00044,WH01,2025-06-26,2,Quality Issue,9286.0
RET0005153,ORD00103736,P0030,C00101,WH02,2025-07-01,1,Damaged,3121.74
RET0005154,ORD00103739,P0030,C00402,WH05,2025-06-29,2,Quality Issue,6572.08
RET0005155,ORD00103808,P0004,C00889,WH05,2025-06-18,1,Quality Issue,2116.31
RET0005156,ORD00103813,P0005,C00870,WH05,2025-06-15,2,Quality Issue,3136.46
RET0005157,ORD00103878,P0019,C00841,WH02,2025-06-17,1,Quality Issue,2758.24
RET0005158,ORD00103905,P0025,C00802,WH01,2025-06-17,2,Damaged,3572.8
RET0005159,ORD00103920,P0028,C00657,WH01,2025-06-20,1,Damaged,3874.46
RET0005160,ORD00103930,P0030,C00039,WH01,2025-06-19,1,Quality Issue,3187.46
RET0005161,ORD00103959,P0036,C00708,WH01,2025-06-19,2,Late Delivery,5629.02
RET0005162,ORD00103975,P0039,C00345,WH02,2025-06-16,1,Late Delivery,655.76
RET0005163,ORD00103997,P0003,C00983,WH04,2025-06-24,1,Quality Issue,1220.29
RET0005164,ORD00104008,P0005,C00984,WH05,2025-06-25,1,Damaged,1650.77
RET0005165,ORD00104015,P0007,C00120,WH03,2025-06-26,2,Customer Changed Mind,5735.84
RET0005166,ORD00104042,P0012,C00379,WH05,2025-06-16,2,Customer Changed Mind,5869.71
RET0005167,ORD00104043,P0013,C00154,WH01,2025-06-26,2,Damaged,7228.56
RET0005168,ORD00104064,P0017,C00762,WH02,2025-06-19,2,Customer Changed Mind,2118.18
RET0005169,ORD00104081,P0020,C00126,WH04,2025-06-20,2,Quality Issue,6069.44
RET0005170,ORD00104102,P0025,C00381,WH01,2025-06-28,1,Quality Issue,1697.08
RET0005171,ORD00104113,P0027,C00903,WH02,2025-06-25,1,Customer Changed Mind,769.37
RET0005172,ORD00104125,P0029,C00809,WH04,2025-06-23,1,Customer Changed Mind,4178.7
RET0005173,ORD00104139,P0032,C00579,WH03,2025-06-23,1,Wrong Product,1998.32
RET0005174,ORD00104186,P0001,C00711,WH05,2025-07-04,2,Quality Issue,3488.49
RET0005175,ORD00104192,P0003,C00239,WH01,2025-06-24,2,Quality Issue,2196.52
RET0005176,ORD00104251,P0015,C00522,WH04,2025-06-20,2,Quality Issue,650.74
RET0005177,ORD00104258,P0017,C00484,WH01,2025-06-17,1,Quality Issue,1081.39
RET0005178,ORD00104270,P0019,C00612,WH03,2025-07-03,1,Quality Issue,2758.24
RET0005179,ORD00104301,P0025,C00135,WH04,2025-06-27,2,Damaged,3394.16
RET0005180,ORD00104330,P0031,C00596,WH03,2025-06-18,1,Damaged,660.48
RET0005181,ORD00104334,P0032,C00121,WH02,2025-06-28,1,Customer Changed Mind,1957.11
RET0005182,ORD00104340,P0033,C00415,WH03,2025-06-23,2,Damaged,4599.63
RET0005183,ORD00104356,P0036,C00410,WH05,2025-07-04,2,Quality Issue,5629.02
RET0005184,ORD00104364,P0038,C00198,WH03,2025-06-25,1,Customer Changed Mind,2272.63
RET0005185,ORD00104371,P0039,C00439,WH05,2025-07-04,1,Quality Issue,622.97
RET0005186,ORD00104477,P0021,C00048,WH03,2025-07-04,1,Wrong Product,798.86
RET0005187,ORD00104494,P0024,C00009,WH05,2025-07-02,1,Quality Issue,889.43
RET0005188,ORD00104509,P0027,C00606,WH05,2025-06-18,2,Damaged,1492.58
RET0005189,ORD00104514,P0028,C00612,WH05,2025-06-18,1,Wrong Product,4089.7
RET0005190,ORD00104523,P0030,C00116,WH04,2025-06-23,2,Damaged,6243.48
RET0005191,ORD00104526,P0031,C00605,WH02,2025-07-02,1,Customer Changed Mind,660.48
RET0005192,ORD00104546,P0035,C00585,WH03,2025-06-23,1,Customer Changed Mind,2125.57
RET0005193,ORD00104603,P0007,C00799,WH01,2025-06-25,1,Quality Issue,2808.79
RET0005194,ORD00104618,P0010,C00786,WH01,2025-06-28,2,Customer Changed Mind,6065.26
RET0005195,ORD00104664,P0019,C00493,WH05,2025-06-25,2,Wrong Product,4964.83
RET0005196,ORD00104669,P0020,C00238,WH05,2025-07-01,1,Late Delivery,2882.98
RET0005197,ORD00104690,P0025,C00738,WH02,2025-07-05,2,Damaged,3394.16
RET0005198,ORD00104731,P0033,C00402,WH05,2025-06-28,2,Damaged,5110.7
RET0005199,ORD00104736,P0035,C00792,WH01,2025-07-04,1,Customer Changed Mind,2125.57
RET0005200,ORD00104739,P0035,C00313,WH04,2025-06-27,2,Damaged,3826.03
RET0005201,ORD00104741,P0036,C00430,WH01,2025-06-26,2,Quality Issue,4784.67
RET0005202,ORD00104755,P0038,C00742,WH05,2025-06-29,1,Quality Issue,2272.63
RET0005203,ORD00104759,P0039,C00539,WH04,2025-07-02,1,Quality Issue,622.97
RET0005204,ORD00104769,P0001,C00020,WH04,2025-06-21,2,Damaged,3596.38
RET0005205,ORD00104775,P0002,C00921,WH05,2025-07-07,1,Quality Issue,950.45
RET0005206,ORD00104777,P0003,C00040,WH02,2025-06-29,2,Quality Issue,2196.52
RET0005207,ORD00104819,P0011,C00076,WH05,2025-06-29,1,Quality Issue,724.21
RET0005208,ORD00104823,P0012,C00588,WH04,2025-06-29,1,Late Delivery,3089.32
RET0005209,ORD00104827,P0013,C00352,WH04,2025-06-29,1,Quality Issue,3614.28
RET0005210,ORD00104830,P0014,C00737,WH02,2025-06-28,2,Quality Issue,5268.64
RET0005211,ORD00104846,P0017,C00535,WH03,2025-06-21,1,Damaged,1114.83
RET0005212,ORD00104890,P0026,C00083,WH02,2025-07-06,1,Quality Issue,2435.15
RET0005213,ORD00104902,P0028,C00415,WH04,2025-06-28,2,Late Delivery,7318.41
RET0005214,ORD00104905,P0029,C00793,WH02,2025-07-02,1,Wrong Product,4410.85
RET0005215,ORD00104987,P0006,C00582,WH01,2025-07-08,2,Damaged,7245.78
RET0005216,ORD00104989,P0006,C00083,WH03,2025-07-08,2,Damaged,6521.2
RET0005217,ORD00104997,P0008,C00346,WH01,2025-06-24,2,Damaged,1879.24
RET0005218,ORD00105001,P0008,C00083,WH05,2025-07-06,1,Quality Issue,968.68
RET0005219,ORD00105031,P0015,C00396,WH01,2025-06-30,2,Quality Issue,650.74
RET0005220,ORD00105067,P0022,C00637,WH02,2025-07-02,2,Quality Issue,1100.27
RET0005221,ORD00105117,P0032,C00062,WH02,2025-06-27,1,Quality Issue,2060.12
RET0005222,ORD00105125,P0033,C00600,WH05,2025-07-03,1,Damaged,2478.69
RET0005223,ORD00105135,P0036,C00964,WH01,2025-06-21,1,Quality Issue,2814.51
RET0005224,ORD00105143,P0037,C00943,WH04,2025-06-25,1,Quality Issue,1836.09
RET0005225,ORD00105154,P0039,C00900,WH05,2025-06-30,1,Damaged,655.76
RET0005226,ORD00105190,P0007,C00599,WH01,2025-06-26,1,Damaged,2956.62
RET0005227,ORD00105194,P0007,C00228,WH05,2025-07-05,1,Quality Issue,2660.96
RET0005228,ORD00105201,P0009,C00783,WH02,2025-07-01,2,Quality Issue,6414.96
RET0005229,ORD00105206,P0010,C00848,WH02,2025-07-02,2,Quality Issue,6921.53
RET0005230,ORD00105217,P0012,C00297,WH03,2025-07-08,2,Quality Issue,5993.28
RET0005231,ORD00105230,P0015,C00263,WH01,2025-06-27,2,Wrong Product,650.74
RET0005232,ORD00105265,P0022,C00591,WH01,2025-07-05,2,Wrong Product,1100.27
RET0005233,ORD00105271,P0023,C00595,WH02,2025-07-05,1,Damaged,897.51
RET0005234,ORD00105286,P0026,C00670,WH02,2025-06-30,1,Damaged,2864.88
RET0005235,ORD00105291,P0027,C00987,WH02,2025-06-28,2,Customer Changed Mind,1492.58
RET0005236,ORD00105292,P0027,C00117,WH03,2025-07-07,2,Customer Changed Mind,1538.74
RET0005237,ORD00105298,P0028,C00396,WH04,2025-07-02,2,Quality Issue,8609.9
RET0005238,ORD00105314,P0031,C00520,WH05,2025-07-02,1,Quality Issue,627.46
RET0005239,ORD00105319,P0032,C00950,WH05,2025-06-30,1,Damaged,1854.11
RET0005240,ORD00105328,P0034,C00641,WH04,2025-07-06,1,Damaged,4112.91
RET0005241,ORD00105330,P0035,C00192,WH01,2025-07-02,1,Quality Issue,2125.57
RET0005242,ORD00105331,P0035,C00032,WH02,2025-07-04,1,Quality Issue,2125.57
RET0005243,ORD00105338,P0036,C00067,WH04,2025-06-30,1,Quality Issue,2814.51
RET0005244,ORD00105340,P0037,C00728,WH01,2025-07-04,1,Quality Issue,1781.01
RET0005245,ORD00105352,P0039,C00745,WH03,2025-06-23,2,Damaged,1245.94
RET0005246,ORD00105369,P0002,C00480,WH05,2025-07-01,2,Customer Changed Mind,1900.9
RET0005247,ORD00105371,P0003,C00123,WH02,2025-06-24,1,Damaged,1183.68
RET0005248,ORD00105437,P0016,C00203,WH05,2025-07-02,1,Quality Issue,999.4
RET0005249,ORD00105484,P0026,C00842,WH02,2025-07-02,1,Quality Issue,2721.64
RET0005250,ORD00105495,P0028,C00125,WH03,2025-06-30,2,Wrong Product,8351.6
RET0005251,ORD00105514,P0032,C00968,WH02,2025-06-29,1,Damaged,2060.12
RET0005252,ORD00105520,P0033,C00098,WH03,2025-06-27,1,Quality Issue,2478.69
RET0005253,ORD00105529,P0035,C00183,WH03,2025-07-08,1,Quality Issue,2125.57
RET0005254,ORD00105549,P0039,C00760,WH03,2025-06-26,2,Wrong Product,1311.52
RET0005255,ORD00105556,P0001,C00604,WH02,2025-06-26,2,Customer Changed Mind,3596.38
RET0005256,ORD00105587,P0007,C00694,WH03,2025-06-24,2,Wrong Product,5617.58
RET0005257,ORD00105599,P0009,C00403,WH05,2025-06-26,2,Customer Changed Mind,6414.96
RET0005258,ORD00105617,P0013,C00727,WH03,2025-07-05,1,Damaged,3072.14
RET0005259,ORD00105639,P0018,C00253,WH01,2025-07-10,1,Damaged,1161.36
RET0005260,ORD00105648,P0019,C00111,WH05,2025-06-30,1,Quality Issue,2344.5
RET0005261,ORD00105657,P0021,C00634,WH04,2025-06-30,1,Customer Changed Mind,798.86
RET0005262,ORD00105681,P0026,C00910,WH03,2025-07-03,1,Damaged,2721.64
RET0005263,ORD00105704,P0031,C00994,WH01,2025-07-10,1,Quality Issue,660.48
RET0005264,ORD00105712,P0032,C00329,WH04,2025-07-01,1,Wrong Product,1854.11
RET0005265,ORD00105714,P0033,C00857,WH01,2025-07-01,1,Damaged,2478.69
RET0005266,ORD00105722,P0034,C00696,WH04,2025-06-29,2,Quality Issue,7814.53
RET0005267,ORD00105743,P0038,C00233,WH05,2025-07-04,2,Quality Issue,4408.9
RET0005268,ORD00105755,P0001,C00933,WH02,2025-07-06,1,Wrong Product,1744.24
RET0005269,ORD00105765,P0003,C00592,WH02,2025-06-27,1,Wrong Product,1098.26
RET0005270,ORD00105766,P0003,C00254,WH03,2025-06-26,1,Damaged,1220.29
RET0005271,ORD00105789,P0008,C00831,WH02,2025-06-25,1,Late Delivery,920.25
RET0005272,ORD00105792,P0008,C00980,WH05,2025-07-09,1,Wrong Product,871.81
RET0005273,ORD00105794,P0009,C00258,WH02,2025-07-07,2,Wrong Product,6414.96
RET0005274,ORD00105802,P0010,C00546,WH05,2025-07-09,1,Wrong Product,3567.8
RET0005275,ORD00105828,P0016,C00687,WH01,2025-07-12,2,Damaged,2220.88
RET0005276,ORD00105830,P0016,C00038,WH03,2025-06-29,1,Customer Changed Mind,1110.44
RET0005277,ORD00105890,P0028,C00941,WH04,2025-06-30,2,Damaged,8179.4
RET0005278,ORD00105914,P0033,C00450,WH03,2025-06-27,2,Customer Changed Mind,5110.7
RET0005279,ORD00105920,P0034,C00469,WH04,2025-07-05,2,Quality Issue,7403.24
RET0005280,ORD00105926,P0035,C00358,WH05,2025-07-12,1,Customer Changed Mind,1806.73
RET0005281,ORD00105933,P0037,C00853,WH02,2025-07-09,1,Late Delivery,1744.29
RET0005282,ORD00105938,P0038,C00136,WH02,2025-07-08,1,Quality Issue,2272.63
RET0005283,ORD00105950,P0040,C00816,WH04,2025-07-03,2,Late Delivery,1921.94
RET0005284,ORD00105953,P0001,C00101,WH03,2025-07-08,1,Damaged,1528.46
RET0005285,ORD00105985,P0007,C00308,WH05,2025-07-04,1,Quality Issue,2956.62
RET0005286,ORD00105993,P0009,C00506,WH03,2025-07-13,2,Quality Issue,5452.72
RET0005287,ORD00106030,P0017,C00200,WH01,2025-06-29,1,Customer Changed Mind,1114.83
RET0005288,ORD00106053,P0021,C00566,WH04,2025-07-05,2,Damaged,1513.64
RET0005289,ORD00106056,P0022,C00227,WH02,2025-07-01,2,Quality Issue,1222.52
RET0005290,ORD00106057,P0022,C00271,WH03,2025-06-27,2,Customer Changed Mind,1161.39
RET0005291,ORD00106061,P0023,C00802,WH03,2025-07-10,2,Quality Issue,1795.02
RET0005292,ORD00106068,P0025,C00822,WH01,2025-07-02,2,Damaged,3572.8
RET0005293,ORD00106118,P0035,C00501,WH04,2025-07-08,2,Wrong Product,3826.03
RET0005294,ORD00106152,P0002,C00887,WH04,2025-06-29,1,Customer Changed Mind,855.41
RET0005295,ORD00106184,P0009,C00891,WH03,2025-07-06,1,Customer Changed Mind,3207.48
RET0005296,ORD00106229,P0018,C00623,WH03,2025-06-28,2,Damaged,2459.36
RET0005297,ORD00106231,P0018,C00624,WH05,2025-07-06,2,Late Delivery,2732.62
RET0005298,ORD00106240,P0020,C00611,WH04,2025-07-14,2,Quality Issue,5887.36
RET0005299,ORD00106251,P0022,C00700,WH05,2025-07-04,2,Quality Issue,1161.39
RET0005300,ORD00106276,P0027,C00943,WH05,2025-06-29,1,Quality Issue,769.37
RET0005301,ORD00106308,P0034,C00865,WH04,2025-07-01,1,Damaged,4112.91
RET0005302,ORD00106362,P0005,C00758,WH04,2025-07-06,1,Customer Changed Mind,1650.77
RET0005303,ORD00106366,P0006,C00986,WH03,2025-07-03,1,Customer Changed Mind,3441.75
RET0005304,ORD00106400,P0013,C00932,WH02,2025-07-01,2,Quality Issue,6505.7
RET0005305,ORD00106453,P0024,C00241,WH01,2025-07-14,2,Quality Issue,1600.97
RET0005306,ORD00106549,P0003,C00072,WH04,2025-07-07,2,Customer Changed Mind,2440.58
RET0005307,ORD00106581,P0010,C00598,WH02,2025-07-13,2,Late Delivery,6778.82
RET0005308,ORD00106591,P0012,C00589,WH02,2025-07-12,2,Quality Issue,6178.64
RET0005309,ORD00106600,P0014,C00834,WH02,2025-07-06,2,Quality Issue,5110.58
RET0005310,ORD00106625,P0019,C00720,WH02,2025-07-11,1,Quality Issue,2758.24
RET0005311,ORD00106638,P0021,C00258,WH05,2025-07-05,2,Damaged,1681.82
RET0005312,ORD00106661,P0026,C00047,WH05,2025-07-07,2,Quality Issue,5557.87
RET0005313,ORD00106662,P0027,C00129,WH01,2025-07-16,2,Damaged,1384.87
RET0005314,ORD00106667,P0028,C00275,WH01,2025-06-29,1,Customer Changed Mind,4304.95
RET0005315,ORD00106700,P0035,C00786,WH01,2025-07-04,2,Damaged,4038.58
RET0005316,ORD00106739,P0002,C00197,WH05,2025-07-01,1,Damaged,902.93
RET0005317,ORD00106769,P0009,C00802,WH01,2025-07-17,1,Quality Issue,3047.11
RET0005318,ORD00106774,P0010,C00925,WH01,2025-07-12,1,Wrong Product,3567.8
RET0005319,ORD00106802,P0015,C00845,WH04,2025-07-12,2,Damaged,585.67
RET0005320,ORD00106854,P0026,C00909,WH02,2025-07-10,2,Quality Issue,5729.76
RET0005321,ORD00106904,P0036,C00376,WH05,2025-07-15,1,Quality Issue,2814.51
RET0005322,ORD00106918,P0039,C00657,WH04,2025-07-02,2,Customer Changed Mind,1245.94
RET0005323,ORD00106920,P0040,C00262,WH01,2025-07-17,2,Wrong Product,2023.1
RET0005324,ORD00106933,P0002,C00105,WH04,2025-07-10,1,Quality Issue,855.41
RET0005325,ORD00106952,P0006,C00586,WH03,2025-07-15,2,Quality Issue,7245.78
RET0005326,ORD00106983,P0012,C00278,WH05,2025-07-01,2,Quality Issue,5869.71
RET0005327,ORD00107002,P0016,C00633,WH04,2025-07-16,1,Customer Changed Mind,1110.44
RET0005328,ORD00107010,P0018,C00059,WH02,2025-07-09,1,Late Delivery,1229.68
RET0005329,ORD00107012,P0018,C00891,WH04,2025-07-03,2,Damaged,2459.36
RET0005330,ORD00107087,P0033,C00965,WH04,2025-07-12,2,Damaged,4344.09
RET0005331,ORD00107101,P0036,C00765,WH04,2025-07-08,1,Customer Changed Mind,2730.07
RET0005332,ORD00107104,P0037,C00063,WH02,2025-07-03,2,Customer Changed Mind,3672.18
RET0005333,ORD00107116,P0039,C00701,WH04,2025-07-14,1,Quality Issue,622.97
RET0005334,ORD00107128,P0002,C00326,WH01,2025-07-02,1,Quality Issue,902.93
RET0005335,ORD00107130,P0002,C00313,WH03,2025-07-03,2,Damaged,1710.81
RET0005336,ORD00107162,P0008,C00708,WH05,2025-07-11,1,Customer Changed Mind,968.68
RET0005337,ORD00107170,P0010,C00924,WH03,2025-07-13,1,Customer Changed Mind,3389.41
RET0005338,ORD00107184,P0013,C00003,WH02,2025-07-18,2,Customer Changed Mind,7228.56
RET0005339,ORD00107209,P0018,C00335,WH02,2025-07-04,1,Wrong Product,1366.31
RET0005340,ORD00107229,P0022,C00521,WH02,2025-07-04,1,Quality Issue,611.26
RET0005341,ORD00107242,P0024,C00830,WH05,2025-07-17,1,Quality Issue,844.96
RET0005342,ORD00107250,P0026,C00790,WH03,2025-07-03,2,Quality Issue,5729.76
RET0005343,ORD00107254,P0027,C00446,WH02,2025-07-09,1,Wrong Product,769.37
RET0005344,ORD00107275,P0031,C00726,WH03,2025-07-18,1,Damaged,660.48
RET0005345,ORD00107285,P0033,C00568,WH03,2025-07-16,1,Quality Issue,2299.82
RET0005346,ORD00107314,P0039,C00472,WH03,2025-07-07,1,Quality Issue,557.4
RET0005347,ORD00107347,P0006,C00201,WH03,2025-07-19,1,Customer Changed Mind,3441.75
RET0005348,ORD00107360,P0009,C00506,WH02,2025-07-14,2,Customer Changed Mind,6094.21
RET0005349,ORD00107417,P0020,C00186,WH04,2025-07-16,1,Customer Changed Mind,2943.68
RET0005350,ORD00107483,P0034,C00464,WH02,2025-07-04,2,Quality Issue,7979.05
RET0005351,ORD00107485,P0034,C00016,WH04,2025-07-12,1,Wrong Product,3907.26
RET0005352,ORD00107489,P0035,C00030,WH03,2025-07-04,1,Customer Changed Mind,2019.29
RET0005353,ORD00107538,P0005,C00285,WH02,2025-07-14,1,Customer Changed Mind,1650.77
RET0005354,ORD00107555,P0008,C00962,WH05,2025-07-12,2,Customer Changed Mind,1937.36
RET0005355,ORD00107561,P0010,C00455,WH01,2025-07-06,1,Wrong Product,3211.02
RET0005356,ORD00107573,P0012,C00228,WH03,2025-07-19,2,Late Delivery,6178.64
RET0005357,ORD00107599,P0017,C00217,WH04,2025-07-21,2,Damaged,2118.18
RET0005358,ORD00107607,P0019,C00151,WH03,2025-07-15,1,Damaged,2620.33
RET0005359,ORD00107633,P0024,C00991,WH04,2025-07-06,1,Damaged,862.75
RET0005360,ORD00107649,P0027,C00170,WH05,2025-07-12,1,Wrong Product,692.43
RET0005361,ORD00107658,P0029,C00357,WH04,2025-07-18,1,Customer Changed Mind,4643.0
RET0005362,ORD00107664,P0030,C00538,WH05,2025-07-18,2,Quality Issue,6243.48
RET0005363,ORD00107684,P0035,C00956,WH01,2025-07-10,2,Quality Issue,3613.47
RET0005364,ORD00107688,P0035,C00706,WH05,2025-07-17,1,Wrong Product,1913.01
RET0005365,ORD00107701,P0038,C00176,WH03,2025-07-12,1,Wrong Product,2272.63
RET0005366,ORD00107704,P0039,C00218,WH01,2025-07-13,1,Late Delivery,590.18
RET0005367,ORD00107746,P0007,C00937,WH05,2025-07-21,2,Damaged,5735.84
RET0005368,ORD00107783,P0015,C00234,WH03,2025-07-11,2,Customer Changed Mind,618.2
RET0005369,ORD00107784,P0015,C00805,WH04,2025-07-07,2,Wrong Product,618.2
RET0005370,ORD00107811,P0021,C00332,WH02,2025-07-14,2,Quality Issue,1681.82
RET0005371,ORD00107832,P0025,C00982,WH03,2025-07-22,1,Quality Issue,1732.81
RET0005372,ORD00107837,P0026,C00005,WH03,2025-07-07,2,Late Delivery,5443.27
RET0005373,ORD00107850,P0029,C00568,WH01,2025-07-05,1,Quality Issue,4178.7
RET0005374,ORD00107888,P0036,C00964,WH04,2025-07-14,2,Damaged,5629.02
RET0005375,ORD00107889,P0036,C00928,WH05,2025-07-07,1,Customer Changed Mind,2673.78
RET0005376,ORD00107931,P0005,C00224,WH02,2025-07-17,2,Customer Changed Mind,3301.54
RET0005377,ORD00107938,P0006,C00918,WH05,2025-07-08,1,Quality Issue,3622.89
RET0005378,ORD00107942,P0007,C00573,WH04,2025-07-13,1,Customer Changed Mind,2956.62
RET0005379,ORD00107980,P0015,C00587,WH04,2025-07-16,2,Quality Issue,650.74
RET0005380,ORD00107983,P0016,C00899,WH02,2025-07-11,1,Wrong Product,1110.44
RET0005381,ORD00107995,P0018,C00738,WH04,2025-07-23,1,Quality Issue,1366.31
RET0005382,ORD00108017,P0023,C00501,WH01,2025-07-11,2,Customer Changed Mind,1741.17
RET0005383,ORD00108031,P0026,C00263,WH01,2025-07-14,1,Customer Changed Mind,2721.64
RET0005384,ORD00108044,P0028,C00753,WH04,2025-07-11,2,Quality Issue,8179.4
RET0005385,ORD00108073,P0034,C00146,WH05,2025-07-07,2,Quality Issue,6991.95
RET0005386,ORD00108075,P0035,C00847,WH02,2025-07-22,1,Customer Changed Mind,2019.29
RET0005387,ORD00108110,P0002,C00734,WH03,2025-07-20,1,Quality Issue,855.41
RET0005388,ORD00108131,P0006,C00819,WH04,2025-07-19,1,Quality Issue,3260.6
RET0005389,ORD00108138,P0008,C00370,WH01,2025-07-23,1,Damaged,920.25
RET0005390,ORD00108140,P0008,C00954,WH03,2025-07-18,1,Late Delivery,968.68
RET0005391,ORD00108145,P0009,C00364,WH03,2025-07-10,1,Damaged,3207.48
RET0005392,ORD00108148,P0010,C00155,WH01,2025-07-13,1,Damaged,3567.8
RET0005393,ORD00108161,P0012,C00240,WH04,2025-07-15,1,Late Delivery,2996.64
RET0005394,ORD00108175,P0015,C00703,WH04,2025-07-19,1,Damaged,309.1
RET0005395,ORD00108178,P0016,C00100,WH02,2025-07-17,1,Damaged,1077.13
RET0005396,ORD00108192,P0019,C00763,WH01,2025-07-07,2,Damaged,4689.01
RET0005397,ORD00108193,P0019,C00114,WH02,2025-07-22,2,Quality Issue,5350.99
RET0005398,ORD00108199,P0020,C00255,WH03,2025-07-12,1,Quality Issue,3034.72
RET0005399,ORD00108203,P0021,C00720,WH02,2025-07-24,2,Customer Changed Mind,1513.64
RET0005400,ORD00108208,P0022,C00146,WH02,2025-07-12,1,Quality Issue,592.92
RET0005401,ORD00108222,P0025,C00395,WH01,2025-07-18,2,Customer Changed Mind,3572.8
RET0005402,ORD00108224,P0025,C00078,WH03,2025-07-20,1,Quality Issue,1697.08
RET0005403,ORD00108252,P0031,C00283,WH01,2025-07-13,1,Damaged,660.48
RET0005404,ORD00108253,P0031,C00655,WH02,2025-07-23,1,Quality Issue,660.48
RET0005405,ORD00108266,P0033,C00679,WH05,2025-07-07,1,Damaged,2427.58
RET0005406,ORD00108281,P0036,C00605,WH05,2025-07-10,2,Customer Changed Mind,5460.15
RET0005407,ORD00108338,P0008,C00871,WH05,2025-07-16,2,Damaged,1840.49
RET0005408,ORD00108347,P0010,C00492,WH04,2025-07-19,2,Quality Issue,6778.82
RET0005409,ORD00108363,P0014,C00187,WH01,2025-07-18,2,Quality Issue,4741.78
RET0005410,ORD00108403,P0022,C00273,WH01,2025-07-20,1,Wrong Product,580.7
RET0005411,ORD00108453,P0032,C00149,WH01,2025-07-25,1,Quality Issue,2060.12
RET0005412,ORD00108466,P0034,C00970,WH04,2025-07-12,1,Customer Changed Mind,3495.97
RET0005413,ORD00108509,P0003,C00099,WH02,2025-07-18,1,Quality Issue,1037.25
RET0005414,ORD00108530,P0007,C00151,WH04,2025-07-25,1,Quality Issue,2956.62
RET0005415,ORD00108531,P0007,C00162,WH05,2025-07-24,2,Customer Changed Mind,5321.92
RET0005416,ORD00108547,P0011,C00525,WH01,2025-07-19,2,Damaged,1493.22
RET0005417,ORD00108572,P0016,C00092,WH01,2025-07-09,2,Quality Issue,1998.79
RET0005418,ORD00108643,P0030,C00003,WH03,2025-07-18,2,Late Delivery,6243.48
RET0005419,ORD00108670,P0035,C00406,WH05,2025-07-15,2,Quality Issue,4038.58
RET0005420,ORD00108683,P0038,C00672,WH03,2025-07-15,2,Damaged,4545.26
RET0005421,ORD00108693,P0040,C00591,WH03,2025-07-24,2,Damaged,2023.1
RET0005422,ORD00108698,P0001,C00004,WH03,2025-07-20,2,Damaged,3596.38
RET0005423,ORD00108726,P0007,C00405,WH02,2025-07-11,2,Customer Changed Mind,5735.84
RET0005424,ORD00108727,P0007,C00419,WH03,2025-07-14,1,Quality Issue,2867.92
RET0005425,ORD00108749,P0011,C00570,WH05,2025-07-11,1,Late Delivery,709.28
RET0005426,ORD00108766,P0015,C00061,WH02,2025-07-14,2,Customer Changed Mind,631.22
RET0005427,ORD00108789,P0019,C00577,WH05,2025-07-12,1,Late Delivery,2620.33
RET0005428,ORD00108794,P0020,C00145,WH05,2025-07-26,2,Wrong Product,5159.02
RET0005429,ORD00108857,P0033,C00127,WH03,2025-07-27,2,Late Delivery,5110.7
RET0005430,ORD00108873,P0036,C00878,WH05,2025-07-22,1,Customer Changed Mind,2730.07
RET0005431,ORD00108888,P0039,C00772,WH05,2025-07-25,2,Damaged,1311.52
RET0005432,ORD00108902,P0002,C00511,WH04,2025-07-23,2,Damaged,1710.81
RET0005433,ORD00108907,P0003,C00081,WH04,2025-07-22,1,Customer Changed Mind,1098.26
RET0005434,ORD00108949,P0012,C00544,WH01,2025-07-18,1,Damaged,2934.85
RET0005435,ORD00108959,P0014,C00972,WH02,2025-07-21,2,Customer Changed Mind,5268.64
RET0005436,ORD00108967,P0015,C00826,WH05,2025-07-13,1,Quality Issue,325.37
RET0005437,ORD00109020,P0026,C00628,WH04,2025-07-12,2,Wrong Product,5443.27
RET0005438,ORD00109023,P0027,C00070,WH02,2025-07-23,2,Quality Issue,1384.87
RET0005439,ORD00109024,P0027,C00929,WH03,2025-07-12,2,Late Delivery,1461.8
RET0005440,ORD00109037,P0030,C00311,WH01,2025-07-19,2,Quality Issue,6572.08
RET0005441,ORD00109040,P0030,C00439,WH04,2025-07-22,2,Quality Issue,6243.48
RET0005442,ORD00109049,P0032,C00865,WH04,2025-07-12,1,Wrong Product,1957.11
RET0005443,ORD00109055,P0033,C00375,WH05,2025-07-22,1,Wrong Product,2478.69
RET0005444,ORD00109062,P0035,C00676,WH03,2025-07-24,2,Customer Changed Mind,4251.14
RET0005445,ORD00109096,P0002,C00029,WH03,2025-07-29,2,Late Delivery,1900.9
RET0005446,ORD00109110,P0005,C00870,WH02,2025-07-15,1,Quality Issue,1650.77
RET0005447,ORD00109135,P0010,C00896,WH02,2025-07-28,2,Wrong Product,7135.6
RET0005448,ORD00109141,P0011,C00830,WH03,2025-07-18,2,Damaged,1448.42
RET0005449,ORD00109147,P0013,C00025,WH01,2025-07-25,1,Damaged,3433.57
RET0005450,ORD00109154,P0014,C00904,WH03,2025-07-20,2,Damaged,5005.21
RET0005451,ORD00109173,P0018,C00803,WH02,2025-07-24,1,Quality Issue,1366.31
RET0005452,ORD00109174,P0018,C00181,WH03,2025-07-13,1,Damaged,1325.32
RET0005453,ORD00109216,P0027,C00885,WH02,2025-07-25,1,Customer Changed Mind,730.9
RET0005454,ORD00109265,P0037,C00895,WH01,2025-07-28,1,Quality Issue,1836.09
RET0005455,ORD00109272,P0038,C00245,WH03,2025-07-21,2,Late Delivery,4545.26
RET0005456,ORD00109284,P0001,C00837,WH01,2025-07-19,1,Damaged,1798.19
RET0005457,ORD00109288,P0001,C00923,WH05,2025-07-15,2,Quality Issue,3416.56
RET0005458,ORD00109290,P0002,C00183,WH02,2025-07-28,2,Customer Changed Mind,1805.86
RET0005459,ORD00109308,P0005,C00559,WH05,2025-07-24,2,Quality Issue,3202.49
RET0005460,ORD00109322,P0008,C00364,WH05,2025-07-29,1,Quality Issue,871.81
RET0005461,ORD00109367,P0018,C00735,WH01,2025-07-28,1,Customer Changed Mind,1325.32
RET0005462,ORD00109445,P0033,C00076,WH04,2025-07-13,2,Quality Issue,5110.7
RET0005463,ORD00109448,P0034,C00111,WH03,2025-07-23,1,Quality Issue,3989.52
RET0005464,ORD00109465,P0037,C00761,WH05,2025-07-18,1,Customer Changed Mind,1836.09
RET0005465,ORD00109484,P0001,C00170,WH05,2025-07-31,1,Quality Issue,1618.37
RET0005466,ORD00109486,P0002,C00357,WH02,2025-07-22,2,Wrong Product,1615.76
RET0005467,ORD00109487,P0002,C00788,WH03,2025-07-15,1,Customer Changed Mind,950.45
RET0005468,ORD00109509,P0007,C00441,WH01,2025-07-31,1,Quality Issue,2808.79
RET0005469,ORD00109513,P0007,C00601,WH05,2025-07-29,2,Damaged,5735.84
RET0005470,ORD00109602,P0025,C00517,WH05,2025-07-30,2,Quality Issue,3036.88
RET0005471,ORD00109612,P0027,C00876,WH05,2025-07-24,2,Customer Changed Mind,1461.8
RET0005472,ORD00109614,P0028,C00011,WH02,2025-07-17,1,Quality Issue,4304.95
RET0005473,ORD00109618,P0029,C00793,WH01,2025-07-21,1,Late Delivery,4410.85
RET0005474,ORD00109675,P0040,C00024,WH04,2025-07-24,1,Quality Issue,1011.55
RET0005475,ORD00109682,P0002,C00023,WH01,2025-08-01,1,Customer Changed Mind,855.41
RET0005476,ORD00109712,P0008,C00839,WH02,2025-07-25,2,Quality Issue,1937.36
RET0005477,ORD00109732,P0012,C00068,WH02,2025-07-27,1,Quality Issue,2780.39
RET0005478,ORD00109741,P0014,C00510,WH02,2025-07-21,1,Damaged,2370.89
RET0005479,ORD00109752,P0016,C00969,WH03,2025-07-25,1,Damaged,1110.44
RET0005480,ORD00109779,P0021,C00571,WH05,2025-07-26,1,Late Delivery,840.91
RET0005481,ORD00109788,P0023,C00236,WH04,2025-07-25,2,Quality Issue,1795.02
RET0005482,ORD00109791,P0024,C00441,WH02,2025-07-15,1,Quality Issue,844.96
RET0005483,ORD00109825,P0031,C00011,WH01,2025-07-22,2,Damaged,1188.86
RET0005484,ORD00109856,P0037,C00201,WH03,2025-07-29,2,Damaged,3672.18
RET0005485,ORD00109858,P0037,C00784,WH05,2025-07-16,2,Wrong Product,3562.01
RET0005486,ORD00109928,P0011,C00019,WH05,2025-07-31,2,Wrong Product,1269.24
RET0005487,ORD00109930,P0012,C00675,WH02,2025-07-18,1,Wrong Product,2780.39
RET0005488,ORD00109946,P0015,C00066,WH03,2025-07-22,1,Quality Issue,325.37
RET0005489,ORD00110018,P0030,C00011,WH02,2025-07-23,1,Damaged,3286.04
RET0005490,ORD00110029,P0032,C00445,WH03,2025-07-30,1,Customer Changed Mind,2060.12
RET0005491,ORD00110036,P0033,C00474,WH05,2025-07-20,2,Quality Issue,4855.16
RET0005492,ORD00110037,P0034,C00761,WH01,2025-08-02,1,Customer Changed Mind,4112.91
RET0005493,ORD00110068,P0040,C00014,WH03,2025-08-01,2,Quality Issue,1921.94
RET0005494,ORD00110096,P0006,C00244,WH02,2025-07-21,1,Quality Issue,3622.89
RET0005495,ORD00110142,P0015,C00144,WH05,2025-07-30,1,Wrong Product,309.1
RET0005496,ORD00110216,P0030,C00707,WH05,2025-07-24,1,Quality Issue,3121.74
RET0005497,ORD00110224,P0032,C00187,WH05,2025-07-23,1,Late Delivery,2060.12
RET0005498,ORD00110269,P0002,C00853,WH03,2025-08-01,1,Quality Issue,950.45
RET0005499,ORD00110277,P0004,C00071,WH01,2025-08-02,2,Quality Issue,4455.4
RET0005500,ORD00110362,P0021,C00439,WH03,2025-07-18,1,Quality Issue,840.91
RET0005501,ORD00110370,P0023,C00040,WH01,2025-07-19,1,Quality Issue,897.51
RET0005502,ORD00110387,P0026,C00231,WH03,2025-07-18,1,Damaged,2721.64
RET0005503,ORD00110425,P0034,C00748,WH03,2025-08-03,2,Quality Issue,8225.82
RET0005504,ORD00110427,P0035,C00976,WH01,2025-07-26,2,Customer Changed Mind,4251.14
RET0005505,ORD00110433,P0036,C00434,WH02,2025-07-30,1,Wrong Product,2673.78
RET0005506,ORD00110436,P0036,C00693,WH05,2025-07-25,2,Damaged,5629.02
RET0005507,ORD00110441,P0037,C00393,WH05,2025-08-03,1,Quality Issue,1652.48
RET0005508,ORD00110469,P0003,C00994,WH03,2025-07-31,1,Damaged,1183.68
RET0005509,ORD00110475,P0004,C00674,WH04,2025-07-21,2,Customer Changed Mind,4321.74
RET0005510,ORD00110493,P0008,C00839,WH03,2025-07-29,1,Damaged,920.25
RET0005511,ORD00110533,P0016,C00003,WH04,2025-08-03,2,Quality Issue,1887.75
RET0005512,ORD00110551,P0020,C00423,WH03,2025-07-26,1,Damaged,2882.98
RET0005513,ORD00110557,P0021,C00791,WH04,2025-07-29,1,Damaged,798.86
RET0005514,ORD00110612,P0032,C00087,WH04,2025-07-27,2,Quality Issue,3914.23
RET0005515,ORD00110618,P0033,C00813,WH05,2025-07-19,1,Quality Issue,2478.69
RET0005516,ORD00110649,P0040,C00692,WH01,2025-08-02,1,Late Delivery,960.97
RET0005517,ORD00110667,P0003,C00149,WH04,2025-07-26,1,Quality Issue,1159.28
RET0005518,ORD00110676,P0005,C00981,WH04,2025-08-01,1,Quality Issue,1568.23
RET0005519,ORD00110679,P0006,C00776,WH02,2025-07-23,2,Quality Issue,7245.78
RET0005520,ORD00110687,P0007,C00249,WH05,2025-07-25,1,Damaged,2808.79
RET0005521,ORD00110764,P0023,C00528,WH04,2025-08-02,2,Damaged,1795.02
RET0005522,ORD00110788,P0028,C00799,WH04,2025-07-27,1,Quality Issue,4304.95
RET0005523,ORD00110800,P0031,C00097,WH01,2025-07-24,1,Damaged,660.48
RET0005524,ORD00110810,P0033,C00523,WH02,2025-08-05,2,Customer Changed Mind,4599.63
RET0005525,ORD00110815,P0034,C00279,WH02,2025-08-04,1,Quality Issue,4112.91
RET0005526,ORD00110820,P0035,C00021,WH03,2025-07-24,2,Wrong Product,3826.03
RET0005527,ORD00110831,P0037,C00781,WH04,2025-08-05,1,Quality Issue,1836.09
RET0005528,ORD00110837,P0038,C00842,WH05,2025-07-22,2,Quality Issue,4090.73
RET0005529,ORD00110867,P0004,C00079,WH05,2025-07-22,2,Late Delivery,3787.09
RET0005530,ORD00110920,P0015,C00746,WH03,2025-07-23,2,Wrong Product,650.74
RET0005531,ORD00110923,P0016,C00902,WH01,2025-07-23,1,Damaged,1054.92
RET0005532,ORD00110924,P0016,C00916,WH02,2025-08-01,2,Wrong Product,2109.84
RET0005533,ORD00110930,P0017,C00427,WH03,2025-07-29,2,Damaged,2006.69
RET0005534,ORD00110948,P0021,C00285,WH01,2025-08-07,1,Damaged,840.91
RET0005535,ORD00110976,P0026,C00490,WH04,2025-07-26,1,Wrong Product,2721.64
RET0005536,ORD00110984,P0028,C00255,WH02,2025-07-26,2,Customer Changed Mind,8179.4
RET0005537,ORD00111012,P0033,C00909,WH05,2025-08-05,1,Quality Issue,2299.82
RET0005538,ORD00111023,P0036,C00533,WH02,2025-07-26,1,Customer Changed Mind,2814.51
RET0005539,ORD00111048,P0001,C00329,WH03,2025-08-03,2,Damaged,3416.56
RET0005540,ORD00111079,P0007,C00462,WH05,2025-08-01,1,Quality Issue,2956.62
RET0005541,ORD00111117,P0015,C00902,WH03,2025-07-28,2,Late Delivery,585.67
RET0005542,ORD00111129,P0017,C00025,WH05,2025-07-27,2,Damaged,2229.66
RET0005543,ORD00111138,P0019,C00060,WH04,2025-08-03,2,Damaged,4964.83
RET0005544,ORD00111143,P0020,C00770,WH04,2025-07-31,1,Damaged,2882.98
RET0005545,ORD00111145,P0021,C00815,WH01,2025-07-26,2,Damaged,1681.82
RET0005546,ORD00111179,P0027,C00245,WH05,2025-07-22,2,Quality Issue,1492.58
RET0005547,ORD00111185,P0029,C00200,WH01,2025-08-08,2,Late Delivery,9286.0
RET0005548,ORD00111209,P0034,C00667,WH01,2025-07-30,1,Customer Changed Mind,4112.91
RET0005549,ORD00111210,P0034,C00163,WH02,2025-07-31,2,Customer Changed Mind,8225.82
RET0005550,ORD00111213,P0034,C00206,WH05,2025-08-01,1,Damaged,3701.62
RET0005551,ORD00111231,P0038,C00859,WH03,2025-07-24,1,Quality Issue,2045.37
RET0005552,ORD00111234,P0039,C00601,WH02,2025-08-05,1,Quality Issue,622.97
RET0005553,ORD00111246,P0001,C00525,WH05,2025-07-30,2,Damaged,3236.74
RET0005554,ORD00111323,P0017,C00262,WH02,2025-07-25,2,Quality Issue,2229.66
RET0005555,ORD00111378,P0028,C00179,WH02,2025-08-02,2,Customer Changed Mind,8609.9
RET0005556,ORD00111396,P0032,C00023,WH01,2025-08-06,2,Wrong Product,4120.24
RET0005557,ORD00111402,P0033,C00619,WH02,2025-08-03,2,Quality Issue,4855.16
RET0005558,ORD00111405,P0033,C00004,WH05,2025-07-31,2,Quality Issue,5110.7
RET0005559,ORD00111406,P0034,C00985,WH01,2025-07-31,2,Customer Changed Mind,7979.05
RET0005560,ORD00111408,P0034,C00313,WH03,2025-08-06,1,Quality Issue,4112.91
RET0005561,ORD00111430,P0039,C00598,WH01,2025-07-28,2,Late Delivery,1245.94
RET0005562,ORD00111465,P0006,C00179,WH02,2025-07-28,1,Damaged,3622.89
RET0005563,ORD00111510,P0015,C00399,WH04,2025-08-09,1,Quality Issue,315.61
RET0005564,ORD00111541,P0022,C00935,WH01,2025-08-10,1,Quality Issue,611.26
RET0005565,ORD00111549,P0023,C00328,WH05,2025-08-07,2,Late Delivery,1705.27
RET0005566,ORD00111550,P0024,C00787,WH01,2025-08-01,1,Quality Issue,862.75
RET0005567,ORD00111589,P0032,C00209,WH01,2025-08-08,1,Customer Changed Mind,2060.12
RET0005568,ORD00111590,P0032,C00821,WH02,2025-08-08,2,Quality Issue,3996.63
RET0005569,ORD00111604,P0035,C00139,WH03,2025-08-09,2,Quality Issue,4251.14
RET0005570,ORD00111612,P0037,C00056,WH01,2025-07-30,2,Wrong Product,3672.18
RET0005571,ORD00111654,P0005,C00961,WH03,2025-08-02,1,Quality Issue,1650.77
RET0005572,ORD00111685,P0012,C00831,WH02,2025-07-27,2,Quality Issue,5993.28
RET0005573,ORD00111698,P0014,C00245,WH05,2025-07-25,1,Damaged,2370.89
RET0005574,ORD00111714,P0018,C00601,WH01,2025-08-07,1,Wrong Product,1366.31
RET0005575,ORD00111746,P0024,C00688,WH03,2025-08-07,1,Quality Issue,844.96
RET0005576,ORD00111751,P0025,C00948,WH03,2025-08-03,1,Quality Issue,1786.4
RET0005577,ORD00111752,P0025,C00832,WH04,2025-08-05,1,Late Delivery,1786.4
RET0005578,ORD00111796,P0034,C00937,WH03,2025-08-11,2,Customer Changed Mind,7979.05
RET0005579,ORD00111805,P0036,C00130,WH03,2025-08-05,1,Wrong Product,2730.07
RET0005580,ORD00111830,P0001,C00267,WH04,2025-08-06,1,Customer Changed Mind,1528.46
RET0005581,ORD00111847,P0005,C00926,WH01,2025-07-27,2,Customer Changed Mind,3301.54
RET0005582,ORD00111895,P0015,C00981,WH03,2025-07-31,2,Damaged,618.2
RET0005583,ORD00111936,P0023,C00779,WH04,2025-08-12,2,Quality Issue,1795.02
RET0005584,ORD00111937,P0023,C00591,WH05,2025-08-06,2,Customer Changed Mind,1741.17
RET0005585,ORD00111982,P0032,C00772,WH05,2025-08-12,1,Customer Changed Mind,2060.12
RET0005586,ORD00111984,P0033,C00844,WH02,2025-08-12,1,Late Delivery,2299.82
RET0005587,ORD00112057,P0008,C00278,WH01,2025-08-06,1,Damaged,920.25
RET0005588,ORD00112066,P0010,C00362,WH01,2025-07-31,2,Quality Issue,6778.82
RET0005589,ORD00112072,P0011,C00248,WH02,2025-08-08,1,Damaged,746.61
RET0005590,ORD00112112,P0019,C00137,WH03,2025-07-29,1,Customer Changed Mind,2758.24
RET0005591,ORD00112125,P0022,C00178,WH01,2025-08-02,1,Damaged,550.13
RET0005592,ORD00112138,P0024,C00706,WH04,2025-08-07,1,Customer Changed Mind,756.02
RET0005593,ORD00112166,P0030,C00765,WH02,2025-08-09,2,Damaged,5914.87
RET0005594,ORD00112174,P0031,C00647,WH05,2025-07-29,1,Quality Issue,660.48
RET0005595,ORD00112181,P0033,C00557,WH02,2025-08-10,2,Damaged,4344.09
RET0005596,ORD00112193,P0035,C00028,WH05,2025-08-12,2,Customer Changed Mind,4251.14
RET0005597,ORD00112195,P0036,C00615,WH02,2025-08-07,1,Wrong Product,2673.78
RET0005598,ORD00112200,P0037,C00226,WH02,2025-08-13,1,Damaged,1781.01
RET0005599,ORD00112201,P0037,C00242,WH03,2025-08-06,2,Damaged,3672.18
RET0005600,ORD00112242,P0005,C00203,WH05,2025-08-14,1,Damaged,1601.25
RET0005601,ORD00112282,P0014,C00424,WH03,2025-08-01,1,Damaged,2634.32
RET0005602,ORD00112285,P0015,C00691,WH01,2025-08-05,2,Quality Issue,650.74
RET0005603,ORD00112312,P0020,C00801,WH03,2025-07-29,2,Wrong Product,5462.5
RET0005604,ORD00112325,P0023,C00940,WH01,2025-08-05,1,Wrong Product,870.58
RET0005605,ORD00112340,P0026,C00348,WH01,2025-08-02,1,Damaged,2864.88
RET0005606,ORD00112361,P0030,C00636,WH02,2025-08-08,1,Damaged,3286.04
RET0005607,ORD00112390,P0036,C00292,WH02,2025-07-29,2,Quality Issue,5629.02
RET0005608,ORD00112424,P0003,C00006,WH02,2025-08-03,1,Damaged,1220.29
RET0005609,ORD00112436,P0005,C00097,WH05,2025-08-05,1,Damaged,1601.25
RET0005610,ORD00112442,P0007,C00665,WH02,2025-08-15,1,Customer Changed Mind,2956.62
RET0005611,ORD00112452,P0009,C00119,WH02,2025-07-30,1,Quality Issue,2886.73
RET0005612,ORD00112466,P0012,C00940,WH01,2025-08-09,1,Customer Changed Mind,2934.85
RET0005613,ORD00112472,P0013,C00442,WH02,2025-08-14,2,Quality Issue,7228.56
RET0005614,ORD00112502,P0019,C00538,WH02,2025-08-06,1,Customer Changed Mind,2758.24
RET0005615,ORD00112520,P0022,C00176,WH05,2025-08-05,1,Customer Changed Mind,550.13
RET0005616,ORD00112532,P0025,C00759,WH02,2025-08-02,1,Quality Issue,1697.08
RET0005617,ORD00112533,P0025,C00160,WH03,2025-08-07,1,Damaged,1786.4
RET0005618,ORD00112540,P0026,C00175,WH05,2025-08-09,1,Wrong Product,2864.88
RET0005619,ORD00112546,P0028,C00270,WH01,2025-08-09,2,Customer Changed Mind,8609.9
RET0005620,ORD00112548,P0028,C00703,WH03,2025-08-09,1,Quality Issue,4304.95
RET0005621,ORD00112568,P0032,C00844,WH04,2025-08-12,1,Damaged,1854.11
RET0005622,ORD00112569,P0032,C00166,WH05,2025-08-02,2,Quality Issue,4120.24
RET0005623,ORD00112622,P0003,C00761,WH03,2025-08-07,2,Customer Changed Mind,2074.49
RET0005624,ORD00112623,P0003,C00352,WH04,2025-08-11,1,Customer Changed Mind,1098.26
RET0005625,ORD00112628,P0004,C00665,WH04,2025-08-15,2,Quality Issue,4321.74
RET0005626,ORD00112642,P0007,C00147,WH04,2025-07-31,1,Customer Changed Mind,2956.62
RET0005627,ORD00112649,P0009,C00460,WH01,2025-08-08,2,Customer Changed Mind,5452.72
RET0005628,ORD00112668,P0013,C00940,WH02,2025-08-02,1,Customer Changed Mind,3505.85
RET0005629,ORD00112676,P0014,C00031,WH05,2025-08-08,2,Quality Issue,5005.21
RET0005630,ORD00112677,P0015,C00521,WH01,2025-08-15,1,Quality Issue,325.37
RET0005631,ORD00112686,P0016,C00156,WH05,2025-08-11,2,Damaged,1998.79
RET0005632,ORD00112719,P0023,C00555,WH03,2025-08-16,1,Quality Issue,897.51
RET0005633,ORD00112721,P0023,C00681,WH05,2025-08-06,1,Damaged,852.63
RET0005634,ORD00112740,P0027,C00351,WH05,2025-07-30,1,Quality Issue,653.96
RET0005635,ORD00112750,P0029,C00468,WH05,2025-07-30,1,Quality Issue,4410.85
RET0005636,ORD00112768,P0033,C00955,WH04,2025-08-15,1,Customer Changed Mind,2172.05
RET0005637,ORD00112787,P0037,C00865,WH04,2025-08-14,1,Quality Issue,1781.01
RET0005638,ORD00112791,P0038,C00543,WH03,2025-08-16,2,Customer Changed Mind,4545.26
RET0005639,ORD00112808,P0002,C00927,WH02,2025-08-05,2,Quality Issue,1805.86
RET0005640,ORD00112895,P0020,C00295,WH03,2025-08-06,2,Damaged,5462.5
RET0005641,ORD00112926,P0027,C00396,WH01,2025-08-14,2,Damaged,1384.87
RET0005642,ORD00112933,P0028,C00112,WH03,2025-08-15,1,Customer Changed Mind,3874.46
RET0005643,ORD00112954,P0032,C00463,WH04,2025-08-16,1,Customer Changed Mind,2060.12
RET0005644,ORD00112969,P0036,C00626,WH03,2025-08-02,1,Damaged,2814.51
RET0005645,ORD00112971,P0036,C00684,WH05,2025-08-07,1,Customer Changed Mind,2730.07
RET0005646,ORD00113026,P0008,C00198,WH02,2025-08-17,1,Quality Issue,968.68
RET0005647,ORD00113029,P0008,C00445,WH05,2025-08-17,2,Damaged,1743.62
RET0005648,ORD00113050,P0013,C00497,WH01,2025-08-05,1,Quality Issue,3505.85
RET0005649,ORD00113067,P0016,C00246,WH03,2025-08-18,1,Damaged,999.4
RET0005650,ORD00113073,P0017,C00969,WH04,2025-08-07,2,Quality Issue,2162.77
RET0005651,ORD00113145,P0032,C00423,WH01,2025-08-03,1,Wrong Product,1957.11
RET0005652,ORD00113149,P0032,C00154,WH05,2025-08-05,1,Damaged,1751.1
RET0005653,ORD00113154,P0033,C00161,WH05,2025-08-07,1,Damaged,2299.82
RET0005654,ORD00113155,P0034,C00712,WH01,2025-08-15,1,Damaged,4112.91
RET0005655,ORD00113216,P0006,C00526,WH03,2025-08-05,1,Quality Issue,3514.2
RET0005656,ORD00113238,P0011,C00100,WH01,2025-08-16,1,Quality Issue,709.28
RET0005657,ORD00113243,P0012,C00891,WH01,2025-08-15,2,Wrong Product,6178.64
RET0005658,ORD00113282,P0020,C00788,WH04,2025-08-11,1,Customer Changed Mind,3034.72
RET0005659,ORD00113326,P0029,C00121,WH05,2025-08-14,2,Quality Issue,8357.4
RET0005660,ORD00113424,P0010,C00308,WH02,2025-08-11,1,Customer Changed Mind,3567.8
RET0005661,ORD00113446,P0014,C00546,WH04,2025-08-10,1,Damaged,2634.32
RET0005662,ORD00113449,P0015,C00627,WH02,2025-08-14,1,Quality Issue,325.37
RET0005663,ORD00113458,P0017,C00392,WH01,2025-08-14,2,Damaged,2162.77
RET0005664,ORD00113467,P0018,C00282,WH05,2025-08-12,2,Quality Issue,2650.64
RET0005665,ORD00113475,P0020,C00213,WH03,2025-08-09,2,Quality Issue,5462.5
RET0005666,ORD00113480,P0021,C00232,WH03,2025-08-08,1,Customer Changed Mind,840.91
RET0005667,ORD00113535,P0032,C00539,WH03,2025-08-12,1,Quality Issue,2060.12
RET0005668,ORD00113546,P0034,C00919,WH04,2025-08-10,1,Wrong Product,4112.91
RET0005669,ORD00113552,P0035,C00859,WH05,2025-08-11,2,Customer Changed Mind,4038.58
RET0005670,ORD00113558,P0037,C00072,WH01,2025-08-15,2,Wrong Product,3488.57
RET0005671,ORD00113594,P0004,C00418,WH03,2025-08-05,2,Customer Changed Mind,4009.86
RET0005672,ORD00113625,P0011,C00889,WH01,2025-08-05,2,Wrong Product,1343.9
RET0005673,ORD00113659,P0017,C00458,WH05,2025-08-14,1,Damaged,1114.83
RET0005674,ORD00113665,P0019,C00979,WH01,2025-08-15,1,Damaged,2620.33
RET0005675,ORD00113693,P0024,C00110,WH04,2025-08-21,1,Damaged,862.75
RET0005676,ORD00113756,P0037,C00604,WH02,2025-08-12,1,Wrong Product,1836.09
RET0005677,ORD00113768,P0039,C00320,WH04,2025-08-05,1,Quality Issue,655.76
RET0005678,ORD00113813,P0008,C00349,WH04,2025-08-09,2,Damaged,1879.24
RET0005679,ORD00113846,P0015,C00153,WH03,2025-08-15,2,Customer Changed Mind,618.2
RET0005680,ORD00113852,P0016,C00875,WH04,2025-08-15,2,Damaged,2220.88
RET0005681,ORD00113869,P0020,C00439,WH02,2025-08-09,2,Wrong Product,5765.97
RET0005682,ORD00113880,P0022,C00562,WH04,2025-08-15,2,Damaged,1222.52
RET0005683,ORD00113896,P0025,C00226,WH05,2025-08-05,1,Quality Issue,1786.4
RET0005684,ORD00113946,P0036,C00442,WH02,2025-08-13,1,Damaged,2730.07
RET0005685,ORD00114003,P0008,C00880,WH01,2025-08-11,1,Damaged,939.62
RET0005686,ORD00114013,P0010,C00311,WH01,2025-08-22,2,Quality Issue,6778.82
RET0005687,ORD00114035,P0014,C00801,WH03,2025-08-17,1,Quality Issue,2634.32
RET0005688,ORD00114037,P0014,C00957,WH05,2025-08-15,1,Quality Issue,2502.6
RET0005689,ORD00114040,P0015,C00889,WH03,2025-08-22,2,Customer Changed Mind,631.22
RET0005690,ORD00114048,P0017,C00122,WH01,2025-08-06,1,Wrong Product,1081.39
RET0005691,ORD00114065,P0020,C00450,WH03,2025-08-14,2,Damaged,5887.36
RET0005692,ORD00114096,P0026,C00997,WH04,2025-08-19,2,Quality Issue,5156.78
RET0005693,ORD00114116,P0030,C00556,WH04,2025-08-09,1,Damaged,3121.74
RET0005694,ORD00114149,P0037,C00210,WH04,2025-08-15,2,Wrong Product,3488.57
RET0005695,ORD00114158,P0039,C00511,WH03,2025-08-18,1,Customer Changed Mind,590.18
RET0005696,ORD00114190,P0006,C00402,WH02,2025-08-23,1,Quality Issue,3260.6
RET0005697,ORD00114207,P0009,C00938,WH04,2025-08-11,2,Quality Issue,6414.96
RET0005698,ORD00114225,P0013,C00673,WH03,2025-08-11,2,Wrong Product,7011.7
RET0005699,ORD00114237,P0015,C00604,WH05,2025-08-17,1,Wrong Product,309.1
RET0005700,ORD00114242,P0016,C00194,WH05,2025-08-17,2,Quality Issue,2154.25
RET0005701,ORD00114245,P0017,C00987,WH03,2025-08-17,1,Wrong Product,1059.09
RET0005702,ORD00114254,P0019,C00022,WH02,2025-08-09,2,Quality Issue,5240.66
RET0005703,ORD00114266,P0021,C00413,WH04,2025-08-12,1,Quality Issue,840.91
RET0005704,ORD00114274,P0023,C00581,WH03,2025-08-09,2,Customer Changed Mind,1741.17
RET0005705,ORD00114291,P0026,C00056,WH05,2025-08-24,1,Damaged,2864.88
RET0005706,ORD00114308,P0030,C00691,WH02,2025-08-24,2,Damaged,5914.87
RET0005707,ORD00114311,P0030,C00092,WH05,2025-08-24,1,Wrong Product,3187.46
RET0005708,ORD00114315,P0031,C00260,WH05,2025-08-14,2,Wrong Product,1254.91
RET0005709,ORD00114344,P0038,C00788,WH01,2025-08-18,1,Quality Issue,2272.63
RET0005710,ORD00114386,P0007,C00629,WH01,2025-08-10,1,Customer Changed Mind,2660.96
RET0005711,ORD00114398,P0009,C00836,WH03,2025-08-10,2,Customer Changed Mind,6222.51
RET0005712,ORD00114408,P0011,C00878,WH03,2025-08-16,2,Damaged,1493.22
RET0005713,ORD00114436,P0017,C00721,WH03,2025-08-08,2,Late Delivery,2006.69
RET0005714,ORD00114444,P0019,C00211,WH01,2025-08-12,1,Customer Changed Mind,2758.24
RET0005715,ORD00114457,P0021,C00506,WH04,2025-08-15,2,Quality Issue,1681.82
RET0005716,ORD00114458,P0021,C00402,WH05,2025-08-24,2,Quality Issue,1681.82
RET0005717,ORD00114527,P0036,C00905,WH01,2025-08-12,1,Wrong Product,2730.07
RET0005718,ORD00114528,P0036,C00379,WH02,2025-08-19,1,Late Delivery,2673.78
RET0005719,ORD00114559,P0002,C00560,WH04,2025-08-15,2,Quality Issue,1805.86
RET0005720,ORD00114591,P0009,C00262,WH02,2025-08-15,1,Quality Issue,3207.48
RET0005721,ORD00114659,P0023,C00944,WH01,2025-08-16,1,Customer Changed Mind,762.88
RET0005722,ORD00114685,P0028,C00337,WH02,2025-08-16,1,Quality Issue,3874.46
RET0005723,ORD00114691,P0029,C00891,WH03,2025-08-26,2,Quality Issue,8357.4
RET0005724,ORD00114693,P0029,C00175,WH05,2025-08-19,1,Wrong Product,4178.7
RET0005725,ORD00114737,P0038,C00186,WH05,2025-08-14,2,Wrong Product,4545.26
RET0005726,ORD00114739,P0039,C00005,WH02,2025-08-22,1,Wrong Product,655.76
RET0005727,ORD00114745,P0040,C00280,WH03,2025-08-11,1,Customer Changed Mind,960.97
RET0005728,ORD00114752,P0002,C00410,WH01,2025-08-12,1,Quality Issue,855.41
RET0005729,ORD00114762,P0004,C00651,WH01,2025-08-21,1,Wrong Product,2116.31
RET0005730,ORD00114807,P0013,C00441,WH03,2025-08-10,1,Quality Issue,3505.85
RET0005731,ORD00114822,P0016,C00487,WH04,2025-08-17,1,Quality Issue,1110.44
RET0005732,ORD00114830,P0018,C00211,WH04,2025-08-24,1,Wrong Product,1229.68
RET0005733,ORD00114837,P0020,C00811,WH01,2025-08-15,1,Customer Changed Mind,3034.72
RET0005734,ORD00114840,P0020,C00583,WH04,2025-08-23,2,Wrong Product,6069.44
RET0005735,ORD00114843,P0021,C00620,WH02,2025-08-27,1,Quality Issue,840.91
RET0005736,ORD00114857,P0024,C00337,WH02,2025-08-20,1,Late Delivery,889.43
RET0005737,ORD00114872,P0027,C00331,WH02,2025-08-19,1,Customer Changed Mind,653.96
RET0005738,ORD00114915,P0035,C00740,WH05,2025-08-12,1,Customer Changed Mind,2125.57
RET0005739,ORD00114924,P0037,C00136,WH04,2025-08-25,2,Wrong Product,3672.18
RET0005740,ORD00114931,P0039,C00631,WH01,2025-08-18,1,Damaged,655.76
RET0005741,ORD00114942,P0001,C00043,WH02,2025-08-18,2,Customer Changed Mind,3236.74
RET0005742,ORD00114950,P0002,C00985,WH05,2025-08-19,2,Customer Changed Mind,1900.9
RET0005743,ORD00114963,P0005,C00278,WH04,2025-08-20,2,Customer Changed Mind,3301.54
RET0005744,ORD00114977,P0008,C00320,WH03,2025-08-21,1,Wrong Product,920.25
RET0005745,ORD00114993,P0011,C00668,WH04,2025-08-23,2,Customer Changed Mind,1269.24
RET0005746,ORD00114994,P0011,C00767,WH05,2025-08-24,1,Quality Issue,746.61
RET0005747,ORD00115027,P0018,C00622,WH05,2025-08-24,1,Quality Issue,1297.99
RET0005748,ORD00115082,P0030,C00769,WH01,2025-08-26,2,Late Delivery,6374.92
RET0005749,ORD00115084,P0030,C00211,WH03,2025-08-27,1,Late Delivery,3286.04
RET0005750,ORD00115086,P0030,C00008,WH05,2025-08-15,1,Late Delivery,3121.74
RET0005751,ORD00115095,P0032,C00679,WH04,2025-08-26,1,Quality Issue,2060.12
RET0005752,ORD00115124,P0038,C00568,WH05,2025-08-16,1,Damaged,2204.45
RET0005753,ORD00115141,P0002,C00505,WH03,2025-08-17,1,Customer Changed Mind,921.94
RET0005754,ORD00115190,P0012,C00472,WH02,2025-08-22,1,Customer Changed Mind,3089.32
RET0005755,ORD00115207,P0015,C00120,WH04,2025-08-21,1,Quality Issue,325.37
RET0005756,ORD00115231,P0020,C00414,WH03,2025-08-18,2,Customer Changed Mind,6069.44
RET0005757,ORD00115246,P0023,C00457,WH03,2025-08-20,2,Quality Issue,1741.17
RET0005758,ORD00115254,P0025,C00782,WH01,2025-08-20,1,Damaged,1607.76
RET0005759,ORD00115258,P0025,C00022,WH05,2025-08-21,1,Quality Issue,1786.4
RET0005760,ORD00115265,P0027,C00530,WH02,2025-08-27,1,Quality Issue,769.37
RET0005761,ORD00115291,P0032,C00908,WH03,2025-08-20,2,Quality Issue,3708.22
RET0005762,ORD00115295,P0033,C00758,WH02,2025-08-22,1,Wrong Product,2299.82
RET0005763,ORD00115325,P0039,C00484,WH02,2025-08-24,1,Customer Changed Mind,655.76
RET0005764,ORD00115400,P0014,C00697,WH04,2025-08-27,1,Late Delivery,2634.32
RET0005765,ORD00115439,P0022,C00857,WH05,2025-08-13,2,Damaged,1185.84
RET0005766,ORD00115464,P0027,C00511,WH05,2025-08-30,1,Damaged,730.9
RET0005767,ORD00115479,P0030,C00073,WH05,2025-08-21,1,Damaged,3286.04
RET0005768,ORD00115495,P0034,C00476,WH02,2025-08-21,1,Customer Changed Mind,3701.62
RET0005769,ORD00115504,P0036,C00243,WH01,2025-08-25,2,Damaged,5629.02
RET0005770,ORD00115507,P0036,C00246,WH04,2025-08-26,1,Customer Changed Mind,2392.33
RET0005771,ORD00115519,P0039,C00949,WH01,2025-08-28,2,Wrong Product,1311.52
RET0005772,ORD00115542,P0004,C00773,WH01,2025-08-30,1,Wrong Product,2227.7
RET0005773,ORD00115544,P0004,C00499,WH03,2025-08-27,1,Quality Issue,2160.87
RET0005774,ORD00115554,P0007,C00026,WH02,2025-08-15,2,Damaged,5913.24
RET0005775,ORD00115566,P0009,C00940,WH04,2025-08-28,1,Quality Issue,3207.48
RET0005776,ORD00115581,P0012,C00949,WH05,2025-08-18,1,Quality Issue,3089.32
RET0005777,ORD00115599,P0016,C00316,WH04,2025-08-14,2,Customer Changed Mind,2220.88
RET0005778,ORD00115611,P0019,C00175,WH02,2025-08-19,2,Damaged,5240.66
RET0005779,ORD00115617,P0020,C00780,WH03,2025-08-27,1,Customer Changed Mind,3034.72
RET0005780,ORD00115629,P0023,C00447,WH01,2025-08-25,2,Quality Issue,1795.02
RET0005781,ORD00115662,P0029,C00342,WH04,2025-08-26,1,Late Delivery,3946.55
RET0005782,ORD00115683,P0034,C00491,WH04,2025-08-20,1,Late Delivery,4112.91
RET0005783,ORD00115697,P0037,C00395,WH04,2025-08-28,1,Damaged,1836.09
RET0005784,ORD00115716,P0001,C00554,WH03,2025-08-21,2,Wrong Product,3416.56
RET0005785,ORD00115734,P0005,C00382,WH01,2025-09-01,2,Quality Issue,2971.39
RET0005786,ORD00115773,P0012,C00020,WH05,2025-08-27,1,Customer Changed Mind,2934.85
RET0005787,ORD00115776,P0013,C00341,WH03,2025-09-01,1,Wrong Product,3072.14
RET0005788,ORD00115795,P0017,C00704,WH03,2025-09-01,1,Wrong Product,1114.83
RET0005789,ORD00115894,P0037,C00843,WH05,2025-08-26,2,Wrong Product,3304.96
RET0005790,ORD00115945,P0008,C00629,WH03,2025-08-19,2,Damaged,1840.49
RET0005791,ORD00115953,P0010,C00513,WH01,2025-08-27,2,Wrong Product,7135.6
RET0005792,ORD00115955,P0010,C00858,WH03,2025-08-26,1,Customer Changed Mind,3567.8
RET0005793,ORD00115980,P0015,C00162,WH04,2025-08-31,1,Quality Issue,292.83
RET0005794,ORD00115990,P0017,C00055,WH04,2025-08-20,2,Quality Issue,2229.66
RET0005795,ORD00116003,P0020,C00934,WH02,2025-08-28,2,Customer Changed Mind,5462.5
RET0005796,ORD00116009,P0021,C00150,WH03,2025-08-18,1,Customer Changed Mind,840.91
RET0005797,ORD00116010,P0021,C00989,WH04,2025-08-24,2,Damaged,1681.82
RET0005798,ORD00116036,P0027,C00251,WH01,2025-08-28,2,Wrong Product,1461.8
RET0005799,ORD00116040,P0027,C00390,WH05,2025-08-28,2,Customer Changed Mind,1538.74
RET0005800,ORD00116086,P0037,C00348,WH02,2025-08-24,1,Damaged,1652.48
RET0005801,ORD00116126,P0005,C00941,WH02,2025-08-31,2,Damaged,3301.54
RET0005802,ORD00116140,P0008,C00993,WH03,2025-08-22,2,Customer Changed Mind,1646.76
RET0005803,ORD00116153,P0011,C00917,WH01,2025-08-22,2,Customer Changed Mind,1493.22
RET0005804,ORD00116160,P0012,C00296,WH03,2025-08-17,2,Damaged,5869.71
RET0005805,ORD00116184,P0017,C00083,WH02,2025-08-28,2,Damaged,2118.18
RET0005806,ORD00116194,P0019,C00751,WH02,2025-08-26,2,Customer Changed Mind,5516.48
RET0005807,ORD00116213,P0023,C00369,WH01,2025-08-29,1,Customer Changed Mind,870.58
RET0005808,ORD00116282,P0037,C00120,WH01,2025-08-25,2,Wrong Product,3488.57
RET0005809,ORD00116293,P0039,C00348,WH02,2025-08-24,1,Quality Issue,590.18
RET0005810,ORD00116302,P0001,C00833,WH02,2025-08-29,1,Customer Changed Mind,1798.19
RET0005811,ORD00116306,P0002,C00831,WH01,2025-09-03,1,Damaged,950.45
RET0005812,ORD00116331,P0007,C00650,WH01,2025-09-03,1,Quality Issue,2956.62
RET0005813,ORD00116371,P0015,C00132,WH01,2025-09-02,1,Customer Changed Mind,325.37
RET0005814,ORD00116383,P0017,C00169,WH03,2025-08-25,1,Customer Changed Mind,1003.35
RET0005815,ORD00116388,P0018,C00589,WH03,2025-09-03,2,Damaged,2595.99
RET0005816,ORD00116390,P0018,C00481,WH05,2025-08-26,2,Customer Changed Mind,2732.62
RET0005817,ORD00116394,P0019,C00476,WH04,2025-08-27,2,Quality Issue,5516.48
RET0005818,ORD00116401,P0021,C00183,WH01,2025-08-18,2,Quality Issue,1681.82
RET0005819,ORD00116459,P0032,C00387,WH04,2025-08-22,2,Damaged,3914.23
RET0005820,ORD00116512,P0003,C00139,WH03,2025-08-23,1,Damaged,1220.29
RET0005821,ORD00116520,P0005,C00476,WH01,2025-08-19,1,Customer Changed Mind,1568.23
RET0005822,ORD00116553,P0011,C00965,WH04,2025-09-01,2,Wrong Product,1493.22
RET0005823,ORD00116556,P0012,C00387,WH02,2025-08-19,1,Customer Changed Mind,2934.85
RET0005824,ORD00116561,P0013,C00704,WH02,2025-08-28,1,Quality Issue,3072.14
RET0005825,ORD00116562,P0013,C00092,WH03,2025-08-30,1,Damaged,3614.28
RET0005826,ORD00116567,P0014,C00232,WH03,2025-08-24,2,Quality Issue,4741.78
RET0005827,ORD00116576,P0016,C00936,WH02,2025-08-25,1,Customer Changed Mind,1110.44
RET0005828,ORD00116579,P0016,C00186,WH05,2025-08-27,1,Quality Issue,999.4
RET0005829,ORD00116590,P0019,C00972,WH01,2025-08-21,2,Damaged,4689.01
RET0005830,ORD00116637,P0028,C00993,WH03,2025-08-22,1,Customer Changed Mind,4304.95
RET0005831,ORD00116656,P0032,C00298,WH02,2025-08-31,2,Customer Changed Mind,4120.24
RET0005832,ORD00116729,P0007,C00693,WH02,2025-09-03,1,Quality Issue,2660.96
RET0005833,ORD00116736,P0008,C00899,WH04,2025-08-31,2,Quality Issue,1743.62
RET0005834,ORD00116748,P0011,C00988,WH01,2025-08-28,1,Customer Changed Mind,746.61
RET0005835,ORD00116758,P0013,C00616,WH02,2025-08-22,1,Damaged,3614.28
RET0005836,ORD00116792,P0020,C00614,WH02,2025-08-20,2,Quality Issue,6069.44
RET0005837,ORD00116804,P0022,C00928,WH04,2025-08-30,1,Wrong Product,592.92
RET0005838,ORD00116823,P0026,C00535,WH03,2025-09-06,1,Damaged,2721.64
RET0005839,ORD00116832,P0028,C00603,WH02,2025-08-21,1,Damaged,4304.95
RET0005840,ORD00116834,P0028,C00954,WH04,2025-08-24,1,Quality Issue,4304.95
RET0005841,ORD00116835,P0028,C00343,WH05,2025-09-04,1,Damaged,3659.21
RET0005842,ORD00116853,P0032,C00439,WH05,2025-08-20,1,Quality Issue,1998.32
RET0005843,ORD00116889,P0040,C00979,WH01,2025-08-25,1,Quality Issue,1011.55
RET0005844,ORD00116900,P0002,C00152,WH02,2025-08-25,2,Damaged,1900.9
RET0005845,ORD00116910,P0004,C00179,WH02,2025-09-04,1,Damaged,2227.7
RET0005846,ORD00116914,P0005,C00689,WH01,2025-08-26,2,Wrong Product,3301.54
RET0005847,ORD00116945,P0011,C00863,WH02,2025-08-31,1,Late Delivery,634.62
RET0005848,ORD00116951,P0012,C00891,WH03,2025-08-24,1,Quality Issue,2934.85
RET0005849,ORD00116958,P0014,C00826,WH01,2025-09-01,1,Quality Issue,2634.32
RET0005850,ORD00116964,P0015,C00882,WH02,2025-08-27,2,Customer Changed Mind,618.2
RET0005851,ORD00116981,P0018,C00837,WH04,2025-08-28,1,Late Delivery,1366.31
RET0005852,ORD00116994,P0021,C00631,WH02,2025-09-02,1,Wrong Product,840.91
RET0005853,ORD00117034,P0029,C00132,WH04,2025-09-01,2,Quality Issue,9286.0
RET0005854,ORD00117144,P0013,C00736,WH04,2025-09-06,2,Quality Issue,7228.56
RET0005855,ORD00117190,P0023,C00975,WH02,2025-09-01,2,Quality Issue,1525.77
RET0005856,ORD00117196,P0024,C00545,WH03,2025-08-27,1,Wrong Product,844.96
RET0005857,ORD00117258,P0037,C00378,WH01,2025-09-03,2,Damaged,3488.57
RET0005858,ORD00117262,P0037,C00598,WH05,2025-08-29,2,Damaged,3672.18
RET0005859,ORD00117337,P0013,C00402,WH03,2025-08-30,2,Damaged,6867.13
RET0005860,ORD00117359,P0017,C00701,WH05,2025-09-01,2,Quality Issue,2162.77
RET0005861,ORD00117395,P0025,C00594,WH01,2025-08-26,1,Customer Changed Mind,1607.76
RET0005862,ORD00117426,P0031,C00371,WH02,2025-08-30,1,Quality Issue,660.48
RET0005863,ORD00117468,P0039,C00615,WH05,2025-09-01,1,Customer Changed Mind,636.09
RET0005864,ORD00117495,P0005,C00531,WH02,2025-08-25,2,Customer Changed Mind,3301.54
RET0005865,ORD00117505,P0007,C00768,WH03,2025-09-08,1,Customer Changed Mind,2956.62
RET0005866,ORD00117652,P0037,C00557,WH05,2025-09-09,2,Quality Issue,3121.35
RET0005867,ORD00117657,P0038,C00299,WH05,2025-09-04,2,Wrong Product,4318.0
RET0005868,ORD00117658,P0039,C00821,WH01,2025-08-25,1,Customer Changed Mind,655.76
RET0005869,ORD00117668,P0001,C00225,WH01,2025-08-26,1,Quality Issue,1798.19
RET0005870,ORD00117680,P0003,C00533,WH03,2025-08-29,1,Quality Issue,1220.29
RET0005871,ORD00117684,P0004,C00107,WH02,2025-08-28,2,Customer Changed Mind,4455.4
RET0005872,ORD00117709,P0009,C00694,WH04,2025-08-25,2,Quality Issue,6094.21
RET0005873,ORD00117717,P0011,C00078,WH02,2025-09-05,2,Quality Issue,1418.56
RET0005874,ORD00117725,P0012,C00423,WH05,2025-09-07,1,Quality Issue,2780.39
RET0005875,ORD00117757,P0019,C00166,WH02,2025-09-11,2,Quality Issue,4964.83
RET0005876,ORD00117759,P0019,C00553,WH04,2025-09-03,1,Damaged,2620.33
RET0005877,ORD00117775,P0022,C00272,WH05,2025-09-03,1,Customer Changed Mind,611.26
RET0005878,ORD00117791,P0026,C00328,WH02,2025-09-11,2,Quality Issue,5156.78
RET0005879,ORD00117832,P0034,C00810,WH05,2025-08-30,1,Customer Changed Mind,4112.91
RET0005880,ORD00117846,P0037,C00980,WH04,2025-09-09,1,Quality Issue,1836.09
RET0005881,ORD00117872,P0002,C00875,WH05,2025-09-07,1,Quality Issue,921.94
RET0005882,ORD00117886,P0005,C00916,WH04,2025-09-06,2,Quality Issue,2971.39
RET0005883,ORD00117891,P0006,C00278,WH04,2025-08-26,2,Customer Changed Mind,7028.41
RET0005884,ORD00117907,P0009,C00519,WH05,2025-08-28,1,Late Delivery,3207.48
RET0005885,ORD00117914,P0011,C00216,WH02,2025-08-28,2,Damaged,1493.22
RET0005886,ORD00117921,P0013,C00473,WH01,2025-09-01,1,Quality Issue,3433.57
RET0005887,ORD00117923,P0013,C00960,WH03,2025-09-05,2,Quality Issue,6505.7
RET0005888,ORD00117929,P0014,C00650,WH04,2025-09-05,1,Quality Issue,2634.32
RET0005889,ORD00117937,P0016,C00102,WH02,2025-09-05,2,Wrong Product,1887.75
RET0005890,ORD00117943,P0017,C00466,WH03,2025-09-12,2,Quality Issue,2229.66
RET0005891,ORD00117967,P0022,C00094,WH03,2025-09-07,2,Late Delivery,1185.84
RET0005892,ORD00117982,P0025,C00315,WH03,2025-08-31,1,Damaged,1786.4
RET0005893,ORD00118004,P0029,C00100,WH05,2025-09-04,2,Damaged,9286.0
RET0005894,ORD00118009,P0030,C00383,WH05,2025-09-05,2,Wrong Product,6243.48
RET0005895,ORD00118059,P0040,C00862,WH05,2025-09-08,1,Quality Issue,1011.55
RET0005896,ORD00118073,P0003,C00796,WH04,2025-08-30,1,Customer Changed Mind,1220.29
RET0005897,ORD00118082,P0005,C00408,WH03,2025-09-05,2,Quality Issue,2971.39
RET0005898,ORD00118086,P0006,C00561,WH02,2025-09-11,2,Wrong Product,7245.78
RET0005899,ORD00118087,P0006,C00745,WH03,2025-09-10,1,Damaged,3441.75
RET0005900,ORD00118109,P0011,C00716,WH01,2025-09-13,1,Quality Issue,709.28
RET0005901,ORD00118116,P0012,C00388,WH04,2025-09-02,1,Wrong Product,2780.39
RET0005902,ORD00118253,P0001,C00996,WH01,2025-09-06,2,Quality Issue,3416.56
RET0005903,ORD00118266,P0003,C00724,WH04,2025-09-12,2,Quality Issue,2367.36
RET0005904,ORD00118285,P0008,C00404,WH01,2025-09-04,2,Customer Changed Mind,1646.76
RET0005905,ORD00118315,P0014,C00906,WH04,2025-08-28,1,Damaged,2634.32
RET0005906,ORD00118316,P0014,C00467,WH05,2025-09-06,2,Wrong Product,5268.64
RET0005907,ORD00118321,P0015,C00371,WH05,2025-09-10,2,Customer Changed Mind,585.67
RET0005908,ORD00118330,P0017,C00989,WH04,2025-08-31,2,Customer Changed Mind,2229.66
RET0005909,ORD00118332,P0018,C00988,WH01,2025-09-03,2,Quality Issue,2732.62
RET0005910,ORD00118339,P0019,C00758,WH03,2025-08-28,2,Quality Issue,5350.99
RET0005911,ORD00118402,P0032,C00726,WH03,2025-09-13,2,Late Delivery,3914.23
RET0005912,ORD00118407,P0033,C00556,WH03,2025-09-06,1,Quality Issue,2427.58
RET0005913,ORD00118436,P0039,C00871,WH04,2025-09-05,2,Damaged,1245.94
RET0005914,ORD00118483,P0009,C00602,WH03,2025-09-05,2,Quality Issue,6414.96
RET0005915,ORD00118498,P0012,C00924,WH05,2025-09-07,1,Quality Issue,3089.32
RET0005916,ORD00118516,P0016,C00166,WH03,2025-09-12,2,Damaged,1998.79
RET0005917,ORD00118519,P0017,C00561,WH01,2025-09-09,1,Customer Changed Mind,1059.09
RET0005918,ORD00118541,P0021,C00621,WH03,2025-09-03,2,Customer Changed Mind,1597.73
RET0005919,ORD00118545,P0022,C00559,WH02,2025-09-02,2,Wrong Product,1161.39
RET0005920,ORD00118550,P0023,C00292,WH02,2025-09-05,2,Quality Issue,1795.02
RET0005921,ORD00118554,P0024,C00389,WH01,2025-09-01,1,Damaged,889.43
RET0005922,ORD00118561,P0025,C00262,WH03,2025-09-01,1,Quality Issue,1697.08
RET0005923,ORD00118572,P0027,C00788,WH04,2025-09-15,2,Customer Changed Mind,1307.93
RET0005924,ORD00118578,P0028,C00359,WH05,2025-09-03,2,Quality Issue,8609.9
RET0005925,ORD00118595,P0032,C00893,WH03,2025-09-13,2,Damaged,4120.24
RET0005926,ORD00118597,P0032,C00893,WH05,2025-09-01,2,Quality Issue,3914.23
RET0005927,ORD00118602,P0033,C00625,WH05,2025-09-06,1,Wrong Product,2478.69
RET0005928,ORD00118615,P0036,C00969,WH03,2025-09-12,1,Wrong Product,2673.78
RET0005929,ORD00118634,P0040,C00161,WH02,2025-09-10,1,Wrong Product,981.2
RET0005930,ORD00118642,P0001,C00408,WH05,2025-08-30,1,Quality Issue,1708.28
RET0005931,ORD00118674,P0008,C00958,WH03,2025-09-09,1,Late Delivery,968.68
RET0005932,ORD00118680,P0009,C00925,WH04,2025-09-02,2,Quality Issue,6414.96
RET0005933,ORD00118703,P0014,C00920,WH02,2025-09-10,1,Quality Issue,2555.29
RET0005934,ORD00118709,P0015,C00002,WH03,2025-09-03,2,Quality Issue,585.67
RET0005935,ORD00118726,P0018,C00089,WH05,2025-09-04,1,Quality Issue,1297.99
RET0005936,ORD00118828,P0039,C00346,WH04,2025-09-07,2,Damaged,1311.52
RET0005937,ORD00118849,P0004,C00622,WH01,2025-08-31,1,Quality Issue,2227.7
RET0005938,ORD00118904,P0015,C00878,WH01,2025-09-11,1,Damaged,325.37
RET0005939,ORD00118942,P0022,C00821,WH04,2025-09-15,1,Customer Changed Mind,580.7
RET0005940,ORD00118964,P0027,C00799,WH02,2025-09-16,2,Wrong Product,1461.8
RET0005941,ORD00119009,P0036,C00635,WH05,2025-09-02,1,Customer Changed Mind,2673.78
RET0005942,ORD00119067,P0008,C00075,WH04,2025-09-02,1,Damaged,939.62
RET0005943,ORD00119083,P0012,C00505,WH01,2025-09-01,1,Quality Issue,3089.32
RET0005944,ORD00119123,P0020,C00792,WH01,2025-09-08,1,Wrong Product,3034.72
RET0005945,ORD00119129,P0021,C00140,WH02,2025-09-07,2,Quality Issue,1513.64
RET0005946,ORD00119138,P0023,C00123,WH01,2025-09-11,2,Quality Issue,1795.02
RET0005947,ORD00119142,P0023,C00703,WH05,2025-09-07,2,Quality Issue,1705.27
RET0005948,ORD00119211,P0037,C00879,WH05,2025-09-01,2,Customer Changed Mind,3488.57
RET0005949,ORD00119213,P0038,C00367,WH02,2025-09-13,2,Damaged,4545.26
RET0005950,ORD00119254,P0006,C00565,WH05,2025-09-17,1,Customer Changed Mind,3441.75
RET0005951,ORD00119262,P0008,C00428,WH03,2025-09-11,2,Damaged,1937.36
RET0005952,ORD00119265,P0009,C00168,WH01,2025-09-15,2,Damaged,6222.51
RET0005953,ORD00119273,P0010,C00289,WH04,2025-09-16,2,Damaged,7135.6
RET0005954,ORD00119308,P0017,C00136,WH05,2025-09-08,2,Quality Issue,2118.18
RET0005955,ORD00119316,P0019,C00949,WH04,2025-09-10,1,Damaged,2758.24
RET0005956,ORD00119350,P0026,C00395,WH03,2025-09-05,1,Customer Changed Mind,2864.88
RET0005957,ORD00119458,P0009,C00819,WH02,2025-09-15,1,Damaged,2886.73
RET0005958,ORD00119491,P0015,C00287,WH05,2025-09-11,1,Quality Issue,309.1
RET0005959,ORD00119496,P0016,C00836,WH05,2025-09-10,2,Customer Changed Mind,2109.84
RET0005960,ORD00119499,P0017,C00400,WH03,2025-09-19,1,Quality Issue,1059.09
RET0005961,ORD00119520,P0021,C00427,WH04,2025-09-13,2,Quality Issue,1681.82
RET0005962,ORD00119543,P0026,C00813,WH02,2025-09-11,2,Quality Issue,5443.27
RET0005963,ORD00119545,P0026,C00230,WH04,2025-09-06,2,Damaged,5729.76
RET0005964,ORD00119559,P0029,C00164,WH03,2025-09-10,1,Quality Issue,4503.71
RET0005965,ORD00119586,P0035,C00393,WH02,2025-09-18,1,Customer Changed Mind,2019.29
RET0005966,ORD00119651,P0008,C00975,WH03,2025-09-10,1,Quality Issue,920.25
RET0005967,ORD00119656,P0009,C00880,WH05,2025-09-05,1,Customer Changed Mind,3207.48
RET0005968,ORD00119687,P0016,C00162,WH02,2025-09-12,2,Quality Issue,2154.25
RET0005969,ORD00119688,P0016,C00005,WH03,2025-09-21,1,Customer Changed Mind,1077.13
RET0005970,ORD00119691,P0017,C00059,WH01,2025-09-17,2,Customer Changed Mind,2229.66
RET0005971,ORD00119722,P0023,C00484,WH03,2025-09-20,1,Damaged,897.51
RET0005972,ORD00119737,P0026,C00407,WH04,2025-09-12,1,Quality Issue,2578.39
RET0005973,ORD00119764,P0032,C00937,WH02,2025-09-04,1,Damaged,1854.11
RET0005974,ORD00119777,P0035,C00282,WH02,2025-09-07,2,Late Delivery,4038.58
RET0005975,ORD00119779,P0035,C00320,WH04,2025-09-13,2,Late Delivery,3826.03
RET0005976,ORD00119804,P0040,C00472,WH04,2025-09-08,1,Quality Issue,910.4
RET0005977,ORD00119820,P0003,C00010,WH05,2025-09-22,2,Customer Changed Mind,2440.58
RET0005978,ORD00119838,P0007,C00914,WH03,2025-09-07,2,Damaged,5913.24
RET0005979,ORD00119873,P0014,C00089,WH04,2025-09-13,1,Quality Issue,2502.6
RET0005980,ORD00119883,P0016,C00410,WH05,2025-09-10,1,Customer Changed Mind,1110.44
RET0005981,ORD00119891,P0018,C00599,WH03,2025-09-14,2,Damaged,2732.62
RET0005982,ORD00119920,P0024,C00706,WH02,2025-09-08,2,Damaged,1778.86
RET0005983,ORD00119925,P0025,C00749,WH03,2025-09-07,1,Wrong Product,1732.81
RET0005984,ORD00119940,P0028,C00153,WH03,2025-09-07,1,Quality Issue,4304.95
RET0005985,ORD00119941,P0028,C00193,WH04,2025-09-19,2,Customer Changed Mind,8609.9
RET0005986,ORD00119966,P0033,C00582,WH05,2025-09-17,1,Damaged,2555.35
RET0005987,ORD00120022,P0005,C00527,WH05,2025-09-18,2,Quality Issue,3136.46
RET0005988,ORD00120026,P0006,C00426,WH04,2025-09-21,1,Damaged,3260.6
RET0005989,ORD00120070,P0016,C00979,WH03,2025-09-07,2,Late Delivery,2220.88
RET0005990,ORD00120076,P0017,C00070,WH04,2025-09-13,2,Damaged,2229.66
RET0005991,ORD00120100,P0022,C00699,WH03,2025-09-21,2,Quality Issue,1222.52
RET0005992,ORD00120115,P0025,C00739,WH03,2025-09-10,1,Customer Changed Mind,1786.4
RET0005993,ORD00120134,P0029,C00666,WH02,2025-09-21,1,Late Delivery,4178.7
RET0005994,ORD00120189,P0040,C00854,WH04,2025-09-22,1,Wrong Product,1011.55
RET0005995,ORD00120208,P0004,C00563,WH04,2025-09-24,2,Damaged,4009.86
RET0005996,ORD00120220,P0007,C00651,WH03,2025-09-19,1,Damaged,2660.96
RET0005997,ORD00120253,P0014,C00159,WH02,2025-09-16,1,Damaged,2634.32
RET0005998,ORD00120281,P0019,C00080,WH05,2025-09-23,2,Wrong Product,5240.66
RET0005999,ORD00120334,P0030,C00146,WH04,2025-09-20,2,Wrong Product,6243.48
RET0006000,ORD00120372,P0038,C00573,WH04,2025-09-21,1,Wrong Product,2204.45
RET0006001,ORD00120421,P0008,C00356,WH05,2025-09-17,2,Damaged,1879.24
RET0006002,ORD00120463,P0017,C00403,WH02,2025-09-16,2,Quality Issue,2229.66
RET0006003,ORD00120468,P0018,C00915,WH02,2025-09-25,2,Damaged,2732.62
RET0006004,ORD00120494,P0023,C00093,WH03,2025-09-21,1,Quality Issue,852.63
RET0006005,ORD00120495,P0023,C00678,WH04,2025-09-11,2,Quality Issue,1705.27
RET0006006,ORD00120505,P0025,C00154,WH04,2025-09-25,2,Damaged,3465.62
RET0006007,ORD00120520,P0028,C00430,WH04,2025-09-15,2,Customer Changed Mind,8351.6
RET0006008,ORD00120523,P0029,C00388,WH02,2025-09-09,1,Wrong Product,4643.0
RET0006009,ORD00120539,P0032,C00394,WH04,2025-09-22,2,Customer Changed Mind,4120.24
RET0006010,ORD00120617,P0008,C00720,WH02,2025-09-24,2,Wrong Product,1937.36
RET0006011,ORD00120619,P0008,C00711,WH04,2025-09-13,2,Customer Changed Mind,1840.49
RET0006012,ORD00120625,P0010,C00085,WH01,2025-09-26,1,Customer Changed Mind,3567.8
RET0006013,ORD00120642,P0013,C00206,WH03,2025-09-09,2,Quality Issue,7228.56
RET0006014,ORD00120650,P0015,C00046,WH01,2025-09-13,2,Customer Changed Mind,650.74
RET0006015,ORD00120668,P0018,C00762,WH04,2025-09-24,1,Quality Issue,1366.31
RET0006016,ORD00120670,P0019,C00681,WH01,2025-09-09,1,Quality Issue,2675.49
RET0006017,ORD00120677,P0020,C00561,WH03,2025-09-19,2,Quality Issue,5159.02
RET0006018,ORD00120726,P0030,C00804,WH02,2025-09-17,2,Wrong Product,6374.92
RET0006019,ORD00120782,P0001,C00069,WH04,2025-09-18,2,Customer Changed Mind,3236.74
RET0006020,ORD00120802,P0005,C00320,WH04,2025-09-14,1,Late Delivery,1650.77
RET0006021,ORD00120838,P0013,C00397,WH01,2025-09-22,2,Late Delivery,7228.56
RET0006022,ORD00120851,P0015,C00148,WH04,2025-09-18,2,Wrong Product,553.13
RET0006023,ORD00120889,P0023,C00639,WH03,2025-09-11,1,Quality Issue,897.51
RET0006024,ORD00120897,P0025,C00704,WH02,2025-09-22,2,Wrong Product,3215.52
RET0006025,ORD00120903,P0026,C00498,WH03,2025-09-14,2,Wrong Product,5729.76
RET0006026,ORD00120915,P0028,C00462,WH05,2025-09-27,2,Wrong Product,8351.6
RET0006027,ORD00120934,P0032,C00311,WH04,2025-09-27,2,Quality Issue,3914.23
RET0006028,ORD00120935,P0032,C00802,WH05,2025-09-10,2,Quality Issue,4120.24
RET0006029,ORD00120937,P0033,C00620,WH02,2025-09-25,1,Late Delivery,2555.35
RET0006030,ORD00120976,P0001,C00127,WH01,2025-09-22,2,Quality Issue,3416.56
RET0006031,ORD00120984,P0002,C00492,WH04,2025-09-21,2,Damaged,1900.9
RET0006032,ORD00120987,P0003,C00198,WH02,2025-09-16,2,Damaged,2440.58
RET0006033,ORD00120994,P0004,C00062,WH04,2025-09-22,1,Quality Issue,2160.87
RET0006034,ORD00121016,P0009,C00012,WH03,2025-09-16,2,Quality Issue,6414.96
RET0006035,ORD00121027,P0011,C00465,WH04,2025-09-18,1,Late Delivery,746.61
RET0006036,ORD00121030,P0012,C00268,WH02,2025-09-21,1,Wrong Product,3089.32
RET0006037,ORD00121048,P0016,C00669,WH01,2025-09-23,1,Wrong Product,943.87
RET0006038,ORD00121050,P0016,C00561,WH03,2025-09-12,2,Quality Issue,2220.88
RET0006039,ORD00121088,P0024,C00625,WH01,2025-09-21,1,Quality Issue,800.49
RET0006040,ORD00121093,P0025,C00751,WH01,2025-09-17,2,Damaged,3572.8
RET0006041,ORD00121123,P0031,C00124,WH01,2025-09-20,1,Damaged,660.48
RET0006042,ORD00121129,P0032,C00708,WH03,2025-09-24,2,Quality Issue,4120.24
RET0006043,ORD00121165,P0039,C00230,WH05,2025-09-17,2,Customer Changed Mind,1114.79
RET0006044,ORD00121168,P0040,C00571,WH03,2025-09-24,1,Late Delivery,981.2
RET0006045,ORD00121179,P0002,C00786,WH04,2025-09-15,2,Damaged,1615.76
RET0006046,ORD00121191,P0005,C00054,WH01,2025-09-23,1,Damaged,1601.25
RET0006047,ORD00121200,P0007,C00680,WH02,2025-09-16,2,Damaged,5617.58
RET0006048,ORD00121224,P0012,C00606,WH02,2025-09-27,2,Quality Issue,5993.28
RET0006049,ORD00121236,P0014,C00303,WH04,2025-09-14,1,Quality Issue,2502.6
RET0006050,ORD00121271,P0021,C00390,WH04,2025-09-14,1,Damaged,840.91
RET0006051,ORD00121289,P0025,C00970,WH03,2025-09-14,2,Damaged,3215.52
RET0006052,ORD00121307,P0029,C00134,WH01,2025-09-16,2,Damaged,9007.42
RET0006053,ORD00121313,P0030,C00572,WH02,2025-09-21,2,Wrong Product,6572.08
RET0006054,ORD00121314,P0030,C00555,WH03,2025-09-24,2,Quality Issue,5914.87
RET0006055,ORD00121315,P0030,C00210,WH04,2025-09-15,1,Quality Issue,3286.04
RET0006056,ORD00121329,P0033,C00964,WH05,2025-09-18,1,Quality Issue,2427.58
RET0006057,ORD00121365,P0001,C00530,WH02,2025-09-24,1,Quality Issue,1798.19
RET0006058,ORD00121374,P0003,C00134,WH01,2025-09-27,2,Damaged,2196.52
RET0006059,ORD00121380,P0004,C00919,WH02,2025-09-30,2,Wrong Product,4455.4
RET0006060,ORD00121421,P0012,C00041,WH04,2025-09-27,2,Wrong Product,6178.64
RET0006061,ORD00121423,P0013,C00655,WH01,2025-09-27,1,Customer Changed Mind,3433.57
RET0006062,ORD00121456,P0019,C00788,WH04,2025-09-17,1,Damaged,2758.24
RET0006063,ORD00121466,P0021,C00997,WH04,2025-09-14,1,Quality Issue,756.82
RET0006064,ORD00121471,P0022,C00904,WH05,2025-09-21,1,Damaged,611.26
RET0006065,ORD00121515,P0031,C00008,WH04,2025-09-27,1,Quality Issue,561.41
RET0006066,ORD00121526,P0033,C00462,WH05,2025-09-18,1,Wrong Product,2172.05
RET0006067,ORD00121529,P0034,C00092,WH04,2025-09-29,1,Damaged,3989.52
RET0006068,ORD00121549,P0038,C00891,WH04,2025-09-30,1,Quality Issue,2272.63
RET0006069,ORD00121553,P0039,C00491,WH03,2025-09-13,1,Quality Issue,655.76
RET0006070,ORD00121570,P0003,C00513,WH02,2025-09-26,1,Quality Issue,1159.28
RET0006071,ORD00121573,P0003,C00849,WH05,2025-09-25,2,Wrong Product,2440.58
RET0006072,ORD00121577,P0004,C00778,WH04,2025-09-16,1,Quality Issue,2160.87
RET0006073,ORD00121603,P0010,C00393,WH02,2025-09-17,1,Quality Issue,3567.8
RET0006074,ORD00121618,P0013,C00075,WH02,2025-09-18,2,Quality Issue,7228.56
RET0006075,ORD00121623,P0014,C00511,WH02,2025-09-16,1,Wrong Product,2634.32
RET0006076,ORD00121649,P0019,C00078,WH03,2025-09-27,2,Damaged,5516.48
RET0006077,ORD00121661,P0021,C00054,WH05,2025-09-25,2,Customer Changed Mind,1681.82
RET0006078,ORD00121696,P0029,C00497,WH02,2025-09-21,2,Damaged,8821.7
RET0006079,ORD00121708,P0031,C00820,WH05,2025-09-29,1,Quality Issue,660.48
RET0006080,ORD00121740,P0038,C00575,WH02,2025-09-22,1,Wrong Product,2159.0
RET0006081,ORD00121782,P0006,C00327,WH05,2025-09-17,2,Quality Issue,6883.49
RET0006082,ORD00121784,P0007,C00530,WH02,2025-09-24,1,Quality Issue,2808.79
RET0006083,ORD00121789,P0008,C00623,WH02,2025-09-15,1,Damaged,968.68
RET0006084,ORD00121823,P0015,C00070,WH02,2025-09-28,1,Quality Issue,309.1
RET0006085,ORD00121848,P0020,C00335,WH03,2025-09-16,2,Quality Issue,5887.36
RET0006086,ORD00121856,P0022,C00959,WH01,2025-09-21,1,Wrong Product,580.7
RET0006087,ORD00121857,P0022,C00358,WH02,2025-09-16,2,Damaged,1222.52
RET0006088,ORD00121910,P0033,C00573,WH01,2025-09-19,2,Quality Issue,5110.7
RET0006089,ORD00121944,P0039,C00393,WH05,2025-09-16,2,Damaged,1180.37
RET0006090,ORD00121992,P0009,C00023,WH05,2025-09-20,2,Customer Changed Mind,6222.51
RET0006091,ORD00122000,P0011,C00578,WH03,2025-09-30,1,Quality Issue,671.95
RET0006092,ORD00122014,P0014,C00572,WH03,2025-09-18,1,Quality Issue,2370.89
RET0006093,ORD00122028,P0017,C00142,WH02,2025-09-25,1,Customer Changed Mind,1114.83
RET0006094,ORD00122038,P0019,C00508,WH02,2025-09-25,1,Customer Changed Mind,2758.24
RET0006095,ORD00122043,P0020,C00226,WH02,2025-09-26,1,Late Delivery,3034.72
RET0006096,ORD00122051,P0021,C00780,WH05,2025-09-25,2,Damaged,1681.82
RET0006097,ORD00122072,P0026,C00120,WH02,2025-09-21,2,Quality Issue,5557.87
RET0006098,ORD00122093,P0030,C00501,WH03,2025-09-16,2,Damaged,6572.08
RET0006099,ORD00122134,P0038,C00047,WH05,2025-09-28,1,Customer Changed Mind,2272.63
RET0006100,ORD00122154,P0002,C00534,WH05,2025-09-25,1,Quality Issue,921.94
RET0006101,ORD00122172,P0006,C00685,WH03,2025-09-25,1,Damaged,3441.75
RET0006102,ORD00122203,P0012,C00028,WH05,2025-09-19,2,Quality Issue,6178.64
RET0006103,ORD00122230,P0018,C00345,WH02,2025-09-30,1,Wrong Product,1366.31
RET0006104,ORD00122267,P0025,C00900,WH04,2025-09-30,2,Wrong Product,3572.8
RET0006105,ORD00122269,P0026,C00174,WH01,2025-09-27,2,Damaged,5443.27
RET0006106,ORD00122300,P0032,C00056,WH03,2025-09-19,1,Late Delivery,1957.11
RET0006107,ORD00122333,P0039,C00163,WH03,2025-09-25,2,Late Delivery,1311.52
RET0006108,ORD00122338,P0040,C00264,WH03,2025-10-04,1,Quality Issue,981.2
RET0006109,ORD00122342,P0001,C00658,WH03,2025-09-25,1,Damaged,1798.19
RET0006110,ORD00122355,P0004,C00580,WH01,2025-09-24,2,Customer Changed Mind,4455.4
RET0006111,ORD00122358,P0004,C00120,WH04,2025-09-18,1,Quality Issue,2227.7
RET0006112,ORD00122365,P0006,C00691,WH02,2025-09-18,2,Damaged,7245.78
RET0006113,ORD00122377,P0008,C00240,WH04,2025-09-26,1,Quality Issue,920.25
RET0006114,ORD00122418,P0017,C00583,WH03,2025-09-22,2,Late Delivery,2162.77
RET0006115,ORD00122466,P0027,C00828,WH02,2025-09-28,2,Damaged,1461.8
RET0006116,ORD00122499,P0034,C00551,WH01,2025-09-20,1,Customer Changed Mind,3701.62
RET0006117,ORD00122504,P0035,C00982,WH01,2025-10-04,2,Damaged,4251.14
RET0006118,ORD00122533,P0001,C00846,WH01,2025-10-03,1,Quality Issue,1798.19
RET0006119,ORD00122539,P0002,C00249,WH02,2025-10-02,1,Wrong Product,950.45
RET0006120,ORD00122560,P0006,C00385,WH03,2025-09-24,2,Quality Issue,6521.2
RET0006121,ORD00122589,P0012,C00744,WH03,2025-09-27,1,Quality Issue,3089.32
RET0006122,ORD00122645,P0023,C00119,WH05,2025-09-22,1,Damaged,852.63
RET0006123,ORD00122649,P0024,C00987,WH04,2025-09-20,1,Customer Changed Mind,889.43
RET0006124,ORD00122655,P0025,C00075,WH05,2025-10-02,1,Damaged,1697.08
RET0006125,ORD00122675,P0029,C00038,WH05,2025-10-02,1,Quality Issue,4503.71
RET0006126,ORD00122684,P0032,C00503,WH01,2025-10-03,1,Quality Issue,2060.12
RET0006127,ORD00122703,P0036,C00497,WH01,2025-10-01,2,Quality Issue,5629.02
RET0006128,ORD00122736,P0002,C00382,WH05,2025-09-24,2,Quality Issue,1710.81
RET0006129,ORD00122809,P0018,C00450,WH01,2025-09-28,2,Damaged,2459.36
RET0006130,ORD00122870,P0030,C00187,WH02,2025-09-26,1,Quality Issue,3187.46
RET0006131,ORD00122879,P0032,C00630,WH01,2025-10-03,1,Quality Issue,1998.32
RET0006132,ORD00122893,P0035,C00606,WH01,2025-09-28,1,Customer Changed Mind,2019.29
RET0006133,ORD00122904,P0037,C00530,WH02,2025-10-04,2,Customer Changed Mind,3672.18
RET0006134,ORD00122938,P0004,C00661,WH01,2025-09-28,2,Quality Issue,4009.86
RET0006135,ORD00122939,P0004,C00439,WH02,2025-09-28,1,Quality Issue,2160.87
RET0006136,ORD00122957,P0008,C00522,WH02,2025-10-04,2,Quality Issue,1937.36
RET0006137,ORD00122961,P0009,C00222,WH01,2025-09-27,1,Late Delivery,3207.48
RET0006138,ORD00122990,P0015,C00107,WH01,2025-10-02,1,Quality Issue,276.56
RET0006139,ORD00122994,P0015,C00736,WH05,2025-10-04,1,Quality Issue,325.37
RET0006140,ORD00123000,P0017,C00486,WH01,2025-09-29,2,Damaged,2118.18
RET0006141,ORD00123063,P0029,C00404,WH04,2025-09-25,2,Quality Issue,9286.0
RET0006142,ORD00123071,P0031,C00967,WH02,2025-10-08,1,Quality Issue,660.48
RET0006143,ORD00123094,P0036,C00434,WH03,2025-10-07,1,Quality Issue,2814.51
RET0006144,ORD00123104,P0038,C00064,WH03,2025-09-22,1,Customer Changed Mind,2045.37
RET0006145,ORD00123117,P0001,C00879,WH01,2025-10-06,2,Customer Changed Mind,3596.38
RET0006146,ORD00123128,P0003,C00656,WH02,2025-09-24,2,Customer Changed Mind,2440.58
RET0006147,ORD00123133,P0004,C00717,WH02,2025-09-26,2,Customer Changed Mind,4455.4
RET0006148,ORD00123183,P0014,C00030,WH02,2025-09-28,2,Quality Issue,5110.58
RET0006149,ORD00123214,P0020,C00284,WH03,2025-10-01,1,Wrong Product,2579.51
RET0006150,ORD00123222,P0022,C00333,WH01,2025-10-08,1,Customer Changed Mind,592.92
RET0006151,ORD00123227,P0023,C00795,WH02,2025-10-03,1,Wrong Product,870.58
RET0006152,ORD00123233,P0024,C00708,WH03,2025-10-08,1,Customer Changed Mind,844.96
RET0006153,ORD00123274,P0033,C00508,WH01,2025-09-24,2,Damaged,4855.16
RET0006154,ORD00123323,P0003,C00327,WH02,2025-10-10,2,Quality Issue,2440.58
RET0006155,ORD00123354,P0009,C00846,WH04,2025-10-10,2,Damaged,6094.21
RET0006156,ORD00123359,P0010,C00304,WH04,2025-09-26,1,Quality Issue,3567.8
RET0006157,ORD00123365,P0011,C00476,WH05,2025-10-04,1,Damaged,746.61
RET0006158,ORD00123369,P0012,C00959,WH04,2025-10-05,2,Quality Issue,6178.64
RET0006159,ORD00123402,P0019,C00878,WH02,2025-10-06,1,Quality Issue,2620.33
RET0006160,ORD00123407,P0020,C00150,WH02,2025-09-25,2,Late Delivery,6069.44
RET0006161,ORD00123430,P0024,C00839,WH05,2025-09-24,2,Customer Changed Mind,1778.86
RET0006162,ORD00123435,P0025,C00174,WH05,2025-10-01,2,Damaged,3572.8
RET0006163,ORD00123453,P0029,C00982,WH03,2025-10-06,1,Damaged,4643.0
RET0006164,ORD00123478,P0034,C00772,WH03,2025-10-01,1,Damaged,3989.52
RET0006165,ORD00123484,P0035,C00884,WH04,2025-10-10,2,Wrong Product,4123.61
RET0006166,ORD00123486,P0036,C00653,WH01,2025-10-09,1,Customer Changed Mind,2392.33
RET0006167,ORD00123545,P0008,C00875,WH01,2025-09-30,1,Customer Changed Mind,939.62
RET0006168,ORD00123565,P0012,C00959,WH01,2025-09-25,1,Damaged,3089.32
RET0006169,ORD00123580,P0015,C00083,WH01,2025-10-08,2,Damaged,650.74
RET0006170,ORD00123611,P0021,C00310,WH02,2025-09-25,1,Customer Changed Mind,798.86
RET0006171,ORD00123641,P0027,C00756,WH03,2025-10-01,1,Late Delivery,746.29
RET0006172,ORD00123648,P0028,C00479,WH05,2025-10-08,2,Damaged,8609.9
RET0006173,ORD00123649,P0029,C00748,WH01,2025-10-04,2,Damaged,8821.7
RET0006174,ORD00123669,P0033,C00135,WH02,2025-09-24,1,Damaged,2478.69
RET0006175,ORD00123693,P0038,C00281,WH03,2025-10-10,2,Damaged,4545.26
RET0006176,ORD00123697,P0039,C00097,WH02,2025-09-24,1,Late Delivery,590.18
RET0006177,ORD00123723,P0004,C00460,WH03,2025-09-27,2,Customer Changed Mind,4455.4
RET0006178,ORD00123747,P0009,C00971,WH04,2025-10-08,1,Damaged,3207.48
RET0006179,ORD00123748,P0009,C00640,WH05,2025-09-28,1,Damaged,3047.11
RET0006180,ORD00123753,P0010,C00232,WH05,2025-09-25,1,Damaged,3567.8
RET0006181,ORD00123757,P0011,C00569,WH04,2025-10-07,2,Quality Issue,1493.22
RET0006182,ORD00123765,P0013,C00938,WH03,2025-10-10,2,Damaged,6867.13
RET0006183,ORD00123781,P0016,C00528,WH04,2025-10-06,1,Wrong Product,1077.13
RET0006184,ORD00123783,P0017,C00703,WH01,2025-10-06,2,Customer Changed Mind,1895.21
RET0006185,ORD00123789,P0018,C00188,WH03,2025-10-03,1,Quality Issue,1366.31
RET0006186,ORD00123793,P0019,C00440,WH02,2025-10-12,2,Customer Changed Mind,5516.48
RET0006187,ORD00123857,P0032,C00334,WH03,2025-09-25,1,Customer Changed Mind,1957.11
RET0006188,ORD00123887,P0038,C00339,WH05,2025-09-27,2,Quality Issue,4545.26
RET0006189,ORD00123913,P0004,C00750,WH01,2025-10-07,1,Customer Changed Mind,2116.31
RET0006190,ORD00123930,P0007,C00290,WH04,2025-10-01,1,Customer Changed Mind,2808.79
RET0006191,ORD00123951,P0012,C00400,WH02,2025-09-28,1,Wrong Product,2780.39
RET0006192,ORD00123953,P0012,C00553,WH04,2025-09-27,1,Quality Issue,2625.92
RET0006193,ORD00123987,P0019,C00796,WH05,2025-09-29,1,Quality Issue,2758.24
RET0006194,ORD00123988,P0020,C00555,WH01,2025-10-02,1,Damaged,3034.72
RET0006195,ORD00124019,P0026,C00197,WH02,2025-10-08,1,Quality Issue,2864.88
RET0006196,ORD00124022,P0026,C00607,WH05,2025-10-07,2,Damaged,5729.76
RET0006197,ORD00124055,P0033,C00383,WH03,2025-10-13,1,Customer Changed Mind,2555.35
RET0006198,ORD00124058,P0034,C00535,WH01,2025-09-30,1,Quality Issue,4112.91
RET0006199,ORD00124060,P0034,C00983,WH03,2025-10-10,2,Damaged,8225.82
RET0006200,ORD00124088,P0040,C00625,WH02,2025-10-07,2,Late Delivery,2023.1
RET0006201,ORD00124095,P0001,C00549,WH04,2025-10-05,2,Damaged,3596.38
RET0006202,ORD00124112,P0005,C00134,WH01,2025-10-12,2,Damaged,2971.39
RET0006203,ORD00124119,P0006,C00246,WH03,2025-10-08,1,Damaged,3514.2
RET0006204,ORD00124145,P0011,C00281,WH04,2025-09-29,2,Quality Issue,1493.22
RET0006205,ORD00124174,P0017,C00791,WH05,2025-10-04,1,Quality Issue,1114.83
RET0006206,ORD00124189,P0020,C00009,WH05,2025-09-28,1,Customer Changed Mind,3034.72
RET0006207,ORD00124199,P0022,C00938,WH05,2025-09-27,2,Damaged,1185.84
RET0006208,ORD00124205,P0024,C00447,WH01,2025-10-05,2,Quality Issue,1512.03
RET0006209,ORD00124219,P0026,C00542,WH05,2025-10-11,2,Quality Issue,5729.76
RET0006210,ORD00124223,P0027,C00218,WH04,2025-10-12,2,Wrong Product,1538.74
RET0006211,ORD00124274,P0038,C00766,WH04,2025-10-07,1,Quality Issue,2272.63
RET0006212,ORD00124275,P0038,C00794,WH05,2025-10-07,2,Customer Changed Mind,4090.73
RET0006213,ORD00124345,P0013,C00046,WH02,2025-10-11,2,Damaged,7011.7
RET0006214,ORD00124377,P0019,C00971,WH04,2025-10-07,1,Damaged,2758.24
RET0006215,ORD00124393,P0022,C00375,WH05,2025-10-13,1,Quality Issue,611.26
RET0006216,ORD00124404,P0025,C00908,WH01,2025-09-30,1,Quality Issue,1786.4
RET0006217,ORD00124417,P0027,C00858,WH04,2025-10-13,2,Damaged,1538.74
RET0006218,ORD00124420,P0028,C00138,WH02,2025-09-29,2,Customer Changed Mind,8609.9
RET0006219,ORD00124520,P0008,C00403,WH03,2025-09-30,1,Quality Issue,968.68
RET0006220,ORD00124609,P0026,C00846,WH05,2025-10-05,1,Damaged,2864.88
RET0006221,ORD00124611,P0027,C00752,WH02,2025-10-08,2,Damaged,1538.74
RET0006222,ORD00124614,P0027,C00655,WH05,2025-10-08,2,Quality Issue,1538.74
RET0006223,ORD00124630,P0031,C00342,WH01,2025-10-13,2,Damaged,1254.91
RET0006224,ORD00124650,P0035,C00072,WH01,2025-10-09,2,Quality Issue,3613.47
RET0006225,ORD00124652,P0035,C00900,WH03,2025-10-01,1,Damaged,2125.57
RET0006226,ORD00124675,P0040,C00057,WH01,2025-10-08,1,Quality Issue,1011.55
RET0006227,ORD00124691,P0003,C00636,WH04,2025-10-17,2,Damaged,2440.58
RET0006228,ORD00124723,P0010,C00356,WH02,2025-10-12,2,Quality Issue,7135.6
RET0006229,ORD00124750,P0015,C00872,WH05,2025-10-01,2,Damaged,585.67
RET0006230,ORD00124767,P0019,C00480,WH03,2025-10-13,2,Damaged,5516.48
RET0006231,ORD00124770,P0020,C00456,WH01,2025-10-13,1,Wrong Product,2943.68
RET0006232,ORD00124794,P0024,C00929,WH05,2025-10-09,2,Damaged,1778.86
RET0006233,ORD00124800,P0026,C00418,WH01,2025-10-17,1,Wrong Product,2721.64
RET0006234,ORD00124826,P0031,C00812,WH03,2025-10-15,1,Quality Issue,594.43
RET0006235,ORD00124835,P0033,C00446,WH02,2025-10-09,1,Damaged,2555.35
RET0006236,ORD00124847,P0035,C00998,WH04,2025-10-13,1,Quality Issue,2019.29
RET0006237,ORD00124881,P0002,C00096,WH04,2025-10-15,1,Damaged,902.93
RET0006238,ORD00124892,P0004,C00960,WH05,2025-10-11,2,Customer Changed Mind,4321.74
RET0006239,ORD00124893,P0005,C00919,WH01,2025-10-03,2,Wrong Product,3136.46
RET0006240,ORD00124895,P0005,C00100,WH03,2025-10-07,2,Damaged,3301.54
RET0006241,ORD00124903,P0007,C00556,WH04,2025-10-15,2,Customer Changed Mind,5913.24
RET0006242,ORD00124948,P0017,C00484,WH04,2025-10-11,2,Quality Issue,2162.77
RET0006243,ORD00125028,P0033,C00962,WH04,2025-10-16,2,Quality Issue,4957.38
RET0006244,ORD00125058,P0039,C00681,WH04,2025-10-03,2,Customer Changed Mind,1311.52
RET0006245,ORD00125059,P0039,C00973,WH05,2025-10-18,2,Quality Issue,1311.52
RET0006246,ORD00125061,P0040,C00019,WH02,2025-10-10,1,Quality Issue,1011.55
RET0006247,ORD00125104,P0009,C00699,WH02,2025-10-11,2,Late Delivery,6414.96
RET0006248,ORD00125122,P0013,C00757,WH02,2025-10-09,1,Late Delivery,3614.28
RET0006249,ORD00125127,P0014,C00231,WH04,2025-10-18,1,Customer Changed Mind,2502.6
RET0006250,ORD00125135,P0016,C00539,WH02,2025-10-03,1,Damaged,1110.44
RET0006251,ORD00125137,P0016,C00013,WH04,2025-10-02,1,Wrong Product,999.4
RET0006252,ORD00125167,P0023,C00595,WH01,2025-10-03,1,Quality Issue,897.51
RET0006253,ORD00125214,P0032,C00397,WH03,2025-10-12,2,Damaged,4120.24
RET0006254,ORD00125239,P0037,C00964,WH05,2025-10-10,1,Damaged,1836.09
RET0006255,ORD00125267,P0003,C00773,WH05,2025-10-19,2,Wrong Product,2440.58
RET0006256,ORD00125277,P0005,C00621,WH05,2025-10-06,2,Wrong Product,2971.39
RET0006257,ORD00125300,P0010,C00167,WH04,2025-10-16,2,Customer Changed Mind,7135.6
RET0006258,ORD00125468,P0004,C00336,WH04,2025-10-06,1,Quality Issue,2004.93
RET0006259,ORD00125492,P0010,C00263,WH02,2025-10-13,2,Damaged,6422.04
RET0006260,ORD00125498,P0011,C00096,WH03,2025-10-05,2,Quality Issue,1493.22
RET0006261,ORD00125530,P0017,C00917,WH05,2025-10-13,1,Wrong Product,1114.83
RET0006262,ORD00125548,P0021,C00499,WH03,2025-10-19,1,Quality Issue,840.91
RET0006263,ORD00125557,P0023,C00990,WH02,2025-10-08,1,Quality Issue,897.51
RET0006264,ORD00125566,P0025,C00635,WH01,2025-10-21,1,Customer Changed Mind,1786.4
RET0006265,ORD00125570,P0025,C00579,WH05,2025-10-16,2,Damaged,3572.8
RET0006266,ORD00125571,P0026,C00807,WH01,2025-10-20,1,Wrong Product,2864.88
RET0006267,ORD00125580,P0027,C00410,WH05,2025-10-13,1,Quality Issue,746.29
RET0006268,ORD00125581,P0028,C00609,WH01,2025-10-04,1,Wrong Product,4304.95
RET0006269,ORD00125583,P0028,C00604,WH03,2025-10-05,1,Quality Issue,4304.95
RET0006270,ORD00125589,P0029,C00524,WH04,2025-10-12,2,Quality Issue,8821.7
RET0006271,ORD00125605,P0032,C00682,WH05,2025-10-12,2,Damaged,4120.24
RET0006272,ORD00125610,P0033,C00474,WH05,2025-10-12,2,Quality Issue,4855.16
RET0006273,ORD00125626,P0037,C00127,WH01,2025-10-11,1,Damaged,1560.68
RET0006274,ORD00125638,P0039,C00297,WH03,2025-10-09,1,Quality Issue,655.76
RET0006275,ORD00125664,P0004,C00461,WH04,2025-10-14,2,Quality Issue,4321.74
RET0006276,ORD00125675,P0007,C00807,WH01,2025-10-13,1,Customer Changed Mind,2513.13
RET0006277,ORD00125703,P0012,C00988,WH04,2025-10-20,2,Quality Issue,6178.64
RET0006278,ORD00125721,P0016,C00291,WH03,2025-10-17,2,Customer Changed Mind,2220.88
RET0006279,ORD00125814,P0035,C00917,WH01,2025-10-06,2,Customer Changed Mind,4251.14
RET0006280,ORD00125847,P0001,C00830,WH04,2025-10-14,2,Quality Issue,3596.38
RET0006281,ORD00125849,P0002,C00484,WH01,2025-10-09,1,Customer Changed Mind,921.94
RET0006282,ORD00125851,P0002,C00670,WH03,2025-10-16,2,Quality Issue,1900.9
RET0006283,ORD00125891,P0010,C00126,WH03,2025-10-20,2,Damaged,7135.6
RET0006284,ORD00125904,P0013,C00178,WH01,2025-10-23,2,Quality Issue,7228.56
RET0006285,ORD00125916,P0015,C00827,WH03,2025-10-18,2,Wrong Product,650.74
RET0006286,ORD00125921,P0016,C00437,WH03,2025-10-22,2,Damaged,1998.79
RET0006287,ORD00125942,P0020,C00245,WH04,2025-10-12,1,Damaged,3034.72
RET0006288,ORD00125997,P0031,C00145,WH04,2025-10-07,2,Late Delivery,1320.96
RET0006289,ORD00126004,P0033,C00049,WH01,2025-10-17,1,Quality Issue,2478.69
RET0006290,ORD00126047,P0001,C00654,WH05,2025-10-11,1,Wrong Product,1798.19
RET0006291,ORD00126070,P0006,C00468,WH03,2025-10-20,1,Customer Changed Mind,3441.75
RET0006292,ORD00126090,P0010,C00247,WH04,2025-10-13,2,Late Delivery,6422.04
RET0006293,ORD00126092,P0011,C00915,WH01,2025-10-23,1,Wrong Product,724.21
RET0006294,ORD00126095,P0011,C00147,WH04,2025-10-14,2,Late Delivery,1493.22
RET0006295,ORD00126112,P0015,C00323,WH02,2025-10-17,2,Quality Issue,631.22
RET0006296,ORD00126118,P0016,C00078,WH03,2025-10-20,1,Customer Changed Mind,1110.44
RET0006297,ORD00126125,P0017,C00611,WH05,2025-10-14,1,Wrong Product,1114.83
RET0006298,ORD00126136,P0020,C00869,WH01,2025-10-17,1,Customer Changed Mind,3034.72
RET0006299,ORD00126144,P0021,C00737,WH04,2025-10-14,2,Quality Issue,1597.73
RET0006300,ORD00126239,P0001,C00043,WH02,2025-10-25,2,Late Delivery,3488.49
RET0006301,ORD00126244,P0002,C00561,WH02,2025-10-08,1,Quality Issue,921.94
RET0006302,ORD00126271,P0007,C00784,WH04,2025-10-17,2,Damaged,5913.24
RET0006303,ORD00126295,P0012,C00869,WH03,2025-10-24,1,Damaged,2934.85
RET0006304,ORD00126325,P0018,C00848,WH04,2025-10-22,1,Quality Issue,1366.31
RET0006305,ORD00126344,P0022,C00397,WH03,2025-10-21,2,Customer Changed Mind,1185.84
RET0006306,ORD00126350,P0023,C00840,WH04,2025-10-11,1,Quality Issue,870.58
RET0006307,ORD00126403,P0034,C00718,WH03,2025-10-16,1,Customer Changed Mind,3989.52
RET0006308,ORD00126407,P0035,C00545,WH03,2025-10-08,2,Wrong Product,4251.14
RET0006309,ORD00126428,P0039,C00079,WH04,2025-10-16,1,Damaged,655.76
RET0006310,ORD00126441,P0002,C00876,WH03,2025-10-25,1,Customer Changed Mind,950.45
RET0006311,ORD00126446,P0003,C00816,WH03,2025-10-24,1,Quality Issue,1220.29
RET0006312,ORD00126501,P0015,C00618,WH03,2025-10-26,1,Wrong Product,309.1
RET0006313,ORD00126555,P0026,C00814,WH03,2025-10-24,2,Late Delivery,5156.78
RET0006314,ORD00126577,P0030,C00506,WH05,2025-10-14,1,Quality Issue,2793.13
RET0006315,ORD00126580,P0031,C00978,WH03,2025-10-24,1,Customer Changed Mind,594.43
RET0006316,ORD00126583,P0032,C00258,WH01,2025-10-12,2,Damaged,4120.24
RET0006317,ORD00126634,P0002,C00968,WH03,2025-10-12,1,Damaged,950.45
RET0006318,ORD00126639,P0003,C00940,WH03,2025-10-13,2,Customer Changed Mind,2367.36
RET0006319,ORD00126645,P0004,C00014,WH04,2025-10-24,1,Damaged,2004.93
RET0006320,ORD00126717,P0019,C00465,WH01,2025-10-16,2,Customer Changed Mind,5516.48
RET0006321,ORD00126726,P0020,C00600,WH05,2025-10-15,1,Quality Issue,2731.25
RET0006322,ORD00126728,P0021,C00156,WH02,2025-10-24,1,Damaged,840.91
RET0006323,ORD00126735,P0022,C00195,WH04,2025-10-13,1,Wrong Product,611.26
RET0006324,ORD00126756,P0027,C00610,WH03,2025-10-13,2,Quality Issue,1384.87
RET0006325,ORD00126794,P0035,C00198,WH02,2025-10-11,1,Damaged,2125.57
RET0006326,ORD00126809,P0038,C00884,WH02,2025-10-17,2,Quality Issue,3863.47
RET0006327,ORD00126836,P0003,C00103,WH05,2025-10-22,1,Wrong Product,1220.29
RET0006328,ORD00126851,P0006,C00826,WH05,2025-10-26,1,Damaged,3622.89
RET0006329,ORD00126860,P0008,C00102,WH04,2025-10-18,1,Damaged,920.25
RET0006330,ORD00126863,P0009,C00541,WH03,2025-10-20,1,Quality Issue,2886.73
RET0006331,ORD00126884,P0013,C00438,WH04,2025-10-26,2,Damaged,7228.56
RET0006332,ORD00126931,P0023,C00037,WH01,2025-10-13,2,Late Delivery,1705.27
RET0006333,ORD00126973,P0031,C00864,WH03,2025-10-19,2,Damaged,1281.33
RET0006334,ORD00126981,P0033,C00369,WH01,2025-10-22,1,Damaged,2478.69
RET0006335,ORD00126998,P0036,C00072,WH03,2025-10-13,1,Customer Changed Mind,2673.78
RET0006336,ORD00127008,P0038,C00511,WH03,2025-10-24,2,Damaged,4408.9
RET0006337,ORD00127032,P0003,C00463,WH02,2025-10-16,2,Damaged,2318.55
RET0006338,ORD00127077,P0012,C00202,WH03,2025-10-25,2,Quality Issue,6178.64
RET0006339,ORD00127093,P0015,C00104,WH04,2025-10-29,2,Quality Issue,618.2
RET0006340,ORD00127100,P0017,C00512,WH01,2025-10-19,1,Customer Changed Mind,1081.39
RET0006341,ORD00127104,P0017,C00697,WH05,2025-10-25,2,Wrong Product,2229.66
RET0006342,ORD00127139,P0025,C00020,WH01,2025-10-27,2,Wrong Product,3572.8
RET0006343,ORD00127143,P0025,C00425,WH05,2025-10-12,2,Wrong Product,3572.8
RET0006344,ORD00127177,P0032,C00398,WH05,2025-10-16,2,Damaged,3996.63
RET0006345,ORD00127207,P0038,C00677,WH05,2025-10-17,1,Quality Issue,2204.45
RET0006346,ORD00127213,P0040,C00511,WH02,2025-10-22,2,Customer Changed Mind,2023.1
RET0006347,ORD00127217,P0001,C00355,WH02,2025-10-15,2,Late Delivery,3236.74
RET0006348,ORD00127238,P0005,C00180,WH03,2025-10-14,1,Customer Changed Mind,1601.25
RET0006349,ORD00127247,P0007,C00902,WH02,2025-10-17,1,Damaged,2956.62
RET0006350,ORD00127273,P0012,C00116,WH03,2025-10-22,1,Customer Changed Mind,3089.32
RET0006351,ORD00127291,P0016,C00529,WH01,2025-10-25,1,Customer Changed Mind,1110.44
RET0006352,ORD00127340,P0026,C00328,WH01,2025-10-28,2,Wrong Product,5557.87
RET0006353,ORD00127365,P0031,C00342,WH01,2025-10-17,1,Customer Changed Mind,594.43
RET0006354,ORD00127380,P0034,C00431,WH01,2025-10-21,1,Damaged,3907.26
RET0006355,ORD00127387,P0035,C00083,WH03,2025-10-24,1,Quality Issue,2019.29
RET0006356,ORD00127402,P0038,C00252,WH03,2025-10-21,1,Damaged,2159.0
RET0006357,ORD00127408,P0039,C00402,WH04,2025-10-15,1,Quality Issue,655.76
RET0006358,ORD00127412,P0040,C00095,WH03,2025-10-21,1,Late Delivery,1011.55
RET0006359,ORD00127438,P0005,C00963,WH05,2025-10-30,1,Damaged,1485.69
RET0006360,ORD00127502,P0018,C00412,WH05,2025-10-22,1,Damaged,1366.31
RET0006361,ORD00127506,P0019,C00847,WH04,2025-10-26,1,Damaged,2620.33
RET0006362,ORD00127508,P0020,C00834,WH01,2025-10-25,1,Customer Changed Mind,2943.68
RET0006363,ORD00127527,P0023,C00785,WH05,2025-10-22,2,Damaged,1615.52
RET0006364,ORD00127533,P0025,C00363,WH01,2025-10-30,2,Quality Issue,3572.8
RET0006365,ORD00127541,P0026,C00348,WH04,2025-10-23,2,Wrong Product,4870.3
RET0006366,ORD00127561,P0030,C00308,WH04,2025-10-17,1,Damaged,3121.74
RET0006367,ORD00127570,P0032,C00288,WH03,2025-10-26,1,Damaged,2060.12
RET0006368,ORD00127586,P0035,C00396,WH05,2025-10-17,1,Quality Issue,2019.29
RET0006369,ORD00127597,P0038,C00477,WH01,2025-10-19,2,Damaged,4545.26
RET0006370,ORD00127598,P0038,C00664,WH02,2025-10-21,1,Customer Changed Mind,2272.63
RET0006371,ORD00127619,P0002,C00624,WH03,2025-10-16,2,Wrong Product,1900.9
RET0006372,ORD00127632,P0005,C00903,WH01,2025-10-19,2,Quality Issue,2806.31
RET0006373,ORD00127640,P0006,C00964,WH04,2025-10-24,2,Late Delivery,7245.78
RET0006374,ORD00127664,P0011,C00072,WH03,2025-10-24,2,Customer Changed Mind,1493.22
RET0006375,ORD00127677,P0014,C00353,WH03,2025-10-29,2,Quality Issue,5268.64
RET0006376,ORD00127681,P0015,C00095,WH02,2025-10-27,2,Quality Issue,618.2
RET0006377,ORD00127713,P0021,C00207,WH04,2025-10-29,1,Quality Issue,798.86
RET0006378,ORD00127718,P0022,C00371,WH04,2025-10-20,1,Wrong Product,580.7
RET0006379,ORD00127722,P0023,C00847,WH03,2025-10-18,1,Quality Issue,870.58
RET0006380,ORD00127752,P0029,C00486,WH03,2025-10-23,1,Damaged,4643.0
RET0006381,ORD00127753,P0029,C00947,WH04,2025-11-01,2,Customer Changed Mind,9286.0
RET0006382,ORD00127793,P0038,C00298,WH02,2025-11-01,1,Wrong Product,2159.0
RET0006383,ORD00127812,P0002,C00921,WH01,2025-10-18,2,Customer Changed Mind,1710.81
RET0006384,ORD00127827,P0005,C00614,WH01,2025-10-29,2,Customer Changed Mind,3136.46
RET0006385,ORD00127850,P0009,C00104,WH05,2025-10-26,1,Quality Issue,2886.73
RET0006386,ORD00127879,P0015,C00568,WH04,2025-10-26,2,Wrong Product,650.74
RET0006387,ORD00127897,P0019,C00469,WH02,2025-10-20,1,Quality Issue,2675.49
RET0006388,ORD00127915,P0022,C00172,WH05,2025-10-27,2,Quality Issue,1222.52
RET0006389,ORD00127923,P0024,C00554,WH03,2025-10-24,1,Late Delivery,889.43
RET0006390,ORD00127926,P0025,C00465,WH01,2025-10-30,1,Quality Issue,1786.4
RET0006391,ORD00127937,P0027,C00080,WH02,2025-10-25,1,Quality Issue,692.43
RET0006392,ORD00127943,P0028,C00082,WH03,2025-10-24,2,Customer Changed Mind,7748.91
RET0006393,ORD00127978,P0036,C00837,WH02,2025-10-30,1,Quality Issue,2814.51
RET0006394,ORD00127989,P0038,C00698,WH04,2025-10-30,1,Quality Issue,2272.63
RET0006395,ORD00128018,P0004,C00523,WH03,2025-10-18,2,Customer Changed Mind,4455.4
RET0006396,ORD00128109,P0023,C00273,WH01,2025-10-26,2,Customer Changed Mind,1615.52
RET0006397,ORD00128119,P0025,C00453,WH01,2025-10-18,1,Customer Changed Mind,1607.76
RET0006398,ORD00128122,P0025,C00054,WH04,2025-10-31,1,Quality Issue,1607.76
RET0006399,ORD00128123,P0025,C00502,WH05,2025-10-27,1,Damaged,1732.81
RET0006400,ORD00128158,P0032,C00363,WH05,2025-11-03,2,Wrong Product,4120.24
RET0006401,ORD00128224,P0006,C00602,WH02,2025-10-29,1,Quality Issue,3622.89
RET0006402,ORD00128228,P0007,C00747,WH02,2025-11-03,2,Quality Issue,5026.25
RET0006403,ORD00128235,P0008,C00528,WH04,2025-11-03,2,Quality Issue,1743.62
RET0006404,ORD00128243,P0010,C00832,WH02,2025-10-29,2,Damaged,6921.53
RET0006405,ORD00128254,P0012,C00561,WH03,2025-10-26,1,Quality Issue,3089.32
RET0006406,ORD00128262,P0014,C00478,WH01,2025-11-04,1,Customer Changed Mind,2502.6
RET0006407,ORD00128274,P0016,C00681,WH03,2025-10-27,1,Late Delivery,1110.44
RET0006408,ORD00128285,P0018,C00701,WH04,2025-10-28,1,Quality Issue,1161.36
RET0006409,ORD00128323,P0026,C00553,WH02,2025-11-01,1,Customer Changed Mind,2721.64
RET0006410,ORD00128326,P0026,C00945,WH05,2025-10-19,1,Quality Issue,2721.64
RET0006411,ORD00128331,P0027,C00873,WH05,2025-10-28,1,Quality Issue,769.37
RET0006412,ORD00128344,P0030,C00479,WH03,2025-11-02,2,Customer Changed Mind,6572.08
RET0006413,ORD00128351,P0032,C00816,WH01,2025-11-03,1,Damaged,2060.12
RET0006414,ORD00128360,P0033,C00080,WH05,2025-10-22,2,Late Delivery,4599.63
RET0006415,ORD00128383,P0038,C00078,WH03,2025-10-21,2,Damaged,4318.0
RET0006416,ORD00128384,P0038,C00531,WH04,2025-11-02,2,Quality Issue,4090.73
RET0006417,ORD00128405,P0003,C00837,WH01,2025-10-19,1,Damaged,1098.26
RET0006418,ORD00128407,P0003,C00453,WH03,2025-10-24,1,Quality Issue,1220.29
RET0006419,ORD00128408,P0003,C00647,WH04,2025-11-02,1,Wrong Product,1220.29
RET0006420,ORD00128417,P0005,C00345,WH03,2025-10-23,1,Customer Changed Mind,1403.15
RET0006421,ORD00128429,P0007,C00587,WH05,2025-10-24,2,Damaged,5617.58
RET0006422,ORD00128448,P0011,C00127,WH04,2025-11-02,1,Damaged,709.28
RET0006423,ORD00128479,P0017,C00044,WH05,2025-10-22,1,Customer Changed Mind,1081.39
RET0006424,ORD00128499,P0021,C00160,WH05,2025-10-30,2,Customer Changed Mind,1681.82
RET0006425,ORD00128515,P0025,C00944,WH01,2025-10-27,1,Quality Issue,1732.81
RET0006426,ORD00128522,P0026,C00786,WH03,2025-10-21,2,Quality Issue,5729.76
RET0006427,ORD00128527,P0027,C00046,WH03,2025-11-03,1,Quality Issue,769.37
RET0006428,ORD00128585,P0039,C00939,WH03,2025-10-24,2,Damaged,1311.52
RET0006429,ORD00128591,P0040,C00114,WH04,2025-10-30,1,Damaged,981.2
RET0006430,ORD00128605,P0003,C00381,WH03,2025-10-29,2,Quality Issue,2440.58
RET0006431,ORD00128609,P0004,C00147,WH02,2025-10-24,1,Damaged,2004.93
RET0006432,ORD00128621,P0006,C00852,WH04,2025-10-30,2,Damaged,6883.49
RET0006433,ORD00128624,P0007,C00672,WH03,2025-10-30,1,Quality Issue,2956.62
RET0006434,ORD00128628,P0008,C00317,WH02,2025-10-24,1,Wrong Product,920.25
RET0006435,ORD00128642,P0011,C00555,WH01,2025-11-06,2,Damaged,1418.56
RET0006436,ORD00128645,P0011,C00866,WH04,2025-10-22,1,Damaged,746.61
RET0006437,ORD00128652,P0013,C00882,WH01,2025-10-28,2,Damaged,7228.56
RET0006438,ORD00128660,P0014,C00098,WH04,2025-10-24,2,Quality Issue,4741.78
RET0006439,ORD00128676,P0017,C00850,WH05,2025-10-29,1,Wrong Product,1114.83
RET0006440,ORD00128750,P0032,C00063,WH05,2025-10-31,1,Damaged,1854.11
RET0006441,ORD00128828,P0008,C00143,WH04,2025-11-06,2,Damaged,1879.24
RET0006442,ORD00128862,P0015,C00226,WH04,2025-11-01,1,Wrong Product,309.1
RET0006443,ORD00128865,P0016,C00501,WH02,2025-11-04,2,Wrong Product,1998.79
RET0006444,ORD00128879,P0019,C00116,WH01,2025-10-27,1,Wrong Product,2758.24
RET0006445,ORD00128880,P0019,C00092,WH02,2025-10-21,1,Quality Issue,2758.24
RET0006446,ORD00128893,P0021,C00523,WH05,2025-11-05,1,Quality Issue,840.91
RET0006447,ORD00128916,P0026,C00820,WH03,2025-10-25,1,Customer Changed Mind,2578.39
RET0006448,ORD00128933,P0029,C00895,WH05,2025-11-04,2,Damaged,9286.0
RET0006449,ORD00128942,P0031,C00634,WH04,2025-11-02,1,Customer Changed Mind,660.48
RET0006450,ORD00128968,P0037,C00396,WH01,2025-10-24,2,Customer Changed Mind,3304.96
RET0006451,ORD00128995,P0002,C00047,WH04,2025-11-03,1,Quality Issue,950.45
RET0006452,ORD00128997,P0003,C00834,WH01,2025-11-01,1,Quality Issue,1220.29
RET0006453,ORD00129002,P0004,C00058,WH01,2025-10-22,1,Damaged,2116.31
RET0006454,ORD00129017,P0007,C00854,WH01,2025-10-30,1,Quality Issue,2867.92
RET0006455,ORD00129040,P0011,C00845,WH04,2025-11-02,2,Customer Changed Mind,1343.9
RET0006456,ORD00129063,P0016,C00922,WH04,2025-10-28,2,Customer Changed Mind,1998.79
RET0006457,ORD00129100,P0024,C00007,WH02,2025-10-22,1,Damaged,844.96
RET0006458,ORD00129125,P0029,C00820,WH02,2025-10-24,1,Customer Changed Mind,4643.0
RET0006459,ORD00129128,P0029,C00136,WH05,2025-11-01,1,Damaged,4643.0
RET0006460,ORD00129149,P0034,C00553,WH01,2025-10-26,2,Customer Changed Mind,7403.24
RET0006461,ORD00129155,P0035,C00911,WH02,2025-10-30,2,Quality Issue,3613.47
RET0006462,ORD00129158,P0035,C00115,WH05,2025-11-08,1,Customer Changed Mind,2061.8
RET0006463,ORD00129238,P0013,C00366,WH01,2025-11-04,1,Customer Changed Mind,3505.85
RET0006464,ORD00129290,P0023,C00945,WH04,2025-11-08,1,Quality Issue,852.63
RET0006465,ORD00129296,P0024,C00756,WH05,2025-11-04,1,Damaged,862.75
RET0006466,ORD00129299,P0025,C00936,WH03,2025-11-01,2,Wrong Product,3572.8
RET0006467,ORD00129305,P0026,C00295,WH04,2025-11-04,2,Quality Issue,5729.76
RET0006468,ORD00129333,P0032,C00887,WH03,2025-11-06,2,Customer Changed Mind,3708.22
RET0006469,ORD00129346,P0035,C00248,WH02,2025-10-27,2,Late Delivery,4251.14
RET0006470,ORD00129354,P0036,C00589,WH05,2025-11-08,1,Wrong Product,2673.78
RET0006471,ORD00129358,P0037,C00889,WH04,2025-11-05,1,Damaged,1836.09
RET0006472,ORD00129368,P0039,C00353,WH04,2025-11-04,2,Customer Changed Mind,1245.94
RET0006473,ORD00129372,P0040,C00772,WH03,2025-11-07,1,Late Delivery,1011.55
RET0006474,ORD00129390,P0004,C00992,WH01,2025-11-09,2,Damaged,4232.63
RET0006475,ORD00129398,P0005,C00094,WH04,2025-10-29,1,Quality Issue,1485.69
RET0006476,ORD00129409,P0007,C00010,WH05,2025-11-08,2,Quality Issue,5321.92
RET0006477,ORD00129421,P0010,C00255,WH02,2025-11-06,1,Customer Changed Mind,3389.41
RET0006478,ORD00129452,P0016,C00186,WH03,2025-10-31,2,Damaged,2154.25
RET0006479,ORD00129565,P0039,C00695,WH01,2025-11-03,2,Quality Issue,1272.17
RET0006480,ORD00129591,P0004,C00811,WH03,2025-11-08,2,Damaged,4455.4
RET0006481,ORD00129596,P0005,C00788,WH03,2025-10-27,2,Customer Changed Mind,3301.54
RET0006482,ORD00129605,P0007,C00940,WH03,2025-10-26,2,Damaged,5321.92
RET0006483,ORD00129626,P0012,C00179,WH02,2025-10-26,1,Wrong Product,3089.32
RET0006484,ORD00129653,P0018,C00126,WH02,2025-10-29,1,Customer Changed Mind,1297.99
RET0006485,ORD00129664,P0020,C00424,WH03,2025-11-02,2,Late Delivery,5462.5
RET0006486,ORD00129671,P0021,C00788,WH05,2025-11-10,1,Wrong Product,840.91
RET0006487,ORD00129688,P0025,C00608,WH05,2025-11-03,1,Quality Issue,1786.4
RET0006488,ORD00129729,P0034,C00709,WH04,2025-10-29,2,Customer Changed Mind,7979.05
RET0006489,ORD00129794,P0007,C00005,WH05,2025-11-05,2,Quality Issue,5735.84
RET0006490,ORD00129802,P0009,C00569,WH04,2025-10-27,1,Late Delivery,3207.48
RET0006491,ORD00129806,P0010,C00871,WH03,2025-11-01,1,Quality Issue,3460.77
RET0006492,ORD00129832,P0015,C00437,WH05,2025-11-02,1,Customer Changed Mind,325.37
RET0006493,ORD00129833,P0016,C00065,WH01,2025-11-11,2,Wrong Product,2109.84
RET0006494,ORD00129882,P0026,C00682,WH01,2025-11-08,1,Quality Issue,2721.64
RET0006495,ORD00129894,P0028,C00787,WH03,2025-11-10,2,Wrong Product,8609.9
RET0006496,ORD00129899,P0029,C00538,WH03,2025-11-10,1,Quality Issue,4178.7
RET0006497,ORD00129908,P0031,C00562,WH02,2025-11-10,2,Damaged,1320.96
RET0006498,ORD00129910,P0031,C00331,WH04,2025-10-30,2,Damaged,1254.91
RET0006499,ORD00129913,P0032,C00688,WH02,2025-10-28,2,Damaged,3914.23
RET0006500,ORD00129931,P0035,C00391,WH05,2025-11-01,2,Damaged,4251.14
RET0006501,ORD00129934,P0036,C00117,WH03,2025-11-07,2,Wrong Product,5347.57
RET0006502,ORD00129949,P0039,C00421,WH03,2025-11-06,2,Quality Issue,1311.52
RET0006503,ORD00129965,P0002,C00826,WH05,2025-11-04,1,Damaged,950.45
RET0006504,ORD00129999,P0009,C00526,WH04,2025-11-10,2,Wrong Product,6222.51
RET0006505,ORD00130023,P0014,C00075,WH03,2025-11-03,1,Customer Changed Mind,2555.29
RET0006506,ORD00130030,P0015,C00594,WH05,2025-11-10,1,Quality Issue,325.37
RET0006507,ORD00130058,P0021,C00324,WH03,2025-10-29,2,Late Delivery,1681.82
RET0006508,ORD00130064,P0022,C00714,WH04,2025-10-27,2,Quality Issue,1222.52
RET0006509,ORD00130065,P0022,C00869,WH05,2025-10-27,1,Damaged,580.7
RET0006510,ORD00130079,P0025,C00131,WH05,2025-11-02,2,Damaged,3572.8
RET0006511,ORD00130134,P0037,C00941,WH01,2025-10-31,2,Customer Changed Mind,3562.01
RET0006512,ORD00130182,P0006,C00286,WH04,2025-11-02,2,Quality Issue,7245.78
RET0006513,ORD00130195,P0009,C00678,WH03,2025-11-14,1,Quality Issue,3207.48
RET0006514,ORD00130202,P0010,C00827,WH05,2025-11-04,2,Customer Changed Mind,6778.82
RET0006515,ORD00130218,P0014,C00041,WH01,2025-10-28,1,Quality Issue,2370.89
RET0006516,ORD00130232,P0016,C00855,WH05,2025-10-29,1,Damaged,1054.92
RET0006517,ORD00130240,P0018,C00083,WH03,2025-10-29,1,Customer Changed Mind,1229.68
RET0006518,ORD00130243,P0019,C00269,WH01,2025-11-06,2,Customer Changed Mind,4964.83
RET0006519,ORD00130246,P0019,C00944,WH04,2025-11-08,2,Quality Issue,5240.66
RET0006520,ORD00130275,P0025,C00987,WH03,2025-10-28,1,Quality Issue,1786.4
RET0006521,ORD00130282,P0026,C00609,WH05,2025-10-31,2,Late Delivery,5443.27
RET0006522,ORD00130284,P0027,C00814,WH02,2025-11-08,1,Damaged,769.37
RET0006523,ORD00130285,P0027,C00174,WH03,2025-10-28,1,Quality Issue,769.37
RET0006524,ORD00130292,P0028,C00409,WH05,2025-11-02,2,Quality Issue,7748.91
RET0006525,ORD00130306,P0031,C00052,WH04,2025-11-04,2,Damaged,1320.96
RET0006526,ORD00130312,P0032,C00171,WH05,2025-11-02,1,Late Delivery,1854.11
RET0006527,ORD00130320,P0034,C00605,WH03,2025-11-08,1,Quality Issue,4112.91
RET0006528,ORD00130323,P0035,C00826,WH01,2025-11-14,2,Quality Issue,4123.61
RET0006529,ORD00130325,P0035,C00107,WH03,2025-11-03,2,Damaged,3826.03
RET0006530,ORD00130350,P0040,C00478,WH03,2025-11-13,1,Quality Issue,960.97
RET0006531,ORD00130352,P0040,C00053,WH05,2025-11-14,2,Quality Issue,1921.94
RET0006532,ORD00130374,P0005,C00709,WH02,2025-11-12,2,Late Delivery,3301.54
RET0006533,ORD00130402,P0010,C00584,WH05,2025-11-13,1,Customer Changed Mind,3567.8
RET0006534,ORD00130419,P0014,C00242,WH02,2025-11-13,2,Quality Issue,5268.64
RET0006535,ORD00130420,P0014,C00736,WH03,2025-11-01,2,Damaged,5268.64
RET0006536,ORD00130428,P0016,C00592,WH01,2025-10-29,1,Quality Issue,943.87
RET0006537,ORD00130431,P0016,C00987,WH04,2025-11-09,1,Quality Issue,1054.92
RET0006538,ORD00130437,P0017,C00327,WH05,2025-11-09,1,Damaged,1059.09
RET0006539,ORD00130447,P0019,C00607,WH05,2025-11-15,1,Damaged,2758.24
RET0006540,ORD00130453,P0021,C00157,WH01,2025-11-02,1,Customer Changed Mind,756.82
RET0006541,ORD00130478,P0026,C00427,WH01,2025-11-10,1,Wrong Product,2778.93
RET0006542,ORD00130481,P0026,C00127,WH04,2025-11-12,1,Quality Issue,2864.88
RET0006543,ORD00130508,P0032,C00748,WH01,2025-11-12,1,Late Delivery,2060.12
RET0006544,ORD00130553,P0001,C00283,WH03,2025-11-10,1,Damaged,1744.24
RET0006545,ORD00130618,P0015,C00486,WH03,2025-11-09,1,Quality Issue,325.37
RET0006546,ORD00130626,P0017,C00380,WH01,2025-10-31,1,Wrong Product,947.61
RET0006547,ORD00130640,P0020,C00127,WH01,2025-11-08,2,Quality Issue,5159.02
RET0006548,ORD00130651,P0022,C00148,WH02,2025-11-06,1,Damaged,550.13
RET0006549,ORD00130678,P0027,C00586,WH04,2025-11-03,2,Customer Changed Mind,1384.87
RET0006550,ORD00130680,P0028,C00528,WH01,2025-11-04,2,Quality Issue,8609.9
RET0006551,ORD00130691,P0030,C00310,WH02,2025-10-30,1,Wrong Product,3286.04
RET0006552,ORD00130769,P0007,C00250,WH02,2025-11-06,1,Quality Issue,2808.79
RET0006553,ORD00130780,P0009,C00463,WH03,2025-11-11,2,Wrong Product,6414.96
RET0006554,ORD00130781,P0009,C00957,WH04,2025-11-04,2,Quality Issue,6094.21
RET0006555,ORD00130782,P0009,C00017,WH05,2025-11-16,1,Quality Issue,3047.11
RET0006556,ORD00130797,P0013,C00756,WH01,2025-11-17,2,Damaged,6144.28
RET0006557,ORD00130801,P0014,C00038,WH01,2025-11-04,2,Wrong Product,5110.58
RET0006558,ORD00130806,P0015,C00892,WH01,2025-11-05,1,Quality Issue,325.37
RET0006559,ORD00130810,P0015,C00664,WH05,2025-11-08,1,Wrong Product,325.37
RET0006560,ORD00130821,P0018,C00387,WH01,2025-11-06,1,Quality Issue,1366.31
RET0006561,ORD00130829,P0019,C00648,WH04,2025-11-10,1,Damaged,2758.24
RET0006562,ORD00130861,P0026,C00601,WH02,2025-11-11,2,Damaged,5557.87
RET0006563,ORD00130872,P0028,C00904,WH03,2025-11-14,1,Quality Issue,3874.46
RET0006564,ORD00130894,P0032,C00055,WH05,2025-11-11,2,Late Delivery,3708.22
RET0006565,ORD00130945,P0003,C00274,WH03,2025-11-04,2,Damaged,2318.55
RET0006566,ORD00130953,P0005,C00214,WH01,2025-11-11,1,Customer Changed Mind,1650.77
RET0006567,ORD00130954,P0005,C00049,WH02,2025-11-08,2,Damaged,3301.54
RET0006568,ORD00130970,P0008,C00828,WH03,2025-11-09,2,Damaged,1879.24
RET0006569,ORD00130984,P0011,C00078,WH02,2025-11-03,2,Customer Changed Mind,1448.42
RET0006570,ORD00131003,P0015,C00122,WH02,2025-11-01,1,Wrong Product,315.61
RET0006571,ORD00131033,P0021,C00803,WH02,2025-11-01,2,Customer Changed Mind,1597.73
RET0006572,ORD00131067,P0028,C00611,WH01,2025-11-13,1,Damaged,4304.95
RET0006573,ORD00131083,P0031,C00174,WH02,2025-11-08,2,Customer Changed Mind,1254.91
RET0006574,ORD00131188,P0013,C00209,WH03,2025-11-02,1,Customer Changed Mind,3614.28
RET0006575,ORD00131194,P0014,C00021,WH04,2025-11-09,1,Damaged,2634.32
RET0006576,ORD00131196,P0015,C00625,WH01,2025-11-18,2,Customer Changed Mind,650.74
RET0006577,ORD00131198,P0015,C00315,WH03,2025-11-02,2,Damaged,650.74
RET0006578,ORD00131217,P0019,C00340,WH02,2025-11-09,1,Customer Changed Mind,2620.33
RET0006579,ORD00131231,P0022,C00264,WH02,2025-11-17,2,Late Delivery,1222.52
RET0006580,ORD00131232,P0022,C00746,WH03,2025-11-08,1,Late Delivery,611.26
RET0006581,ORD00131235,P0023,C00897,WH01,2025-11-18,2,Wrong Product,1795.02
RET0006582,ORD00131271,P0030,C00848,WH04,2025-11-09,1,Customer Changed Mind,3286.04
RET0006583,ORD00131321,P0001,C00787,WH03,2025-11-16,2,Customer Changed Mind,3416.56
RET0006584,ORD00131377,P0012,C00679,WH05,2025-11-12,2,Quality Issue,6178.64
RET0006585,ORD00131387,P0015,C00491,WH02,2025-11-06,1,Damaged,325.37
RET0006586,ORD00131392,P0016,C00506,WH02,2025-11-06,1,Quality Issue,1110.44
RET0006587,ORD00131404,P0018,C00185,WH04,2025-11-15,1,Quality Issue,1366.31
RET0006588,ORD00131427,P0023,C00598,WH02,2025-11-12,2,Late Delivery,1795.02
RET0006589,ORD00131435,P0024,C00522,WH05,2025-11-06,2,Wrong Product,1778.86
RET0006590,ORD00131454,P0028,C00263,WH04,2025-11-20,1,Damaged,4304.95
RET0006591,ORD00131462,P0030,C00043,WH02,2025-11-13,2,Quality Issue,5914.87
RET0006592,ORD00131472,P0032,C00751,WH02,2025-11-18,1,Customer Changed Mind,2060.12
RET0006593,ORD00131479,P0033,C00851,WH04,2025-11-20,2,Damaged,5110.7
RET0006594,ORD00131485,P0034,C00635,WH05,2025-11-18,2,Wrong Product,7403.24
RET0006595,ORD00131489,P0035,C00064,WH04,2025-11-11,2,Late Delivery,4038.58
RET0006596,ORD00131509,P0039,C00920,WH04,2025-11-03,1,Damaged,655.76
RET0006597,ORD00131533,P0004,C00703,WH03,2025-11-12,1,Quality Issue,2004.93
RET0006598,ORD00131553,P0008,C00519,WH03,2025-11-12,2,Quality Issue,1937.36
RET0006599,ORD00131574,P0012,C00916,WH05,2025-11-06,1,Quality Issue,3089.32
RET0006600,ORD00131576,P0013,C00152,WH03,2025-11-11,2,Damaged,7228.56
RET0006601,ORD00131600,P0018,C00227,WH02,2025-11-10,2,Quality Issue,2732.62
RET0006602,ORD00131639,P0026,C00157,WH01,2025-11-14,2,Quality Issue,5443.27
RET0006603,ORD00131643,P0026,C00922,WH05,2025-11-20,2,Quality Issue,5443.27
RET0006604,ORD00131677,P0033,C00860,WH04,2025-11-07,2,Quality Issue,5110.7
RET0006605,ORD00131696,P0037,C00396,WH03,2025-11-11,2,Customer Changed Mind,3304.96
RET0006606,ORD00131718,P0002,C00021,WH01,2025-11-17,2,Quality Issue,1710.81
RET0006607,ORD00131726,P0003,C00294,WH04,2025-11-08,1,Wrong Product,1220.29
RET0006608,ORD00131738,P0006,C00118,WH02,2025-11-13,1,Quality Issue,3622.89
RET0006609,ORD00131752,P0009,C00882,WH02,2025-11-17,1,Quality Issue,3047.11
RET0006610,ORD00131765,P0011,C00698,WH05,2025-11-21,1,Quality Issue,746.61
RET0006611,ORD00131801,P0019,C00976,WH01,2025-11-14,2,Customer Changed Mind,5516.48
RET0006612,ORD00131845,P0027,C00343,WH05,2025-11-09,2,Quality Issue,1384.87
RET0006613,ORD00131860,P0030,C00912,WH05,2025-11-20,1,Damaged,3121.74
RET0006614,ORD00131912,P0001,C00595,WH03,2025-11-16,2,Quality Issue,3596.38
RET0006615,ORD00131922,P0003,C00989,WH03,2025-11-18,1,Late Delivery,1220.29
RET0006616,ORD00131953,P0009,C00319,WH05,2025-11-20,2,Quality Issue,6414.96
RET0006617,ORD00131987,P0016,C00277,WH04,2025-11-21,1,Damaged,1110.44
RET0006618,ORD00131994,P0018,C00042,WH01,2025-11-16,1,Wrong Product,1297.99
RET0006619,ORD00131999,P0019,C00399,WH01,2025-11-12,2,Quality Issue,4964.83
RET0006620,ORD00132004,P0020,C00393,WH01,2025-11-08,1,Quality Issue,2731.25
RET0006621,ORD00132010,P0021,C00599,WH02,2025-11-16,1,Wrong Product,756.82
RET0006622,ORD00132018,P0022,C00991,WH05,2025-11-07,1,Quality Issue,519.57
RET0006623,ORD00132076,P0035,C00559,WH03,2025-11-20,1,Quality Issue,1806.73
RET0006624,ORD00132083,P0036,C00674,WH05,2025-11-19,2,Damaged,5629.02
RET0006625,ORD00132100,P0040,C00732,WH02,2025-11-20,1,Quality Issue,859.82
RET0006626,ORD00132116,P0003,C00918,WH03,2025-11-21,1,Wrong Product,1220.29
RET0006627,ORD00132117,P0003,C00685,WH04,2025-11-22,1,Customer Changed Mind,1220.29
RET0006628,ORD00132125,P0005,C00555,WH02,2025-11-18,1,Damaged,1650.77
RET0006629,ORD00132137,P0007,C00963,WH05,2025-11-12,2,Quality Issue,5026.25
RET0006630,ORD00132166,P0014,C00363,WH02,2025-11-20,2,Customer Changed Mind,5110.58
RET0006631,ORD00132180,P0017,C00838,WH01,2025-11-23,2,Customer Changed Mind,2229.66
RET0006632,ORD00132212,P0023,C00295,WH03,2025-11-14,2,Quality Issue,1795.02
RET0006633,ORD00132237,P0028,C00237,WH03,2025-11-10,2,Wrong Product,8609.9
RET0006634,ORD00132239,P0028,C00091,WH05,2025-11-09,1,Damaged,3874.46
RET0006635,ORD00132244,P0029,C00418,WH05,2025-11-21,1,Customer Changed Mind,4643.0
RET0006636,ORD00132249,P0030,C00545,WH05,2025-11-11,1,Quality Issue,3286.04
RET0006637,ORD00132261,P0033,C00566,WH02,2025-11-13,2,Quality Issue,5110.7
RET0006638,ORD00132276,P0036,C00226,WH03,2025-11-09,2,Customer Changed Mind,5629.02
RET0006639,ORD00132296,P0040,C00177,WH03,2025-11-21,2,Customer Changed Mind,2023.1
RET0006640,ORD00132297,P0040,C00151,WH04,2025-11-15,1,Damaged,960.97
RET0006641,ORD00132345,P0010,C00786,WH03,2025-11-20,2,Quality Issue,6921.53
RET0006642,ORD00132359,P0013,C00605,WH02,2025-11-15,2,Wrong Product,7011.7
RET0006643,ORD00132361,P0013,C00409,WH04,2025-11-15,1,Quality Issue,3505.85
RET0006644,ORD00132365,P0014,C00623,WH03,2025-11-21,2,Quality Issue,4741.78
RET0006645,ORD00132417,P0024,C00093,WH05,2025-11-14,1,Customer Changed Mind,889.43
RET0006646,ORD00132430,P0027,C00424,WH03,2025-11-13,2,Quality Issue,1538.74
RET0006647,ORD00132443,P0030,C00444,WH01,2025-11-19,2,Quality Issue,6374.92
RET0006648,ORD00132445,P0030,C00974,WH03,2025-11-25,2,Quality Issue,6572.08
RET0006649,ORD00132487,P0038,C00651,WH05,2025-11-08,1,Wrong Product,2272.63
RET0006650,ORD00132489,P0039,C00444,WH02,2025-11-15,1,Quality Issue,622.97
RET0006651,ORD00132561,P0013,C00601,WH04,2025-11-19,1,Customer Changed Mind,3072.14
RET0006652,ORD00132570,P0015,C00298,WH03,2025-11-26,1,Late Delivery,325.37
RET0006653,ORD00132576,P0016,C00734,WH04,2025-11-10,2,Customer Changed Mind,2220.88
RET0006654,ORD00132588,P0019,C00806,WH01,2025-11-22,1,Damaged,2620.33
RET0006655,ORD00132595,P0020,C00158,WH03,2025-11-15,1,Damaged,3034.72
RET0006656,ORD00132673,P0036,C00317,WH03,2025-11-24,1,Damaged,2392.33
RET0006657,ORD00132689,P0039,C00849,WH04,2025-11-13,1,Damaged,622.97
RET0006658,ORD00132721,P0006,C00263,WH02,2025-11-19,2,Late Delivery,7245.78
RET0006659,ORD00132744,P0010,C00894,WH05,2025-11-15,1,Customer Changed Mind,3567.8
RET0006660,ORD00132789,P0020,C00487,WH01,2025-11-16,1,Damaged,2882.98
RET0006661,ORD00132795,P0021,C00919,WH02,2025-11-24,2,Quality Issue,1681.82
RET0006662,ORD00132808,P0023,C00809,WH05,2025-11-18,2,Wrong Product,1525.77
RET0006663,ORD00132867,P0036,C00130,WH01,2025-11-19,2,Quality Issue,5347.57
RET0006664,ORD00132869,P0036,C00933,WH03,2025-11-19,1,Wrong Product,2730.07
RET0006665,ORD00132895,P0001,C00983,WH04,2025-11-12,2,Quality Issue,3416.56
RET0006666,ORD00132922,P0007,C00989,WH02,2025-11-26,2,Customer Changed Mind,5913.24
RET0006667,ORD00132936,P0010,C00471,WH01,2025-11-15,2,Wrong Product,6778.82
RET0006668,ORD00132997,P0022,C00343,WH02,2025-11-11,1,Damaged,611.26
RET0006669,ORD00133015,P0025,C00056,WH05,2025-11-21,1,Quality Issue,1697.08
RET0006670,ORD00133030,P0028,C00422,WH05,2025-11-14,2,Wrong Product,8179.4
RET0006671,ORD00133047,P0032,C00787,WH02,2025-11-27,1,Damaged,1751.1
RET0006672,ORD00133074,P0037,C00576,WH04,2025-11-12,1,Quality Issue,1652.48
RET0006673,ORD00133108,P0004,C00836,WH03,2025-11-16,1,Damaged,2227.7
RET0006674,ORD00133112,P0005,C00793,WH02,2025-11-21,1,Damaged,1650.77
RET0006675,ORD00133116,P0006,C00509,WH01,2025-11-18,1,Customer Changed Mind,3260.6
RET0006676,ORD00133121,P0007,C00912,WH02,2025-11-28,1,Quality Issue,2808.79
RET0006677,ORD00133125,P0008,C00863,WH01,2025-11-12,2,Damaged,1937.36
RET0006678,ORD00133140,P0011,C00561,WH01,2025-11-29,1,Wrong Product,746.61
RET0006679,ORD00133167,P0017,C00815,WH01,2025-11-25,2,Quality Issue,2006.69
RET0006680,ORD00133247,P0033,C00937,WH01,2025-11-23,2,Damaged,5110.7
RET0006681,ORD00133253,P0034,C00038,WH03,2025-11-18,2,Customer Changed Mind,7814.53
RET0006682,ORD00133260,P0035,C00360,WH05,2025-11-15,2,Wrong Product,4038.58
RET0006683,ORD00133261,P0036,C00681,WH01,2025-11-25,2,Damaged,5629.02
RET0006684,ORD00133299,P0003,C00911,WH05,2025-11-29,1,Wrong Product,1159.28
RET0006685,ORD00133306,P0005,C00438,WH02,2025-11-16,2,Quality Issue,2971.39
RET0006686,ORD00133326,P0009,C00372,WH02,2025-11-23,2,Damaged,6414.96
RET0006687,ORD00133347,P0013,C00132,WH05,2025-11-21,2,Late Delivery,7228.56
RET0006688,ORD00133349,P0014,C00351,WH02,2025-11-16,2,Wrong Product,5005.21
RET0006689,ORD00133360,P0016,C00824,WH03,2025-11-28,2,Damaged,2220.88
RET0006690,ORD00133362,P0016,C00920,WH05,2025-11-18,1,Damaged,1054.92
RET0006691,ORD00133364,P0017,C00301,WH02,2025-11-27,1,Damaged,1114.83
RET0006692,ORD00133368,P0018,C00788,WH01,2025-11-13,2,Quality Issue,2732.62
RET0006693,ORD00133379,P0020,C00509,WH02,2025-11-29,1,Wrong Product,3034.72
RET0006694,ORD00133386,P0021,C00406,WH04,2025-11-18,2,Wrong Product,1681.82
RET0006695,ORD00133388,P0022,C00429,WH03,2025-11-27,1,Damaged,611.26
RET0006696,ORD00133438,P0033,C00686,WH01,2025-11-26,2,Quality Issue,5110.7
RET0006697,ORD00133452,P0036,C00373,WH04,2025-11-24,1,Damaged,2814.51
RET0006698,ORD00133471,P0040,C00398,WH04,2025-11-15,1,Quality Issue,1011.55
RET0006699,ORD00133472,P0040,C00424,WH05,2025-11-17,1,Customer Changed Mind,1011.55
RET0006700,ORD00133503,P0007,C00468,WH02,2025-11-15,2,Damaged,5913.24
RET0006701,ORD00133541,P0014,C00804,WH05,2025-11-20,2,Quality Issue,4741.78
RET0006702,ORD00133546,P0015,C00405,WH05,2025-11-29,2,Customer Changed Mind,650.74
RET0006703,ORD00133555,P0017,C00056,WH04,2025-11-19,2,Late Delivery,2229.66
RET0006704,ORD00133575,P0021,C00283,WH04,2025-11-26,2,Quality Issue,1597.73
RET0006705,ORD00133588,P0024,C00567,WH03,2025-11-20,1,Damaged,800.49
RET0006706,ORD00133590,P0025,C00266,WH02,2025-11-14,2,Damaged,3572.8
RET0006707,ORD00133592,P0025,C00504,WH04,2025-11-15,1,Quality Issue,1607.76
RET0006708,ORD00133627,P0032,C00082,WH04,2025-11-21,2,Damaged,3708.22
RET0006709,ORD00133669,P0001,C00155,WH01,2025-11-29,1,Customer Changed Mind,1708.28
RET0006710,ORD00133715,P0010,C00883,WH05,2025-11-17,1,Quality Issue,3211.02
RET0006711,ORD00133720,P0011,C00510,WH05,2025-11-16,2,Quality Issue,1448.42
RET0006712,ORD00133746,P0017,C00830,WH03,2025-11-26,2,Wrong Product,1895.21
RET0006713,ORD00133785,P0025,C00451,WH04,2025-11-16,2,Quality Issue,3465.62
RET0006714,ORD00133826,P0034,C00500,WH01,2025-12-02,1,Customer Changed Mind,4112.91
RET0006715,ORD00133832,P0035,C00549,WH02,2025-11-17,1,Customer Changed Mind,1913.01
RET0006716,ORD00133857,P0040,C00398,WH03,2025-11-15,2,Wrong Product,1962.41
RET0006717,ORD00133902,P0009,C00442,WH04,2025-11-25,1,Customer Changed Mind,3207.48
RET0006718,ORD00133914,P0012,C00823,WH01,2025-11-28,1,Wrong Product,3089.32
RET0006719,ORD00133925,P0014,C00870,WH04,2025-11-25,2,Customer Changed Mind,5005.21
RET0006720,ORD00133952,P0020,C00162,WH01,2025-12-03,1,Damaged,3034.72
RET0006721,ORD00133979,P0025,C00187,WH03,2025-11-23,1,Damaged,1697.08
RET0006722,ORD00133990,P0027,C00153,WH04,2025-11-29,1,Damaged,730.9
RET0006723,ORD00133994,P0028,C00655,WH03,2025-11-26,2,Damaged,7318.41
RET0006724,ORD00134011,P0032,C00947,WH01,2025-11-26,2,Quality Issue,3708.22
RET0006725,ORD00134012,P0032,C00897,WH02,2025-11-20,1,Damaged,1998.32
RET0006726,ORD00134013,P0032,C00677,WH03,2025-11-28,1,Damaged,1957.11
RET0006727,ORD00134015,P0032,C00115,WH05,2025-11-17,1,Quality Issue,1751.1
RET0006728,ORD00134045,P0039,C00613,WH01,2025-11-21,1,Quality Issue,622.97
RET0006729,ORD00134054,P0040,C00042,WH05,2025-11-23,1,Customer Changed Mind,1011.55
RET0006730,ORD00134055,P0001,C00500,WH01,2025-12-01,1,Damaged,1708.28
RET0006731,ORD00134056,P0001,C00485,WH02,2025-11-26,1,Wrong Product,1618.37
RET0006732,ORD00134063,P0002,C00571,WH04,2025-11-22,2,Damaged,1900.9
RET0006733,ORD00134084,P0006,C00448,WH05,2025-11-21,1,Wrong Product,3622.89
RET0006734,ORD00134118,P0013,C00152,WH04,2025-11-17,2,Customer Changed Mind,6867.13
RET0006735,ORD00134126,P0015,C00571,WH02,2025-11-26,2,Quality Issue,585.67
RET0006736,ORD00134146,P0019,C00647,WH02,2025-12-04,2,Late Delivery,5350.99
RET0006737,ORD00134151,P0020,C00821,WH02,2025-11-19,1,Quality Issue,2943.68
RET0006738,ORD00134156,P0021,C00900,WH02,2025-12-04,1,Damaged,840.91
RET0006739,ORD00134193,P0028,C00251,WH05,2025-11-22,1,Customer Changed Mind,4304.95
RET0006740,ORD00134201,P0030,C00910,WH03,2025-11-21,1,Quality Issue,3187.46
RET0006741,ORD00134224,P0035,C00337,WH02,2025-11-24,1,Damaged,2125.57
RET0006742,ORD00134258,P0002,C00937,WH01,2025-11-28,2,Damaged,1805.86
RET0006743,ORD00134270,P0004,C00458,WH03,2025-12-01,1,Quality Issue,2227.7
RET0006744,ORD00134275,P0005,C00541,WH03,2025-11-23,1,Quality Issue,1650.77
RET0006745,ORD00134277,P0005,C00001,WH05,2025-12-04,1,Quality Issue,1485.69
RET0006746,ORD00134283,P0007,C00181,WH01,2025-11-28,2,Quality Issue,5913.24
RET0006747,ORD00134292,P0008,C00607,WH05,2025-11-25,2,Customer Changed Mind,1937.36
RET0006748,ORD00134303,P0011,C00501,WH02,2025-11-21,2,Damaged,1493.22
RET0006749,ORD00134319,P0014,C00931,WH05,2025-11-28,1,Damaged,2634.32
RET0006750,ORD00134371,P0025,C00066,WH02,2025-11-21,2,Customer Changed Mind,3036.88
RET0006751,ORD00134405,P0032,C00599,WH02,2025-11-23,1,Quality Issue,1957.11
RET0006752,ORD00134437,P0038,C00325,WH05,2025-11-23,2,Quality Issue,4545.26
RET0006753,ORD00134466,P0004,C00024,WH04,2025-11-23,2,Customer Changed Mind,4009.86
RET0006754,ORD00134479,P0007,C00277,WH04,2025-12-02,2,Wrong Product,5617.58
RET0006755,ORD00134566,P0026,C00014,WH01,2025-12-03,2,Damaged,5729.76
RET0006756,ORD00134585,P0029,C00124,WH05,2025-11-29,2,Quality Issue,9286.0
RET0006757,ORD00134597,P0032,C00888,WH02,2025-12-06,1,Customer Changed Mind,2060.12
RET0006758,ORD00134620,P0037,C00569,WH01,2025-12-05,2,Wrong Product,3304.96
RET0006759,ORD00134642,P0001,C00681,WH04,2025-12-04,1,Damaged,1708.28
RET0006760,ORD00134643,P0001,C00806,WH05,2025-12-02,2,Quality Issue,3488.49
RET0006761,ORD00134650,P0003,C00809,WH02,2025-12-07,1,Quality Issue,1098.26
RET0006762,ORD00134657,P0004,C00017,WH04,2025-11-21,1,Damaged,1893.54
RET0006763,ORD00134673,P0008,C00301,WH02,2025-12-04,1,Wrong Product,920.25
RET0006764,ORD00134680,P0009,C00672,WH04,2025-11-23,1,Customer Changed Mind,3207.48
RET0006765,ORD00134686,P0010,C00110,WH05,2025-11-21,1,Quality Issue,3389.41
RET0006766,ORD00134748,P0023,C00286,WH03,2025-11-21,1,Customer Changed Mind,852.63
RET0006767,ORD00134754,P0024,C00544,WH04,2025-11-24,1,Wrong Product,889.43
RET0006768,ORD00134757,P0025,C00989,WH02,2025-11-27,2,Damaged,3572.8
RET0006769,ORD00134776,P0029,C00619,WH01,2025-11-25,1,Wrong Product,4643.0
RET0006770,ORD00134819,P0037,C00290,WH05,2025-12-06,1,Damaged,1744.29
RET0006771,ORD00134823,P0038,C00834,WH04,2025-11-23,2,Damaged,4545.26
RET0006772,ORD00134829,P0039,C00694,WH05,2025-11-26,1,Damaged,622.97
RET0006773,ORD00134870,P0008,C00678,WH04,2025-12-01,1,Damaged,939.62
RET0006774,ORD00134892,P0013,C00580,WH01,2025-11-29,1,Late Delivery,3433.57
RET0006775,ORD00134905,P0015,C00517,WH04,2025-11-29,2,Damaged,650.74
RET0006776,ORD00134922,P0019,C00318,WH03,2025-11-27,1,Damaged,2758.24
RET0006777,ORD00134964,P0028,C00410,WH01,2025-11-26,1,Damaged,3659.21
RET0006778,ORD00134966,P0028,C00758,WH03,2025-12-06,2,Damaged,8179.4
RET0006779,ORD00134978,P0030,C00139,WH05,2025-12-04,2,Damaged,6572.08
RET0006780,ORD00134979,P0031,C00135,WH01,2025-12-05,1,Customer Changed Mind,660.48
RET0006781,ORD00134983,P0031,C00633,WH05,2025-11-28,1,Damaged,660.48
RET0006782,ORD00135007,P0036,C00553,WH05,2025-12-01,2,Damaged,5347.57
RET0006783,ORD00135035,P0002,C00649,WH03,2025-12-03,2,Customer Changed Mind,1900.9
RET0006784,ORD00135054,P0006,C00782,WH02,2025-12-09,2,Quality Issue,6521.2
RET0006785,ORD00135074,P0010,C00498,WH04,2025-12-06,1,Customer Changed Mind,3567.8
RET0006786,ORD00135145,P0024,C00459,WH05,2025-11-24,1,Damaged,862.75
RET0006787,ORD00135165,P0028,C00086,WH05,2025-12-06,1,Damaged,4304.95
RET0006788,ORD00135177,P0031,C00975,WH02,2025-11-24,1,Customer Changed Mind,594.43
RET0006789,ORD00135198,P0035,C00637,WH04,2025-12-05,1,Customer Changed Mind,2125.57
RET0006790,ORD00135235,P0003,C00576,WH01,2025-11-26,2,Wrong Product,2074.49
RET0006791,ORD00135236,P0003,C00609,WH02,2025-12-05,2,Damaged,2074.49
RET0006792,ORD00135270,P0010,C00693,WH02,2025-11-28,2,Quality Issue,7135.6
RET0006793,ORD00135303,P0016,C00148,WH05,2025-11-29,2,Customer Changed Mind,2220.88
RET0006794,ORD00135308,P0017,C00219,WH05,2025-11-24,1,Damaged,1003.35
RET0006795,ORD00135310,P0018,C00153,WH02,2025-11-25,2,Customer Changed Mind,2732.62
RET0006796,ORD00135324,P0021,C00914,WH01,2025-12-09,2,Damaged,1597.73
RET0006797,ORD00135329,P0022,C00706,WH01,2025-11-25,1,Customer Changed Mind,611.26
RET0006798,ORD00135337,P0023,C00907,WH04,2025-12-06,1,Quality Issue,807.76
RET0006799,ORD00135358,P0027,C00076,WH05,2025-11-28,1,Damaged,746.29
RET0006800,ORD00135369,P0030,C00313,WH01,2025-11-25,2,Quality Issue,6374.92
RET0006801,ORD00135459,P0008,C00671,WH02,2025-12-09,1,Damaged,968.68
RET0006802,ORD00135475,P0011,C00433,WH03,2025-12-05,2,Customer Changed Mind,1493.22
RET0006803,ORD00135488,P0014,C00651,WH02,2025-12-10,1,Damaged,2634.32
RET0006804,ORD00135502,P0017,C00059,WH01,2025-12-06,1,Damaged,1003.35
RET0006805,ORD00135504,P0017,C00145,WH03,2025-11-25,2,Wrong Product,2118.18
RET0006806,ORD00135526,P0021,C00201,WH05,2025-11-28,1,Customer Changed Mind,798.86
RET0006807,ORD00135532,P0023,C00722,WH01,2025-11-28,2,Damaged,1795.02
RET0006808,ORD00135548,P0026,C00331,WH02,2025-11-25,2,Late Delivery,5443.27
RET0006809,ORD00135566,P0029,C00424,WH05,2025-12-09,1,Damaged,4178.7
RET0006810,ORD00135573,P0031,C00310,WH02,2025-12-08,2,Customer Changed Mind,1320.96
RET0006811,ORD00135580,P0032,C00933,WH04,2025-12-06,1,Quality Issue,1854.11
RET0006812,ORD00135627,P0002,C00817,WH03,2025-11-27,1,Quality Issue,855.41
RET0006813,ORD00135639,P0004,C00370,WH05,2025-12-04,1,Quality Issue,2004.93
RET0006814,ORD00135682,P0013,C00922,WH03,2025-11-30,1,Quality Issue,3433.57
RET0006815,ORD00135692,P0015,C00174,WH03,2025-11-26,2,Damaged,650.74
RET0006816,ORD00135714,P0020,C00280,WH01,2025-12-02,1,Quality Issue,3034.72
RET0006817,ORD00135725,P0022,C00949,WH02,2025-12-02,2,Customer Changed Mind,1185.84
RET0006818,ORD00135762,P0029,C00709,WH04,2025-12-01,1,Quality Issue,4643.0
RET0006819,ORD00135775,P0032,C00443,WH02,2025-12-07,2,Quality Issue,4120.24
RET0006820,ORD00135823,P0002,C00624,WH03,2025-12-04,1,Late Delivery,855.41
RET0006821,ORD00135828,P0003,C00178,WH03,2025-11-28,2,Customer Changed Mind,2318.55
RET0006822,ORD00135967,P0031,C00981,WH04,2025-11-27,2,Late Delivery,1254.91
RET0006823,ORD00136015,P0001,C00836,WH03,2025-11-30,1,Damaged,1798.19
RET0006824,ORD00136092,P0017,C00245,WH02,2025-12-05,1,Quality Issue,1003.35
RET0006825,ORD00136135,P0026,C00464,WH02,2025-12-06,2,Damaged,5557.87
RET0006826,ORD00136167,P0032,C00758,WH04,2025-11-29,2,Damaged,3502.2
RET0006827,ORD00136171,P0033,C00542,WH03,2025-12-08,1,Quality Issue,2555.35
RET0006828,ORD00136189,P0037,C00537,WH03,2025-12-10,1,Wrong Product,1781.01
RET0006829,ORD00136191,P0037,C00203,WH05,2025-11-29,1,Customer Changed Mind,1781.01
RET0006830,ORD00136246,P0008,C00154,WH05,2025-12-06,1,Customer Changed Mind,920.25
RET0006831,ORD00136307,P0021,C00039,WH02,2025-12-08,1,Damaged,840.91
RET0006832,ORD00136311,P0022,C00644,WH01,2025-12-13,1,Customer Changed Mind,611.26
RET0006833,ORD00136323,P0024,C00275,WH03,2025-11-28,1,Quality Issue,889.43
RET0006834,ORD00136330,P0025,C00271,WH05,2025-12-03,1,Late Delivery,1786.4
RET0006835,ORD00136331,P0026,C00629,WH01,2025-12-14,1,Damaged,2864.88
RET0006836,ORD00136334,P0026,C00564,WH04,2025-11-30,1,Quality Issue,2721.64
RET0006837,ORD00136349,P0029,C00530,WH04,2025-12-10,1,Quality Issue,4643.0
RET0006838,ORD00136400,P0040,C00108,WH01,2025-12-03,1,Customer Changed Mind,981.2
RET0006839,ORD00136418,P0003,C00746,WH04,2025-12-16,1,Late Delivery,1220.29
RET0006840,ORD00136429,P0005,C00775,WH05,2025-12-11,2,Wrong Product,3136.46
RET0006841,ORD00136454,P0011,C00226,WH01,2025-12-16,2,Customer Changed Mind,1343.9
RET0006842,ORD00136478,P0015,C00271,WH05,2025-12-14,2,Late Delivery,631.22
RET0006843,ORD00136479,P0016,C00051,WH01,2025-12-03,1,Customer Changed Mind,943.87
RET0006844,ORD00136492,P0018,C00915,WH04,2025-12-12,2,Quality Issue,2595.99
RET0006845,ORD00136519,P0024,C00809,WH01,2025-11-30,1,Customer Changed Mind,862.75
RET0006846,ORD00136526,P0025,C00415,WH03,2025-12-11,2,Quality Issue,3465.62
RET0006847,ORD00136527,P0025,C00856,WH04,2025-12-11,1,Quality Issue,1786.4
RET0006848,ORD00136550,P0030,C00293,WH02,2025-12-07,2,Damaged,6572.08
RET0006849,ORD00136563,P0032,C00448,WH05,2025-12-11,1,Quality Issue,1998.32
RET0006850,ORD00136566,P0033,C00503,WH03,2025-12-16,1,Late Delivery,2478.69
RET0006851,ORD00136611,P0002,C00830,WH04,2025-12-16,2,Late Delivery,1843.87
RET0006852,ORD00136639,P0008,C00943,WH03,2025-12-09,1,Damaged,871.81
RET0006853,ORD00136640,P0008,C00992,WH04,2025-12-15,2,Customer Changed Mind,1937.36
RET0006854,ORD00136649,P0010,C00583,WH04,2025-12-10,1,Damaged,3567.8
RET0006855,ORD00136670,P0015,C00590,WH01,2025-12-14,2,Quality Issue,631.22
RET0006856,ORD00136682,P0017,C00966,WH03,2025-12-15,1,Quality Issue,1114.83
RET0006857,ORD00136712,P0023,C00334,WH03,2025-12-07,2,Quality Issue,1741.17
RET0006858,ORD00136715,P0024,C00153,WH01,2025-12-17,1,Quality Issue,889.43
RET0006859,ORD00136722,P0025,C00357,WH03,2025-12-01,2,Quality Issue,3036.88
RET0006860,ORD00136730,P0027,C00681,WH01,2025-12-09,1,Quality Issue,653.96
RET0006861,ORD00136750,P0031,C00033,WH01,2025-12-06,1,Quality Issue,660.48
RET0006862,ORD00136760,P0033,C00098,WH01,2025-12-17,1,Wrong Product,2555.35
RET0006863,ORD00136797,P0040,C00052,WH04,2025-12-05,1,Quality Issue,960.97
RET0006864,ORD00136798,P0040,C00134,WH05,2025-12-14,1,Quality Issue,910.4
RET0006865,ORD00136810,P0003,C00342,WH02,2025-12-17,2,Damaged,2074.49
RET0006866,ORD00136846,P0010,C00592,WH04,2025-12-01,1,Damaged,3460.77
RET0006867,ORD00136882,P0017,C00825,WH05,2025-12-03,2,Damaged,2006.69
RET0006868,ORD00136883,P0018,C00615,WH01,2025-12-01,2,Quality Issue,2732.62
RET0006869,ORD00136911,P0023,C00452,WH05,2025-12-14,1,Customer Changed Mind,807.76
RET0006870,ORD00136924,P0026,C00168,WH03,2025-12-08,2,Damaged,5156.78
RET0006871,ORD00136935,P0028,C00339,WH04,2025-12-08,1,Customer Changed Mind,3659.21
RET0006872,ORD00136952,P0032,C00204,WH01,2025-12-02,1,Damaged,1957.11
RET0006873,ORD00136989,P0039,C00298,WH03,2025-12-14,2,Damaged,1311.52
RET0006874,ORD00137019,P0005,C00502,WH03,2025-12-10,1,Damaged,1650.77
RET0006875,ORD00137036,P0008,C00869,WH05,2025-12-11,2,Quality Issue,1937.36
RET0006876,ORD00137055,P0012,C00825,WH04,2025-12-06,1,Damaged,3089.32
RET0006877,ORD00137064,P0014,C00541,WH04,2025-12-04,2,Quality Issue,5005.21
RET0006878,ORD00137071,P0016,C00948,WH01,2025-12-15,1,Quality Issue,999.4
RET0006879,ORD00137077,P0017,C00041,WH02,2025-12-18,1,Customer Changed Mind,1003.35
RET0006880,ORD00137089,P0019,C00491,WH04,2025-12-10,2,Quality Issue,5240.66
RET0006881,ORD00137097,P0021,C00061,WH02,2025-12-09,2,Quality Issue,1631.37
RET0006882,ORD00137132,P0028,C00115,WH02,2025-12-10,1,Customer Changed Mind,4304.95
RET0006883,ORD00137140,P0029,C00040,WH05,2025-12-15,1,Damaged,3946.55
RET0006884,ORD00137214,P0004,C00925,WH04,2025-12-11,2,Wrong Product,4455.4
RET0006885,ORD00137216,P0005,C00598,WH01,2025-12-04,2,Late Delivery,3136.46
RET0006886,ORD00137241,P0010,C00858,WH02,2025-12-11,2,Late Delivery,6921.53
RET0006887,ORD00137276,P0017,C00960,WH03,2025-12-05,2,Damaged,2229.66
RET0006888,ORD00137323,P0027,C00167,WH02,2025-12-20,2,Quality Issue,1538.74
RET0006889,ORD00137345,P0031,C00861,WH04,2025-12-11,2,Customer Changed Mind,1320.96
RET0006890,ORD00137350,P0032,C00316,WH04,2025-12-14,2,Customer Changed Mind,4120.24
RET0006891,ORD00137356,P0033,C00056,WH05,2025-12-03,1,Customer Changed Mind,2299.82
RET0006892,ORD00137387,P0040,C00039,WH02,2025-12-03,2,Quality Issue,1820.79
RET0006893,ORD00137393,P0001,C00335,WH03,2025-12-14,1,Quality Issue,1798.19
RET0006894,ORD00137404,P0003,C00789,WH04,2025-12-18,2,Quality Issue,2367.36
RET0006895,ORD00137408,P0004,C00805,WH03,2025-12-21,2,Quality Issue,4232.63
RET0006896,ORD00137424,P0007,C00193,WH04,2025-12-12,1,Quality Issue,2956.62
RET0006897,ORD00137428,P0008,C00234,WH03,2025-12-08,2,Late Delivery,1743.62
RET0006898,ORD00137453,P0014,C00751,WH01,2025-12-12,2,Quality Issue,5005.21
RET0006899,ORD00137476,P0018,C00015,WH04,2025-12-09,1,Customer Changed Mind,1366.31
RET0006900,ORD00137482,P0019,C00734,WH05,2025-12-17,2,Late Delivery,5516.48
RET0006901,ORD00137488,P0021,C00928,WH01,2025-12-17,1,Damaged,840.91
RET0006902,ORD00137512,P0026,C00267,WH02,2025-12-20,2,Damaged,5729.76
RET0006903,ORD00137535,P0030,C00681,WH05,2025-12-09,1,Customer Changed Mind,3286.04
RET0006904,ORD00137568,P0037,C00493,WH05,2025-12-20,2,Quality Issue,3488.57
RET0006905,ORD00137588,P0002,C00633,WH01,2025-12-19,1,Damaged,902.93
RET0006906,ORD00137589,P0002,C00355,WH02,2025-12-09,2,Wrong Product,1900.9
RET0006907,ORD00137610,P0006,C00801,WH03,2025-12-17,1,Customer Changed Mind,3622.89
RET0006908,ORD00137664,P0017,C00485,WH05,2025-12-08,2,Wrong Product,2229.66
RET0006909,ORD00137676,P0020,C00618,WH02,2025-12-22,1,Late Delivery,2882.98
RET0006910,ORD00137693,P0023,C00965,WH05,2025-12-05,1,Damaged,807.76
RET0006911,ORD00137702,P0025,C00680,WH04,2025-12-15,2,Customer Changed Mind,3465.62
RET0006912,ORD00137714,P0028,C00979,WH01,2025-12-16,1,Customer Changed Mind,4089.7
RET0006913,ORD00137728,P0030,C00539,WH05,2025-12-12,2,Customer Changed Mind,5914.87
RET0006914,ORD00137735,P0032,C00813,WH02,2025-12-14,1,Customer Changed Mind,2060.12
RET0006915,ORD00137739,P0033,C00244,WH01,2025-12-21,2,Customer Changed Mind,4344.09
RET0006916,ORD00137763,P0038,C00067,WH01,2025-12-20,1,Wrong Product,2204.45
RET0006917,ORD00137780,P0001,C00539,WH03,2025-12-19,2,Damaged,3596.38
RET0006918,ORD00137805,P0006,C00601,WH04,2025-12-23,2,Customer Changed Mind,6883.49
RET0006919,ORD00137812,P0008,C00227,WH02,2025-12-07,2,Quality Issue,1840.49
RET0006920,ORD00137825,P0010,C00784,WH05,2025-12-07,1,Damaged,3211.02
RET0006921,ORD00137848,P0015,C00130,WH03,2025-12-07,1,Customer Changed Mind,309.1
RET0006922,ORD00137914,P0028,C00927,WH05,2025-12-17,1,Customer Changed Mind,4089.7
RET0006923,ORD00137997,P0005,C00054,WH05,2025-12-23,2,Damaged,3136.46
RET0006924,ORD00138037,P0014,C00948,WH01,2025-12-11,2,Damaged,5268.64
RET0006925,ORD00138041,P0014,C00759,WH05,2025-12-09,1,Quality Issue,2502.6
RET0006926,ORD00138043,P0015,C00237,WH02,2025-12-08,1,Quality Issue,276.56
RET0006927,ORD00138049,P0016,C00766,WH03,2025-12-12,2,Quality Issue,2220.88
RET0006928,ORD00138087,P0024,C00130,WH02,2025-12-11,2,Wrong Product,1600.97
RET0006929,ORD00138098,P0026,C00810,WH03,2025-12-18,2,Quality Issue,5557.87
RET0006930,ORD00138113,P0029,C00056,WH03,2025-12-17,2,Late Delivery,8821.7
RET0006931,ORD00138137,P0034,C00440,WH02,2025-12-18,1,Quality Issue,3907.26
RET0006932,ORD00138141,P0035,C00789,WH02,2025-12-12,1,Customer Changed Mind,2125.57
RET0006933,ORD00138166,P0040,C00166,WH02,2025-12-23,1,Damaged,981.2
RET0006934,ORD00138173,P0001,C00233,WH04,2025-12-08,1,Customer Changed Mind,1798.19
RET0006935,ORD00138187,P0004,C00396,WH03,2025-12-09,2,Customer Changed Mind,4009.86
RET0006936,ORD00138196,P0006,C00099,WH03,2025-12-09,2,Customer Changed Mind,7245.78
RET0006937,ORD00138202,P0007,C00573,WH04,2025-12-20,2,Wrong Product,5913.24
RET0006938,ORD00138204,P0008,C00281,WH01,2025-12-20,1,Damaged,939.62
RET0006939,ORD00138209,P0009,C00621,WH01,2025-12-08,2,Quality Issue,6414.96
RET0006940,ORD00138228,P0012,C00979,WH05,2025-12-13,2,Quality Issue,6178.64
RET0006941,ORD00138238,P0014,C00450,WH05,2025-12-22,2,Customer Changed Mind,5005.21
RET0006942,ORD00138262,P0019,C00876,WH04,2025-12-24,1,Damaged,2620.33
RET0006943,ORD00138270,P0021,C00963,WH02,2025-12-22,1,Damaged,840.91
RET0006944,ORD00138306,P0028,C00534,WH03,2025-12-18,2,Damaged,8609.9
RET0006945,ORD00138331,P0033,C00190,WH03,2025-12-21,1,Damaged,2427.58
RET0006946,ORD00138334,P0034,C00460,WH01,2025-12-10,1,Customer Changed Mind,3989.52
RET0006947,ORD00138343,P0035,C00399,WH05,2025-12-19,1,Customer Changed Mind,2061.8
RET0006948,ORD00138367,P0040,C00836,WH04,2025-12-24,2,Customer Changed Mind,1962.41
RET0006949,ORD00138428,P0013,C00258,WH01,2025-12-13,2,Customer Changed Mind,7228.56
RET0006950,ORD00138456,P0018,C00985,WH04,2025-12-11,2,Wrong Product,2595.99
RET0006951,ORD00138461,P0019,C00147,WH04,2025-12-13,2,Damaged,5240.66
RET0006952,ORD00138462,P0019,C00942,WH05,2025-12-15,2,Late Delivery,5350.99
RET0006953,ORD00138472,P0021,C00898,WH05,2025-12-16,2,Quality Issue,1429.55
RET0006954,ORD00138490,P0025,C00237,WH03,2025-12-10,1,Customer Changed Mind,1732.81
RET0006955,ORD00138492,P0025,C00477,WH05,2025-12-20,1,Customer Changed Mind,1786.4
RET0006956,ORD00138496,P0026,C00438,WH04,2025-12-24,2,Damaged,5729.76
RET0006957,ORD00138510,P0029,C00732,WH03,2025-12-17,2,Quality Issue,8821.7
RET0006958,ORD00138518,P0031,C00791,WH01,2025-12-18,2,Damaged,1320.96
RET0006959,ORD00138532,P0033,C00279,WH05,2025-12-20,1,Damaged,2299.82
RET0006960,ORD00138582,P0004,C00383,WH01,2025-12-20,1,Wrong Product,2160.87
RET0006961,ORD00138596,P0006,C00234,WH05,2025-12-25,1,Damaged,3441.75
RET0006962,ORD00138602,P0008,C00730,WH01,2025-12-14,2,Quality Issue,1937.36
RET0006963,ORD00138606,P0008,C00154,WH05,2025-12-15,1,Damaged,871.81
RET0006964,ORD00138613,P0010,C00125,WH02,2025-12-27,2,Damaged,7135.6
RET0006965,ORD00138614,P0010,C00487,WH03,2025-12-18,1,Quality Issue,3567.8
RET0006966,ORD00138648,P0017,C00489,WH03,2025-12-17,1,Damaged,1059.09
RET0006967,ORD00138657,P0019,C00101,WH02,2025-12-26,2,Damaged,5516.48
RET0006968,ORD00138665,P0020,C00956,WH05,2025-12-11,1,Quality Issue,2943.68
RET0006969,ORD00138690,P0025,C00236,WH05,2025-12-12,1,Damaged,1732.81
RET0006970,ORD00138701,P0028,C00289,WH01,2025-12-21,1,Damaged,4089.7
RET0006971,ORD00138706,P0029,C00252,WH01,2025-12-15,2,Customer Changed Mind,9007.42
RET0006972,ORD00138741,P0036,C00778,WH01,2025-12-12,1,Damaged,2673.78
RET0006973,ORD00138746,P0037,C00576,WH01,2025-12-19,2,Quality Issue,3304.96
RET0006974,ORD00138763,P0040,C00287,WH03,2025-12-16,1,Late Delivery,1011.55
RET0006975,ORD00138816,P0011,C00879,WH01,2025-12-21,2,Damaged,1493.22
RET0006976,ORD00138819,P0011,C00645,WH04,2025-12-12,1,Quality Issue,746.61
RET0006977,ORD00138832,P0014,C00312,WH03,2025-12-25,1,Wrong Product,2555.29
RET0006978,ORD00138837,P0015,C00012,WH03,2025-12-18,1,Quality Issue,325.37
RET0006979,ORD00138863,P0020,C00560,WH04,2025-12-15,2,Customer Changed Mind,6069.44
RET0006980,ORD00138873,P0022,C00868,WH04,2025-12-18,1,Customer Changed Mind,611.26
RET0006981,ORD00138903,P0028,C00368,WH05,2025-12-21,2,Late Delivery,8351.6
RET0006982,ORD00138905,P0029,C00714,WH02,2025-12-15,1,Late Delivery,4178.7
RET0006983,ORD00138996,P0007,C00418,WH03,2025-12-20,2,Quality Issue,5026.25
RET0006984,ORD00139008,P0010,C00358,WH01,2025-12-13,2,Customer Changed Mind,6778.82
RET0006985,ORD00139012,P0010,C00511,WH05,2025-12-16,2,Quality Issue,7135.6
RET0006986,ORD00139053,P0019,C00859,WH01,2025-12-26,2,Customer Changed Mind,5240.66
RET0006987,ORD00139069,P0022,C00785,WH02,2025-12-24,2,Damaged,1185.84
RET0006988,ORD00139097,P0028,C00175,WH01,2025-12-12,1,Quality Issue,4175.8
RET0006989,ORD00139104,P0029,C00167,WH03,2025-12-26,1,Quality Issue,4503.71
RET0006990,ORD00139122,P0033,C00364,WH02,2025-12-25,2,Quality Issue,5110.7
RET0006991,ORD00139132,P0035,C00262,WH02,2025-12-12,2,Quality Issue,4123.61
RET0006992,ORD00139138,P0036,C00793,WH03,2025-12-22,2,Quality Issue,5347.57
RET0006993,ORD00139146,P0038,C00488,WH01,2025-12-25,1,Wrong Product,2159.0
RET0006994,ORD00139169,P0002,C00406,WH04,2025-12-21,1,Damaged,950.45
RET0006995,ORD00139172,P0003,C00616,WH02,2025-12-23,1,Customer Changed Mind,1220.29
RET0006996,ORD00139193,P0007,C00322,WH05,2025-12-13,2,Wrong Product,5617.58
RET0006997,ORD00139238,P0016,C00239,WH05,2025-12-24,2,Customer Changed Mind,2109.84
RET0006998,ORD00139247,P0018,C00823,WH04,2025-12-15,2,Damaged,2459.36
RET0006999,ORD00139287,P0026,C00859,WH04,2025-12-25,2,Wrong Product,5443.27
RET0007000,ORD00139313,P0031,C00990,WH05,2025-12-26,1,Customer Changed Mind,627.46
RET0007001,ORD00139342,P0037,C00850,WH04,2025-12-21,2,Customer Changed Mind,3672.18
RET0007002,ORD00139352,P0039,C00258,WH04,2025-12-27,2,Wrong Product,1311.52
RET0007003,ORD00139358,P0040,C00449,WH05,2025-12-25,1,Damaged,1011.55
RET0007004,ORD00139395,P0008,C00061,WH02,2025-12-21,2,Damaged,1646.76
RET0007005,ORD00139453,P0019,C00454,WH05,2025-12-17,2,Wrong Product,5516.48
RET0007006,ORD00139487,P0026,C00358,WH05,2025-12-22,1,Damaged,2864.88
RET0007007,ORD00139512,P0031,C00255,WH05,2025-12-25,1,Wrong Product,594.43
RET0007008,ORD00139532,P0035,C00608,WH05,2025-12-15,1,Quality Issue,2125.57
RET0007009,ORD00139550,P0039,C00714,WH03,2025-12-30,2,Quality Issue,1272.17
RET0007010,ORD00139578,P0005,C00265,WH01,2025-12-21,2,Damaged,3202.49
RET0007011,ORD00139595,P0008,C00958,WH05,2025-12-28,2,Quality Issue,1743.62
RET0007012,ORD00139601,P0010,C00286,WH01,2025-12-29,1,Late Delivery,3032.63
RET0007013,ORD00139627,P0015,C00502,WH02,2025-12-22,2,Quality Issue,618.2
RET0007014,ORD00139631,P0016,C00047,WH01,2025-12-29,2,Customer Changed Mind,2220.88
RET0007015,ORD00139682,P0026,C00149,WH02,2025-12-19,2,Quality Issue,5156.78
RET0007016,ORD00139701,P0030,C00031,WH01,2025-12-17,1,Late Delivery,3187.46
RET0007017,ORD00139713,P0032,C00169,WH04,2025-12-27,1,Damaged,1854.11
RET0007018,ORD00139721,P0034,C00198,WH02,2025-12-21,2,Quality Issue,8225.82
RET0007019,ORD00139727,P0035,C00806,WH03,2025-12-15,2,Quality Issue,4251.14
RET0007020,ORD00139730,P0036,C00347,WH01,2025-12-15,2,Damaged,5347.57
RET0007021,ORD00139775,P0005,C00727,WH01,2025-12-29,1,Late Delivery,1650.77
RET0007022,ORD00139789,P0008,C00041,WH01,2025-12-27,2,Late Delivery,1937.36
RET0007023,ORD00139820,P0014,C00915,WH03,2025-12-24,2,Quality Issue,4741.78
RET0007024,ORD00139827,P0015,C00069,WH05,2025-12-30,1,Damaged,325.37
RET0007025,ORD00139879,P0026,C00194,WH03,2025-12-19,1,Quality Issue,2721.64
RET0007026,ORD00139893,P0029,C00812,WH02,2025-12-16,2,Damaged,9286.0
RET0007027,ORD00139936,P0037,C00438,WH05,2025-12-16,1,Damaged,1652.48
RET0007028,ORD00139978,P0006,C00254,WH02,2025-12-29,2,Quality Issue,6883.49
RET0007029,ORD00140033,P0017,C00861,WH03,2025-12-30,1,Customer Changed Mind,1059.09
RET0007030,ORD00140050,P0020,C00816,WH05,2025-12-19,2,Wrong Product,5159.02
RET0007031,ORD00140078,P0026,C00622,WH03,2025-12-20,2,Quality Issue,5557.87
RET0007032,ORD00140082,P0027,C00171,WH02,2025-12-19,1,Quality Issue,769.37
RET0007033,ORD00140085,P0027,C00518,WH05,2026-01-02,2,Quality Issue,1461.8
RET0007034,ORD00140090,P0028,C00787,WH05,2026-01-01,2,Quality Issue,8609.9
RET0007035,ORD00140161,P0003,C00895,WH01,2025-12-18,1,Quality Issue,1183.68
RET0007036,ORD00140166,P0004,C00840,WH01,2025-12-24,2,Customer Changed Mind,4455.4
RET0007037,ORD00140197,P0010,C00023,WH04,2025-12-29,2,Quality Issue,6422.04
RET0007038,ORD00140257,P0023,C00065,WH03,2025-12-28,2,Customer Changed Mind,1705.27
RET0007039,ORD00140283,P0028,C00482,WH04,2025-12-28,1,Wrong Product,4175.8
RET0007040,ORD00140301,P0032,C00652,WH02,2025-12-22,1,Late Delivery,2060.12
RET0007041,ORD00140327,P0037,C00003,WH04,2025-12-24,2,Customer Changed Mind,3672.18
RET0007042,ORD00140330,P0038,C00875,WH02,2025-12-22,2,Quality Issue,4318.0
RET0007043,ORD00140336,P0039,C00758,WH03,2025-12-28,2,Quality Issue,1245.94
RET0007044,ORD00140354,P0003,C00229,WH01,2025-12-27,2,Quality Issue,2318.55
RET0007045,ORD00140378,P0007,C00797,WH05,2026-01-04,2,Late Delivery,5913.24
RET0007046,ORD00140410,P0014,C00421,WH04,2025-12-27,1,Late Delivery,2634.32
RET0007047,ORD00140420,P0016,C00582,WH04,2025-12-25,2,Damaged,2109.84
RET0007048,ORD00140469,P0026,C00362,WH03,2025-12-23,1,Quality Issue,2778.93
RET0007049,ORD00140474,P0027,C00255,WH03,2025-12-29,1,Damaged,653.96
RET0007050,ORD00140492,P0031,C00410,WH01,2025-12-27,2,Quality Issue,1281.33
RET0007051,ORD00140497,P0032,C00330,WH01,2025-12-28,2,Late Delivery,4120.24
RET0007052,ORD00140530,P0038,C00815,WH04,2025-12-31,2,Quality Issue,4545.26
RET0007053,ORD00140532,P0039,C00385,WH01,2025-12-20,1,Damaged,557.4
RET0007054,ORD00140538,P0040,C00201,WH02,2025-12-25,1,Damaged,1011.55
RET0007055,ORD00140573,P0007,C00029,WH03,2025-12-26,2,Quality Issue,5321.92
RET0007056,ORD00140581,P0009,C00837,WH02,2025-12-20,2,Damaged,5773.46
RET0007057,ORD00140622,P0017,C00455,WH03,2025-12-22,1,Wrong Product,1081.39
RET0007058,ORD00140639,P0021,C00214,WH02,2025-12-27,2,Quality Issue,1631.37
RET0007059,ORD00140648,P0023,C00557,WH02,2026-01-04,2,Damaged,1741.17
RET0007060,ORD00140654,P0024,C00552,WH03,2025-12-28,1,Damaged,889.43
RET0007061,ORD00140669,P0027,C00932,WH03,2025-12-20,2,Quality Issue,1461.8
RET0007062,ORD00140710,P0035,C00660,WH05,2025-12-29,2,Quality Issue,4038.58
RET0007063,ORD00140775,P0009,C00819,WH04,2025-12-31,2,Quality Issue,6414.96
RET0007064,ORD00140818,P0018,C00563,WH03,2025-12-26,1,Quality Issue,1229.68
RET0007065,ORD00140845,P0023,C00300,WH05,2025-12-24,2,Damaged,1795.02
RET0007066,ORD00140875,P0029,C00869,WH05,2026-01-02,1,Wrong Product,4410.85
RET0007067,ORD00140893,P0033,C00564,WH04,2026-01-06,2,Customer Changed Mind,4344.09
RET0007068,ORD00140958,P0007,C00059,WH01,2025-12-27,1,Late Delivery,2660.96
RET0007069,ORD00140967,P0008,C00553,WH05,2025-12-25,2,Damaged,1840.49
RET0007070,ORD00140994,P0014,C00398,WH02,2026-01-05,1,Customer Changed Mind,2634.32
RET0007071,ORD00141003,P0016,C00126,WH01,2026-01-05,1,Customer Changed Mind,1110.44
RET0007072,ORD00141011,P0017,C00897,WH04,2026-01-02,2,Quality Issue,2162.77
RET0007073,ORD00141039,P0023,C00823,WH02,2025-12-27,1,Quality Issue,870.58
RET0007074,ORD00141116,P0038,C00976,WH04,2026-01-02,1,Damaged,2272.63
RET0007075,ORD00141117,P0038,C00239,WH05,2026-01-01,2,Customer Changed Mind,4545.26
RET0007076,ORD00141124,P0040,C00845,WH02,2026-01-02,1,Damaged,859.82
RET0007077,ORD00141150,P0005,C00725,WH03,2025-12-23,1,Quality Issue,1568.23
RET0007078,ORD00141156,P0006,C00800,WH04,2025-12-24,1,Late Delivery,3514.2
RET0007079,ORD00141162,P0007,C00882,WH05,2026-01-09,2,Quality Issue,5913.24
RET0007080,ORD00141169,P0009,C00032,WH02,2026-01-06,2,Late Delivery,6414.96
RET0007081,ORD00141178,P0011,C00814,WH01,2026-01-01,1,Wrong Product,746.61
RET0007082,ORD00141185,P0012,C00385,WH03,2025-12-31,1,Wrong Product,2934.85
RET0007083,ORD00141239,P0023,C00824,WH02,2026-01-02,2,Customer Changed Mind,1795.02
RET0007084,ORD00141263,P0028,C00753,WH01,2025-12-27,2,Quality Issue,8609.9
RET0007085,ORD00141264,P0028,C00847,WH02,2025-12-27,1,Customer Changed Mind,4304.95
RET0007086,ORD00141296,P0035,C00134,WH01,2025-12-30,2,Customer Changed Mind,4251.14
RET0007087,ORD00141334,P0002,C00986,WH04,2026-01-07,1,Customer Changed Mind,855.41
RET0007088,ORD00141339,P0003,C00563,WH04,2025-12-31,1,Quality Issue,1220.29
RET0007089,ORD00141349,P0005,C00578,WH04,2026-01-05,2,Quality Issue,3301.54
RET0007090,ORD00141358,P0007,C00045,WH04,2025-12-24,2,Quality Issue,5913.24
RET0007091,ORD00141368,P0009,C00416,WH04,2025-12-27,2,Damaged,6414.96
RET0007092,ORD00141372,P0010,C00624,WH03,2026-01-10,1,Damaged,3567.8
RET0007093,ORD00141376,P0011,C00901,WH02,2025-12-24,2,Wrong Product,1493.22
RET0007094,ORD00141391,P0014,C00107,WH02,2026-01-09,1,Customer Changed Mind,2634.32
RET0007095,ORD00141402,P0016,C00777,WH03,2025-12-29,2,Customer Changed Mind,2220.88
RET0007096,ORD00141403,P0016,C00537,WH04,2026-01-10,2,Quality Issue,1887.75
RET0007097,ORD00141441,P0024,C00863,WH02,2026-01-07,1,Damaged,844.96
RET0007098,ORD00141457,P0027,C00465,WH03,2026-01-08,1,Quality Issue,769.37
RET0007099,ORD00141475,P0031,C00901,WH01,2026-01-06,2,Quality Issue,1281.33
RET0007100,ORD00141488,P0033,C00985,WH04,2026-01-05,2,Quality Issue,4599.63
RET0007101,ORD00141575,P0011,C00371,WH02,2025-12-31,1,Quality Issue,671.95
RET0007102,ORD00141580,P0012,C00751,WH02,2026-01-06,1,Quality Issue,3089.32
RET0007103,ORD00141586,P0013,C00228,WH03,2026-01-10,1,Damaged,3614.28
RET0007104,ORD00141591,P0014,C00804,WH03,2026-01-10,1,Quality Issue,2370.89
RET0007105,ORD00141620,P0020,C00308,WH02,2026-01-11,2,Quality Issue,6069.44
RET0007106,ORD00141626,P0021,C00849,WH03,2026-01-04,2,Quality Issue,1681.82
RET0007107,ORD00141632,P0022,C00071,WH04,2026-01-03,1,Customer Changed Mind,592.92
RET0007108,ORD00141667,P0029,C00360,WH05,2026-01-02,1,Damaged,4178.7
RET0007109,ORD00141672,P0030,C00677,WH05,2026-01-08,2,Quality Issue,5914.87
RET0007110,ORD00141703,P0037,C00939,WH01,2025-12-28,2,Quality Issue,3488.57
RET0007111,ORD00141761,P0008,C00799,WH05,2026-01-12,1,Late Delivery,871.81
RET0007112,ORD00141780,P0012,C00523,WH04,2025-12-30,2,Damaged,6178.64
RET0007113,ORD00141878,P0032,C00747,WH03,2025-12-29,2,Customer Changed Mind,3914.23
RET0007114,ORD00141960,P0009,C00172,WH02,2026-01-08,2,Damaged,6094.21
RET0007115,ORD00141970,P0011,C00575,WH02,2026-01-04,2,Wrong Product,1493.22
RET0007116,ORD00141987,P0014,C00333,WH04,2026-01-10,2,Wrong Product,5110.58
RET0007117,ORD00141990,P0015,C00209,WH02,2026-01-10,2,Damaged,618.2
RET0007118,ORD00142010,P0019,C00648,WH02,2025-12-31,2,Customer Changed Mind,5516.48
RET0007119,ORD00142012,P0019,C00682,WH04,2026-01-07,1,Quality Issue,2675.49
RET0007120,ORD00142050,P0027,C00787,WH02,2025-12-28,2,Customer Changed Mind,1492.58
RET0007121,ORD00142079,P0033,C00727,WH01,2025-12-29,2,Damaged,4957.38
RET0007122,ORD00142083,P0033,C00404,WH05,2026-01-08,1,Quality Issue,2478.69
RET0007123,ORD00142111,P0039,C00249,WH03,2025-12-30,2,Late Delivery,1114.79
RET0007124,ORD00142121,P0001,C00678,WH03,2026-01-03,2,Wrong Product,3596.38
RET0007125,ORD00142137,P0004,C00144,WH04,2026-01-09,1,Quality Issue,2004.93
RET0007126,ORD00142141,P0005,C00518,WH03,2026-01-01,2,Late Delivery,3301.54
RET0007127,ORD00142158,P0008,C00431,WH05,2026-01-09,2,Quality Issue,1840.49
RET0007128,ORD00142160,P0009,C00065,WH02,2025-12-30,2,Damaged,6414.96
RET0007129,ORD00142177,P0012,C00412,WH04,2026-01-12,1,Wrong Product,2934.85
RET0007130,ORD00142237,P0025,C00837,WH01,2025-12-31,2,Quality Issue,3394.16
RET0007131,ORD00142240,P0025,C00756,WH04,2025-12-29,2,Damaged,3572.8
RET0007132,ORD00142283,P0034,C00555,WH03,2026-01-12,1,Customer Changed Mind,3701.62
RET0007133,ORD00142316,P0001,C00876,WH02,2026-01-01,2,Quality Issue,3596.38
RET0007134,ORD00142320,P0002,C00746,WH01,2026-01-04,1,Damaged,950.45
RET0007135,ORD00142342,P0006,C00993,WH05,2026-01-12,2,Quality Issue,7245.78
RET0007136,ORD00142354,P0009,C00737,WH02,2025-12-31,1,Customer Changed Mind,3207.48
RET0007137,ORD00142472,P0033,C00632,WH02,2026-01-05,2,Quality Issue,4957.38
RET0007138,ORD00142485,P0036,C00204,WH01,2026-01-05,1,Quality Issue,2814.51
RET0007139,ORD00142489,P0036,C00796,WH05,2026-01-03,1,Customer Changed Mind,2814.51
RET0007140,ORD00142504,P0039,C00198,WH05,2025-12-30,2,Quality Issue,1245.94
RET0007141,ORD00142524,P0004,C00531,WH01,2026-01-11,2,Damaged,4009.86
RET0007142,ORD00142526,P0004,C00625,WH03,2026-01-08,1,Customer Changed Mind,2227.7
RET0007143,ORD00142534,P0006,C00267,WH01,2026-01-09,2,Customer Changed Mind,6521.2
RET0007144,ORD00142551,P0009,C00326,WH03,2026-01-03,1,Quality Issue,3207.48
RET0007145,ORD00142577,P0014,C00031,WH04,2026-01-15,2,Wrong Product,5110.58
RET0007146,ORD00142590,P0017,C00247,WH02,2026-01-13,2,Customer Changed Mind,2229.66
RET0007147,ORD00142591,P0017,C00647,WH03,2026-01-04,1,Quality Issue,1059.09
RET0007148,ORD00142595,P0018,C00147,WH02,2025-12-30,2,Customer Changed Mind,2459.36
RET0007149,ORD00142598,P0018,C00594,WH05,2026-01-10,1,Customer Changed Mind,1297.99
RET0007150,ORD00142599,P0019,C00168,WH01,2026-01-13,1,Customer Changed Mind,2620.33
RET0007151,ORD00142681,P0035,C00066,WH03,2026-01-10,1,Damaged,2061.8
RET0007152,ORD00142689,P0037,C00318,WH01,2026-01-02,2,Customer Changed Mind,3672.18
RET0007153,ORD00142698,P0038,C00288,WH05,2026-01-16,1,Late Delivery,2272.63
RET0007154,ORD00142707,P0001,C00108,WH01,2026-01-01,1,Damaged,1798.19
RET0007155,ORD00142727,P0005,C00241,WH01,2026-01-09,2,Wrong Product,3301.54
RET0007156,ORD00142737,P0007,C00826,WH01,2026-01-16,1,Customer Changed Mind,2513.13
RET0007157,ORD00142744,P0008,C00392,WH03,2026-01-01,1,Wrong Product,920.25
RET0007158,ORD00142777,P0015,C00218,WH01,2026-01-14,1,Late Delivery,325.37
RET0007159,ORD00142809,P0021,C00585,WH03,2026-01-12,1,Quality Issue,714.77
RET0007160,ORD00142810,P0021,C00991,WH04,2025-12-31,1,Quality Issue,815.68
RET0007161,ORD00142833,P0026,C00544,WH02,2026-01-02,1,Damaged,2435.15
RET0007162,ORD00142842,P0028,C00403,WH01,2026-01-11,2,Damaged,8609.9
RET0007163,ORD00142852,P0030,C00007,WH01,2026-01-07,1,Damaged,3121.74
RET0007164,ORD00142947,P0009,C00239,WH04,2026-01-04,1,Customer Changed Mind,3207.48
RET0007165,ORD00142981,P0016,C00077,WH04,2026-01-07,1,Late Delivery,1054.92
RET0007166,ORD00143035,P0027,C00349,WH03,2026-01-14,2,Damaged,1538.74
RET0007167,ORD00143054,P0031,C00725,WH02,2026-01-07,1,Customer Changed Mind,660.48
RET0007168,ORD00143066,P0033,C00188,WH04,2026-01-08,2,Quality Issue,4855.16
RET0007169,ORD00143080,P0036,C00742,WH05,2026-01-08,2,Damaged,5629.02
RET0007170,ORD00143094,P0039,C00727,WH04,2026-01-10,1,Quality Issue,622.97
RET0007171,ORD00143095,P0039,C00253,WH05,2026-01-12,2,Damaged,1311.52
RET0007172,ORD00143130,P0007,C00292,WH02,2026-01-13,1,Damaged,2956.62
RET0007173,ORD00143147,P0010,C00321,WH04,2026-01-17,1,Customer Changed Mind,3032.63
RET0007174,ORD00143184,P0018,C00559,WH01,2026-01-08,2,Customer Changed Mind,2322.73
RET0007175,ORD00143200,P0021,C00716,WH02,2026-01-15,2,Damaged,1681.82
RET0007176,ORD00143226,P0026,C00081,WH04,2026-01-02,1,Quality Issue,2578.39
RET0007177,ORD00143228,P0027,C00515,WH01,2026-01-17,1,Quality Issue,769.37
RET0007178,ORD00143231,P0027,C00106,WH04,2026-01-11,2,Late Delivery,1538.74
RET0007179,ORD00143237,P0028,C00165,WH05,2026-01-17,2,Late Delivery,7748.91
RET0007180,ORD00143243,P0030,C00356,WH01,2026-01-18,2,Quality Issue,6572.08
RET0007181,ORD00143265,P0034,C00360,WH03,2026-01-13,1,Quality Issue,3907.26
RET0007182,ORD00143307,P0003,C00947,WH01,2026-01-05,2,Damaged,2318.55
RET0007183,ORD00143325,P0006,C00471,WH04,2026-01-12,1,Customer Changed Mind,3622.89
RET0007184,ORD00143364,P0014,C00984,WH03,2026-01-18,1,Damaged,2634.32
RET0007185,ORD00143410,P0023,C00503,WH04,2026-01-07,2,Quality Issue,1705.27
RET0007186,ORD00143411,P0023,C00371,WH05,2026-01-13,2,Damaged,1795.02
RET0007187,ORD00143421,P0025,C00281,WH05,2026-01-10,2,Quality Issue,3572.8
RET0007188,ORD00143428,P0027,C00412,WH02,2026-01-15,2,Quality Issue,1492.58
RET0007189,ORD00143459,P0033,C00820,WH03,2026-01-07,2,Quality Issue,4957.38
RET0007190,ORD00143484,P0038,C00204,WH04,2026-01-07,2,Customer Changed Mind,4318.0
RET0007191,ORD00143485,P0038,C00700,WH05,2026-01-20,2,Damaged,4318.0
RET0007192,ORD00143490,P0039,C00455,WH05,2026-01-06,2,Quality Issue,1180.37
