PO_ID,Supplier_ID,Product_ID,Warehouse_ID,Order_Date,Expected_Delivery_Date,Actual_Delivery_Date,Ordered_Qty,Received_Qty,Unit_Cost,PO_Value
PO0000001,S004,P0031,WH01,2024-01-01,2024-01-09,2024-01-09,50,46,474.17,23708.65
PO0000002,S004,P0031,WH04,2024-01-01,2024-01-05,2024-01-06,50,46,471.99,23599.41
PO0000003,S006,P0034,WH01,2024-01-01,2024-01-08,2024-01-11,50,49,2990.69,149534.34
PO0000004,S006,P0034,WH04,2024-01-01,2024-01-09,2024-01-09,50,49,3165.92,158295.99
PO0000005,S011,P0012,WH05,2024-01-02,2024-01-09,2024-01-14,61,59,2444.13,149091.79
PO0000006,S004,P0031,WH01,2024-01-02,2024-01-09,2024-01-09,50,47,487.41,24370.31
PO0000007,S004,P0031,WH04,2024-01-02,2024-01-09,2024-01-09,50,47,500.19,25009.32
PO0000008,S006,P0034,WH01,2024-01-02,2024-01-06,2024-01-06,50,50,3156.07,157803.47
PO0000009,S011,P0006,WH04,2024-01-03,2024-01-05,2024-01-06,50,48,2875.57,143778.61
PO0000010,S006,P0034,WH01,2024-01-03,2024-01-09,2024-01-14,50,48,3086.1,154304.9
PO0000011,S006,P0034,WH02,2024-01-03,2024-01-11,2024-01-11,50,50,2979.35,148967.56
PO0000012,S006,P0034,WH04,2024-01-03,2024-01-10,2024-01-11,50,49,2975.19,148759.53
PO0000013,S012,P0040,WH04,2024-01-03,2024-01-16,2024-01-16,50,47,694.48,34723.96
PO0000014,S011,P0006,WH01,2024-01-04,2024-01-07,2024-01-07,50,47,2782.5,139124.91
PO0000015,S011,P0006,WH03,2024-01-04,2024-01-07,2024-01-07,50,49,2863.26,143163.23
PO0000016,S007,P0013,WH01,2024-01-04,2024-01-08,2024-01-08,50,49,2574.26,128712.92
PO0000017,S006,P0024,WH04,2024-01-04,2024-01-10,2024-01-10,58,58,624.59,36226.07
PO0000018,S004,P0031,WH04,2024-01-04,2024-01-12,2024-01-12,50,49,450.99,22549.28
PO0000019,S006,P0034,WH04,2024-01-04,2024-01-09,2024-01-11,50,48,2864.6,143230.0
PO0000020,S011,P0006,WH02,2024-01-05,2024-01-10,2024-01-10,50,50,2796.79,139839.66
PO0000021,S011,P0006,WH03,2024-01-05,2024-01-10,2024-01-13,56,54,2693.38,150829.56
PO0000022,S011,P0006,WH05,2024-01-05,2024-01-11,2024-01-11,50,46,2795.66,139783.17
PO0000023,S010,P0009,WH04,2024-01-05,2024-01-12,2024-01-12,50,49,2428.51,121425.7
PO0000024,S011,P0012,WH02,2024-01-05,2024-01-09,2024-01-10,50,48,2354.74,117736.99
PO0000025,S011,P0012,WH05,2024-01-05,2024-01-07,2024-01-07,50,45,2400.85,120042.39
PO0000026,S006,P0018,WH01,2024-01-05,2024-01-13,2024-01-18,50,50,1039.31,51965.37
PO0000027,S009,P0022,WH05,2024-01-05,2024-01-15,2024-01-15,50,48,471.22,23561.03
PO0000028,S006,P0024,WH01,2024-01-05,2024-01-13,2024-01-13,51,49,692.29,35306.89
PO0000029,S006,P0034,WH01,2024-01-05,2024-01-11,2024-01-11,50,50,3094.88,154744.0
PO0000030,S006,P0034,WH02,2024-01-05,2024-01-12,2024-01-12,50,48,2903.69,145184.57
PO0000031,S012,P0040,WH05,2024-01-05,2024-01-17,2024-01-17,50,50,713.34,35667.11
PO0000032,S011,P0006,WH01,2024-01-06,2024-01-11,2024-01-13,50,48,2683.73,134186.33
PO0000033,S011,P0012,WH01,2024-01-06,2024-01-08,2024-01-10,50,47,2339.15,116957.25
PO0000034,S007,P0013,WH04,2024-01-06,2024-01-12,2024-01-12,50,48,2693.57,134678.68
PO0000035,S006,P0025,WH05,2024-01-06,2024-01-10,2024-01-11,171,169,1451.31,248173.55
PO0000036,S004,P0031,WH02,2024-01-06,2024-01-15,2024-01-18,61,61,475.37,28997.7
PO0000037,S004,P0033,WH05,2024-01-06,2024-01-13,2024-01-13,76,74,2075.23,157717.65
PO0000038,S012,P0040,WH03,2024-01-06,2024-01-18,2024-01-23,75,71,692.39,51929.39
PO0000039,S012,P0040,WH04,2024-01-06,2024-01-18,2024-01-18,51,50,753.62,38434.67
PO0000040,S012,P0040,WH05,2024-01-06,2024-01-16,2024-01-19,57,54,726.68,41420.74
PO0000041,S009,P0001,WH04,2024-01-07,2024-01-15,2024-01-15,179,165,1433.67,256626.26
PO0000042,S009,P0002,WH04,2024-01-07,2024-01-15,2024-01-15,239,226,778.41,186039.39
PO0000043,S008,P0004,WH03,2024-01-07,2024-01-10,2024-01-10,207,191,1611.21,333520.5
PO0000044,S009,P0005,WH01,2024-01-07,2024-01-14,2024-01-14,85,79,1181.1,100393.59
PO0000045,S004,P0007,WH03,2024-01-07,2024-01-11,2024-01-11,250,238,2396.21,599053.09
PO0000046,S010,P0008,WH01,2024-01-07,2024-01-17,2024-01-18,105,103,798.95,83889.97
PO0000047,S010,P0008,WH05,2024-01-07,2024-01-15,2024-01-15,129,128,845.28,109041.21
PO0000048,S007,P0011,WH03,2024-01-07,2024-01-10,2024-01-13,183,172,622.88,113986.87
PO0000049,S007,P0011,WH04,2024-01-07,2024-01-14,2024-01-14,100,95,621.47,62146.79
PO0000050,S007,P0013,WH02,2024-01-07,2024-01-13,2024-01-13,72,68,2684.93,193314.73
PO0000051,S007,P0013,WH05,2024-01-07,2024-01-10,2024-01-10,50,46,2749.21,137460.36
PO0000052,S012,P0016,WH04,2024-01-07,2024-01-15,2024-01-15,236,225,836.44,197399.17
PO0000053,S011,P0017,WH05,2024-01-07,2024-01-09,2024-01-09,214,204,937.37,200596.8
PO0000054,S008,P0019,WH01,2024-01-07,2024-01-10,2024-01-11,177,172,1937.36,342913.48
PO0000055,S008,P0019,WH05,2024-01-07,2024-01-11,2024-01-14,199,185,1986.86,395385.69
PO0000056,S009,P0022,WH01,2024-01-07,2024-01-16,2024-01-16,50,48,473.84,23692.02
PO0000057,S006,P0023,WH02,2024-01-07,2024-01-12,2024-01-12,88,88,672.15,59149.08
PO0000058,S006,P0024,WH02,2024-01-07,2024-01-13,2024-01-13,63,63,647.51,40793.16
PO0000059,S006,P0024,WH04,2024-01-07,2024-01-14,2024-01-19,61,61,653.71,39876.09
PO0000060,S006,P0025,WH02,2024-01-07,2024-01-12,2024-01-12,199,195,1477.12,293947.3
PO0000061,S006,P0025,WH03,2024-01-07,2024-01-14,2024-01-16,228,227,1486.36,338890.14
PO0000062,S012,P0026,WH01,2024-01-07,2024-01-18,2024-01-18,289,283,2352.07,679747.98
PO0000063,S012,P0026,WH02,2024-01-07,2024-01-18,2024-01-18,341,333,2327.31,793612.25
PO0000064,S012,P0026,WH03,2024-01-07,2024-01-17,2024-01-18,328,317,2143.83,703176.94
PO0000065,S002,P0027,WH03,2024-01-07,2024-01-14,2024-01-14,216,203,523.34,113042.5
PO0000066,S004,P0031,WH01,2024-01-07,2024-01-11,2024-01-12,50,47,478.17,23908.68
PO0000067,S004,P0031,WH02,2024-01-07,2024-01-15,2024-01-16,61,59,461.66,28160.96
PO0000068,S006,P0034,WH02,2024-01-07,2024-01-12,2024-01-15,50,49,2859.57,142978.55
PO0000069,S006,P0034,WH04,2024-01-07,2024-01-14,2024-01-15,50,49,3065.57,153278.68
PO0000070,S008,P0036,WH01,2024-01-07,2024-01-10,2024-01-10,240,224,2063.34,495201.66
PO0000071,S008,P0036,WH03,2024-01-07,2024-01-11,2024-01-11,372,341,2197.13,817332.07
PO0000072,S002,P0037,WH01,2024-01-07,2024-01-14,2024-01-19,70,66,1617.72,113240.6
PO0000073,S002,P0037,WH02,2024-01-07,2024-01-15,2024-01-17,115,108,1464.98,168472.99
PO0000074,S012,P0040,WH01,2024-01-07,2024-01-18,2024-01-21,51,48,698.64,35630.72
PO0000075,S012,P0040,WH02,2024-01-07,2024-01-18,2024-01-18,62,61,678.98,42096.54
PO0000076,S012,P0040,WH03,2024-01-07,2024-01-19,2024-01-19,76,74,724.86,55089.53
PO0000077,S012,P0040,WH04,2024-01-07,2024-01-18,2024-01-18,50,49,703.82,35191.23
PO0000078,S009,P0001,WH03,2024-01-08,2024-01-17,2024-01-18,249,241,1370.06,341144.05
PO0000079,S009,P0002,WH05,2024-01-08,2024-01-17,2024-01-19,223,213,810.53,180748.47
PO0000080,S008,P0004,WH02,2024-01-08,2024-01-12,2024-01-12,218,200,1700.29,370663.65
PO0000081,S009,P0005,WH01,2024-01-08,2024-01-17,2024-01-17,66,63,1147.47,75732.88
PO0000082,S010,P0008,WH02,2024-01-08,2024-01-17,2024-01-17,94,90,862.8,81103.44
PO0000083,S010,P0009,WH01,2024-01-08,2024-01-14,2024-01-17,58,57,2504.33,145251.38
PO0000084,S007,P0010,WH05,2024-01-08,2024-01-13,2024-01-14,84,79,2767.3,232452.8
PO0000085,S007,P0011,WH02,2024-01-08,2024-01-14,2024-01-15,175,168,632.42,110673.14
PO0000086,S007,P0011,WH04,2024-01-08,2024-01-10,2024-01-10,109,104,596.19,64984.61
PO0000087,S011,P0012,WH01,2024-01-08,2024-01-11,2024-01-16,50,47,2509.11,125455.29
PO0000088,S011,P0012,WH04,2024-01-08,2024-01-10,2024-01-10,50,48,2316.7,115834.99
PO0000089,S007,P0013,WH04,2024-01-08,2024-01-12,2024-01-12,52,51,2847.39,148064.11
PO0000090,S010,P0014,WH02,2024-01-08,2024-01-19,2024-01-22,224,221,2084.96,467030.35
PO0000091,S010,P0014,WH05,2024-01-08,2024-01-18,2024-01-18,202,199,2040.37,412155.64
PO0000092,S004,P0015,WH04,2024-01-08,2024-01-13,2024-01-13,77,75,258.94,19938.71
PO0000093,S012,P0016,WH04,2024-01-08,2024-01-19,2024-01-21,291,288,819.19,238383.15
PO0000094,S011,P0017,WH01,2024-01-08,2024-01-11,2024-01-11,215,200,980.78,210868.7
PO0000095,S011,P0017,WH02,2024-01-08,2024-01-10,2024-01-10,271,264,975.38,264326.66
PO0000096,S011,P0017,WH03,2024-01-08,2024-01-12,2024-01-17,412,396,882.88,363745.76
PO0000097,S006,P0018,WH01,2024-01-08,2024-01-14,2024-01-14,50,48,1100.62,55030.76
PO0000098,S006,P0020,WH01,2024-01-08,2024-01-14,2024-01-15,182,182,2321.98,422601.04
PO0000099,S010,P0021,WH02,2024-01-08,2024-01-15,2024-01-15,306,301,677.91,207439.1
PO0000100,S009,P0022,WH05,2024-01-08,2024-01-16,2024-01-16,50,49,437.35,21867.41
PO0000101,S006,P0023,WH01,2024-01-08,2024-01-15,2024-01-15,75,74,707.87,53090.56
PO0000102,S006,P0023,WH03,2024-01-08,2024-01-14,2024-01-19,71,71,731.15,51911.77
PO0000103,S006,P0024,WH04,2024-01-08,2024-01-16,2024-01-16,50,49,672.96,33647.8
PO0000104,S012,P0026,WH01,2024-01-08,2024-01-19,2024-01-21,192,187,2294.01,440450.23
PO0000105,S002,P0027,WH04,2024-01-08,2024-01-14,2024-01-16,178,167,571.18,101669.96
PO0000106,S006,P0028,WH05,2024-01-08,2024-01-14,2024-01-16,223,217,3184.24,710086.58
PO0000107,S004,P0029,WH03,2024-01-08,2024-01-15,2024-01-15,295,273,3352.22,988903.51
PO0000108,S004,P0029,WH05,2024-01-08,2024-01-14,2024-01-19,330,318,3535.19,1166613.0
PO0000109,S009,P0030,WH02,2024-01-08,2024-01-15,2024-01-16,157,144,2462.48,386609.27
PO0000110,S009,P0030,WH04,2024-01-08,2024-01-17,2024-01-18,164,155,2608.08,427725.72
PO0000111,S009,P0030,WH05,2024-01-08,2024-01-17,2024-01-19,153,145,2410.27,368770.56
PO0000112,S009,P0032,WH02,2024-01-08,2024-01-16,2024-01-16,309,290,1744.91,539176.01
PO0000113,S009,P0032,WH03,2024-01-08,2024-01-17,2024-01-17,389,368,1621.24,630660.69
PO0000114,S004,P0033,WH03,2024-01-08,2024-01-13,2024-01-13,154,148,2158.02,332335.49
PO0000115,S008,P0036,WH02,2024-01-08,2024-01-12,2024-01-12,315,283,2072.98,652989.24
PO0000116,S008,P0036,WH05,2024-01-08,2024-01-13,2024-01-14,248,228,2134.65,529393.6
PO0000117,S008,P0038,WH03,2024-01-08,2024-01-12,2024-01-15,199,186,1882.14,374545.78
PO0000118,S002,P0039,WH02,2024-01-08,2024-01-12,2024-01-14,114,104,484.91,55279.32
PO0000119,S009,P0001,WH01,2024-01-09,2024-01-19,2024-01-19,148,139,1328.86,196671.83
PO0000120,S009,P0001,WH02,2024-01-09,2024-01-18,2024-01-18,175,165,1342.96,235018.24
PO0000121,S009,P0001,WH03,2024-01-09,2024-01-17,2024-01-20,239,225,1311.86,313533.37
PO0000122,S009,P0002,WH03,2024-01-09,2024-01-16,2024-01-16,212,194,764.64,162103.03
PO0000123,S006,P0003,WH01,2024-01-09,2024-01-13,2024-01-15,206,205,957.18,197178.63
PO0000124,S009,P0005,WH02,2024-01-09,2024-01-17,2024-01-17,103,98,1152.03,118659.16
PO0000125,S011,P0006,WH02,2024-01-09,2024-01-15,2024-01-18,50,49,2936.28,146813.99
PO0000126,S011,P0006,WH05,2024-01-09,2024-01-14,2024-01-15,50,47,2873.87,143693.63
PO0000127,S004,P0007,WH01,2024-01-09,2024-01-15,2024-01-15,155,148,2467.24,382422.88
PO0000128,S004,P0007,WH05,2024-01-09,2024-01-14,2024-01-14,115,108,2536.29,291673.32
PO0000129,S010,P0008,WH05,2024-01-09,2024-01-18,2024-01-18,82,81,822.89,67477.26
PO0000130,S010,P0009,WH02,2024-01-09,2024-01-17,2024-01-18,69,69,2462.7,169926.09
PO0000131,S010,P0009,WH03,2024-01-09,2024-01-18,2024-01-18,55,55,2443.86,134412.52
PO0000132,S010,P0009,WH04,2024-01-09,2024-01-18,2024-01-18,73,73,2288.61,167068.28
PO0000133,S007,P0010,WH03,2024-01-09,2024-01-16,2024-01-16,121,114,2731.43,330502.6
PO0000134,S007,P0010,WH05,2024-01-09,2024-01-16,2024-01-19,82,76,2703.25,221666.13
PO0000135,S007,P0011,WH01,2024-01-09,2024-01-15,2024-01-15,98,94,654.13,64104.67
PO0000136,S007,P0011,WH02,2024-01-09,2024-01-12,2024-01-13,149,144,608.27,90632.6
PO0000137,S011,P0012,WH01,2024-01-09,2024-01-11,2024-01-12,50,48,2405.42,120270.77
PO0000138,S011,P0012,WH02,2024-01-09,2024-01-12,2024-01-13,66,62,2272.65,149994.93
PO0000139,S011,P0012,WH04,2024-01-09,2024-01-11,2024-01-11,50,47,2443.87,122193.44
PO0000140,S007,P0013,WH05,2024-01-09,2024-01-14,2024-01-14,50,49,2694.55,134727.69
PO0000141,S004,P0015,WH01,2024-01-09,2024-01-17,2024-01-17,82,78,250.4,20532.63
PO0000142,S012,P0016,WH04,2024-01-09,2024-01-21,2024-01-24,252,244,919.81,231792.73
PO0000143,S011,P0017,WH01,2024-01-09,2024-01-11,2024-01-11,260,244,987.87,256847.23
PO0000144,S006,P0018,WH03,2024-01-09,2024-01-16,2024-01-16,73,73,1087.36,79377.29
PO0000145,S006,P0018,WH04,2024-01-09,2024-01-17,2024-01-17,79,77,1030.06,81374.91
PO0000146,S008,P0019,WH05,2024-01-09,2024-01-11,2024-01-11,149,143,2079.24,309806.09
PO0000147,S006,P0020,WH02,2024-01-09,2024-01-17,2024-01-17,237,228,2503.73,593384.42
PO0000148,S006,P0020,WH04,2024-01-09,2024-01-15,2024-01-15,144,141,2315.84,333480.49
PO0000149,S010,P0021,WH02,2024-01-09,2024-01-19,2024-01-19,214,211,669.72,143319.54
PO0000150,S010,P0021,WH03,2024-01-09,2024-01-18,2024-01-18,223,217,716.1,159690.0
PO0000151,S009,P0022,WH05,2024-01-09,2024-01-17,2024-01-20,50,46,448.94,22447.04
PO0000152,S006,P0023,WH02,2024-01-09,2024-01-14,2024-01-17,78,77,675.57,52694.69
PO0000153,S006,P0024,WH01,2024-01-09,2024-01-16,2024-01-16,56,53,655.36,36699.98
PO0000154,S006,P0024,WH03,2024-01-09,2024-01-17,2024-01-18,79,78,658.79,52044.8
PO0000155,S006,P0024,WH05,2024-01-09,2024-01-14,2024-01-16,50,50,679.0,33949.95
PO0000156,S002,P0027,WH02,2024-01-09,2024-01-16,2024-01-16,165,158,538.86,88912.34
PO0000157,S002,P0027,WH03,2024-01-09,2024-01-14,2024-01-15,223,208,565.48,126102.65
PO0000158,S006,P0028,WH01,2024-01-09,2024-01-15,2024-01-18,184,181,3003.16,552582.36
PO0000159,S006,P0028,WH03,2024-01-09,2024-01-15,2024-01-20,272,266,3345.9,910085.8
PO0000160,S006,P0028,WH05,2024-01-09,2024-01-13,2024-01-13,224,222,3289.73,736898.49
PO0000161,S004,P0029,WH04,2024-01-09,2024-01-16,2024-01-16,204,198,3334.59,680257.15
PO0000162,S009,P0030,WH01,2024-01-09,2024-01-18,2024-01-18,160,156,2471.39,395423.09
PO0000163,S009,P0030,WH03,2024-01-09,2024-01-18,2024-01-23,204,195,2615.39,533538.95
PO0000164,S009,P0030,WH04,2024-01-09,2024-01-20,2024-01-22,121,114,2562.3,310037.99
PO0000165,S004,P0031,WH05,2024-01-09,2024-01-15,2024-01-15,50,48,500.3,25014.82
PO0000166,S009,P0032,WH05,2024-01-09,2024-01-19,2024-01-19,152,146,1749.15,265870.8
PO0000167,S004,P0033,WH01,2024-01-09,2024-01-16,2024-01-16,81,78,2112.09,171079.46
PO0000168,S004,P0033,WH05,2024-01-09,2024-01-17,2024-01-17,85,81,2055.99,174759.19
PO0000169,S009,P0035,WH02,2024-01-09,2024-01-18,2024-01-19,169,153,1672.06,282577.39
PO0000170,S008,P0038,WH03,2024-01-09,2024-01-13,2024-01-13,202,190,1713.78,346184.04
PO0000171,S002,P0039,WH04,2024-01-09,2024-01-17,2024-01-18,53,50,482.42,25568.02
PO0000172,S012,P0040,WH05,2024-01-09,2024-01-20,2024-01-20,50,49,720.99,36049.43
PO0000173,S009,P0001,WH02,2024-01-10,2024-01-19,2024-01-21,174,167,1442.99,251080.01
PO0000174,S009,P0001,WH03,2024-01-10,2024-01-19,2024-01-19,174,164,1418.67,246848.1
PO0000175,S009,P0002,WH01,2024-01-10,2024-01-20,2024-01-20,202,189,824.29,166506.79
PO0000176,S009,P0002,WH02,2024-01-10,2024-01-17,2024-01-18,199,190,786.92,156596.69
PO0000177,S009,P0002,WH03,2024-01-10,2024-01-17,2024-01-17,319,298,779.6,248692.6
PO0000178,S008,P0004,WH01,2024-01-10,2024-01-13,2024-01-13,210,196,1539.36,323265.5
PO0000179,S008,P0004,WH04,2024-01-10,2024-01-13,2024-01-16,139,133,1560.09,216852.28
PO0000180,S009,P0005,WH02,2024-01-10,2024-01-18,2024-01-21,108,99,1157.25,124983.06
PO0000181,S004,P0007,WH02,2024-01-10,2024-01-17,2024-01-17,224,216,2299.44,515073.67
PO0000182,S004,P0007,WH05,2024-01-10,2024-01-16,2024-01-18,128,123,2310.18,295702.87
PO0000183,S010,P0009,WH01,2024-01-10,2024-01-15,2024-01-15,50,50,2364.65,118232.27
PO0000184,S010,P0009,WH04,2024-01-10,2024-01-18,2024-01-18,64,64,2255.51,144352.33
PO0000185,S010,P0009,WH05,2024-01-10,2024-01-18,2024-01-18,61,60,2302.06,140425.65
PO0000186,S007,P0010,WH01,2024-01-10,2024-01-15,2024-01-18,83,74,2700.73,224160.53
PO0000187,S007,P0010,WH05,2024-01-10,2024-01-16,2024-01-17,64,62,2680.29,171538.71
PO0000188,S007,P0011,WH01,2024-01-10,2024-01-13,2024-01-13,117,111,599.82,70178.38
PO0000189,S007,P0011,WH05,2024-01-10,2024-01-12,2024-01-12,82,78,586.14,48063.57
PO0000190,S007,P0013,WH03,2024-01-10,2024-01-12,2024-01-12,78,75,2616.78,204108.71
PO0000191,S007,P0013,WH04,2024-01-10,2024-01-14,2024-01-17,50,47,2643.1,132155.16
PO0000192,S010,P0014,WH02,2024-01-10,2024-01-18,2024-01-18,308,305,1887.5,581348.72
PO0000193,S010,P0014,WH04,2024-01-10,2024-01-18,2024-01-19,194,193,2044.48,396628.41
PO0000194,S010,P0014,WH05,2024-01-10,2024-01-17,2024-01-17,226,222,2071.32,468118.62
PO0000195,S004,P0015,WH02,2024-01-10,2024-01-15,2024-01-15,116,110,244.1,28316.05
PO0000196,S004,P0015,WH03,2024-01-10,2024-01-17,2024-01-17,166,160,241.45,40081.02
PO0000197,S012,P0016,WH02,2024-01-10,2024-01-21,2024-01-21,222,216,904.91,200890.25
PO0000198,S012,P0016,WH05,2024-01-10,2024-01-19,2024-01-19,253,242,821.32,207793.77
PO0000199,S006,P0018,WH01,2024-01-10,2024-01-16,2024-01-16,73,72,1158.05,84537.58
PO0000200,S006,P0018,WH05,2024-01-10,2024-01-15,2024-01-15,50,49,1144.83,57241.52
PO0000201,S006,P0020,WH05,2024-01-10,2024-01-16,2024-01-21,173,169,2470.39,427377.07
PO0000202,S010,P0021,WH04,2024-01-10,2024-01-17,2024-01-18,177,174,715.46,126636.72
PO0000203,S010,P0021,WH05,2024-01-10,2024-01-19,2024-01-20,214,209,741.74,158732.7
PO0000204,S009,P0022,WH03,2024-01-10,2024-01-16,2024-01-16,50,49,459.84,22991.97
PO0000205,S006,P0023,WH04,2024-01-10,2024-01-17,2024-01-17,57,53,694.97,39613.15
PO0000206,S006,P0023,WH05,2024-01-10,2024-01-16,2024-01-18,53,52,730.4,38710.97
PO0000207,S006,P0025,WH03,2024-01-10,2024-01-14,2024-01-14,180,178,1502.41,270434.08
PO0000208,S006,P0025,WH04,2024-01-10,2024-01-17,2024-01-18,161,159,1426.95,229739.41
PO0000209,S012,P0026,WH02,2024-01-10,2024-01-21,2024-01-21,338,331,2251.94,761155.4
PO0000210,S012,P0026,WH05,2024-01-10,2024-01-20,2024-01-25,192,186,2264.0,434688.64
PO0000211,S002,P0027,WH03,2024-01-10,2024-01-18,2024-01-19,174,163,519.54,90399.89
PO0000212,S002,P0027,WH05,2024-01-10,2024-01-15,2024-01-20,190,174,512.91,97452.27
PO0000213,S006,P0028,WH02,2024-01-10,2024-01-17,2024-01-17,265,261,3301.45,874883.15
PO0000214,S006,P0028,WH04,2024-01-10,2024-01-16,2024-01-19,218,215,3088.54,673301.31
PO0000215,S004,P0029,WH02,2024-01-10,2024-01-19,2024-01-21,207,200,3432.58,710545.02
PO0000216,S004,P0031,WH05,2024-01-10,2024-01-17,2024-01-17,50,48,450.15,22507.4
PO0000217,S009,P0032,WH02,2024-01-10,2024-01-19,2024-01-20,222,209,1774.01,393829.8
PO0000218,S006,P0034,WH02,2024-01-10,2024-01-15,2024-01-18,50,49,3190.19,159509.45
PO0000219,S006,P0034,WH03,2024-01-10,2024-01-15,2024-01-17,52,52,3110.89,161766.53
PO0000220,S006,P0034,WH05,2024-01-10,2024-01-16,2024-01-18,50,50,2871.9,143595.06
PO0000221,S009,P0035,WH02,2024-01-10,2024-01-18,2024-01-20,220,206,1557.78,342712.05
PO0000222,S008,P0036,WH03,2024-01-10,2024-01-13,2024-01-15,335,315,2224.77,745298.89
PO0000223,S008,P0036,WH05,2024-01-10,2024-01-12,2024-01-14,301,275,2116.82,637162.24
PO0000224,S002,P0037,WH04,2024-01-10,2024-01-16,2024-01-18,60,58,1524.94,91496.35
PO0000225,S009,P0001,WH03,2024-01-11,2024-01-17,2024-01-17,245,227,1427.98,349856.3
PO0000226,S009,P0002,WH01,2024-01-11,2024-01-20,2024-01-20,158,149,761.94,120387.08
PO0000227,S009,P0002,WH02,2024-01-11,2024-01-20,2024-01-20,165,161,820.24,135340.1
PO0000228,S006,P0003,WH03,2024-01-11,2024-01-17,2024-01-19,239,235,896.88,214355.5
PO0000229,S008,P0004,WH02,2024-01-11,2024-01-14,2024-01-14,267,243,1602.26,427802.3
PO0000230,S009,P0005,WH02,2024-01-11,2024-01-21,2024-01-21,75,70,1184.33,88824.63
PO0000231,S009,P0005,WH04,2024-01-11,2024-01-18,2024-01-18,80,73,1141.08,91286.34
PO0000232,S004,P0007,WH01,2024-01-11,2024-01-17,2024-01-19,176,166,2428.06,427338.43
PO0000233,S004,P0007,WH02,2024-01-11,2024-01-17,2024-01-17,244,234,2406.99,587305.1
PO0000234,S004,P0007,WH04,2024-01-11,2024-01-17,2024-01-17,170,161,2571.71,437190.68
PO0000235,S010,P0008,WH01,2024-01-11,2024-01-19,2024-01-19,118,116,842.41,99404.25
PO0000236,S010,P0008,WH02,2024-01-11,2024-01-21,2024-01-21,114,113,824.26,93965.72
PO0000237,S010,P0009,WH01,2024-01-11,2024-01-20,2024-01-20,62,62,2422.99,150225.48
PO0000238,S007,P0010,WH04,2024-01-11,2024-01-15,2024-01-18,90,86,2922.24,263001.81
PO0000239,S007,P0011,WH01,2024-01-11,2024-01-18,2024-01-18,115,112,606.68,69767.91
PO0000240,S007,P0011,WH02,2024-01-11,2024-01-15,2024-01-15,165,158,586.56,96782.66
PO0000241,S007,P0011,WH03,2024-01-11,2024-01-16,2024-01-21,129,122,596.99,77011.22
PO0000242,S007,P0011,WH05,2024-01-11,2024-01-16,2024-01-16,121,116,641.37,77606.01
PO0000243,S007,P0013,WH03,2024-01-11,2024-01-18,2024-01-18,75,68,2864.96,214872.25
PO0000244,S010,P0014,WH05,2024-01-11,2024-01-19,2024-01-24,168,167,2101.17,352995.96
PO0000245,S004,P0015,WH04,2024-01-11,2024-01-17,2024-01-17,67,67,242.06,16218.15
PO0000246,S011,P0017,WH04,2024-01-11,2024-01-16,2024-01-16,230,219,931.85,214324.75
PO0000247,S006,P0018,WH04,2024-01-11,2024-01-17,2024-01-19,50,49,1155.41,57770.43
PO0000248,S006,P0018,WH05,2024-01-11,2024-01-15,2024-01-18,66,65,1121.77,74036.99
PO0000249,S006,P0020,WH02,2024-01-11,2024-01-17,2024-01-22,144,143,2301.73,331448.43
PO0000250,S006,P0020,WH05,2024-01-11,2024-01-18,2024-01-18,150,148,2292.07,343810.47
PO0000251,S010,P0021,WH01,2024-01-11,2024-01-19,2024-01-19,131,127,751.02,98383.68
PO0000252,S010,P0021,WH03,2024-01-11,2024-01-18,2024-01-18,221,221,692.13,152959.9
PO0000253,S010,P0021,WH04,2024-01-11,2024-01-18,2024-01-18,206,205,739.48,152333.75
PO0000254,S009,P0022,WH02,2024-01-11,2024-01-19,2024-01-20,50,44,443.72,22186.24
PO0000255,S009,P0022,WH05,2024-01-11,2024-01-18,2024-01-21,50,47,469.79,23489.28
PO0000256,S006,P0024,WH01,2024-01-11,2024-01-17,2024-01-17,50,50,629.86,31492.75
PO0000257,S006,P0024,WH05,2024-01-11,2024-01-15,2024-01-15,50,50,680.35,34017.68
PO0000258,S012,P0026,WH01,2024-01-11,2024-01-19,2024-01-20,189,181,2189.63,413839.61
PO0000259,S012,P0026,WH05,2024-01-11,2024-01-21,2024-01-21,257,247,2242.5,576322.04
PO0000260,S002,P0027,WH03,2024-01-11,2024-01-19,2024-01-19,302,282,546.93,165173.75
PO0000261,S006,P0028,WH03,2024-01-11,2024-01-17,2024-01-17,282,274,3266.64,921191.67
PO0000262,S004,P0029,WH01,2024-01-11,2024-01-18,2024-01-21,268,259,3571.98,957291.03
PO0000263,S009,P0030,WH03,2024-01-11,2024-01-19,2024-01-19,318,307,2582.44,821216.68
PO0000264,S004,P0031,WH05,2024-01-11,2024-01-17,2024-01-19,54,49,492.57,26598.78
PO0000265,S009,P0032,WH01,2024-01-11,2024-01-20,2024-01-21,152,145,1641.34,249484.13
PO0000266,S009,P0032,WH05,2024-01-11,2024-01-20,2024-01-25,192,182,1576.24,302638.82
PO0000267,S009,P0035,WH03,2024-01-11,2024-01-20,2024-01-20,141,125,1562.25,220277.0
PO0000268,S002,P0037,WH01,2024-01-11,2024-01-17,2024-01-20,83,79,1633.1,135547.11
PO0000269,S002,P0037,WH02,2024-01-11,2024-01-18,2024-01-18,107,104,1471.68,157469.35
PO0000270,S008,P0038,WH04,2024-01-11,2024-01-15,2024-01-16,104,99,1899.51,197549.4
PO0000271,S008,P0038,WH05,2024-01-11,2024-01-16,2024-01-19,153,145,1815.66,277796.51
PO0000272,S012,P0040,WH01,2024-01-11,2024-01-23,2024-01-23,53,52,693.74,36768.12
PO0000273,S009,P0001,WH01,2024-01-12,2024-01-19,2024-01-20,105,93,1457.01,152986.32
PO0000274,S009,P0001,WH04,2024-01-12,2024-01-21,2024-01-21,136,130,1447.67,196882.79
PO0000275,S009,P0002,WH05,2024-01-12,2024-01-19,2024-01-20,168,156,811.71,136367.13
PO0000276,S006,P0003,WH04,2024-01-12,2024-01-17,2024-01-17,179,175,920.54,164776.71
PO0000277,S008,P0004,WH04,2024-01-12,2024-01-15,2024-01-15,267,258,1554.59,415075.36
PO0000278,S008,P0004,WH05,2024-01-12,2024-01-17,2024-01-20,195,187,1647.8,321321.84
PO0000279,S009,P0005,WH03,2024-01-12,2024-01-25,2024-01-25,127,120,1212.81,154026.96
PO0000280,S004,P0007,WH04,2024-01-12,2024-01-18,2024-01-19,129,123,2546.24,328464.95
PO0000281,S004,P0007,WH05,2024-01-12,2024-01-17,2024-01-17,186,179,2543.6,473109.63
PO0000282,S010,P0008,WH01,2024-01-12,2024-01-24,2024-01-27,81,81,792.97,64230.87
PO0000283,S010,P0008,WH04,2024-01-12,2024-01-22,2024-01-23,100,98,797.83,79783.17
PO0000284,S010,P0009,WH05,2024-01-12,2024-01-21,2024-01-21,72,71,2417.55,174063.85
PO0000285,S007,P0010,WH02,2024-01-12,2024-01-14,2024-01-14,88,84,2657.54,233863.25
PO0000286,S007,P0010,WH04,2024-01-12,2024-01-16,2024-01-16,54,52,2872.66,155123.83
PO0000287,S007,P0011,WH01,2024-01-12,2024-01-18,2024-01-18,64,59,632.74,40495.14
PO0000288,S010,P0014,WH02,2024-01-12,2024-01-20,2024-01-20,199,196,2117.76,421433.97
PO0000289,S010,P0014,WH03,2024-01-12,2024-01-23,2024-01-24,312,307,1924.49,600440.07
PO0000290,S004,P0015,WH02,2024-01-12,2024-01-19,2024-01-22,168,162,258.95,43504.12
PO0000291,S004,P0015,WH04,2024-01-12,2024-01-20,2024-01-25,107,100,252.82,27052.11
PO0000292,S012,P0016,WH01,2024-01-12,2024-01-21,2024-01-21,231,225,837.18,193389.72
PO0000293,S012,P0016,WH04,2024-01-12,2024-01-22,2024-01-22,176,170,884.67,155701.69
PO0000294,S012,P0016,WH05,2024-01-12,2024-01-24,2024-01-25,300,291,869.34,260802.48
PO0000295,S006,P0018,WH05,2024-01-12,2024-01-21,2024-01-22,52,52,1059.39,55088.49
PO0000296,S008,P0019,WH03,2024-01-12,2024-01-16,2024-01-18,254,239,2084.54,529474.01
PO0000297,S006,P0020,WH03,2024-01-12,2024-01-20,2024-01-23,175,172,2252.04,394107.42
PO0000298,S010,P0021,WH01,2024-01-12,2024-01-19,2024-01-19,142,140,703.47,99892.8
PO0000299,S010,P0021,WH03,2024-01-12,2024-01-20,2024-01-20,205,204,667.74,136886.86
PO0000300,S006,P0023,WH01,2024-01-12,2024-01-19,2024-01-20,74,74,719.99,53279.28
PO0000301,S006,P0023,WH04,2024-01-12,2024-01-19,2024-01-19,80,78,692.28,55382.29
PO0000302,S012,P0026,WH02,2024-01-12,2024-01-24,2024-01-24,238,236,2234.7,531857.68
PO0000303,S002,P0027,WH02,2024-01-12,2024-01-18,2024-01-21,243,233,577.47,140324.27
PO0000304,S006,P0028,WH01,2024-01-12,2024-01-19,2024-01-19,219,213,3059.21,669968.08
PO0000305,S004,P0029,WH05,2024-01-12,2024-01-18,2024-01-21,267,248,3306.89,882939.58
PO0000306,S009,P0030,WH02,2024-01-12,2024-01-20,2024-01-20,207,198,2444.95,506104.93
PO0000307,S009,P0030,WH04,2024-01-12,2024-01-22,2024-01-22,200,190,2684.32,536864.96
PO0000308,S009,P0030,WH05,2024-01-12,2024-01-19,2024-01-19,197,182,2683.78,528705.51
PO0000309,S009,P0032,WH02,2024-01-12,2024-01-22,2024-01-22,360,335,1597.15,574974.66
PO0000310,S009,P0032,WH03,2024-01-12,2024-01-21,2024-01-21,388,356,1589.25,616627.23
PO0000311,S009,P0032,WH04,2024-01-12,2024-01-20,2024-01-20,256,244,1695.68,434094.41
PO0000312,S006,P0034,WH05,2024-01-12,2024-01-15,2024-01-17,50,49,2943.29,147164.72
PO0000313,S009,P0035,WH04,2024-01-12,2024-01-21,2024-01-22,115,104,1549.27,178166.35
PO0000314,S002,P0037,WH02,2024-01-12,2024-01-19,2024-01-22,122,111,1576.08,192281.16
PO0000315,S002,P0037,WH03,2024-01-12,2024-01-18,2024-01-21,133,122,1511.32,201005.14
PO0000316,S002,P0037,WH05,2024-01-12,2024-01-18,2024-01-21,70,69,1573.33,110133.21
PO0000317,S008,P0038,WH04,2024-01-12,2024-01-15,2024-01-18,116,109,1814.49,210481.02
PO0000318,S008,P0038,WH05,2024-01-12,2024-01-15,2024-01-15,144,131,1744.75,251243.46
PO0000319,S002,P0039,WH01,2024-01-12,2024-01-18,2024-01-19,83,79,493.64,40971.79
PO0000320,S012,P0040,WH01,2024-01-12,2024-01-23,2024-01-24,50,50,724.65,36232.29
PO0000321,S012,P0040,WH02,2024-01-12,2024-01-24,2024-01-25,50,48,753.73,37686.54
PO0000322,S009,P0001,WH03,2024-01-13,2024-01-21,2024-01-21,260,239,1427.89,371251.13
PO0000323,S009,P0002,WH02,2024-01-13,2024-01-19,2024-01-19,200,189,757.48,151495.9
PO0000324,S006,P0003,WH02,2024-01-13,2024-01-19,2024-01-20,173,170,879.11,152085.7
PO0000325,S006,P0003,WH03,2024-01-13,2024-01-19,2024-01-20,219,215,913.52,200060.72
PO0000326,S006,P0003,WH04,2024-01-13,2024-01-19,2024-01-19,134,132,897.79,120303.53
PO0000327,S006,P0003,WH05,2024-01-13,2024-01-20,2024-01-20,228,227,916.19,208890.54
PO0000328,S009,P0005,WH02,2024-01-13,2024-01-21,2024-01-24,67,65,1151.54,77153.08
PO0000329,S004,P0007,WH02,2024-01-13,2024-01-20,2024-01-21,240,229,2410.58,578538.19
PO0000330,S004,P0007,WH04,2024-01-13,2024-01-19,2024-01-19,183,176,2459.79,450141.37
PO0000331,S004,P0007,WH05,2024-01-13,2024-01-20,2024-01-22,181,168,2471.96,447424.67
PO0000332,S010,P0008,WH02,2024-01-13,2024-01-20,2024-01-20,157,155,773.35,121416.56
PO0000333,S010,P0008,WH05,2024-01-13,2024-01-23,2024-01-23,142,141,861.85,122382.46
PO0000334,S010,P0009,WH03,2024-01-13,2024-01-24,2024-01-24,105,105,2318.34,243425.86
PO0000335,S007,P0010,WH01,2024-01-13,2024-01-20,2024-01-23,87,84,2702.28,235097.96
PO0000336,S007,P0010,WH03,2024-01-13,2024-01-16,2024-01-19,124,118,2855.37,354066.09
PO0000337,S007,P0010,WH05,2024-01-13,2024-01-17,2024-01-17,73,68,2670.13,194919.53
PO0000338,S010,P0014,WH02,2024-01-13,2024-01-24,2024-01-25,346,340,2101.83,727234.55
PO0000339,S010,P0014,WH03,2024-01-13,2024-01-21,2024-01-23,266,263,2067.72,550012.44
PO0000340,S004,P0015,WH01,2024-01-13,2024-01-20,2024-01-23,109,105,260.87,28434.89
PO0000341,S004,P0015,WH03,2024-01-13,2024-01-21,2024-01-21,112,108,265.56,29742.35
PO0000342,S012,P0016,WH02,2024-01-13,2024-01-24,2024-01-24,358,351,901.45,322720.12
PO0000343,S012,P0016,WH05,2024-01-13,2024-01-23,2024-01-23,333,321,877.04,292053.56
PO0000344,S011,P0017,WH03,2024-01-13,2024-01-15,2024-01-15,276,258,959.0,264683.56
PO0000345,S011,P0017,WH04,2024-01-13,2024-01-15,2024-01-15,169,161,933.91,157830.77
PO0000346,S006,P0020,WH04,2024-01-13,2024-01-18,2024-01-19,193,189,2269.09,437934.36
PO0000347,S009,P0022,WH03,2024-01-13,2024-01-21,2024-01-21,85,78,449.13,38176.3
PO0000348,S009,P0022,WH05,2024-01-13,2024-01-23,2024-01-23,68,62,435.93,29643.07
PO0000349,S006,P0025,WH01,2024-01-13,2024-01-20,2024-01-21,163,158,1441.44,234954.74
PO0000350,S012,P0026,WH03,2024-01-13,2024-01-22,2024-01-22,412,396,2386.97,983431.78
PO0000351,S002,P0027,WH04,2024-01-13,2024-01-17,2024-01-17,134,128,534.04,71561.08
PO0000352,S006,P0028,WH03,2024-01-13,2024-01-19,2024-01-20,313,310,3335.36,1043966.88
PO0000353,S004,P0029,WH02,2024-01-13,2024-01-20,2024-01-23,245,239,3318.15,812947.1
PO0000354,S004,P0029,WH03,2024-01-13,2024-01-17,2024-01-22,251,238,3321.61,833723.31
PO0000355,S004,P0029,WH04,2024-01-13,2024-01-21,2024-01-24,291,283,3577.7,1041109.66
PO0000356,S004,P0033,WH01,2024-01-13,2024-01-18,2024-01-18,74,70,2159.01,159766.57
PO0000357,S009,P0035,WH02,2024-01-13,2024-01-21,2024-01-21,223,206,1539.3,343264.73
PO0000358,S008,P0036,WH05,2024-01-13,2024-01-19,2024-01-19,193,177,2126.43,410401.14
PO0000359,S002,P0037,WH02,2024-01-13,2024-01-20,2024-01-20,130,123,1626.8,211484.38
PO0000360,S002,P0037,WH03,2024-01-13,2024-01-18,2024-01-18,145,137,1615.09,234188.29
PO0000361,S002,P0037,WH04,2024-01-13,2024-01-21,2024-01-24,106,100,1527.91,161958.83
PO0000362,S008,P0038,WH04,2024-01-13,2024-01-17,2024-01-17,90,82,1821.5,163934.75
PO0000363,S002,P0039,WH04,2024-01-13,2024-01-21,2024-01-21,56,54,508.51,28476.56
PO0000364,S012,P0040,WH04,2024-01-13,2024-01-22,2024-01-25,50,49,703.74,35186.79
PO0000365,S009,P0001,WH03,2024-01-14,2024-01-21,2024-01-21,264,246,1370.03,361688.78
PO0000366,S009,P0002,WH05,2024-01-14,2024-01-24,2024-01-24,180,174,772.05,138968.82
PO0000367,S010,P0008,WH01,2024-01-14,2024-01-25,2024-01-25,119,116,774.68,92186.37
PO0000368,S010,P0008,WH02,2024-01-14,2024-01-24,2024-01-26,154,152,852.97,131357.43
PO0000369,S010,P0009,WH03,2024-01-14,2024-01-21,2024-01-21,98,98,2447.9,239893.75
PO0000370,S010,P0014,WH02,2024-01-14,2024-01-23,2024-01-25,268,262,2092.25,560722.21
PO0000371,S010,P0014,WH03,2024-01-14,2024-01-21,2024-01-21,341,340,2124.6,724490.03
PO0000372,S004,P0015,WH03,2024-01-14,2024-01-22,2024-01-23,159,150,259.3,41229.25
PO0000373,S006,P0018,WH03,2024-01-14,2024-01-20,2024-01-20,104,102,1028.62,106976.52
PO0000374,S006,P0018,WH05,2024-01-14,2024-01-20,2024-01-20,62,60,1089.48,67547.8
PO0000375,S006,P0020,WH04,2024-01-14,2024-01-21,2024-01-26,203,202,2235.15,453735.22
PO0000376,S010,P0021,WH02,2024-01-14,2024-01-23,2024-01-23,255,252,718.38,183186.56
PO0000377,S010,P0021,WH03,2024-01-14,2024-01-23,2024-01-28,276,271,709.23,195746.16
PO0000378,S009,P0022,WH02,2024-01-14,2024-01-23,2024-01-23,65,63,470.66,30592.64
PO0000379,S009,P0022,WH03,2024-01-14,2024-01-23,2024-01-23,64,60,455.88,29176.47
PO0000380,S006,P0023,WH01,2024-01-14,2024-01-18,2024-01-18,71,70,714.33,50717.12
PO0000381,S006,P0023,WH03,2024-01-14,2024-01-21,2024-01-23,79,79,688.05,54355.67
PO0000382,S006,P0024,WH03,2024-01-14,2024-01-20,2024-01-21,50,50,658.76,32938.1
PO0000383,S006,P0024,WH05,2024-01-14,2024-01-17,2024-01-22,55,53,639.34,35163.97
PO0000384,S006,P0025,WH01,2024-01-14,2024-01-21,2024-01-21,149,147,1503.66,224045.85
PO0000385,S012,P0026,WH02,2024-01-14,2024-01-25,2024-01-26,222,214,2257.44,501150.72
PO0000386,S002,P0027,WH02,2024-01-14,2024-01-23,2024-01-23,279,262,527.64,147210.76
PO0000387,S009,P0032,WH01,2024-01-14,2024-01-22,2024-01-27,248,239,1659.31,411509.97
PO0000388,S004,P0033,WH01,2024-01-14,2024-01-22,2024-01-22,126,121,2215.42,279143.01
PO0000389,S004,P0033,WH04,2024-01-14,2024-01-22,2024-01-22,137,130,2051.08,280997.73
PO0000390,S006,P0034,WH03,2024-01-14,2024-01-21,2024-01-24,52,51,2949.69,153383.81
PO0000391,S009,P0035,WH04,2024-01-14,2024-01-25,2024-01-25,126,117,1508.45,190064.66
PO0000392,S008,P0038,WH05,2024-01-14,2024-01-18,2024-01-19,98,92,1729.52,169492.94
PO0000393,S002,P0039,WH01,2024-01-14,2024-01-18,2024-01-18,56,53,471.73,26416.73
PO0000394,S012,P0040,WH01,2024-01-14,2024-01-24,2024-01-24,50,50,751.07,37553.4
PO0000395,S009,P0001,WH03,2024-01-15,2024-01-23,2024-01-23,267,250,1307.83,349191.07
PO0000396,S009,P0001,WH05,2024-01-15,2024-01-22,2024-01-25,214,200,1374.96,294241.53
PO0000397,S009,P0002,WH02,2024-01-15,2024-01-24,2024-01-24,280,266,791.29,221561.02
PO0000398,S009,P0002,WH03,2024-01-15,2024-01-22,2024-01-25,339,319,789.79,267737.53
PO0000399,S006,P0003,WH04,2024-01-15,2024-01-21,2024-01-23,193,184,874.4,168760.01
PO0000400,S004,P0007,WH02,2024-01-15,2024-01-22,2024-01-22,154,147,2406.95,370670.01
PO0000401,S010,P0009,WH02,2024-01-15,2024-01-24,2024-01-27,70,66,2437.27,170609.02
PO0000402,S010,P0014,WH05,2024-01-15,2024-01-25,2024-01-25,186,183,2027.88,377186.58
PO0000403,S004,P0015,WH03,2024-01-15,2024-01-22,2024-01-22,104,97,252.51,26261.3
PO0000404,S008,P0019,WH04,2024-01-15,2024-01-17,2024-01-17,160,144,1905.39,304861.94
PO0000405,S010,P0021,WH01,2024-01-15,2024-01-22,2024-01-22,218,215,708.36,154421.72
PO0000406,S010,P0021,WH03,2024-01-15,2024-01-22,2024-01-24,166,164,685.21,113745.18
PO0000407,S010,P0021,WH05,2024-01-15,2024-01-24,2024-01-24,179,179,733.99,131383.73
PO0000408,S006,P0025,WH04,2024-01-15,2024-01-21,2024-01-21,142,140,1345.33,191036.38
PO0000409,S012,P0026,WH03,2024-01-15,2024-01-25,2024-01-27,412,390,2129.11,877193.65
PO0000410,S012,P0026,WH05,2024-01-15,2024-01-26,2024-01-26,206,202,2372.47,488727.97
PO0000411,S002,P0027,WH01,2024-01-15,2024-01-21,2024-01-22,145,137,549.62,79694.5
PO0000412,S002,P0027,WH05,2024-01-15,2024-01-23,2024-01-25,155,147,552.26,85600.67
PO0000413,S006,P0028,WH02,2024-01-15,2024-01-21,2024-01-23,228,227,3096.42,705982.93
PO0000414,S006,P0028,WH04,2024-01-15,2024-01-20,2024-01-23,209,204,3259.77,681291.33
PO0000415,S004,P0029,WH05,2024-01-15,2024-01-20,2024-01-20,234,222,3597.65,841849.38
PO0000416,S009,P0032,WH01,2024-01-15,2024-01-26,2024-01-26,188,177,1749.63,328930.79
PO0000417,S004,P0033,WH02,2024-01-15,2024-01-21,2024-01-21,177,168,2043.54,361706.53
PO0000418,S006,P0034,WH05,2024-01-15,2024-01-22,2024-01-22,50,50,2954.71,147735.36
PO0000419,S009,P0035,WH04,2024-01-15,2024-01-21,2024-01-24,124,116,1612.33,199928.4
PO0000420,S002,P0037,WH04,2024-01-15,2024-01-23,2024-01-26,93,92,1514.56,140854.13
PO0000421,S008,P0038,WH01,2024-01-15,2024-01-20,2024-01-20,113,107,1911.52,216001.74
PO0000422,S008,P0038,WH02,2024-01-15,2024-01-17,2024-01-17,200,187,1843.76,368751.71
PO0000423,S012,P0040,WH03,2024-01-15,2024-01-22,2024-01-22,56,55,757.72,42432.06
PO0000424,S009,P0001,WH03,2024-01-16,2024-01-23,2024-01-23,262,244,1429.84,374619.1
PO0000425,S009,P0002,WH01,2024-01-16,2024-01-23,2024-01-26,192,184,806.95,154934.31
PO0000426,S004,P0007,WH04,2024-01-16,2024-01-22,2024-01-22,162,153,2359.31,382207.8
PO0000427,S010,P0009,WH03,2024-01-16,2024-01-24,2024-01-24,85,84,2510.27,213373.08
PO0000428,S010,P0014,WH01,2024-01-16,2024-01-25,2024-01-25,247,244,2003.5,494863.4
PO0000429,S008,P0019,WH03,2024-01-16,2024-01-22,2024-01-22,174,159,1966.49,342169.79
PO0000430,S010,P0021,WH05,2024-01-16,2024-01-22,2024-01-23,216,211,712.83,153970.51
PO0000431,S006,P0023,WH05,2024-01-16,2024-01-22,2024-01-22,87,84,666.31,57968.95
PO0000432,S006,P0025,WH01,2024-01-16,2024-01-23,2024-01-26,130,128,1368.44,177896.89
PO0000433,S012,P0026,WH03,2024-01-16,2024-01-26,2024-01-26,234,227,2385.33,558167.31
PO0000434,S012,P0026,WH05,2024-01-16,2024-01-27,2024-01-27,218,211,2267.42,494297.07
PO0000435,S006,P0028,WH02,2024-01-16,2024-01-25,2024-01-26,216,211,3378.33,729720.24
PO0000436,S009,P0030,WH03,2024-01-16,2024-01-25,2024-01-28,263,250,2530.09,665413.21
PO0000437,S009,P0032,WH03,2024-01-16,2024-01-25,2024-01-25,328,310,1691.54,554823.62
PO0000438,S009,P0032,WH05,2024-01-16,2024-01-24,2024-01-24,177,169,1697.76,300504.11
PO0000439,S006,P0034,WH03,2024-01-16,2024-01-23,2024-01-23,50,50,3148.25,157412.32
PO0000440,S006,P0034,WH05,2024-01-16,2024-01-23,2024-01-23,50,48,3134.53,156726.45
PO0000441,S008,P0038,WH02,2024-01-16,2024-01-21,2024-01-23,217,201,1784.91,387325.23
PO0000442,S012,P0040,WH03,2024-01-16,2024-01-25,2024-01-25,50,50,679.31,33965.45
PO0000443,S009,P0005,WH03,2024-01-17,2024-01-25,2024-01-25,78,71,1205.54,94032.44
PO0000444,S010,P0009,WH02,2024-01-17,2024-01-27,2024-01-29,78,78,2235.21,174346.27
PO0000445,S012,P0016,WH02,2024-01-17,2024-01-28,2024-02-02,222,220,830.9,184460.44
PO0000446,S012,P0016,WH03,2024-01-17,2024-01-27,2024-01-27,247,242,880.71,217534.25
PO0000447,S012,P0016,WH05,2024-01-17,2024-01-27,2024-01-27,313,302,886.47,277466.39
PO0000448,S008,P0019,WH03,2024-01-17,2024-01-21,2024-01-21,297,279,2118.9,629312.59
PO0000449,S010,P0021,WH04,2024-01-17,2024-01-25,2024-01-25,170,165,713.61,121313.29
PO0000450,S009,P0022,WH02,2024-01-17,2024-01-27,2024-01-27,85,78,428.06,36384.8
PO0000451,S009,P0022,WH04,2024-01-17,2024-01-27,2024-01-30,50,49,437.27,21863.31
PO0000452,S006,P0023,WH05,2024-01-17,2024-01-24,2024-01-24,79,78,697.0,55063.05
PO0000453,S012,P0026,WH05,2024-01-17,2024-01-29,2024-02-03,235,231,2345.33,551152.96
PO0000454,S006,P0028,WH01,2024-01-17,2024-01-27,2024-01-28,220,219,3200.09,704020.64
PO0000455,S009,P0030,WH03,2024-01-17,2024-01-27,2024-01-27,188,174,2529.6,475564.11
PO0000456,S009,P0030,WH04,2024-01-17,2024-01-27,2024-01-28,213,205,2647.98,564018.89
PO0000457,S004,P0031,WH03,2024-01-17,2024-01-25,2024-01-25,50,45,469.57,23478.5
PO0000458,S004,P0033,WH04,2024-01-17,2024-01-24,2024-01-26,132,123,2019.03,266511.58
PO0000459,S009,P0035,WH01,2024-01-17,2024-01-22,2024-01-25,163,154,1645.86,268274.59
PO0000460,S009,P0035,WH04,2024-01-17,2024-01-27,2024-01-29,114,106,1679.19,191427.76
PO0000461,S008,P0036,WH04,2024-01-17,2024-01-20,2024-01-20,170,163,2032.35,345499.92
PO0000462,S002,P0039,WH01,2024-01-17,2024-01-22,2024-01-22,79,76,518.33,40947.98
PO0000463,S012,P0040,WH02,2024-01-17,2024-01-28,2024-01-28,66,66,713.16,47068.35
PO0000464,S012,P0040,WH03,2024-01-17,2024-01-28,2024-01-28,52,51,742.3,38599.58
PO0000465,S006,P0003,WH02,2024-01-18,2024-01-26,2024-01-26,243,243,909.88,221099.67
PO0000466,S006,P0003,WH05,2024-01-18,2024-01-25,2024-01-25,154,151,932.0,143528.19
PO0000467,S010,P0014,WH03,2024-01-18,2024-01-27,2024-01-29,390,387,1903.86,742505.69
PO0000468,S012,P0016,WH05,2024-01-18,2024-01-27,2024-01-28,238,230,876.27,208551.92
PO0000469,S006,P0018,WH02,2024-01-18,2024-01-26,2024-01-28,90,88,1153.86,103847.12
PO0000470,S009,P0022,WH02,2024-01-18,2024-01-26,2024-01-28,59,55,478.29,28219.19
PO0000471,S006,P0023,WH03,2024-01-18,2024-01-22,2024-01-22,79,78,724.82,57260.69
PO0000472,S002,P0027,WH05,2024-01-18,2024-01-25,2024-01-25,188,174,535.96,100759.98
PO0000473,S009,P0030,WH03,2024-01-18,2024-01-25,2024-01-25,279,267,2652.87,740151.44
PO0000474,S009,P0032,WH04,2024-01-18,2024-01-29,2024-02-01,156,149,1612.73,251585.21
PO0000475,S004,P0033,WH04,2024-01-18,2024-01-28,2024-01-28,102,98,2065.36,210666.67
PO0000476,S009,P0035,WH01,2024-01-18,2024-01-27,2024-01-29,142,135,1520.54,215917.12
PO0000477,S008,P0036,WH04,2024-01-18,2024-01-21,2024-01-21,261,237,1987.89,518838.21
PO0000478,S009,P0001,WH05,2024-01-19,2024-01-29,2024-02-03,139,129,1353.49,188134.79
PO0000479,S008,P0004,WH05,2024-01-19,2024-01-23,2024-01-23,287,268,1535.62,440721.81
PO0000480,S010,P0014,WH03,2024-01-19,2024-01-28,2024-01-28,313,311,2115.07,662017.67
PO0000481,S004,P0015,WH05,2024-01-19,2024-01-26,2024-01-26,120,118,245.03,29404.07
PO0000482,S006,P0020,WH03,2024-01-19,2024-01-29,2024-01-31,226,225,2348.7,530805.8
PO0000483,S009,P0022,WH02,2024-01-19,2024-01-26,2024-01-27,74,70,447.52,33116.17
PO0000484,S004,P0031,WH03,2024-01-19,2024-01-23,2024-01-25,65,62,485.86,31580.72
PO0000485,S009,P0032,WH04,2024-01-19,2024-01-26,2024-01-26,212,203,1638.23,347303.83
PO0000486,S004,P0033,WH04,2024-01-19,2024-01-25,2024-01-25,92,90,2070.77,190511.21
PO0000487,S009,P0035,WH04,2024-01-19,2024-01-27,2024-01-27,164,149,1651.25,270805.53
PO0000488,S008,P0036,WH04,2024-01-19,2024-01-22,2024-01-22,290,271,2204.49,639301.83
PO0000489,S010,P0008,WH04,2024-01-20,2024-01-28,2024-01-28,136,134,856.97,116547.46
PO0000490,S010,P0014,WH03,2024-01-20,2024-01-28,2024-01-28,334,331,1988.71,664230.07
PO0000491,S012,P0016,WH03,2024-01-20,2024-01-28,2024-01-31,344,336,850.81,292678.81
PO0000492,S009,P0022,WH04,2024-01-20,2024-01-25,2024-01-25,54,53,456.03,24625.54
PO0000493,S004,P0029,WH01,2024-01-20,2024-01-26,2024-01-27,195,185,3243.52,632486.74
PO0000494,S004,P0031,WH03,2024-01-20,2024-01-28,2024-01-29,72,69,492.61,35467.65
PO0000495,S004,P0033,WH02,2024-01-20,2024-01-26,2024-01-27,152,146,2162.19,328653.39
PO0000496,S008,P0004,WH03,2024-01-21,2024-01-26,2024-01-27,366,346,1640.34,600362.73
PO0000497,S009,P0005,WH03,2024-01-21,2024-01-29,2024-01-29,124,119,1237.03,153392.09
PO0000498,S009,P0005,WH05,2024-01-21,2024-01-28,2024-01-29,74,66,1132.68,83818.66
PO0000499,S010,P0008,WH03,2024-01-21,2024-01-27,2024-01-29,128,127,823.86,105454.71
PO0000500,S010,P0008,WH04,2024-01-21,2024-01-29,2024-01-31,100,100,795.78,79578.13
PO0000501,S012,P0016,WH03,2024-01-21,2024-02-03,2024-02-03,342,332,839.68,287171.61
PO0000502,S012,P0026,WH04,2024-01-21,2024-02-01,2024-02-01,160,154,2284.91,365585.96
PO0000503,S004,P0033,WH04,2024-01-21,2024-01-26,2024-01-29,97,93,2109.25,204597.7
PO0000504,S010,P0008,WH03,2024-01-22,2024-01-29,2024-01-29,144,141,810.81,116756.15
PO0000505,S007,P0010,WH02,2024-01-22,2024-01-26,2024-01-26,113,106,2684.56,303354.74
PO0000506,S010,P0014,WH01,2024-01-22,2024-01-29,2024-01-29,183,179,2072.73,379308.69
PO0000507,S006,P0018,WH02,2024-01-22,2024-01-28,2024-01-29,92,92,1148.28,105641.63
PO0000508,S009,P0022,WH04,2024-01-22,2024-01-30,2024-01-30,59,55,437.31,25801.16
PO0000509,S006,P0024,WH02,2024-01-22,2024-01-29,2024-01-30,59,58,654.39,38609.27
PO0000510,S012,P0026,WH04,2024-01-22,2024-01-30,2024-02-02,228,219,2331.74,531637.39
PO0000511,S002,P0039,WH05,2024-01-22,2024-01-27,2024-01-27,64,59,519.32,33236.43
PO0000512,S009,P0005,WH05,2024-01-23,2024-02-02,2024-02-05,65,61,1226.28,79708.09
PO0000513,S011,P0012,WH03,2024-01-23,2024-01-27,2024-01-29,79,72,2324.16,183608.98
PO0000514,S011,P0017,WH05,2024-01-23,2024-01-27,2024-01-27,188,178,945.36,177727.77
PO0000515,S004,P0029,WH04,2024-01-23,2024-01-29,2024-01-30,270,262,3595.17,970696.51
PO0000516,S004,P0031,WH03,2024-01-23,2024-01-28,2024-01-28,59,55,488.62,28828.43
PO0000517,S009,P0001,WH05,2024-01-24,2024-02-01,2024-02-01,150,143,1323.92,198587.31
PO0000518,S009,P0005,WH03,2024-01-24,2024-02-01,2024-02-01,104,98,1171.34,121819.39
PO0000519,S011,P0006,WH04,2024-01-24,2024-01-30,2024-01-30,50,48,2686.53,134326.62
PO0000520,S010,P0014,WH01,2024-01-24,2024-02-02,2024-02-02,203,198,1943.55,394540.87
PO0000521,S012,P0016,WH03,2024-01-24,2024-02-02,2024-02-02,429,414,839.71,360237.03
PO0000522,S008,P0019,WH02,2024-01-24,2024-01-28,2024-01-28,187,170,1946.93,364076.0
PO0000523,S009,P0022,WH04,2024-01-24,2024-02-04,2024-02-07,50,46,427.65,21382.43
PO0000524,S012,P0026,WH04,2024-01-24,2024-02-05,2024-02-06,237,227,2325.91,551240.52
PO0000525,S009,P0035,WH01,2024-01-24,2024-02-01,2024-02-01,144,137,1643.28,236631.6
PO0000526,S008,P0036,WH01,2024-01-24,2024-01-26,2024-01-26,252,239,2220.5,559566.2
PO0000527,S002,P0039,WH03,2024-01-24,2024-01-30,2024-02-01,75,73,524.34,39325.43
PO0000528,S006,P0003,WH02,2024-01-25,2024-02-02,2024-02-03,273,271,948.89,259047.14
PO0000529,S008,P0004,WH01,2024-01-25,2024-01-30,2024-01-30,261,248,1704.02,444748.59
PO0000530,S006,P0018,WH02,2024-01-25,2024-02-02,2024-02-02,66,66,1091.86,72063.01
PO0000531,S008,P0019,WH02,2024-01-25,2024-01-28,2024-01-29,174,168,2077.92,361557.97
PO0000532,S009,P0022,WH01,2024-01-25,2024-02-01,2024-02-04,52,50,432.79,22505.02
PO0000533,S006,P0025,WH05,2024-01-25,2024-02-01,2024-02-02,155,152,1452.09,225074.08
PO0000534,S009,P0035,WH03,2024-01-25,2024-02-03,2024-02-04,249,238,1531.97,381460.83
PO0000535,S002,P0039,WH05,2024-01-25,2024-02-01,2024-02-04,50,47,482.61,24130.65
PO0000536,S008,P0004,WH03,2024-01-26,2024-01-29,2024-01-31,309,283,1526.11,471567.28
PO0000537,S011,P0006,WH04,2024-01-26,2024-01-31,2024-02-01,50,45,3002.48,150124.24
PO0000538,S010,P0009,WH02,2024-01-26,2024-02-04,2024-02-04,66,63,2289.87,151131.51
PO0000539,S011,P0012,WH03,2024-01-26,2024-01-31,2024-01-31,55,52,2434.98,133924.06
PO0000540,S007,P0013,WH02,2024-01-26,2024-01-31,2024-02-01,50,46,2835.11,141755.48
PO0000541,S008,P0019,WH02,2024-01-26,2024-01-29,2024-01-30,255,240,2081.6,530806.79
PO0000542,S008,P0019,WH04,2024-01-26,2024-01-29,2024-01-30,164,155,2043.52,335136.61
PO0000543,S009,P0022,WH01,2024-01-26,2024-02-03,2024-02-03,50,48,429.56,21477.76
PO0000544,S006,P0025,WH02,2024-01-26,2024-02-02,2024-02-04,159,158,1453.33,231078.87
PO0000545,S009,P0035,WH03,2024-01-26,2024-02-02,2024-02-02,232,215,1654.96,383951.79
PO0000546,S009,P0035,WH05,2024-01-26,2024-02-05,2024-02-06,149,141,1570.72,234038.02
PO0000547,S002,P0039,WH02,2024-01-26,2024-02-03,2024-02-04,114,108,523.89,59723.2
PO0000548,S008,P0004,WH01,2024-01-27,2024-01-31,2024-01-31,165,158,1541.52,254351.19
PO0000549,S009,P0005,WH05,2024-01-27,2024-02-05,2024-02-10,87,80,1175.37,102257.13
PO0000550,S004,P0007,WH03,2024-01-27,2024-02-04,2024-02-04,233,227,2355.52,548835.19
PO0000551,S010,P0008,WH03,2024-01-27,2024-02-05,2024-02-05,167,163,789.88,131910.67
PO0000552,S011,P0012,WH03,2024-01-27,2024-02-02,2024-02-05,50,47,2342.37,117118.66
PO0000553,S007,P0013,WH01,2024-01-27,2024-01-29,2024-01-29,50,50,2847.61,142380.52
PO0000554,S006,P0018,WH02,2024-01-27,2024-02-02,2024-02-02,107,105,1109.72,118739.67
PO0000555,S008,P0019,WH01,2024-01-27,2024-02-01,2024-02-01,170,162,1986.94,337780.06
PO0000556,S009,P0022,WH01,2024-01-27,2024-02-03,2024-02-03,58,56,456.62,26483.87
PO0000557,S006,P0025,WH02,2024-01-27,2024-02-03,2024-02-03,245,240,1398.02,342514.58
PO0000558,S012,P0026,WH04,2024-01-27,2024-02-06,2024-02-06,230,225,2177.94,500926.01
PO0000559,S008,P0038,WH01,2024-01-27,2024-01-31,2024-02-03,85,77,1826.79,155277.02
PO0000560,S002,P0039,WH03,2024-01-27,2024-01-31,2024-02-05,78,71,482.69,37650.07
PO0000561,S008,P0004,WH01,2024-01-28,2024-01-31,2024-01-31,263,246,1568.84,412603.65
PO0000562,S004,P0007,WH03,2024-01-28,2024-02-04,2024-02-04,268,253,2500.17,670045.04
PO0000563,S011,P0012,WH03,2024-01-28,2024-02-01,2024-02-01,62,55,2414.94,149726.17
PO0000564,S007,P0013,WH02,2024-01-28,2024-02-03,2024-02-03,57,53,2600.51,148228.93
PO0000565,S011,P0017,WH02,2024-01-28,2024-01-31,2024-02-03,369,350,934.99,345011.95
PO0000566,S008,P0019,WH04,2024-01-28,2024-01-31,2024-01-31,183,175,2133.88,390500.03
PO0000567,S006,P0020,WH01,2024-01-28,2024-02-04,2024-02-05,138,137,2356.39,325182.07
PO0000568,S008,P0036,WH02,2024-01-28,2024-01-31,2024-02-02,371,343,2037.79,756021.11
PO0000569,S002,P0037,WH05,2024-01-28,2024-02-04,2024-02-04,81,77,1521.0,123201.19
PO0000570,S008,P0004,WH01,2024-01-29,2024-02-03,2024-02-04,246,220,1653.18,406682.36
PO0000571,S008,P0019,WH04,2024-01-29,2024-02-03,2024-02-04,122,116,2089.51,254920.14
PO0000572,S009,P0030,WH01,2024-01-29,2024-02-08,2024-02-08,139,124,2700.49,375368.02
PO0000573,S009,P0035,WH03,2024-01-29,2024-02-06,2024-02-06,238,227,1675.92,398868.05
PO0000574,S008,P0038,WH01,2024-01-29,2024-02-03,2024-02-03,100,88,1778.98,177897.91
PO0000575,S007,P0013,WH02,2024-01-30,2024-02-04,2024-02-07,66,65,2559.75,168943.39
PO0000576,S009,P0030,WH01,2024-01-30,2024-02-07,2024-02-09,152,144,2604.12,395825.61
PO0000577,S009,P0035,WH03,2024-01-30,2024-02-07,2024-02-10,220,209,1510.15,332232.78
PO0000578,S009,P0035,WH05,2024-01-30,2024-02-06,2024-02-09,130,126,1504.15,195540.11
PO0000579,S007,P0013,WH02,2024-01-31,2024-02-03,2024-02-04,67,65,2786.26,186679.4
PO0000580,S009,P0022,WH01,2024-01-31,2024-02-08,2024-02-08,50,47,445.49,22274.35
PO0000581,S006,P0025,WH02,2024-01-31,2024-02-06,2024-02-06,152,150,1456.73,221423.22
PO0000582,S012,P0026,WH04,2024-01-31,2024-02-09,2024-02-10,236,231,2172.17,512632.93
PO0000583,S009,P0035,WH05,2024-01-31,2024-02-10,2024-02-11,192,180,1689.25,324336.19
PO0000584,S008,P0036,WH02,2024-01-31,2024-02-04,2024-02-04,224,212,2208.7,494748.55
PO0000585,S002,P0037,WH05,2024-01-31,2024-02-07,2024-02-08,92,85,1579.04,145271.45
PO0000586,S004,P0007,WH03,2024-02-01,2024-02-06,2024-02-09,288,276,2541.74,732020.74
PO0000587,S011,P0017,WH02,2024-02-01,2024-02-03,2024-02-03,226,213,949.43,214570.65
PO0000588,S006,P0020,WH01,2024-02-01,2024-02-08,2024-02-08,187,187,2374.13,443961.99
PO0000589,S009,P0035,WH03,2024-02-01,2024-02-09,2024-02-14,228,214,1536.66,350357.37
PO0000590,S009,P0005,WH04,2024-02-02,2024-02-09,2024-02-12,56,54,1179.58,66056.37
PO0000591,S002,P0027,WH01,2024-02-02,2024-02-08,2024-02-09,206,197,557.75,114896.14
PO0000592,S009,P0030,WH01,2024-02-02,2024-02-10,2024-02-12,135,124,2494.91,336813.2
PO0000593,S009,P0035,WH05,2024-02-02,2024-02-11,2024-02-12,116,111,1589.85,184422.14
PO0000594,S004,P0007,WH03,2024-02-03,2024-02-10,2024-02-10,215,204,2293.56,493116.37
PO0000595,S004,P0029,WH03,2024-02-03,2024-02-10,2024-02-10,318,300,3548.06,1128282.85
PO0000596,S002,P0039,WH02,2024-02-03,2024-02-08,2024-02-11,77,68,497.22,38286.1
PO0000597,S011,P0012,WH02,2024-02-04,2024-02-09,2024-02-10,50,50,2440.65,122032.68
PO0000598,S006,P0025,WH03,2024-02-04,2024-02-11,2024-02-11,172,170,1471.4,253080.21
PO0000599,S009,P0030,WH01,2024-02-04,2024-02-11,2024-02-11,177,173,2586.07,457735.11
PO0000600,S009,P0035,WH05,2024-02-04,2024-02-13,2024-02-13,135,127,1538.72,207727.05
PO0000601,S006,P0003,WH01,2024-02-05,2024-02-13,2024-02-15,205,203,892.3,182921.89
PO0000602,S006,P0024,WH02,2024-02-05,2024-02-12,2024-02-12,50,50,672.29,33614.42
PO0000603,S006,P0025,WH03,2024-02-05,2024-02-13,2024-02-14,200,198,1481.55,296309.67
PO0000604,S009,P0030,WH02,2024-02-05,2024-02-12,2024-02-12,252,236,2637.71,664703.23
PO0000605,S009,P0035,WH05,2024-02-05,2024-02-16,2024-02-17,118,110,1553.45,183307.16
PO0000606,S002,P0039,WH04,2024-02-05,2024-02-11,2024-02-11,76,71,473.18,35961.92
PO0000607,S008,P0019,WH05,2024-02-06,2024-02-11,2024-02-11,212,196,1948.56,413095.48
PO0000608,S006,P0024,WH02,2024-02-06,2024-02-13,2024-02-13,50,50,681.58,34079.06
PO0000609,S006,P0025,WH03,2024-02-06,2024-02-11,2024-02-12,287,282,1392.15,399545.92
PO0000610,S002,P0027,WH01,2024-02-06,2024-02-12,2024-02-13,145,131,558.96,81049.18
PO0000611,S004,P0029,WH03,2024-02-06,2024-02-13,2024-02-13,385,366,3404.76,1310831.54
PO0000612,S009,P0030,WH01,2024-02-06,2024-02-14,2024-02-14,137,130,2659.72,364381.55
PO0000613,S009,P0001,WH01,2024-02-07,2024-02-16,2024-02-16,181,173,1413.83,255903.03
PO0000614,S009,P0001,WH02,2024-02-07,2024-02-14,2024-02-17,163,156,1384.88,225734.8
PO0000615,S008,P0004,WH02,2024-02-07,2024-02-10,2024-02-10,201,184,1628.9,327408.24
PO0000616,S011,P0012,WH04,2024-02-07,2024-02-10,2024-02-10,54,52,2429.57,131196.86
PO0000617,S011,P0012,WH05,2024-02-07,2024-02-09,2024-02-09,60,60,2401.62,144096.98
PO0000618,S009,P0030,WH02,2024-02-07,2024-02-18,2024-02-21,188,180,2676.08,503103.87
PO0000619,S004,P0033,WH03,2024-02-07,2024-02-14,2024-02-14,155,148,1985.15,307698.25
PO0000620,S009,P0001,WH04,2024-02-08,2024-02-16,2024-02-19,156,146,1467.38,228911.71
PO0000621,S006,P0003,WH01,2024-02-08,2024-02-13,2024-02-13,125,124,898.52,112314.62
PO0000622,S008,P0004,WH02,2024-02-08,2024-02-10,2024-02-11,224,210,1626.4,364313.2
PO0000623,S008,P0004,WH04,2024-02-08,2024-02-12,2024-02-12,190,175,1610.69,306030.3
PO0000624,S009,P0005,WH04,2024-02-08,2024-02-19,2024-02-19,66,66,1169.48,77185.69
PO0000625,S007,P0013,WH05,2024-02-08,2024-02-11,2024-02-16,57,54,2854.3,162694.85
PO0000626,S004,P0015,WH05,2024-02-08,2024-02-16,2024-02-21,115,110,247.18,28425.39
PO0000627,S011,P0017,WH01,2024-02-08,2024-02-10,2024-02-10,261,250,957.62,249938.83
PO0000628,S011,P0017,WH04,2024-02-08,2024-02-12,2024-02-12,283,270,987.39,279431.62
PO0000629,S008,P0019,WH05,2024-02-08,2024-02-11,2024-02-14,248,230,2133.12,529013.62
PO0000630,S002,P0027,WH01,2024-02-08,2024-02-12,2024-02-13,133,129,573.03,76213.19
PO0000631,S004,P0033,WH05,2024-02-08,2024-02-15,2024-02-15,125,118,2002.61,250326.32
PO0000632,S002,P0039,WH04,2024-02-08,2024-02-15,2024-02-15,60,54,493.41,29604.48
PO0000633,S009,P0001,WH02,2024-02-09,2024-02-18,2024-02-18,151,145,1382.14,208703.17
PO0000634,S007,P0011,WH04,2024-02-09,2024-02-11,2024-02-12,81,77,586.99,47545.8
PO0000635,S011,P0012,WH04,2024-02-09,2024-02-12,2024-02-12,50,48,2310.51,115525.4
PO0000636,S007,P0013,WH05,2024-02-09,2024-02-11,2024-02-11,52,50,2634.35,136986.33
PO0000637,S011,P0017,WH05,2024-02-09,2024-02-11,2024-02-14,171,168,929.18,158889.21
PO0000638,S004,P0029,WH02,2024-02-09,2024-02-15,2024-02-15,378,361,3197.36,1208600.65
PO0000639,S004,P0033,WH05,2024-02-09,2024-02-15,2024-02-15,101,94,1985.14,200499.34
PO0000640,S008,P0036,WH01,2024-02-09,2024-02-12,2024-02-12,265,244,2029.74,537880.98
PO0000641,S002,P0039,WH04,2024-02-09,2024-02-17,2024-02-17,50,47,513.26,25663.08
PO0000642,S009,P0001,WH01,2024-02-10,2024-02-18,2024-02-18,179,169,1323.03,236822.61
PO0000643,S006,P0003,WH01,2024-02-10,2024-02-17,2024-02-18,217,217,877.65,190450.7
PO0000644,S006,P0003,WH03,2024-02-10,2024-02-19,2024-02-20,227,224,951.15,215911.95
PO0000645,S007,P0010,WH02,2024-02-10,2024-02-14,2024-02-14,92,88,2600.73,239267.17
PO0000646,S007,P0010,WH04,2024-02-10,2024-02-13,2024-02-13,66,60,2819.97,186118.32
PO0000647,S007,P0011,WH04,2024-02-10,2024-02-13,2024-02-13,71,68,584.88,41526.44
PO0000648,S007,P0011,WH05,2024-02-10,2024-02-14,2024-02-14,104,99,597.37,62126.64
PO0000649,S007,P0013,WH01,2024-02-10,2024-02-15,2024-02-15,50,46,2576.62,128830.82
PO0000650,S007,P0013,WH05,2024-02-10,2024-02-14,2024-02-14,50,47,2854.11,142705.68
PO0000651,S004,P0015,WH05,2024-02-10,2024-02-16,2024-02-16,131,126,264.2,34610.53
PO0000652,S011,P0017,WH03,2024-02-10,2024-02-14,2024-02-15,335,322,940.14,314948.33
PO0000653,S006,P0024,WH02,2024-02-10,2024-02-16,2024-02-16,81,80,622.35,50410.48
PO0000654,S004,P0033,WH05,2024-02-10,2024-02-16,2024-02-16,131,124,2017.01,264227.92
PO0000655,S006,P0003,WH03,2024-02-11,2024-02-16,2024-02-17,290,287,904.72,262369.29
PO0000656,S008,P0004,WH04,2024-02-11,2024-02-14,2024-02-14,223,207,1592.73,355179.09
PO0000657,S011,P0006,WH02,2024-02-11,2024-02-13,2024-02-14,50,50,2912.68,145634.14
PO0000658,S011,P0006,WH03,2024-02-11,2024-02-16,2024-02-19,52,51,2708.6,140847.15
PO0000659,S006,P0024,WH02,2024-02-11,2024-02-17,2024-02-17,72,72,633.34,45600.31
PO0000660,S009,P0030,WH05,2024-02-11,2024-02-18,2024-02-19,123,113,2450.47,301407.74
PO0000661,S009,P0001,WH01,2024-02-12,2024-02-21,2024-02-21,190,173,1441.54,273891.85
PO0000662,S006,P0003,WH01,2024-02-12,2024-02-18,2024-02-19,155,152,886.94,137475.85
PO0000663,S007,P0010,WH02,2024-02-12,2024-02-17,2024-02-18,95,91,2707.25,257188.92
PO0000664,S007,P0010,WH04,2024-02-12,2024-02-17,2024-02-17,78,74,2726.13,212638.1
PO0000665,S012,P0016,WH01,2024-02-12,2024-02-23,2024-02-26,189,178,821.46,155256.42
PO0000666,S006,P0018,WH04,2024-02-12,2024-02-19,2024-02-19,63,63,1087.13,68488.96
PO0000667,S006,P0020,WH02,2024-02-12,2024-02-19,2024-02-21,193,192,2428.0,468604.91
PO0000668,S006,P0023,WH04,2024-02-12,2024-02-21,2024-02-26,83,81,670.46,55648.41
PO0000669,S004,P0029,WH02,2024-02-12,2024-02-20,2024-02-20,336,319,3469.61,1165788.75
PO0000670,S004,P0033,WH05,2024-02-12,2024-02-20,2024-02-20,117,114,2059.29,240937.26
PO0000671,S009,P0001,WH02,2024-02-13,2024-02-24,2024-02-25,225,215,1406.13,316378.5
PO0000672,S006,P0003,WH03,2024-02-13,2024-02-20,2024-02-20,255,251,952.0,242761.27
PO0000673,S004,P0007,WH01,2024-02-13,2024-02-19,2024-02-19,109,100,2321.33,253025.43
PO0000674,S010,P0014,WH04,2024-02-13,2024-02-23,2024-02-24,204,204,2111.6,430765.75
PO0000675,S004,P0015,WH05,2024-02-13,2024-02-19,2024-02-21,97,91,252.34,24476.52
PO0000676,S008,P0019,WH01,2024-02-13,2024-02-17,2024-02-20,209,189,1948.58,407254.22
PO0000677,S006,P0025,WH04,2024-02-13,2024-02-19,2024-02-19,201,198,1489.43,299376.22
PO0000678,S002,P0027,WH04,2024-02-13,2024-02-19,2024-02-21,173,167,571.87,98933.53
PO0000679,S009,P0030,WH05,2024-02-13,2024-02-22,2024-02-25,186,180,2569.67,477958.48
PO0000680,S004,P0033,WH05,2024-02-13,2024-02-19,2024-02-19,112,105,2159.03,241811.59
PO0000681,S002,P0037,WH01,2024-02-13,2024-02-21,2024-02-21,65,61,1605.35,104347.78
PO0000682,S009,P0001,WH01,2024-02-14,2024-02-24,2024-02-24,137,131,1344.72,184226.89
PO0000683,S009,P0001,WH04,2024-02-14,2024-02-25,2024-02-26,115,107,1433.05,164800.8
PO0000684,S009,P0002,WH04,2024-02-14,2024-02-23,2024-02-26,180,171,797.0,143460.56
PO0000685,S006,P0003,WH03,2024-02-14,2024-02-21,2024-02-21,296,292,938.52,277800.97
PO0000686,S009,P0005,WH01,2024-02-14,2024-02-22,2024-02-24,76,70,1195.41,90850.9
PO0000687,S011,P0006,WH01,2024-02-14,2024-02-20,2024-02-20,50,49,2846.58,142328.76
PO0000688,S010,P0014,WH04,2024-02-14,2024-02-23,2024-02-23,209,207,1979.01,413612.89
PO0000689,S004,P0015,WH01,2024-02-14,2024-02-20,2024-02-20,98,92,241.42,23659.01
PO0000690,S012,P0016,WH01,2024-02-14,2024-02-24,2024-02-24,220,213,860.68,189349.72
PO0000691,S008,P0019,WH01,2024-02-14,2024-02-16,2024-02-17,140,128,2132.85,298599.52
PO0000692,S006,P0020,WH03,2024-02-14,2024-02-21,2024-02-24,249,247,2350.04,585158.91
PO0000693,S006,P0023,WH04,2024-02-14,2024-02-21,2024-02-21,65,65,669.33,43506.69
PO0000694,S006,P0025,WH05,2024-02-14,2024-02-21,2024-02-21,221,218,1464.17,323582.33
PO0000695,S004,P0029,WH02,2024-02-14,2024-02-22,2024-02-22,278,270,3453.76,960144.44
PO0000696,S009,P0030,WH05,2024-02-14,2024-02-23,2024-02-23,140,132,2560.49,358468.75
PO0000697,S002,P0037,WH01,2024-02-14,2024-02-21,2024-02-26,101,96,1604.78,162082.31
PO0000698,S002,P0037,WH03,2024-02-14,2024-02-21,2024-02-23,127,116,1581.93,200905.51
PO0000699,S008,P0038,WH01,2024-02-14,2024-02-17,2024-02-17,92,89,1814.83,166964.18
PO0000700,S008,P0038,WH03,2024-02-14,2024-02-17,2024-02-20,155,146,1795.04,278230.46
PO0000701,S009,P0001,WH02,2024-02-15,2024-02-24,2024-02-24,169,157,1455.19,245927.72
PO0000702,S006,P0003,WH03,2024-02-15,2024-02-23,2024-02-23,191,187,908.47,173517.14
PO0000703,S006,P0003,WH05,2024-02-15,2024-02-22,2024-02-22,195,193,958.38,186883.23
PO0000704,S007,P0010,WH03,2024-02-15,2024-02-19,2024-02-19,72,70,2820.61,203083.59
PO0000705,S006,P0020,WH05,2024-02-15,2024-02-22,2024-02-22,221,219,2292.24,506584.5
PO0000706,S006,P0023,WH02,2024-02-15,2024-02-22,2024-02-27,98,96,659.0,64581.56
PO0000707,S006,P0023,WH04,2024-02-15,2024-02-21,2024-02-22,50,50,688.93,34446.51
PO0000708,S006,P0024,WH03,2024-02-15,2024-02-23,2024-02-25,62,62,639.08,39623.02
PO0000709,S006,P0025,WH04,2024-02-15,2024-02-21,2024-02-21,137,134,1449.53,198585.2
PO0000710,S009,P0030,WH05,2024-02-15,2024-02-25,2024-02-27,213,197,2610.35,556004.04
PO0000711,S002,P0037,WH03,2024-02-15,2024-02-21,2024-02-21,129,120,1452.0,187308.44
PO0000712,S008,P0038,WH03,2024-02-15,2024-02-19,2024-02-19,192,179,1888.67,362624.08
PO0000713,S009,P0001,WH02,2024-02-16,2024-02-26,2024-02-26,230,211,1450.72,333665.44
PO0000714,S006,P0003,WH05,2024-02-16,2024-02-23,2024-02-23,202,200,962.36,194397.18
PO0000715,S011,P0006,WH01,2024-02-16,2024-02-20,2024-02-20,50,49,2756.72,137836.1
PO0000716,S012,P0016,WH01,2024-02-16,2024-02-27,2024-02-27,243,233,917.06,222844.76
PO0000717,S006,P0024,WH03,2024-02-16,2024-02-21,2024-02-21,57,56,646.52,36851.74
PO0000718,S006,P0025,WH04,2024-02-16,2024-02-22,2024-02-24,130,129,1384.16,179940.73
PO0000719,S006,P0028,WH05,2024-02-16,2024-02-23,2024-02-23,175,172,3203.04,560531.43
PO0000720,S009,P0030,WH05,2024-02-16,2024-02-24,2024-02-24,181,170,2653.71,480321.68
PO0000721,S008,P0038,WH01,2024-02-16,2024-02-19,2024-02-19,147,142,1843.27,270960.31
PO0000722,S008,P0038,WH02,2024-02-16,2024-02-19,2024-02-19,222,205,1760.58,390848.54
PO0000723,S011,P0006,WH03,2024-02-17,2024-02-23,2024-02-26,55,54,2983.26,164079.41
PO0000724,S004,P0015,WH02,2024-02-17,2024-02-22,2024-02-25,130,125,256.67,33366.83
PO0000725,S012,P0016,WH01,2024-02-17,2024-02-26,2024-02-26,237,228,853.42,202260.25
PO0000726,S006,P0025,WH05,2024-02-17,2024-02-22,2024-02-24,206,203,1450.24,298749.45
PO0000727,S009,P0030,WH05,2024-02-17,2024-02-24,2024-02-24,170,166,2584.2,439313.96
PO0000728,S009,P0032,WH05,2024-02-17,2024-02-27,2024-03-01,200,188,1596.3,319259.29
PO0000729,S004,P0033,WH01,2024-02-17,2024-02-26,2024-02-26,101,96,2102.96,212399.27
PO0000730,S002,P0037,WH03,2024-02-17,2024-02-24,2024-02-25,139,132,1546.23,214925.5
PO0000731,S009,P0002,WH04,2024-02-18,2024-02-24,2024-02-29,140,129,748.6,104804.48
PO0000732,S008,P0004,WH05,2024-02-18,2024-02-22,2024-02-22,249,231,1652.79,411545.54
PO0000733,S004,P0007,WH01,2024-02-18,2024-02-24,2024-02-25,184,170,2445.99,450062.74
PO0000734,S004,P0015,WH01,2024-02-18,2024-02-24,2024-02-26,108,102,267.31,28869.7
PO0000735,S012,P0016,WH01,2024-02-18,2024-02-26,2024-02-26,272,264,900.35,244896.43
PO0000736,S006,P0018,WH04,2024-02-18,2024-02-23,2024-02-28,57,56,1064.64,60684.66
PO0000737,S006,P0023,WH03,2024-02-18,2024-02-26,2024-02-26,131,128,691.93,90642.9
PO0000738,S006,P0025,WH04,2024-02-18,2024-02-29,2024-02-29,123,120,1443.37,177534.37
PO0000739,S006,P0028,WH05,2024-02-18,2024-02-22,2024-02-27,159,157,3332.89,529929.48
PO0000740,S004,P0033,WH01,2024-02-18,2024-02-25,2024-02-27,112,107,2185.43,244767.93
PO0000741,S002,P0037,WH01,2024-02-18,2024-02-25,2024-02-26,83,79,1549.29,128591.25
PO0000742,S008,P0038,WH04,2024-02-18,2024-02-20,2024-02-20,102,90,1898.62,193658.84
PO0000743,S002,P0039,WH05,2024-02-18,2024-02-23,2024-02-23,55,52,499.99,27499.66
PO0000744,S006,P0003,WH05,2024-02-19,2024-02-24,2024-02-27,233,228,936.27,218151.0
PO0000745,S011,P0006,WH01,2024-02-19,2024-02-23,2024-02-24,50,48,2725.03,136251.68
PO0000746,S004,P0015,WH04,2024-02-19,2024-02-27,2024-02-27,63,60,248.25,15639.96
PO0000747,S006,P0020,WH02,2024-02-19,2024-02-26,2024-02-26,184,178,2340.25,430605.82
PO0000748,S006,P0020,WH03,2024-02-19,2024-02-25,2024-02-25,159,158,2453.14,390048.86
PO0000749,S006,P0024,WH03,2024-02-19,2024-02-24,2024-02-24,69,69,649.47,44813.19
PO0000750,S006,P0025,WH05,2024-02-19,2024-02-24,2024-02-25,219,213,1425.67,312221.76
PO0000751,S006,P0028,WH04,2024-02-19,2024-02-25,2024-02-25,123,121,3015.28,370878.99
PO0000752,S006,P0028,WH05,2024-02-19,2024-02-27,2024-02-27,156,153,3127.61,487907.17
PO0000753,S008,P0038,WH04,2024-02-19,2024-02-23,2024-02-24,94,88,1870.97,175871.64
PO0000754,S008,P0004,WH05,2024-02-20,2024-02-24,2024-02-24,180,167,1532.63,275873.75
PO0000755,S007,P0010,WH01,2024-02-20,2024-02-25,2024-02-25,64,63,2696.86,172599.35
PO0000756,S004,P0015,WH04,2024-02-20,2024-02-26,2024-02-26,99,95,243.46,24102.44
PO0000757,S012,P0016,WH01,2024-02-20,2024-03-03,2024-03-03,175,170,840.01,147001.1
PO0000758,S006,P0020,WH03,2024-02-20,2024-02-28,2024-02-29,262,261,2446.87,641079.67
PO0000759,S006,P0023,WH02,2024-02-20,2024-02-24,2024-02-26,81,79,715.71,57972.26
PO0000760,S006,P0028,WH04,2024-02-20,2024-02-24,2024-02-24,179,176,3200.99,572977.13
PO0000761,S009,P0032,WH05,2024-02-20,2024-02-26,2024-02-29,246,237,1621.21,398817.93
PO0000762,S002,P0037,WH03,2024-02-20,2024-02-25,2024-02-25,102,96,1612.48,164472.57
PO0000763,S002,P0039,WH03,2024-02-20,2024-02-26,2024-02-28,108,103,502.74,54296.21
PO0000764,S008,P0004,WH05,2024-02-21,2024-02-23,2024-02-25,240,217,1702.89,408692.77
PO0000765,S007,P0011,WH05,2024-02-21,2024-02-25,2024-02-25,75,72,635.26,47644.3
PO0000766,S004,P0015,WH04,2024-02-21,2024-02-28,2024-02-28,110,108,254.68,28014.46
PO0000767,S012,P0016,WH01,2024-02-21,2024-03-04,2024-03-04,186,181,914.45,170087.52
PO0000768,S006,P0020,WH03,2024-02-21,2024-02-29,2024-02-29,237,231,2505.16,593723.67
PO0000769,S006,P0028,WH05,2024-02-21,2024-02-25,2024-02-27,183,182,3304.14,604657.89
PO0000770,S004,P0031,WH02,2024-02-21,2024-02-25,2024-02-25,61,58,483.87,29515.94
PO0000771,S004,P0033,WH02,2024-02-21,2024-02-26,2024-03-02,186,176,2073.16,385607.07
PO0000772,S002,P0039,WH05,2024-02-21,2024-02-27,2024-02-28,95,89,493.67,46898.45
PO0000773,S011,P0006,WH05,2024-02-22,2024-02-25,2024-02-27,50,50,2835.64,141781.86
PO0000774,S011,P0012,WH01,2024-02-22,2024-02-26,2024-02-26,55,51,2412.1,132665.44
PO0000775,S011,P0012,WH02,2024-02-22,2024-02-26,2024-02-26,50,48,2355.31,117765.71
PO0000776,S006,P0023,WH03,2024-02-22,2024-02-28,2024-03-01,80,79,707.44,56595.4
PO0000777,S006,P0028,WH04,2024-02-22,2024-02-29,2024-02-29,225,222,3171.13,713503.66
PO0000778,S011,P0006,WH05,2024-02-23,2024-02-26,2024-02-27,50,47,2757.99,137899.35
PO0000779,S007,P0011,WH05,2024-02-23,2024-02-29,2024-02-29,95,91,644.49,61226.8
PO0000780,S011,P0012,WH05,2024-02-23,2024-02-27,2024-02-28,51,49,2378.0,121278.19
PO0000781,S004,P0015,WH02,2024-02-23,2024-02-28,2024-03-02,102,96,264.62,26991.48
PO0000782,S004,P0015,WH04,2024-02-23,2024-02-28,2024-02-28,124,119,248.41,30803.34
PO0000783,S006,P0018,WH03,2024-02-23,2024-03-02,2024-03-03,67,64,1147.05,76852.21
PO0000784,S009,P0022,WH03,2024-02-23,2024-03-04,2024-03-04,50,47,436.48,21823.9
PO0000785,S006,P0028,WH04,2024-02-23,2024-02-29,2024-02-29,171,169,3134.8,536050.1
PO0000786,S004,P0031,WH02,2024-02-23,2024-02-29,2024-03-02,60,56,479.56,28773.5
PO0000787,S004,P0007,WH01,2024-02-24,2024-03-02,2024-03-03,146,141,2315.71,338093.1
PO0000788,S007,P0010,WH01,2024-02-24,2024-02-29,2024-03-03,52,47,2900.88,150845.52
PO0000789,S006,P0018,WH01,2024-02-24,2024-03-02,2024-03-05,50,49,1028.86,51443.13
PO0000790,S004,P0029,WH01,2024-02-24,2024-03-02,2024-03-05,268,251,3506.28,939683.48
PO0000791,S004,P0031,WH02,2024-02-24,2024-02-29,2024-02-29,50,48,488.9,24444.85
PO0000792,S006,P0034,WH03,2024-02-24,2024-03-02,2024-03-02,57,56,3106.47,177068.74
PO0000793,S002,P0037,WH04,2024-02-24,2024-03-04,2024-03-05,99,93,1464.87,145021.96
PO0000794,S009,P0002,WH04,2024-02-25,2024-03-06,2024-03-06,192,183,798.16,153246.7
PO0000795,S006,P0003,WH04,2024-02-25,2024-03-01,2024-03-01,169,166,950.02,160552.57
PO0000796,S011,P0006,WH05,2024-02-25,2024-02-29,2024-03-01,50,48,3007.01,150350.53
PO0000797,S010,P0009,WH05,2024-02-25,2024-03-06,2024-03-08,50,49,2367.75,118387.52
PO0000798,S007,P0011,WH03,2024-02-25,2024-02-27,2024-03-01,127,121,591.78,75155.71
PO0000799,S011,P0012,WH01,2024-02-25,2024-03-01,2024-03-02,50,48,2451.21,122560.66
PO0000800,S011,P0012,WH05,2024-02-25,2024-02-27,2024-02-29,50,48,2297.84,114892.08
PO0000801,S011,P0017,WH01,2024-02-25,2024-02-28,2024-02-29,257,242,900.89,231529.77
PO0000802,S009,P0022,WH03,2024-02-25,2024-03-06,2024-03-06,66,61,477.52,31516.38
PO0000803,S006,P0024,WH05,2024-02-25,2024-03-03,2024-03-06,50,48,655.21,32760.72
PO0000804,S008,P0036,WH03,2024-02-25,2024-02-29,2024-02-29,351,331,2206.83,774597.23
PO0000805,S008,P0036,WH05,2024-02-25,2024-02-29,2024-02-29,292,265,1986.11,579944.46
PO0000806,S002,P0039,WH02,2024-02-25,2024-03-02,2024-03-02,93,87,512.22,47636.79
PO0000807,S012,P0040,WH05,2024-02-25,2024-03-06,2024-03-06,50,48,739.22,36961.2
PO0000808,S008,P0004,WH03,2024-02-26,2024-02-29,2024-02-29,282,263,1706.05,481106.22
PO0000809,S010,P0009,WH04,2024-02-26,2024-03-04,2024-03-04,54,51,2443.34,131940.37
PO0000810,S010,P0009,WH05,2024-02-26,2024-03-05,2024-03-05,74,73,2351.94,174043.37
PO0000811,S007,P0010,WH03,2024-02-26,2024-02-29,2024-03-03,95,90,2851.74,270914.99
PO0000812,S007,P0013,WH03,2024-02-26,2024-03-02,2024-03-02,57,55,2839.35,161842.67
PO0000813,S009,P0022,WH03,2024-02-26,2024-03-06,2024-03-06,57,55,442.81,25240.16
PO0000814,S006,P0023,WH01,2024-02-26,2024-03-03,2024-03-03,53,50,660.76,35020.16
PO0000815,S009,P0032,WH05,2024-02-26,2024-03-05,2024-03-05,292,278,1724.27,503488.02
PO0000816,S008,P0036,WH03,2024-02-26,2024-03-01,2024-03-06,389,362,2092.97,814166.34
PO0000817,S002,P0037,WH04,2024-02-26,2024-03-03,2024-03-03,83,76,1459.94,121175.2
PO0000818,S008,P0038,WH05,2024-02-26,2024-02-28,2024-02-28,186,169,1841.45,342509.14
PO0000819,S009,P0002,WH01,2024-02-27,2024-03-06,2024-03-07,118,110,812.8,95910.12
PO0000820,S006,P0003,WH04,2024-02-27,2024-03-05,2024-03-07,159,158,930.68,147978.5
PO0000821,S011,P0006,WH02,2024-02-27,2024-03-03,2024-03-03,50,49,2987.43,149371.74
PO0000822,S007,P0011,WH03,2024-02-27,2024-03-03,2024-03-03,129,119,604.59,77991.49
PO0000823,S007,P0013,WH03,2024-02-27,2024-03-01,2024-03-04,79,77,2724.83,215261.38
PO0000824,S011,P0017,WH05,2024-02-27,2024-03-01,2024-03-01,270,248,912.99,246507.48
PO0000825,S002,P0027,WH02,2024-02-27,2024-03-05,2024-03-05,244,233,518.21,126443.67
PO0000826,S002,P0027,WH05,2024-02-27,2024-03-05,2024-03-05,195,181,540.1,105319.29
PO0000827,S004,P0033,WH03,2024-02-27,2024-03-06,2024-03-06,109,104,1981.07,215936.66
PO0000828,S008,P0036,WH05,2024-02-27,2024-02-29,2024-03-02,206,200,2113.46,435373.38
PO0000829,S002,P0039,WH05,2024-02-27,2024-03-05,2024-03-06,60,58,472.05,28323.29
PO0000830,S008,P0004,WH02,2024-02-28,2024-03-04,2024-03-04,288,271,1650.13,475236.36
PO0000831,S007,P0013,WH01,2024-02-28,2024-03-06,2024-03-06,50,50,2601.24,130062.14
PO0000832,S011,P0017,WH01,2024-02-28,2024-03-02,2024-03-02,257,245,900.45,231415.22
PO0000833,S006,P0018,WH03,2024-02-28,2024-03-06,2024-03-06,62,62,1073.1,66532.24
PO0000834,S008,P0019,WH03,2024-02-28,2024-03-04,2024-03-06,320,299,2087.96,668148.48
PO0000835,S010,P0021,WH02,2024-02-28,2024-03-09,2024-03-09,269,266,720.38,193782.39
PO0000836,S009,P0022,WH03,2024-02-28,2024-03-09,2024-03-09,90,88,465.33,41879.55
PO0000837,S006,P0028,WH02,2024-02-28,2024-03-05,2024-03-10,306,303,3084.49,943854.7
PO0000838,S004,P0033,WH02,2024-02-28,2024-03-07,2024-03-07,151,142,2123.45,320640.38
PO0000839,S006,P0034,WH03,2024-02-28,2024-03-05,2024-03-06,58,56,2988.56,173336.41
PO0000840,S008,P0036,WH01,2024-02-28,2024-03-01,2024-03-01,197,180,2157.5,425027.55
PO0000841,S008,P0036,WH05,2024-02-28,2024-03-03,2024-03-03,212,197,2098.99,444986.43
PO0000842,S012,P0040,WH05,2024-02-28,2024-03-10,2024-03-10,50,50,752.7,37635.21
PO0000843,S009,P0002,WH01,2024-02-29,2024-03-08,2024-03-08,207,195,827.38,171268.43
PO0000844,S010,P0014,WH05,2024-02-29,2024-03-08,2024-03-08,190,189,2086.41,396418.51
PO0000845,S012,P0016,WH02,2024-02-29,2024-03-12,2024-03-13,277,271,850.77,235664.34
PO0000846,S011,P0017,WH04,2024-02-29,2024-03-02,2024-03-07,173,162,953.03,164873.5
PO0000847,S011,P0017,WH05,2024-02-29,2024-03-02,2024-03-02,243,234,902.61,219335.1
PO0000848,S006,P0018,WH03,2024-02-29,2024-03-04,2024-03-05,87,86,1089.67,94801.64
PO0000849,S008,P0019,WH02,2024-02-29,2024-03-05,2024-03-05,313,290,2125.68,665336.83
PO0000850,S010,P0021,WH02,2024-02-29,2024-03-08,2024-03-10,274,271,737.32,202024.53
PO0000851,S002,P0027,WH05,2024-02-29,2024-03-06,2024-03-08,155,150,523.91,81205.95
PO0000852,S006,P0028,WH02,2024-02-29,2024-03-09,2024-03-12,264,258,3071.27,810814.0
PO0000853,S004,P0029,WH04,2024-02-29,2024-03-06,2024-03-06,284,273,3323.47,943864.9
PO0000854,S009,P0002,WH03,2024-03-01,2024-03-10,2024-03-12,304,286,767.36,233277.34
PO0000855,S007,P0013,WH01,2024-03-01,2024-03-05,2024-03-08,50,48,2692.71,134635.47
PO0000856,S007,P0013,WH03,2024-03-01,2024-03-05,2024-03-07,75,72,2599.77,194982.61
PO0000857,S006,P0023,WH01,2024-03-01,2024-03-08,2024-03-08,50,49,726.3,36315.01
PO0000858,S004,P0029,WH01,2024-03-01,2024-03-08,2024-03-10,151,142,3412.43,515276.38
PO0000859,S004,P0029,WH05,2024-03-01,2024-03-09,2024-03-12,308,294,3415.08,1051844.39
PO0000860,S009,P0032,WH04,2024-03-01,2024-03-10,2024-03-10,228,217,1687.88,384836.47
PO0000861,S009,P0035,WH02,2024-03-01,2024-03-11,2024-03-11,124,119,1669.67,207039.01
PO0000862,S006,P0003,WH02,2024-03-02,2024-03-06,2024-03-07,227,225,955.83,216974.04
PO0000863,S011,P0017,WH02,2024-03-02,2024-03-04,2024-03-04,239,230,879.87,210290.1
PO0000864,S011,P0017,WH03,2024-03-02,2024-03-05,2024-03-08,319,300,978.88,312263.28
PO0000865,S004,P0029,WH04,2024-03-02,2024-03-10,2024-03-10,159,151,3542.7,563289.41
PO0000866,S004,P0029,WH05,2024-03-02,2024-03-08,2024-03-09,310,297,3247.48,1006717.88
PO0000867,S009,P0032,WH01,2024-03-02,2024-03-12,2024-03-12,231,208,1673.91,386673.61
PO0000868,S009,P0032,WH02,2024-03-02,2024-03-12,2024-03-13,212,205,1585.59,336144.9
PO0000869,S004,P0033,WH03,2024-03-02,2024-03-10,2024-03-10,173,167,2015.91,348753.02
PO0000870,S002,P0037,WH04,2024-03-02,2024-03-09,2024-03-09,95,89,1613.9,153320.13
PO0000871,S002,P0039,WH01,2024-03-02,2024-03-10,2024-03-10,72,67,480.22,34575.99
PO0000872,S012,P0040,WH05,2024-03-02,2024-03-12,2024-03-14,50,50,700.45,35022.58
PO0000873,S009,P0001,WH05,2024-03-03,2024-03-11,2024-03-11,211,198,1340.36,282814.99
PO0000874,S009,P0002,WH02,2024-03-03,2024-03-12,2024-03-17,301,282,762.47,229503.43
PO0000875,S007,P0013,WH04,2024-03-03,2024-03-06,2024-03-06,50,48,2775.57,138778.54
PO0000876,S011,P0017,WH03,2024-03-03,2024-03-06,2024-03-06,247,230,970.97,239829.21
PO0000877,S011,P0017,WH04,2024-03-03,2024-03-07,2024-03-10,154,149,889.23,136941.08
PO0000878,S006,P0018,WH01,2024-03-03,2024-03-09,2024-03-09,72,72,1135.77,81775.18
PO0000879,S006,P0020,WH01,2024-03-03,2024-03-10,2024-03-12,158,155,2449.79,387066.22
PO0000880,S009,P0022,WH03,2024-03-03,2024-03-11,2024-03-12,57,56,453.2,25832.51
PO0000881,S006,P0028,WH02,2024-03-03,2024-03-09,2024-03-12,225,219,3303.84,743364.02
PO0000882,S004,P0029,WH04,2024-03-03,2024-03-09,2024-03-10,227,215,3206.67,727913.86
PO0000883,S004,P0031,WH04,2024-03-03,2024-03-11,2024-03-11,50,47,470.26,23513.15
PO0000884,S004,P0031,WH05,2024-03-03,2024-03-07,2024-03-07,50,46,455.66,22782.8
PO0000885,S004,P0033,WH03,2024-03-03,2024-03-09,2024-03-10,114,108,2108.09,240322.66
PO0000886,S002,P0037,WH05,2024-03-03,2024-03-07,2024-03-07,88,84,1597.27,140560.17
PO0000887,S002,P0039,WH01,2024-03-03,2024-03-06,2024-03-06,83,78,521.11,43251.96
PO0000888,S012,P0040,WH05,2024-03-03,2024-03-15,2024-03-16,58,55,745.72,43251.66
PO0000889,S006,P0003,WH02,2024-03-04,2024-03-10,2024-03-10,219,217,867.16,189907.8
PO0000890,S010,P0008,WH05,2024-03-04,2024-03-11,2024-03-14,107,106,779.46,83402.54
PO0000891,S011,P0012,WH02,2024-03-04,2024-03-07,2024-03-07,71,64,2444.97,173592.53
PO0000892,S007,P0013,WH04,2024-03-04,2024-03-08,2024-03-08,50,47,2675.44,133771.81
PO0000893,S010,P0014,WH01,2024-03-04,2024-03-10,2024-03-10,181,179,1970.25,356615.72
PO0000894,S011,P0017,WH03,2024-03-04,2024-03-07,2024-03-08,418,397,909.72,380261.41
PO0000895,S010,P0021,WH02,2024-03-04,2024-03-14,2024-03-14,217,211,739.65,160504.6
PO0000896,S006,P0024,WH01,2024-03-04,2024-03-10,2024-03-11,50,50,626.11,31305.75
PO0000897,S006,P0025,WH01,2024-03-04,2024-03-09,2024-03-10,163,160,1411.79,230121.71
PO0000898,S012,P0026,WH01,2024-03-04,2024-03-14,2024-03-15,211,207,2168.88,457634.01
PO0000899,S002,P0027,WH03,2024-03-04,2024-03-12,2024-03-13,217,203,555.01,120436.11
PO0000900,S002,P0027,WH05,2024-03-04,2024-03-08,2024-03-10,157,151,514.95,80847.81
PO0000901,S006,P0028,WH02,2024-03-04,2024-03-12,2024-03-13,221,215,3155.18,697294.28
PO0000902,S004,P0029,WH04,2024-03-04,2024-03-08,2024-03-08,190,185,3466.77,658685.77
PO0000903,S004,P0031,WH01,2024-03-04,2024-03-11,2024-03-16,50,47,471.55,23577.59
PO0000904,S004,P0031,WH04,2024-03-04,2024-03-11,2024-03-12,50,48,454.42,22720.77
PO0000905,S004,P0031,WH05,2024-03-04,2024-03-12,2024-03-12,50,46,483.18,24159.17
PO0000906,S004,P0033,WH03,2024-03-04,2024-03-13,2024-03-14,121,111,2166.59,262157.37
PO0000907,S002,P0039,WH01,2024-03-04,2024-03-11,2024-03-11,58,56,522.47,30303.01
PO0000908,S012,P0040,WH02,2024-03-04,2024-03-13,2024-03-13,75,70,679.13,50934.78
PO0000909,S004,P0007,WH05,2024-03-05,2024-03-11,2024-03-11,123,120,2490.41,306320.95
PO0000910,S010,P0008,WH05,2024-03-05,2024-03-14,2024-03-15,120,118,848.03,101764.16
PO0000911,S007,P0011,WH04,2024-03-05,2024-03-09,2024-03-09,99,97,654.42,64787.47
PO0000912,S007,P0013,WH04,2024-03-05,2024-03-11,2024-03-11,50,47,2693.62,134680.83
PO0000913,S006,P0020,WH04,2024-03-05,2024-03-11,2024-03-11,179,178,2234.38,399953.36
PO0000914,S002,P0027,WH03,2024-03-05,2024-03-13,2024-03-14,265,251,560.82,148617.43
PO0000915,S004,P0031,WH05,2024-03-05,2024-03-10,2024-03-10,55,48,477.54,26264.76
PO0000916,S009,P0032,WH01,2024-03-05,2024-03-15,2024-03-15,235,218,1721.7,404600.61
PO0000917,S009,P0032,WH02,2024-03-05,2024-03-13,2024-03-15,286,270,1689.89,483309.29
PO0000918,S004,P0033,WH03,2024-03-05,2024-03-10,2024-03-10,171,169,2100.98,359268.39
PO0000919,S008,P0036,WH04,2024-03-05,2024-03-08,2024-03-10,284,272,2187.48,621245.26
PO0000920,S002,P0039,WH01,2024-03-05,2024-03-14,2024-03-14,68,61,506.67,34453.47
PO0000921,S012,P0040,WH05,2024-03-05,2024-03-16,2024-03-19,50,49,739.5,36974.78
PO0000922,S009,P0001,WH05,2024-03-06,2024-03-15,2024-03-18,123,115,1423.26,175061.59
PO0000923,S009,P0002,WH03,2024-03-06,2024-03-13,2024-03-14,234,222,741.22,173445.17
PO0000924,S009,P0002,WH05,2024-03-06,2024-03-16,2024-03-16,163,158,768.7,125298.31
PO0000925,S009,P0005,WH01,2024-03-06,2024-03-16,2024-03-16,82,75,1211.75,99363.57
PO0000926,S009,P0005,WH04,2024-03-06,2024-03-15,2024-03-15,87,79,1248.37,108608.22
PO0000927,S010,P0008,WH05,2024-03-06,2024-03-15,2024-03-20,91,90,817.58,74399.89
PO0000928,S010,P0009,WH01,2024-03-06,2024-03-12,2024-03-13,50,50,2513.34,125667.2
PO0000929,S010,P0014,WH01,2024-03-06,2024-03-14,2024-03-15,153,147,1999.63,305942.78
PO0000930,S012,P0016,WH02,2024-03-06,2024-03-17,2024-03-17,285,279,906.24,258279.13
PO0000931,S010,P0021,WH04,2024-03-06,2024-03-13,2024-03-18,207,207,667.77,138228.69
PO0000932,S002,P0027,WH03,2024-03-06,2024-03-14,2024-03-17,295,272,543.54,160344.43
PO0000933,S009,P0030,WH02,2024-03-06,2024-03-15,2024-03-17,187,177,2411.38,450927.68
PO0000934,S004,P0031,WH01,2024-03-06,2024-03-14,2024-03-16,50,48,499.12,24956.16
PO0000935,S009,P0032,WH02,2024-03-06,2024-03-16,2024-03-17,322,310,1681.27,541369.7
PO0000936,S009,P0001,WH05,2024-03-07,2024-03-16,2024-03-16,206,199,1365.24,281239.91
PO0000937,S011,P0006,WH04,2024-03-07,2024-03-10,2024-03-11,50,48,2754.04,137702.22
PO0000938,S010,P0009,WH02,2024-03-07,2024-03-17,2024-03-17,86,84,2330.61,200432.08
PO0000939,S010,P0014,WH01,2024-03-07,2024-03-18,2024-03-20,260,257,2011.6,523016.84
PO0000940,S010,P0014,WH05,2024-03-07,2024-03-18,2024-03-18,271,268,2064.27,559416.47
PO0000941,S006,P0020,WH01,2024-03-07,2024-03-14,2024-03-14,164,159,2262.39,371032.52
PO0000942,S012,P0026,WH01,2024-03-07,2024-03-17,2024-03-18,287,276,2137.52,613467.44
PO0000943,S002,P0027,WH04,2024-03-07,2024-03-12,2024-03-15,155,146,555.61,86118.81
PO0000944,S006,P0028,WH03,2024-03-07,2024-03-15,2024-03-15,271,265,3098.1,839585.96
PO0000945,S004,P0029,WH05,2024-03-07,2024-03-13,2024-03-13,234,222,3348.68,783592.2
PO0000946,S004,P0031,WH01,2024-03-07,2024-03-16,2024-03-17,50,49,445.25,22262.41
PO0000947,S009,P0032,WH02,2024-03-07,2024-03-17,2024-03-17,286,279,1747.3,499727.77
PO0000948,S008,P0038,WH02,2024-03-07,2024-03-13,2024-03-13,128,121,1890.65,242003.79
PO0000949,S008,P0038,WH04,2024-03-07,2024-03-09,2024-03-12,95,88,1753.4,166573.41
PO0000950,S012,P0040,WH02,2024-03-07,2024-03-17,2024-03-18,63,63,736.52,46400.62
PO0000951,S008,P0004,WH04,2024-03-08,2024-03-11,2024-03-11,266,252,1649.68,438813.76
PO0000952,S009,P0005,WH04,2024-03-08,2024-03-15,2024-03-15,63,58,1128.16,71073.81
PO0000953,S010,P0008,WH03,2024-03-08,2024-03-17,2024-03-18,152,151,846.75,128705.91
PO0000954,S010,P0009,WH01,2024-03-08,2024-03-19,2024-03-19,63,61,2266.62,142796.84
PO0000955,S007,P0011,WH04,2024-03-08,2024-03-13,2024-03-14,75,73,601.91,45143.32
PO0000956,S010,P0014,WH01,2024-03-08,2024-03-18,2024-03-18,168,163,1969.71,330911.12
PO0000957,S006,P0018,WH01,2024-03-08,2024-03-14,2024-03-17,50,48,1080.71,54035.28
PO0000958,S008,P0019,WH04,2024-03-08,2024-03-12,2024-03-12,185,167,2033.29,376159.21
PO0000959,S006,P0020,WH04,2024-03-08,2024-03-16,2024-03-17,202,197,2260.09,456537.19
PO0000960,S006,P0024,WH01,2024-03-08,2024-03-15,2024-03-16,50,50,669.98,33498.76
PO0000961,S006,P0024,WH04,2024-03-08,2024-03-16,2024-03-16,50,49,637.52,31876.08
PO0000962,S006,P0028,WH02,2024-03-08,2024-03-15,2024-03-15,303,299,3127.85,947739.41
PO0000963,S008,P0036,WH02,2024-03-08,2024-03-13,2024-03-13,281,272,2186.92,614525.39
PO0000964,S008,P0036,WH04,2024-03-08,2024-03-15,2024-03-15,285,262,2158.61,615203.12
PO0000965,S008,P0038,WH04,2024-03-08,2024-03-12,2024-03-12,137,122,1871.16,256349.26
PO0000966,S009,P0002,WH03,2024-03-09,2024-03-20,2024-03-25,300,277,824.78,247433.53
PO0000967,S008,P0004,WH03,2024-03-09,2024-03-13,2024-03-13,353,322,1665.33,587862.42
PO0000968,S008,P0004,WH04,2024-03-09,2024-03-13,2024-03-14,212,189,1567.17,332239.78
PO0000969,S009,P0005,WH01,2024-03-09,2024-03-16,2024-03-16,77,72,1203.71,92685.4
PO0000970,S009,P0005,WH05,2024-03-09,2024-03-18,2024-03-18,79,75,1213.28,95849.24
PO0000971,S011,P0006,WH04,2024-03-09,2024-03-11,2024-03-11,50,48,2734.62,136730.9
PO0000972,S004,P0007,WH05,2024-03-09,2024-03-15,2024-03-15,191,187,2445.81,467149.18
PO0000973,S010,P0008,WH04,2024-03-09,2024-03-16,2024-03-16,130,128,783.95,101912.99
PO0000974,S010,P0009,WH01,2024-03-09,2024-03-18,2024-03-20,50,50,2517.25,125862.69
PO0000975,S007,P0010,WH04,2024-03-09,2024-03-13,2024-03-13,53,49,2817.52,149328.81
PO0000976,S010,P0014,WH01,2024-03-09,2024-03-16,2024-03-16,238,233,1886.5,448986.67
PO0000977,S008,P0019,WH05,2024-03-09,2024-03-13,2024-03-13,196,178,2052.32,402255.57
PO0000978,S004,P0029,WH03,2024-03-09,2024-03-14,2024-03-17,401,377,3538.12,1418784.9
PO0000979,S009,P0032,WH03,2024-03-09,2024-03-18,2024-03-18,256,244,1636.73,419003.6
PO0000980,S008,P0036,WH02,2024-03-09,2024-03-14,2024-03-16,260,248,1991.49,517788.04
PO0000981,S002,P0039,WH03,2024-03-09,2024-03-17,2024-03-20,77,72,491.34,37832.8
PO0000982,S012,P0040,WH02,2024-03-09,2024-03-19,2024-03-21,51,50,741.68,37825.74
PO0000983,S009,P0002,WH03,2024-03-10,2024-03-20,2024-03-20,191,173,740.41,141418.68
PO0000984,S010,P0008,WH02,2024-03-10,2024-03-17,2024-03-20,109,107,778.31,84835.76
PO0000985,S010,P0009,WH01,2024-03-10,2024-03-20,2024-03-25,59,55,2430.99,143428.69
PO0000986,S010,P0009,WH02,2024-03-10,2024-03-18,2024-03-23,85,84,2500.11,212509.76
PO0000987,S007,P0010,WH04,2024-03-10,2024-03-14,2024-03-14,61,60,2750.39,167773.76
PO0000988,S007,P0011,WH02,2024-03-10,2024-03-16,2024-03-19,99,90,623.06,61683.04
PO0000989,S006,P0018,WH05,2024-03-10,2024-03-17,2024-03-17,84,84,1064.21,89393.42
PO0000990,S008,P0019,WH04,2024-03-10,2024-03-13,2024-03-14,149,138,2087.32,311011.05
PO0000991,S006,P0020,WH01,2024-03-10,2024-03-18,2024-03-18,154,151,2331.88,359109.39
PO0000992,S006,P0020,WH04,2024-03-10,2024-03-18,2024-03-18,106,102,2410.71,255535.02
PO0000993,S006,P0024,WH01,2024-03-10,2024-03-19,2024-03-19,50,50,682.85,34142.65
PO0000994,S006,P0025,WH02,2024-03-10,2024-03-17,2024-03-20,269,267,1364.11,366946.2
PO0000995,S006,P0028,WH03,2024-03-10,2024-03-19,2024-03-20,225,219,3286.04,739359.8
PO0000996,S009,P0032,WH02,2024-03-10,2024-03-21,2024-03-21,349,328,1707.22,595821.39
PO0000997,S009,P0032,WH03,2024-03-10,2024-03-20,2024-03-22,301,279,1617.73,486936.31
PO0000998,S002,P0039,WH03,2024-03-10,2024-03-16,2024-03-16,81,66,497.48,40295.56
PO0000999,S012,P0040,WH02,2024-03-10,2024-03-22,2024-03-22,50,50,716.45,35822.69
PO0001000,S009,P0002,WH03,2024-03-11,2024-03-20,2024-03-20,178,172,750.14,133524.26
PO0001001,S009,P0002,WH05,2024-03-11,2024-03-20,2024-03-23,187,177,743.24,138984.95
PO0001002,S008,P0004,WH03,2024-03-11,2024-03-13,2024-03-13,339,318,1635.15,554314.67
PO0001003,S009,P0005,WH04,2024-03-11,2024-03-18,2024-03-18,50,47,1138.36,56917.79
PO0001004,S009,P0005,WH05,2024-03-11,2024-03-20,2024-03-20,84,82,1242.42,104362.89
PO0001005,S011,P0006,WH02,2024-03-11,2024-03-14,2024-03-14,50,47,2841.07,142053.72
PO0001006,S012,P0016,WH02,2024-03-11,2024-03-22,2024-03-24,257,251,825.22,212080.63
PO0001007,S011,P0017,WH02,2024-03-11,2024-03-16,2024-03-19,325,309,898.62,292051.01
PO0001008,S008,P0019,WH01,2024-03-11,2024-03-14,2024-03-14,197,177,1969.99,388088.99
PO0001009,S006,P0020,WH01,2024-03-11,2024-03-17,2024-03-18,197,193,2357.25,464377.29
PO0001010,S010,P0021,WH05,2024-03-11,2024-03-19,2024-03-19,237,237,698.73,165599.75
PO0001011,S002,P0027,WH04,2024-03-11,2024-03-19,2024-03-20,138,129,525.65,72539.71
PO0001012,S009,P0030,WH02,2024-03-11,2024-03-18,2024-03-20,179,165,2637.62,472133.92
PO0001013,S009,P0032,WH01,2024-03-11,2024-03-22,2024-03-22,207,196,1703.26,352575.68
PO0001014,S008,P0036,WH01,2024-03-11,2024-03-15,2024-03-15,215,200,2014.33,433080.39
PO0001015,S008,P0004,WH03,2024-03-12,2024-03-15,2024-03-17,300,275,1709.23,512768.16
PO0001016,S009,P0005,WH02,2024-03-12,2024-03-20,2024-03-21,88,84,1239.68,109092.19
PO0001017,S009,P0005,WH04,2024-03-12,2024-03-21,2024-03-26,82,81,1224.27,100390.44
PO0001018,S009,P0005,WH05,2024-03-12,2024-03-21,2024-03-23,98,97,1153.77,113069.03
PO0001019,S011,P0006,WH02,2024-03-12,2024-03-17,2024-03-18,51,50,2707.28,138071.31
PO0001020,S010,P0008,WH03,2024-03-12,2024-03-19,2024-03-22,103,103,800.02,82401.99
PO0001021,S010,P0008,WH05,2024-03-12,2024-03-20,2024-03-20,143,143,806.14,115277.8
PO0001022,S010,P0009,WH04,2024-03-12,2024-03-21,2024-03-21,69,67,2330.01,160770.62
PO0001023,S007,P0010,WH02,2024-03-12,2024-03-15,2024-03-15,98,95,2798.94,274296.27
PO0001024,S010,P0021,WH05,2024-03-12,2024-03-21,2024-03-23,160,159,686.84,109894.73
PO0001025,S006,P0024,WH04,2024-03-12,2024-03-18,2024-03-18,50,50,652.1,32604.94
PO0001026,S012,P0026,WH02,2024-03-12,2024-03-21,2024-03-24,225,216,2180.84,490689.36
PO0001027,S002,P0027,WH03,2024-03-12,2024-03-21,2024-03-22,314,293,555.3,174365.73
PO0001028,S006,P0028,WH01,2024-03-12,2024-03-19,2024-03-19,125,124,3230.93,403866.16
PO0001029,S009,P0032,WH02,2024-03-12,2024-03-18,2024-03-18,306,290,1684.11,515336.38
PO0001030,S009,P0035,WH01,2024-03-12,2024-03-20,2024-03-20,107,96,1597.91,170976.0
PO0001031,S008,P0036,WH01,2024-03-12,2024-03-16,2024-03-17,173,161,2131.67,368779.55
PO0001032,S008,P0038,WH02,2024-03-12,2024-03-17,2024-03-17,160,143,1698.22,271715.66
PO0001033,S008,P0038,WH05,2024-03-12,2024-03-15,2024-03-15,177,161,1752.4,310175.29
PO0001034,S009,P0001,WH04,2024-03-13,2024-03-21,2024-03-21,152,140,1408.03,214020.32
PO0001035,S009,P0002,WH05,2024-03-13,2024-03-23,2024-03-26,173,168,777.44,134497.92
PO0001036,S008,P0004,WH02,2024-03-13,2024-03-15,2024-03-18,280,262,1703.36,476940.49
PO0001037,S009,P0005,WH02,2024-03-13,2024-03-22,2024-03-22,114,107,1203.54,137204.13
PO0001038,S009,P0005,WH05,2024-03-13,2024-03-22,2024-03-22,93,84,1132.71,105342.08
PO0001039,S010,P0008,WH02,2024-03-13,2024-03-22,2024-03-22,178,177,795.95,141678.35
PO0001040,S010,P0008,WH05,2024-03-13,2024-03-20,2024-03-25,90,88,819.12,73720.91
PO0001041,S007,P0011,WH02,2024-03-13,2024-03-18,2024-03-18,159,153,606.06,96363.49
PO0001042,S010,P0021,WH01,2024-03-13,2024-03-21,2024-03-21,214,209,731.1,156455.79
PO0001043,S006,P0023,WH05,2024-03-13,2024-03-20,2024-03-22,61,61,660.46,40288.04
PO0001044,S006,P0025,WH02,2024-03-13,2024-03-21,2024-03-22,142,138,1342.15,190585.85
PO0001045,S004,P0029,WH03,2024-03-13,2024-03-18,2024-03-21,317,300,3355.54,1063707.22
PO0001046,S006,P0034,WH02,2024-03-13,2024-03-20,2024-03-21,50,48,3144.63,157231.67
PO0001047,S008,P0038,WH01,2024-03-13,2024-03-16,2024-03-19,112,106,1768.2,198037.94
PO0001048,S002,P0039,WH02,2024-03-13,2024-03-20,2024-03-20,65,60,513.08,33350.46
PO0001049,S009,P0002,WH02,2024-03-14,2024-03-25,2024-03-26,314,298,830.44,260757.29
PO0001050,S009,P0005,WH04,2024-03-14,2024-03-24,2024-03-24,70,64,1195.2,83664.24
PO0001051,S007,P0010,WH03,2024-03-14,2024-03-19,2024-03-19,78,72,2854.76,222671.51
PO0001052,S007,P0010,WH05,2024-03-14,2024-03-18,2024-03-20,85,78,2877.71,244605.15
PO0001053,S007,P0011,WH05,2024-03-14,2024-03-19,2024-03-20,91,84,652.13,59343.79
PO0001054,S004,P0015,WH03,2024-03-14,2024-03-22,2024-03-22,138,134,238.46,32907.95
PO0001055,S010,P0021,WH05,2024-03-14,2024-03-22,2024-03-25,144,142,740.29,106601.43
PO0001056,S004,P0029,WH03,2024-03-14,2024-03-22,2024-03-25,437,420,3416.65,1493074.03
PO0001057,S006,P0034,WH02,2024-03-14,2024-03-21,2024-03-21,52,51,2885.75,150059.18
PO0001058,S009,P0035,WH01,2024-03-14,2024-03-23,2024-03-23,121,111,1591.09,192522.1
PO0001059,S002,P0037,WH02,2024-03-14,2024-03-21,2024-03-21,108,104,1559.48,168423.67
PO0001060,S009,P0001,WH04,2024-03-15,2024-03-25,2024-03-25,111,109,1324.56,147026.25
PO0001061,S008,P0004,WH02,2024-03-15,2024-03-17,2024-03-18,225,210,1543.11,347200.32
PO0001062,S009,P0005,WH02,2024-03-15,2024-03-24,2024-03-25,65,64,1248.73,81167.51
PO0001063,S004,P0007,WH02,2024-03-15,2024-03-21,2024-03-22,210,201,2490.4,522984.31
PO0001064,S010,P0008,WH02,2024-03-15,2024-03-26,2024-03-26,119,118,795.41,94653.32
PO0001065,S007,P0010,WH03,2024-03-15,2024-03-19,2024-03-20,104,100,2713.12,282164.15
PO0001066,S007,P0010,WH05,2024-03-15,2024-03-22,2024-03-25,89,86,2637.52,234738.85
PO0001067,S007,P0011,WH02,2024-03-15,2024-03-20,2024-03-20,147,138,582.04,85559.89
PO0001068,S004,P0015,WH03,2024-03-15,2024-03-23,2024-03-23,93,90,261.12,24284.11
PO0001069,S012,P0016,WH04,2024-03-15,2024-03-25,2024-03-25,303,294,833.83,252651.67
PO0001070,S006,P0020,WH05,2024-03-15,2024-03-23,2024-03-24,124,122,2264.48,280795.03
PO0001071,S009,P0022,WH04,2024-03-15,2024-03-24,2024-03-24,50,46,440.86,22043.16
PO0001072,S009,P0022,WH05,2024-03-15,2024-03-25,2024-03-25,55,53,478.28,26305.61
PO0001073,S006,P0023,WH05,2024-03-15,2024-03-22,2024-03-25,68,67,660.69,44927.0
PO0001074,S006,P0024,WH04,2024-03-15,2024-03-22,2024-03-22,51,51,662.94,33810.09
PO0001075,S006,P0028,WH01,2024-03-15,2024-03-21,2024-03-21,181,180,3238.68,586200.32
PO0001076,S009,P0032,WH03,2024-03-15,2024-03-27,2024-03-30,238,223,1586.7,377635.37
PO0001077,S002,P0039,WH02,2024-03-15,2024-03-18,2024-03-18,99,93,481.19,47638.18
PO0001078,S002,P0039,WH03,2024-03-15,2024-03-20,2024-03-20,101,95,477.42,48219.88
PO0001079,S009,P0005,WH05,2024-03-16,2024-03-22,2024-03-24,83,77,1148.71,95343.2
PO0001080,S007,P0010,WH05,2024-03-16,2024-03-19,2024-03-19,76,70,2726.52,207215.53
PO0001081,S007,P0011,WH01,2024-03-16,2024-03-21,2024-03-21,91,85,609.19,55436.28
PO0001082,S011,P0012,WH04,2024-03-16,2024-03-18,2024-03-21,50,49,2475.53,123776.64
PO0001083,S010,P0014,WH05,2024-03-16,2024-03-26,2024-03-27,158,155,2100.6,331894.22
PO0001084,S004,P0015,WH02,2024-03-16,2024-03-23,2024-03-26,102,96,242.5,24735.37
PO0001085,S012,P0016,WH04,2024-03-16,2024-03-26,2024-03-31,264,254,917.55,242233.11
PO0001086,S006,P0020,WH02,2024-03-16,2024-03-24,2024-03-24,226,225,2466.36,557397.51
PO0001087,S010,P0021,WH04,2024-03-16,2024-03-25,2024-03-25,133,131,731.63,97306.59
PO0001088,S009,P0022,WH04,2024-03-16,2024-03-24,2024-03-24,58,54,473.57,27466.94
PO0001089,S009,P0022,WH05,2024-03-16,2024-03-23,2024-03-23,50,47,424.76,21238.07
PO0001090,S006,P0023,WH05,2024-03-16,2024-03-25,2024-03-25,95,94,672.86,63922.11
PO0001091,S006,P0025,WH02,2024-03-16,2024-03-20,2024-03-21,167,165,1489.16,248688.95
PO0001092,S012,P0026,WH03,2024-03-16,2024-03-27,2024-03-27,337,324,2164.44,729415.39
PO0001093,S002,P0027,WH01,2024-03-16,2024-03-25,2024-03-25,214,202,567.44,121431.5
PO0001094,S004,P0029,WH03,2024-03-16,2024-03-22,2024-03-27,245,234,3201.9,784465.91
PO0001095,S009,P0030,WH02,2024-03-16,2024-03-26,2024-03-29,233,223,2432.5,566772.79
PO0001096,S006,P0034,WH02,2024-03-16,2024-03-23,2024-03-23,51,49,3000.77,153039.45
PO0001097,S009,P0001,WH04,2024-03-17,2024-03-25,2024-03-28,128,118,1451.71,185818.84
PO0001098,S004,P0007,WH04,2024-03-17,2024-03-24,2024-03-24,156,144,2412.56,376359.26
PO0001099,S010,P0008,WH03,2024-03-17,2024-03-25,2024-03-25,119,117,781.18,92960.54
PO0001100,S007,P0011,WH02,2024-03-17,2024-03-21,2024-03-21,140,132,590.95,82732.34
PO0001101,S007,P0011,WH05,2024-03-17,2024-03-22,2024-03-22,95,91,645.24,61298.1
PO0001102,S011,P0012,WH03,2024-03-17,2024-03-20,2024-03-20,55,54,2404.27,132235.04
PO0001103,S011,P0012,WH04,2024-03-17,2024-03-21,2024-03-22,50,49,2425.66,121282.77
PO0001104,S010,P0014,WH04,2024-03-17,2024-03-26,2024-03-26,247,243,1989.26,491347.73
PO0001105,S010,P0014,WH05,2024-03-17,2024-03-23,2024-03-23,303,297,2106.84,638373.81
PO0001106,S004,P0015,WH03,2024-03-17,2024-03-24,2024-03-24,165,152,256.13,42261.06
PO0001107,S010,P0021,WH01,2024-03-17,2024-03-28,2024-03-29,125,124,696.08,87010.6
PO0001108,S009,P0022,WH04,2024-03-17,2024-03-25,2024-03-25,50,50,461.31,23065.36
PO0001109,S006,P0024,WH05,2024-03-17,2024-03-23,2024-03-24,53,53,673.74,35708.23
PO0001110,S012,P0026,WH03,2024-03-17,2024-03-28,2024-03-28,278,268,2139.9,594890.89
PO0001111,S008,P0038,WH03,2024-03-17,2024-03-21,2024-03-22,203,190,1882.5,382146.62
PO0001112,S011,P0006,WH03,2024-03-18,2024-03-22,2024-03-23,50,45,2846.04,142302.22
PO0001113,S010,P0009,WH03,2024-03-18,2024-03-26,2024-03-26,97,97,2479.58,240518.96
PO0001114,S006,P0018,WH04,2024-03-18,2024-03-25,2024-03-25,55,54,1091.76,60046.55
PO0001115,S008,P0019,WH03,2024-03-18,2024-03-20,2024-03-20,227,217,1924.49,436858.7
PO0001116,S010,P0021,WH05,2024-03-18,2024-03-27,2024-03-27,237,237,698.67,165585.16
PO0001117,S009,P0022,WH04,2024-03-18,2024-03-25,2024-03-25,50,47,473.56,23677.77
PO0001118,S009,P0022,WH05,2024-03-18,2024-03-26,2024-03-26,66,61,469.8,31006.63
PO0001119,S012,P0026,WH02,2024-03-18,2024-03-29,2024-03-29,322,305,2393.9,770835.37
PO0001120,S002,P0027,WH01,2024-03-18,2024-03-26,2024-03-26,160,154,566.3,90607.88
PO0001121,S006,P0028,WH01,2024-03-18,2024-03-24,2024-03-24,146,145,3294.2,480953.41
PO0001122,S009,P0035,WH02,2024-03-18,2024-03-29,2024-03-29,201,190,1521.15,305750.44
PO0001123,S008,P0038,WH03,2024-03-18,2024-03-21,2024-03-21,151,143,1852.47,279722.97
PO0001124,S002,P0039,WH04,2024-03-18,2024-03-24,2024-03-24,62,57,499.9,30993.96
PO0001125,S012,P0040,WH01,2024-03-18,2024-03-28,2024-03-28,50,49,761.77,38088.44
PO0001126,S011,P0006,WH03,2024-03-19,2024-03-22,2024-03-23,50,44,2858.73,142936.4
PO0001127,S004,P0007,WH02,2024-03-19,2024-03-25,2024-03-25,167,160,2449.72,409104.01
PO0001128,S004,P0007,WH04,2024-03-19,2024-03-28,2024-03-31,120,110,2493.12,299174.55
PO0001129,S010,P0008,WH01,2024-03-19,2024-03-27,2024-03-29,75,75,868.57,65142.51
PO0001130,S010,P0009,WH03,2024-03-19,2024-03-29,2024-03-30,59,59,2321.65,136977.47
PO0001131,S007,P0011,WH03,2024-03-19,2024-03-23,2024-03-23,122,118,603.14,73582.96
PO0001132,S010,P0014,WH04,2024-03-19,2024-03-28,2024-04-02,175,171,1921.25,336218.56
PO0001133,S004,P0015,WH03,2024-03-19,2024-03-28,2024-03-29,167,161,238.48,39826.95
PO0001134,S012,P0016,WH04,2024-03-19,2024-03-30,2024-04-01,294,288,906.11,266394.97
PO0001135,S006,P0020,WH02,2024-03-19,2024-03-26,2024-03-26,202,200,2391.83,483150.4
PO0001136,S006,P0020,WH05,2024-03-19,2024-03-24,2024-03-25,220,220,2301.59,506350.33
PO0001137,S006,P0023,WH01,2024-03-19,2024-03-26,2024-03-26,66,62,670.56,44256.96
PO0001138,S006,P0023,WH05,2024-03-19,2024-03-27,2024-03-27,56,56,653.08,36572.36
PO0001139,S006,P0025,WH01,2024-03-19,2024-03-25,2024-03-26,126,124,1392.04,175397.3
PO0001140,S006,P0034,WH02,2024-03-19,2024-03-24,2024-03-26,50,50,3119.18,155959.21
PO0001141,S009,P0035,WH02,2024-03-19,2024-03-28,2024-03-30,202,196,1539.58,310995.61
PO0001142,S010,P0008,WH01,2024-03-20,2024-03-26,2024-03-28,121,119,783.02,94745.04
PO0001143,S011,P0012,WH02,2024-03-20,2024-03-25,2024-03-25,72,66,2409.67,173495.99
PO0001144,S010,P0014,WH02,2024-03-20,2024-03-28,2024-03-29,274,270,2061.01,564716.43
PO0001145,S004,P0015,WH01,2024-03-20,2024-03-25,2024-03-25,105,103,238.34,25025.22
PO0001146,S008,P0019,WH02,2024-03-20,2024-03-24,2024-03-24,260,247,1970.63,512364.91
PO0001147,S006,P0023,WH02,2024-03-20,2024-03-26,2024-03-26,92,91,723.53,66564.6
PO0001148,S002,P0027,WH02,2024-03-20,2024-03-27,2024-03-27,283,271,522.46,147856.39
PO0001149,S002,P0037,WH02,2024-03-20,2024-03-26,2024-03-26,125,119,1600.19,200023.63
PO0001150,S002,P0039,WH04,2024-03-20,2024-03-28,2024-03-28,86,81,499.1,42922.22
PO0001151,S011,P0006,WH03,2024-03-21,2024-03-24,2024-03-26,50,47,2990.4,149520.07
PO0001152,S004,P0007,WH04,2024-03-21,2024-03-26,2024-03-27,127,123,2305.76,292832.06
PO0001153,S007,P0011,WH03,2024-03-21,2024-03-24,2024-03-24,135,129,594.32,80232.94
PO0001154,S007,P0013,WH02,2024-03-21,2024-03-23,2024-03-24,50,48,2562.52,128125.79
PO0001155,S006,P0020,WH02,2024-03-21,2024-03-28,2024-03-30,234,232,2478.08,579870.11
PO0001156,S009,P0022,WH05,2024-03-21,2024-03-31,2024-03-31,50,49,477.11,23855.72
PO0001157,S006,P0023,WH01,2024-03-21,2024-03-27,2024-04-01,78,76,672.91,52487.27
PO0001158,S006,P0023,WH05,2024-03-21,2024-03-27,2024-03-29,55,54,698.2,38401.19
PO0001159,S012,P0026,WH03,2024-03-21,2024-03-31,2024-04-01,262,256,2199.57,576287.98
PO0001160,S002,P0039,WH04,2024-03-21,2024-03-27,2024-03-29,87,80,490.74,42694.72
PO0001161,S009,P0002,WH05,2024-03-22,2024-03-31,2024-03-31,191,177,800.08,152814.95
PO0001162,S010,P0008,WH01,2024-03-22,2024-03-31,2024-03-31,133,128,861.03,114517.4
PO0001163,S007,P0011,WH03,2024-03-22,2024-03-27,2024-03-27,132,124,624.08,82378.19
PO0001164,S010,P0014,WH04,2024-03-22,2024-03-28,2024-03-31,207,204,2012.17,416519.98
PO0001165,S006,P0023,WH01,2024-03-22,2024-03-28,2024-03-28,64,63,725.79,46450.61
PO0001166,S002,P0027,WH02,2024-03-22,2024-03-29,2024-03-29,263,239,525.46,138195.42
PO0001167,S002,P0039,WH04,2024-03-22,2024-03-28,2024-03-28,77,76,518.14,39897.12
PO0001168,S009,P0005,WH03,2024-03-23,2024-03-31,2024-03-31,87,79,1258.0,109445.96
PO0001169,S010,P0008,WH01,2024-03-23,2024-03-31,2024-03-31,100,99,807.42,80742.24
PO0001170,S007,P0013,WH02,2024-03-23,2024-03-27,2024-03-28,60,57,2740.23,164413.55
PO0001171,S012,P0016,WH04,2024-03-23,2024-04-06,2024-04-07,300,290,893.87,268160.01
PO0001172,S011,P0017,WH04,2024-03-23,2024-03-25,2024-03-25,190,177,885.39,168223.58
PO0001173,S006,P0025,WH03,2024-03-23,2024-03-29,2024-03-29,154,153,1495.48,230303.7
PO0001174,S012,P0026,WH03,2024-03-23,2024-04-03,2024-04-03,427,416,2249.2,960407.42
PO0001175,S002,P0027,WH02,2024-03-23,2024-03-25,2024-03-25,169,163,549.4,92848.4
PO0001176,S012,P0040,WH01,2024-03-23,2024-04-03,2024-04-03,50,50,686.96,34348.02
PO0001177,S010,P0009,WH03,2024-03-24,2024-04-01,2024-04-03,94,93,2275.58,213904.38
PO0001178,S007,P0010,WH01,2024-03-24,2024-03-28,2024-04-02,79,71,2776.58,219349.76
PO0001179,S011,P0012,WH02,2024-03-24,2024-03-26,2024-03-26,56,54,2394.51,134092.57
PO0001180,S011,P0012,WH05,2024-03-24,2024-03-29,2024-03-30,50,47,2458.41,122920.6
PO0001181,S012,P0016,WH03,2024-03-24,2024-04-05,2024-04-07,243,237,919.32,223395.54
PO0001182,S006,P0018,WH04,2024-03-24,2024-03-31,2024-03-31,50,50,1072.35,53617.42
PO0001183,S006,P0023,WH04,2024-03-24,2024-03-28,2024-03-28,71,70,704.66,50031.02
PO0001184,S006,P0025,WH01,2024-03-24,2024-03-31,2024-04-03,141,139,1350.89,190476.18
PO0001185,S006,P0025,WH03,2024-03-24,2024-04-01,2024-04-02,174,173,1347.68,234496.16
PO0001186,S002,P0027,WH02,2024-03-24,2024-04-01,2024-04-01,260,245,575.33,149585.09
PO0001187,S004,P0029,WH01,2024-03-24,2024-03-30,2024-03-31,261,249,3458.11,902566.31
PO0001188,S009,P0035,WH02,2024-03-24,2024-04-02,2024-04-02,174,163,1618.06,281542.55
PO0001189,S008,P0036,WH03,2024-03-24,2024-03-26,2024-03-28,238,222,2053.56,488746.15
PO0001190,S006,P0003,WH04,2024-03-25,2024-04-01,2024-04-04,157,157,961.65,150979.38
PO0001191,S010,P0009,WH05,2024-03-25,2024-04-02,2024-04-02,75,75,2482.97,186223.1
PO0001192,S011,P0012,WH05,2024-03-25,2024-03-30,2024-04-01,65,58,2531.17,164526.08
PO0001193,S010,P0014,WH04,2024-03-25,2024-03-31,2024-03-31,217,214,1911.43,414780.81
PO0001194,S011,P0017,WH05,2024-03-25,2024-03-27,2024-03-27,303,279,950.46,287989.93
PO0001195,S006,P0025,WH03,2024-03-25,2024-03-29,2024-03-29,213,209,1380.99,294150.45
PO0001196,S012,P0026,WH05,2024-03-25,2024-04-02,2024-04-04,208,200,2386.36,496363.18
PO0001197,S004,P0029,WH02,2024-03-25,2024-04-01,2024-04-01,283,258,3302.5,934606.43
PO0001198,S008,P0036,WH03,2024-03-25,2024-03-29,2024-03-29,357,326,2178.15,777598.79
PO0001199,S002,P0039,WH05,2024-03-25,2024-04-02,2024-04-04,89,86,510.72,45453.93
PO0001200,S012,P0040,WH01,2024-03-25,2024-04-04,2024-04-04,51,49,704.45,35927.18
PO0001201,S006,P0003,WH04,2024-03-26,2024-04-01,2024-04-02,209,207,924.26,193169.51
PO0001202,S007,P0010,WH01,2024-03-26,2024-03-31,2024-04-01,59,51,2734.8,161353.37
PO0001203,S007,P0010,WH02,2024-03-26,2024-03-29,2024-03-29,97,94,2789.08,270541.17
PO0001204,S011,P0012,WH05,2024-03-26,2024-03-28,2024-03-28,65,62,2349.11,152692.08
PO0001205,S012,P0026,WH05,2024-03-26,2024-04-05,2024-04-05,295,285,2331.78,687876.03
PO0001206,S009,P0030,WH04,2024-03-26,2024-04-05,2024-04-05,221,209,2510.4,554799.12
PO0001207,S009,P0032,WH04,2024-03-26,2024-04-07,2024-04-08,217,198,1702.65,369475.21
PO0001208,S008,P0036,WH03,2024-03-26,2024-03-28,2024-03-29,289,273,2225.15,643067.77
PO0001209,S002,P0037,WH05,2024-03-26,2024-04-01,2024-04-01,80,77,1460.8,116863.7
PO0001210,S008,P0038,WH01,2024-03-26,2024-03-30,2024-03-30,134,124,1853.44,248360.4
PO0001211,S012,P0040,WH04,2024-03-26,2024-04-05,2024-04-08,50,49,741.31,37065.36
PO0001212,S009,P0002,WH01,2024-03-27,2024-04-04,2024-04-05,181,169,745.29,134897.35
PO0001213,S007,P0011,WH01,2024-03-27,2024-03-30,2024-03-30,89,80,628.72,55956.0
PO0001214,S010,P0014,WH02,2024-03-27,2024-04-05,2024-04-05,362,358,2044.39,740068.65
PO0001215,S006,P0025,WH03,2024-03-27,2024-04-01,2024-04-03,290,285,1470.85,426546.15
PO0001216,S002,P0037,WH05,2024-03-27,2024-04-01,2024-04-01,105,99,1499.75,157473.87
PO0001217,S012,P0040,WH01,2024-03-27,2024-04-07,2024-04-09,50,49,698.56,34928.24
PO0001218,S009,P0005,WH03,2024-03-28,2024-04-08,2024-04-10,75,67,1176.66,88249.4
PO0001219,S007,P0011,WH04,2024-03-28,2024-04-01,2024-04-04,130,125,627.37,81558.34
PO0001220,S010,P0014,WH02,2024-03-28,2024-04-03,2024-04-03,385,382,2114.33,814017.89
PO0001221,S011,P0017,WH02,2024-03-28,2024-03-31,2024-03-31,332,313,905.62,300665.67
PO0001222,S006,P0025,WH03,2024-03-28,2024-04-05,2024-04-05,256,247,1352.48,346234.42
PO0001223,S004,P0029,WH02,2024-03-28,2024-04-03,2024-04-03,225,211,3396.59,764231.98
PO0001224,S009,P0035,WH04,2024-03-28,2024-04-06,2024-04-09,90,85,1550.36,139532.43
PO0001225,S008,P0038,WH05,2024-03-28,2024-03-31,2024-03-31,178,160,1810.53,322274.76
PO0001226,S008,P0004,WH05,2024-03-29,2024-04-01,2024-04-01,217,202,1616.51,350782.2
PO0001227,S011,P0012,WH01,2024-03-29,2024-03-31,2024-03-31,50,48,2515.03,125751.44
PO0001228,S011,P0017,WH02,2024-03-29,2024-04-02,2024-04-02,247,233,911.82,225220.48
PO0001229,S006,P0023,WH03,2024-03-29,2024-04-05,2024-04-06,109,108,662.42,72203.32
PO0001230,S004,P0029,WH01,2024-03-29,2024-04-05,2024-04-05,162,148,3305.6,535507.72
PO0001231,S004,P0031,WH02,2024-03-29,2024-04-04,2024-04-06,50,48,454.38,22719.23
PO0001232,S004,P0033,WH01,2024-03-29,2024-04-05,2024-04-05,101,98,2015.11,203525.83
PO0001233,S002,P0037,WH05,2024-03-29,2024-04-05,2024-04-06,112,107,1500.03,168003.15
PO0001234,S012,P0040,WH04,2024-03-29,2024-04-07,2024-04-08,55,55,691.89,38054.0
PO0001235,S006,P0003,WH02,2024-03-30,2024-04-05,2024-04-05,275,274,895.18,246174.08
PO0001236,S009,P0005,WH03,2024-03-30,2024-04-06,2024-04-08,73,68,1267.99,92563.45
PO0001237,S006,P0018,WH04,2024-03-30,2024-04-07,2024-04-09,76,75,1054.83,80167.39
PO0001238,S009,P0022,WH02,2024-03-30,2024-04-08,2024-04-08,66,61,448.43,29596.37
PO0001239,S004,P0029,WH02,2024-03-30,2024-04-05,2024-04-06,266,257,3481.8,926159.51
PO0001240,S008,P0038,WH05,2024-03-30,2024-04-02,2024-04-02,141,131,1898.32,267663.77
PO0001241,S012,P0040,WH04,2024-03-30,2024-04-09,2024-04-09,56,55,746.35,41795.8
PO0001242,S007,P0013,WH05,2024-03-31,2024-04-05,2024-04-05,50,49,2804.78,140239.13
PO0001243,S004,P0015,WH05,2024-03-31,2024-04-07,2024-04-08,95,90,239.01,22706.32
PO0001244,S008,P0019,WH01,2024-03-31,2024-04-02,2024-04-04,161,149,1953.43,314501.67
PO0001245,S008,P0019,WH03,2024-03-31,2024-04-03,2024-04-08,314,289,2062.82,647726.39
PO0001246,S009,P0022,WH02,2024-03-31,2024-04-07,2024-04-07,66,62,429.08,28318.97
PO0001247,S006,P0023,WH03,2024-03-31,2024-04-07,2024-04-07,73,72,652.13,47605.57
PO0001248,S012,P0026,WH05,2024-03-31,2024-04-12,2024-04-12,185,179,2320.36,429267.08
PO0001249,S004,P0031,WH03,2024-03-31,2024-04-07,2024-04-12,50,48,462.46,23122.86
PO0001250,S009,P0032,WH04,2024-03-31,2024-04-09,2024-04-09,245,230,1705.76,417912.04
PO0001251,S006,P0034,WH01,2024-03-31,2024-04-06,2024-04-06,50,49,3153.58,157678.81
PO0001252,S002,P0039,WH05,2024-03-31,2024-04-07,2024-04-07,78,72,483.33,37699.81
PO0001253,S012,P0040,WH04,2024-03-31,2024-04-12,2024-04-12,50,49,696.65,34832.59
PO0001254,S006,P0003,WH02,2024-04-01,2024-04-10,2024-04-10,241,234,864.84,208425.48
PO0001255,S010,P0009,WH05,2024-04-01,2024-04-09,2024-04-09,57,55,2438.76,139009.15
PO0001256,S007,P0011,WH04,2024-04-01,2024-04-05,2024-04-08,126,123,627.29,79038.79
PO0001257,S011,P0012,WH03,2024-04-01,2024-04-03,2024-04-03,50,46,2303.28,115164.1
PO0001258,S004,P0015,WH02,2024-04-01,2024-04-06,2024-04-06,129,120,248.54,32061.17
PO0001259,S006,P0018,WH05,2024-04-01,2024-04-05,2024-04-08,50,49,1101.17,55058.39
PO0001260,S008,P0019,WH03,2024-04-01,2024-04-03,2024-04-03,209,194,1933.2,404039.71
PO0001261,S009,P0022,WH02,2024-04-01,2024-04-09,2024-04-09,84,79,474.75,39879.14
PO0001262,S006,P0023,WH03,2024-04-01,2024-04-05,2024-04-06,74,73,650.76,48156.23
PO0001263,S004,P0031,WH03,2024-04-01,2024-04-06,2024-04-06,52,49,480.21,24970.74
PO0001264,S004,P0033,WH01,2024-04-01,2024-04-08,2024-04-11,111,103,1965.19,218135.79
PO0001265,S006,P0034,WH04,2024-04-01,2024-04-08,2024-04-09,50,49,3003.7,150184.96
PO0001266,S009,P0035,WH04,2024-04-01,2024-04-10,2024-04-11,150,144,1538.76,230813.98
PO0001267,S008,P0038,WH02,2024-04-01,2024-04-05,2024-04-05,223,212,1738.44,387671.83
PO0001268,S006,P0003,WH02,2024-04-02,2024-04-08,2024-04-08,216,214,917.53,198185.63
PO0001269,S004,P0007,WH01,2024-04-02,2024-04-10,2024-04-11,169,163,2518.41,425611.55
PO0001270,S004,P0007,WH05,2024-04-02,2024-04-10,2024-04-10,133,128,2432.8,323562.88
PO0001271,S007,P0010,WH04,2024-04-02,2024-04-06,2024-04-06,70,66,2840.6,198842.04
PO0001272,S007,P0011,WH04,2024-04-02,2024-04-05,2024-04-05,85,80,597.18,50760.44
PO0001273,S011,P0017,WH04,2024-04-02,2024-04-05,2024-04-05,167,160,926.45,154717.46
PO0001274,S006,P0018,WH05,2024-04-02,2024-04-10,2024-04-10,77,77,1100.99,84776.01
PO0001275,S008,P0019,WH01,2024-04-02,2024-04-06,2024-04-08,121,112,2031.42,245802.39
PO0001276,S006,P0024,WH05,2024-04-02,2024-04-10,2024-04-10,50,49,662.39,33119.46
PO0001277,S009,P0030,WH04,2024-04-02,2024-04-13,2024-04-15,162,148,2433.31,394195.64
PO0001278,S009,P0032,WH04,2024-04-02,2024-04-12,2024-04-12,174,165,1688.09,293727.16
PO0001279,S006,P0034,WH04,2024-04-02,2024-04-08,2024-04-08,50,50,3134.0,156699.82
PO0001280,S008,P0036,WH02,2024-04-02,2024-04-06,2024-04-08,213,199,2169.05,462007.98
PO0001281,S008,P0038,WH04,2024-04-02,2024-04-04,2024-04-05,164,151,1901.13,311785.03
PO0001282,S009,P0002,WH01,2024-04-03,2024-04-11,2024-04-11,156,152,784.3,122351.27
PO0001283,S010,P0008,WH04,2024-04-03,2024-04-12,2024-04-12,109,109,814.84,88817.93
PO0001284,S007,P0010,WH04,2024-04-03,2024-04-07,2024-04-07,90,83,2647.25,238252.11
PO0001285,S004,P0015,WH05,2024-04-03,2024-04-09,2024-04-11,100,98,246.6,24660.08
PO0001286,S011,P0017,WH01,2024-04-03,2024-04-07,2024-04-07,158,148,944.57,149241.8
PO0001287,S011,P0017,WH04,2024-04-03,2024-04-08,2024-04-08,267,247,981.22,261986.39
PO0001288,S008,P0019,WH01,2024-04-03,2024-04-05,2024-04-05,183,168,2014.45,368643.62
PO0001289,S008,P0019,WH05,2024-04-03,2024-04-09,2024-04-09,237,225,2043.53,484317.69
PO0001290,S009,P0030,WH03,2024-04-03,2024-04-12,2024-04-15,196,184,2549.27,499657.83
PO0001291,S004,P0031,WH02,2024-04-03,2024-04-11,2024-04-11,66,62,499.86,32990.96
PO0001292,S009,P0032,WH04,2024-04-03,2024-04-12,2024-04-12,169,156,1738.16,293749.04
PO0001293,S009,P0002,WH04,2024-04-04,2024-04-13,2024-04-13,136,126,777.14,105690.81
PO0001294,S006,P0003,WH02,2024-04-04,2024-04-12,2024-04-12,200,197,957.05,191410.57
PO0001295,S004,P0007,WH03,2024-04-04,2024-04-10,2024-04-11,174,161,2459.63,427975.83
PO0001296,S010,P0009,WH04,2024-04-04,2024-04-11,2024-04-11,50,50,2395.2,119759.9
PO0001297,S007,P0010,WH04,2024-04-04,2024-04-07,2024-04-07,54,50,2761.17,149103.01
PO0001298,S004,P0015,WH01,2024-04-04,2024-04-10,2024-04-10,84,76,238.98,20074.02
PO0001299,S004,P0015,WH05,2024-04-04,2024-04-11,2024-04-16,135,129,260.46,35162.45
PO0001300,S006,P0018,WH02,2024-04-04,2024-04-10,2024-04-10,54,51,1048.23,56604.38
PO0001301,S006,P0018,WH03,2024-04-04,2024-04-11,2024-04-12,73,72,1114.76,81377.78
PO0001302,S008,P0019,WH04,2024-04-04,2024-04-08,2024-04-08,130,123,2099.51,272936.18
PO0001303,S008,P0019,WH05,2024-04-04,2024-04-06,2024-04-09,191,180,2020.5,385916.15
PO0001304,S006,P0023,WH03,2024-04-04,2024-04-09,2024-04-10,86,86,706.17,60730.78
PO0001305,S006,P0024,WH03,2024-04-04,2024-04-11,2024-04-13,57,56,634.49,36165.98
PO0001306,S009,P0030,WH01,2024-04-04,2024-04-12,2024-04-14,193,184,2598.62,501534.03
PO0001307,S004,P0031,WH03,2024-04-04,2024-04-11,2024-04-11,50,45,472.49,23624.47
PO0001308,S009,P0032,WH04,2024-04-04,2024-04-12,2024-04-14,196,183,1694.45,332112.72
PO0001309,S004,P0033,WH01,2024-04-04,2024-04-10,2024-04-10,100,91,2013.98,201397.7
PO0001310,S008,P0036,WH02,2024-04-04,2024-04-08,2024-04-11,250,229,2221.36,555339.64
PO0001311,S008,P0038,WH02,2024-04-04,2024-04-06,2024-04-06,147,137,1707.81,251048.63
PO0001312,S008,P0038,WH04,2024-04-04,2024-04-07,2024-04-09,152,144,1908.74,290129.11
PO0001313,S004,P0007,WH01,2024-04-05,2024-04-12,2024-04-14,122,119,2307.01,281455.0
PO0001314,S004,P0007,WH03,2024-04-05,2024-04-11,2024-04-13,252,241,2386.06,601285.94
PO0001315,S004,P0007,WH05,2024-04-05,2024-04-13,2024-04-14,167,163,2317.25,386980.6
PO0001316,S010,P0008,WH04,2024-04-05,2024-04-13,2024-04-15,81,81,776.66,62909.44
PO0001317,S007,P0013,WH01,2024-04-05,2024-04-11,2024-04-16,50,44,2772.01,138600.33
PO0001318,S006,P0018,WH02,2024-04-05,2024-04-13,2024-04-13,81,81,1109.81,89894.44
PO0001319,S006,P0018,WH05,2024-04-05,2024-04-12,2024-04-14,83,82,1145.63,95087.66
PO0001320,S008,P0019,WH05,2024-04-05,2024-04-13,2024-04-14,232,214,2108.55,489183.35
PO0001321,S010,P0021,WH03,2024-04-05,2024-04-14,2024-04-14,190,186,686.79,130490.97
PO0001322,S009,P0022,WH02,2024-04-05,2024-04-14,2024-04-14,74,72,427.2,31612.9
PO0001323,S002,P0027,WH04,2024-04-05,2024-04-12,2024-04-14,176,166,537.37,94577.34
PO0001324,S009,P0030,WH01,2024-04-05,2024-04-14,2024-04-15,158,153,2449.32,386991.89
PO0001325,S009,P0030,WH03,2024-04-05,2024-04-12,2024-04-13,273,260,2680.77,731851.5
PO0001326,S004,P0031,WH02,2024-04-05,2024-04-14,2024-04-19,51,48,460.05,23462.56
PO0001327,S006,P0034,WH04,2024-04-05,2024-04-11,2024-04-11,50,49,3147.84,157392.21
PO0001328,S008,P0036,WH02,2024-04-05,2024-04-10,2024-04-12,395,368,2078.22,820897.65
PO0001329,S011,P0012,WH03,2024-04-06,2024-04-09,2024-04-09,58,56,2439.44,141487.26
PO0001330,S004,P0015,WH01,2024-04-06,2024-04-11,2024-04-16,115,108,238.33,27407.87
PO0001331,S004,P0015,WH05,2024-04-06,2024-04-11,2024-04-11,100,98,246.21,24620.59
PO0001332,S006,P0018,WH05,2024-04-06,2024-04-12,2024-04-14,80,78,1033.19,82655.24
PO0001333,S009,P0022,WH02,2024-04-06,2024-04-17,2024-04-18,57,53,452.59,25797.57
PO0001334,S004,P0033,WH04,2024-04-06,2024-04-13,2024-04-16,105,101,1979.3,207826.62
PO0001335,S006,P0034,WH03,2024-04-06,2024-04-10,2024-04-10,58,58,3075.31,178367.84
PO0001336,S009,P0035,WH01,2024-04-06,2024-04-13,2024-04-13,135,126,1624.22,219269.87
PO0001337,S002,P0037,WH01,2024-04-06,2024-04-13,2024-04-13,88,84,1477.99,130062.82
PO0001338,S002,P0039,WH02,2024-04-06,2024-04-13,2024-04-16,106,100,515.7,54664.44
PO0001339,S009,P0005,WH03,2024-04-07,2024-04-16,2024-04-17,66,63,1154.81,76217.53
PO0001340,S004,P0007,WH01,2024-04-07,2024-04-14,2024-04-14,102,97,2316.74,236307.59
PO0001341,S004,P0007,WH03,2024-04-07,2024-04-13,2024-04-15,286,271,2569.94,735003.2
PO0001342,S004,P0015,WH01,2024-04-07,2024-04-12,2024-04-12,93,88,246.38,22913.04
PO0001343,S006,P0018,WH01,2024-04-07,2024-04-15,2024-04-18,50,50,1072.75,53637.73
PO0001344,S008,P0019,WH02,2024-04-07,2024-04-09,2024-04-09,224,208,2113.3,473379.74
PO0001345,S008,P0019,WH04,2024-04-07,2024-04-11,2024-04-11,178,166,2049.73,364852.25
PO0001346,S006,P0024,WH02,2024-04-07,2024-04-11,2024-04-11,71,70,680.72,48331.0
PO0001347,S006,P0024,WH05,2024-04-07,2024-04-12,2024-04-13,66,63,661.3,43646.09
PO0001348,S006,P0034,WH03,2024-04-07,2024-04-14,2024-04-14,50,48,3172.5,158625.12
PO0001349,S009,P0035,WH04,2024-04-07,2024-04-15,2024-04-17,101,93,1554.0,156954.42
PO0001350,S008,P0036,WH01,2024-04-07,2024-04-11,2024-04-11,198,187,2036.27,403180.84
PO0001351,S008,P0036,WH02,2024-04-07,2024-04-09,2024-04-10,311,287,2053.53,638647.07
PO0001352,S012,P0040,WH03,2024-04-07,2024-04-19,2024-04-21,64,62,732.98,46910.61
PO0001353,S008,P0004,WH01,2024-04-08,2024-04-12,2024-04-12,137,132,1679.91,230148.12
PO0001354,S010,P0009,WH04,2024-04-08,2024-04-18,2024-04-18,50,48,2246.4,112320.11
PO0001355,S007,P0010,WH02,2024-04-08,2024-04-13,2024-04-15,73,71,2689.92,196364.09
PO0001356,S007,P0011,WH05,2024-04-08,2024-04-13,2024-04-15,111,108,602.44,66870.35
PO0001357,S011,P0012,WH03,2024-04-08,2024-04-12,2024-04-15,64,56,2354.32,150676.76
PO0001358,S007,P0013,WH01,2024-04-08,2024-04-14,2024-04-14,50,47,2720.41,136020.66
PO0001359,S006,P0018,WH02,2024-04-08,2024-04-15,2024-04-17,80,78,1043.46,83477.18
PO0001360,S008,P0019,WH02,2024-04-08,2024-04-12,2024-04-12,287,266,1939.77,556715.42
PO0001361,S008,P0019,WH05,2024-04-08,2024-04-13,2024-04-16,225,208,2041.56,459351.14
PO0001362,S010,P0021,WH03,2024-04-08,2024-04-17,2024-04-17,195,190,713.69,139168.58
PO0001363,S006,P0023,WH02,2024-04-08,2024-04-15,2024-04-16,78,78,688.26,53684.3
PO0001364,S006,P0024,WH03,2024-04-08,2024-04-13,2024-04-13,50,48,623.86,31192.79
PO0001365,S002,P0027,WH04,2024-04-08,2024-04-16,2024-04-16,210,193,546.27,114716.12
PO0001366,S002,P0027,WH05,2024-04-08,2024-04-13,2024-04-13,201,188,551.1,110770.22
PO0001367,S006,P0028,WH03,2024-04-08,2024-04-14,2024-04-16,296,293,3028.97,896576.3
PO0001368,S009,P0030,WH03,2024-04-08,2024-04-16,2024-04-18,304,286,2534.53,770496.16
PO0001369,S006,P0034,WH05,2024-04-08,2024-04-14,2024-04-14,50,50,3093.78,154689.21
PO0001370,S008,P0036,WH05,2024-04-08,2024-04-12,2024-04-15,237,224,2228.46,528145.83
PO0001371,S008,P0004,WH02,2024-04-09,2024-04-12,2024-04-12,315,301,1593.59,501980.9
PO0001372,S007,P0010,WH03,2024-04-09,2024-04-13,2024-04-13,104,99,2621.1,272594.85
PO0001373,S007,P0011,WH05,2024-04-09,2024-04-12,2024-04-12,108,104,624.82,67481.04
PO0001374,S006,P0023,WH04,2024-04-09,2024-04-19,2024-04-19,74,74,704.09,52102.93
PO0001375,S006,P0024,WH02,2024-04-09,2024-04-14,2024-04-14,64,63,635.61,40678.76
PO0001376,S006,P0024,WH03,2024-04-09,2024-04-16,2024-04-16,78,77,661.83,51622.6
PO0001377,S002,P0027,WH05,2024-04-09,2024-04-17,2024-04-17,193,176,550.87,106318.38
PO0001378,S006,P0028,WH05,2024-04-09,2024-04-16,2024-04-18,134,133,3284.65,440143.1
PO0001379,S004,P0033,WH04,2024-04-09,2024-04-16,2024-04-19,77,71,2026.41,156033.9
PO0001380,S008,P0036,WH04,2024-04-09,2024-04-14,2024-04-14,175,157,2214.22,387489.15
PO0001381,S008,P0036,WH05,2024-04-09,2024-04-13,2024-04-14,271,244,2169.48,587929.46
PO0001382,S008,P0038,WH01,2024-04-09,2024-04-11,2024-04-14,141,134,1906.5,268816.93
PO0001383,S012,P0040,WH03,2024-04-09,2024-04-19,2024-04-20,50,46,732.6,36629.85
PO0001384,S010,P0009,WH04,2024-04-10,2024-04-19,2024-04-19,67,65,2245.34,150437.54
PO0001385,S006,P0018,WH03,2024-04-10,2024-04-15,2024-04-15,100,98,1050.93,105093.28
PO0001386,S009,P0022,WH01,2024-04-10,2024-04-17,2024-04-18,50,47,439.33,21966.7
PO0001387,S006,P0023,WH02,2024-04-10,2024-04-17,2024-04-17,77,77,666.68,51334.33
PO0001388,S006,P0023,WH04,2024-04-10,2024-04-17,2024-04-17,59,58,658.29,38838.84
PO0001389,S006,P0024,WH02,2024-04-10,2024-04-16,2024-04-17,72,72,666.48,47986.27
PO0001390,S009,P0030,WH01,2024-04-10,2024-04-19,2024-04-19,162,154,2690.28,435825.29
PO0001391,S008,P0036,WH04,2024-04-10,2024-04-15,2024-04-15,182,173,2147.66,390873.49
PO0001392,S008,P0004,WH01,2024-04-11,2024-04-16,2024-04-17,258,235,1701.0,438858.39
PO0001393,S007,P0011,WH05,2024-04-11,2024-04-15,2024-04-15,110,103,635.55,69910.46
PO0001394,S007,P0013,WH01,2024-04-11,2024-04-15,2024-04-15,50,46,2720.34,136017.18
PO0001395,S011,P0017,WH03,2024-04-11,2024-04-15,2024-04-15,222,210,897.49,199242.22
PO0001396,S006,P0018,WH01,2024-04-11,2024-04-17,2024-04-17,59,59,1107.77,65358.64
PO0001397,S006,P0023,WH02,2024-04-11,2024-04-16,2024-04-18,62,62,699.91,43394.4
PO0001398,S006,P0025,WH04,2024-04-11,2024-04-16,2024-04-16,179,176,1469.38,263019.27
PO0001399,S006,P0028,WH03,2024-04-11,2024-04-20,2024-04-20,308,306,3034.64,934668.35
PO0001400,S006,P0034,WH05,2024-04-11,2024-04-18,2024-04-18,50,50,3042.14,152107.2
PO0001401,S008,P0036,WH04,2024-04-11,2024-04-14,2024-04-15,270,244,2215.19,598102.43
PO0001402,S006,P0003,WH01,2024-04-12,2024-04-18,2024-04-23,216,215,944.49,204009.1
PO0001403,S009,P0005,WH01,2024-04-12,2024-04-20,2024-04-21,54,51,1240.68,66996.78
PO0001404,S011,P0012,WH01,2024-04-12,2024-04-15,2024-04-15,50,47,2365.19,118259.41
PO0001405,S011,P0017,WH01,2024-04-12,2024-04-15,2024-04-15,272,256,931.38,253334.39
PO0001406,S010,P0021,WH03,2024-04-12,2024-04-21,2024-04-21,262,259,671.34,175890.56
PO0001407,S010,P0021,WH04,2024-04-12,2024-04-20,2024-04-20,171,170,702.69,120159.51
PO0001408,S009,P0022,WH01,2024-04-12,2024-04-19,2024-04-21,52,50,442.9,23030.92
PO0001409,S006,P0023,WH04,2024-04-12,2024-04-19,2024-04-20,50,50,673.89,33694.73
PO0001410,S006,P0025,WH04,2024-04-12,2024-04-17,2024-04-22,144,141,1483.08,213563.61
PO0001411,S012,P0026,WH04,2024-04-12,2024-04-22,2024-04-22,170,166,2384.09,405295.64
PO0001412,S002,P0027,WH04,2024-04-12,2024-04-18,2024-04-23,113,107,546.88,61797.15
PO0001413,S002,P0027,WH05,2024-04-12,2024-04-19,2024-04-19,192,175,514.37,98758.13
PO0001414,S008,P0036,WH04,2024-04-12,2024-04-15,2024-04-15,237,222,2167.94,513800.98
PO0001415,S008,P0038,WH03,2024-04-12,2024-04-16,2024-04-16,168,156,1781.58,299305.17
PO0001416,S002,P0039,WH02,2024-04-12,2024-04-18,2024-04-19,85,81,486.36,41340.72
PO0001417,S006,P0003,WH05,2024-04-13,2024-04-20,2024-04-20,192,190,880.93,169138.02
PO0001418,S008,P0004,WH05,2024-04-13,2024-04-17,2024-04-17,260,238,1608.38,418177.99
PO0001419,S009,P0005,WH01,2024-04-13,2024-04-19,2024-04-19,53,51,1175.78,62316.16
PO0001420,S007,P0010,WH02,2024-04-13,2024-04-19,2024-04-20,104,102,2712.32,282080.98
PO0001421,S012,P0016,WH03,2024-04-13,2024-04-22,2024-04-22,423,413,909.65,384781.24
PO0001422,S011,P0017,WH05,2024-04-13,2024-04-19,2024-04-24,316,298,968.56,306065.01
PO0001423,S006,P0023,WH04,2024-04-13,2024-04-19,2024-04-24,87,86,689.92,60023.35
PO0001424,S004,P0033,WH02,2024-04-13,2024-04-20,2024-04-20,158,149,2093.85,330827.98
PO0001425,S004,P0033,WH04,2024-04-13,2024-04-21,2024-04-21,79,74,2074.48,163884.19
PO0001426,S002,P0037,WH04,2024-04-13,2024-04-21,2024-04-22,76,73,1530.1,116287.41
PO0001427,S008,P0038,WH01,2024-04-13,2024-04-18,2024-04-18,87,81,1700.08,147906.6
PO0001428,S002,P0039,WH02,2024-04-13,2024-04-20,2024-04-20,96,88,501.06,48102.21
PO0001429,S002,P0039,WH03,2024-04-13,2024-04-19,2024-04-19,65,63,521.35,33887.72
PO0001430,S006,P0003,WH01,2024-04-14,2024-04-21,2024-04-24,186,183,910.93,169432.23
PO0001431,S008,P0004,WH04,2024-04-14,2024-04-17,2024-04-17,247,237,1646.69,406732.23
PO0001432,S009,P0005,WH01,2024-04-14,2024-04-23,2024-04-25,50,48,1134.68,56733.89
PO0001433,S007,P0011,WH01,2024-04-14,2024-04-19,2024-04-22,107,104,600.67,64272.18
PO0001434,S012,P0026,WH04,2024-04-14,2024-04-24,2024-04-24,182,180,2138.13,389140.33
PO0001435,S008,P0038,WH03,2024-04-14,2024-04-19,2024-04-19,174,159,1750.53,304591.42
PO0001436,S009,P0001,WH01,2024-04-15,2024-04-25,2024-04-28,178,160,1368.15,243530.6
PO0001437,S009,P0001,WH02,2024-04-15,2024-04-23,2024-04-25,160,141,1341.42,214627.86
PO0001438,S008,P0004,WH01,2024-04-15,2024-04-22,2024-04-27,190,180,1659.01,315212.42
PO0001439,S010,P0009,WH02,2024-04-15,2024-04-26,2024-05-01,53,53,2493.9,132176.79
PO0001440,S007,P0011,WH01,2024-04-15,2024-04-18,2024-04-18,65,63,649.6,42223.91
PO0001441,S011,P0012,WH02,2024-04-15,2024-04-18,2024-04-18,70,67,2381.21,166684.5
PO0001442,S012,P0016,WH02,2024-04-15,2024-04-28,2024-05-03,382,367,849.65,324567.87
PO0001443,S006,P0024,WH01,2024-04-15,2024-04-22,2024-04-25,50,50,632.66,31633.03
PO0001444,S006,P0025,WH01,2024-04-15,2024-04-20,2024-04-21,147,144,1407.91,206963.08
PO0001445,S012,P0026,WH01,2024-04-15,2024-04-23,2024-04-23,250,242,2344.36,586089.8
PO0001446,S006,P0028,WH03,2024-04-15,2024-04-19,2024-04-21,240,235,3160.29,758470.23
PO0001447,S002,P0037,WH03,2024-04-15,2024-04-23,2024-04-23,125,120,1467.73,183466.17
PO0001448,S002,P0037,WH04,2024-04-15,2024-04-23,2024-04-23,59,56,1531.56,90362.31
PO0001449,S008,P0004,WH04,2024-04-16,2024-04-21,2024-04-21,273,255,1653.54,451417.54
PO0001450,S010,P0009,WH04,2024-04-16,2024-04-24,2024-04-24,50,50,2425.98,121298.89
PO0001451,S011,P0012,WH02,2024-04-16,2024-04-21,2024-04-21,66,64,2406.77,158847.05
PO0001452,S011,P0017,WH05,2024-04-16,2024-04-20,2024-04-22,173,158,894.79,154797.9
PO0001453,S010,P0021,WH01,2024-04-16,2024-04-26,2024-04-26,148,146,722.12,106873.44
PO0001454,S006,P0025,WH05,2024-04-16,2024-04-21,2024-04-21,122,122,1373.79,167602.79
PO0001455,S012,P0026,WH04,2024-04-16,2024-04-27,2024-04-27,231,224,2322.21,536430.76
PO0001456,S006,P0003,WH05,2024-04-17,2024-04-22,2024-04-27,194,194,928.73,180173.87
PO0001457,S004,P0007,WH02,2024-04-17,2024-04-24,2024-04-26,194,179,2322.16,450498.16
PO0001458,S010,P0009,WH02,2024-04-17,2024-04-27,2024-05-02,94,93,2507.89,235741.4
PO0001459,S007,P0011,WH01,2024-04-17,2024-04-20,2024-04-22,112,106,609.47,68260.91
PO0001460,S006,P0024,WH01,2024-04-17,2024-04-22,2024-04-25,50,50,646.09,32304.48
PO0001461,S006,P0028,WH05,2024-04-17,2024-04-25,2024-04-30,179,176,3223.04,576924.13
PO0001462,S009,P0030,WH02,2024-04-17,2024-04-29,2024-05-02,260,246,2520.07,655218.63
PO0001463,S004,P0033,WH02,2024-04-17,2024-04-22,2024-04-22,187,178,2045.71,382548.29
PO0001464,S009,P0001,WH01,2024-04-18,2024-04-26,2024-04-26,199,186,1454.7,289484.71
PO0001465,S009,P0002,WH02,2024-04-18,2024-04-28,2024-04-30,164,154,821.1,134660.05
PO0001466,S011,P0006,WH02,2024-04-18,2024-04-22,2024-04-24,50,46,2801.36,140067.76
PO0001467,S004,P0007,WH02,2024-04-18,2024-04-25,2024-04-26,137,133,2516.88,344812.11
PO0001468,S011,P0012,WH04,2024-04-18,2024-04-22,2024-04-23,60,55,2246.13,134767.54
PO0001469,S004,P0015,WH02,2024-04-18,2024-04-27,2024-04-27,144,137,238.91,34402.85
PO0001470,S012,P0016,WH05,2024-04-18,2024-04-28,2024-04-28,316,305,903.64,285551.06
PO0001471,S006,P0025,WH05,2024-04-18,2024-04-24,2024-04-24,214,212,1382.21,295792.42
PO0001472,S002,P0037,WH02,2024-04-18,2024-04-24,2024-04-25,134,123,1569.42,210302.4
PO0001473,S002,P0037,WH03,2024-04-18,2024-04-23,2024-04-23,127,126,1569.64,199344.35
PO0001474,S002,P0039,WH03,2024-04-18,2024-04-23,2024-04-23,110,97,494.79,54427.12
PO0001475,S012,P0040,WH03,2024-04-18,2024-04-27,2024-04-27,76,73,719.7,54697.09
PO0001476,S009,P0002,WH02,2024-04-19,2024-04-28,2024-04-29,280,265,796.17,222928.16
PO0001477,S007,P0010,WH02,2024-04-19,2024-04-24,2024-04-26,118,108,2913.22,343760.24
PO0001478,S010,P0021,WH04,2024-04-19,2024-04-27,2024-04-28,140,139,726.43,101700.71
PO0001479,S006,P0024,WH01,2024-04-19,2024-04-26,2024-05-01,50,50,649.37,32468.55
PO0001480,S006,P0025,WH05,2024-04-19,2024-04-26,2024-04-27,134,133,1411.48,189138.47
PO0001481,S009,P0030,WH02,2024-04-19,2024-04-27,2024-04-27,176,170,2466.77,434151.82
PO0001482,S002,P0037,WH03,2024-04-19,2024-04-25,2024-04-25,96,91,1570.82,150799.18
PO0001483,S002,P0037,WH04,2024-04-19,2024-04-27,2024-04-27,58,53,1575.58,91383.67
PO0001484,S009,P0001,WH04,2024-04-20,2024-04-30,2024-05-02,129,120,1330.85,171679.76
PO0001485,S009,P0001,WH05,2024-04-20,2024-04-29,2024-04-29,211,202,1347.52,284326.99
PO0001486,S009,P0002,WH04,2024-04-20,2024-04-29,2024-05-01,121,113,747.09,90397.38
PO0001487,S006,P0003,WH01,2024-04-20,2024-04-26,2024-04-28,114,113,940.1,107171.93
PO0001488,S004,P0007,WH02,2024-04-20,2024-04-28,2024-05-01,199,186,2343.34,466325.02
PO0001489,S010,P0009,WH05,2024-04-20,2024-04-28,2024-04-28,81,81,2251.47,182368.74
PO0001490,S007,P0013,WH03,2024-04-20,2024-04-24,2024-04-26,79,73,2850.74,225208.63
PO0001491,S004,P0015,WH02,2024-04-20,2024-04-25,2024-04-25,127,121,251.72,31968.46
PO0001492,S011,P0017,WH03,2024-04-20,2024-04-26,2024-04-26,350,327,964.39,337536.04
PO0001493,S006,P0020,WH05,2024-04-20,2024-04-27,2024-04-27,204,199,2421.7,494026.26
PO0001494,S006,P0024,WH01,2024-04-20,2024-04-28,2024-04-29,50,50,627.97,31398.6
PO0001495,S006,P0025,WH05,2024-04-20,2024-04-30,2024-05-01,188,187,1343.14,252510.97
PO0001496,S002,P0027,WH01,2024-04-20,2024-04-26,2024-04-26,154,141,568.45,87541.4
PO0001497,S002,P0037,WH02,2024-04-20,2024-04-28,2024-04-29,117,108,1547.6,181068.75
PO0001498,S002,P0037,WH03,2024-04-20,2024-04-28,2024-04-30,134,128,1583.85,212236.38
PO0001499,S009,P0001,WH04,2024-04-21,2024-04-29,2024-04-29,122,117,1313.07,160194.62
PO0001500,S011,P0006,WH02,2024-04-21,2024-04-26,2024-04-29,50,43,2682.42,134121.1
PO0001501,S007,P0013,WH02,2024-04-21,2024-04-24,2024-04-24,66,61,2826.95,186579.01
PO0001502,S004,P0015,WH02,2024-04-21,2024-04-27,2024-04-27,85,79,243.62,20707.56
PO0001503,S012,P0016,WH03,2024-04-21,2024-05-03,2024-05-03,416,408,895.09,372356.61
PO0001504,S006,P0028,WH01,2024-04-21,2024-04-27,2024-04-27,208,207,3143.28,653802.68
PO0001505,S004,P0029,WH01,2024-04-21,2024-04-28,2024-04-28,210,199,3276.3,688023.43
PO0001506,S009,P0030,WH02,2024-04-21,2024-04-30,2024-05-02,211,204,2557.99,539735.75
PO0001507,S004,P0031,WH05,2024-04-21,2024-04-28,2024-04-28,50,48,487.74,24387.05
PO0001508,S009,P0035,WH01,2024-04-21,2024-04-29,2024-04-29,123,116,1634.59,201055.06
PO0001509,S002,P0037,WH01,2024-04-21,2024-04-28,2024-04-28,84,80,1536.22,129042.58
PO0001510,S002,P0037,WH03,2024-04-21,2024-04-27,2024-04-27,120,115,1567.29,188075.38
PO0001511,S009,P0001,WH01,2024-04-22,2024-04-27,2024-04-27,133,125,1464.59,194790.44
PO0001512,S010,P0008,WH03,2024-04-22,2024-05-01,2024-05-04,136,134,808.84,110001.6
PO0001513,S011,P0012,WH04,2024-04-22,2024-04-27,2024-04-27,50,50,2320.78,116038.82
PO0001514,S012,P0016,WH02,2024-04-22,2024-05-03,2024-05-05,368,354,890.01,327523.77
PO0001515,S010,P0021,WH02,2024-04-22,2024-05-01,2024-05-01,277,273,707.48,195972.99
PO0001516,S004,P0029,WH05,2024-04-22,2024-05-02,2024-05-04,241,230,3276.18,789559.44
PO0001517,S004,P0031,WH04,2024-04-22,2024-04-30,2024-05-01,50,44,482.23,24111.32
PO0001518,S002,P0037,WH01,2024-04-22,2024-04-29,2024-04-29,104,97,1496.36,155621.81
PO0001519,S009,P0001,WH05,2024-04-23,2024-05-02,2024-05-02,174,162,1420.44,247155.8
PO0001520,S004,P0007,WH02,2024-04-23,2024-04-29,2024-04-30,238,230,2567.07,610963.67
PO0001521,S010,P0008,WH03,2024-04-23,2024-05-04,2024-05-07,142,140,842.88,119688.39
PO0001522,S010,P0009,WH02,2024-04-23,2024-05-02,2024-05-02,93,91,2410.71,224196.12
PO0001523,S007,P0013,WH03,2024-04-23,2024-04-29,2024-05-02,75,71,2716.34,203725.75
PO0001524,S004,P0015,WH02,2024-04-23,2024-04-28,2024-05-03,127,122,241.97,30730.43
PO0001525,S012,P0016,WH02,2024-04-23,2024-05-01,2024-05-01,216,213,855.23,184730.61
PO0001526,S012,P0016,WH05,2024-04-23,2024-05-05,2024-05-08,242,232,898.16,217354.9
PO0001527,S011,P0017,WH03,2024-04-23,2024-04-25,2024-04-25,293,276,941.5,275858.52
PO0001528,S002,P0037,WH01,2024-04-23,2024-05-01,2024-05-04,72,66,1496.32,107734.88
PO0001529,S010,P0008,WH03,2024-04-24,2024-05-04,2024-05-07,99,97,782.54,77471.17
PO0001530,S010,P0009,WH02,2024-04-24,2024-05-02,2024-05-03,52,51,2448.36,127314.86
PO0001531,S006,P0020,WH04,2024-04-24,2024-05-01,2024-05-01,185,183,2399.65,443935.72
PO0001532,S010,P0021,WH02,2024-04-24,2024-05-03,2024-05-03,287,282,690.0,198028.65
PO0001533,S006,P0024,WH01,2024-04-24,2024-05-01,2024-05-04,59,58,688.82,40640.39
PO0001534,S006,P0028,WH01,2024-04-24,2024-05-01,2024-05-04,206,204,3269.9,673600.05
PO0001535,S006,P0028,WH04,2024-04-24,2024-04-30,2024-05-03,202,200,3239.26,654329.65
PO0001536,S004,P0029,WH05,2024-04-24,2024-04-29,2024-04-29,222,205,3275.41,727142.04
PO0001537,S004,P0031,WH04,2024-04-24,2024-05-02,2024-05-02,50,45,493.89,24694.65
PO0001538,S008,P0036,WH01,2024-04-24,2024-04-27,2024-04-27,203,194,2182.98,443145.22
PO0001539,S009,P0001,WH01,2024-04-25,2024-05-04,2024-05-04,126,115,1455.17,183350.79
PO0001540,S004,P0007,WH02,2024-04-25,2024-05-03,2024-05-06,255,235,2344.58,597866.94
PO0001541,S004,P0007,WH04,2024-04-25,2024-05-05,2024-05-05,202,194,2495.55,504101.21
PO0001542,S010,P0009,WH02,2024-04-25,2024-05-03,2024-05-04,95,94,2447.46,232508.53
PO0001543,S007,P0010,WH03,2024-04-25,2024-05-02,2024-05-02,73,71,2700.17,197112.31
PO0001544,S007,P0013,WH04,2024-04-25,2024-04-29,2024-05-04,50,48,2552.39,127619.75
PO0001545,S010,P0014,WH05,2024-04-25,2024-05-04,2024-05-06,271,268,1972.52,534552.52
PO0001546,S011,P0017,WH02,2024-04-25,2024-04-30,2024-05-02,296,287,911.82,269899.64
PO0001547,S006,P0020,WH04,2024-04-25,2024-04-30,2024-04-30,153,152,2274.86,348054.08
PO0001548,S010,P0021,WH01,2024-04-25,2024-05-05,2024-05-05,148,142,689.78,102087.29
PO0001549,S012,P0026,WH02,2024-04-25,2024-05-05,2024-05-07,215,206,2258.41,485557.85
PO0001550,S002,P0027,WH01,2024-04-25,2024-05-03,2024-05-03,160,150,548.82,87810.49
PO0001551,S004,P0029,WH04,2024-04-25,2024-05-02,2024-05-04,274,262,3479.04,953256.71
PO0001552,S004,P0029,WH05,2024-04-25,2024-04-29,2024-04-29,220,212,3598.0,791559.27
PO0001553,S004,P0031,WH04,2024-04-25,2024-05-03,2024-05-03,50,46,499.43,24971.28
PO0001554,S004,P0031,WH05,2024-04-25,2024-05-02,2024-05-02,52,50,488.56,25405.32
PO0001555,S009,P0001,WH05,2024-04-26,2024-05-06,2024-05-08,127,119,1377.97,175002.44
PO0001556,S009,P0002,WH04,2024-04-26,2024-05-04,2024-05-05,235,227,763.52,179427.02
PO0001557,S006,P0003,WH04,2024-04-26,2024-05-05,2024-05-05,204,202,950.73,193947.9
PO0001558,S008,P0004,WH02,2024-04-26,2024-04-30,2024-05-02,273,261,1563.55,426850.45
PO0001559,S011,P0006,WH01,2024-04-26,2024-04-28,2024-04-28,50,49,2887.11,144355.46
PO0001560,S004,P0015,WH04,2024-04-26,2024-05-04,2024-05-09,92,85,245.89,22622.22
PO0001561,S012,P0016,WH02,2024-04-26,2024-05-10,2024-05-11,219,211,884.23,193647.1
PO0001562,S008,P0019,WH04,2024-04-26,2024-04-29,2024-04-29,235,218,2021.17,474974.57
PO0001563,S006,P0028,WH05,2024-04-26,2024-05-02,2024-05-03,247,239,3030.16,748448.84
PO0001564,S004,P0031,WH04,2024-04-26,2024-05-03,2024-05-05,50,48,468.68,23433.77
PO0001565,S009,P0032,WH05,2024-04-26,2024-05-03,2024-05-03,204,190,1590.22,324405.14
PO0001566,S006,P0034,WH01,2024-04-26,2024-05-04,2024-05-04,50,49,3093.56,154677.8
PO0001567,S009,P0035,WH03,2024-04-26,2024-05-03,2024-05-03,180,173,1564.94,281688.52
PO0001568,S009,P0035,WH05,2024-04-26,2024-05-04,2024-05-04,137,133,1546.34,211848.63
PO0001569,S009,P0002,WH02,2024-04-27,2024-05-04,2024-05-04,235,224,751.43,176586.48
PO0001570,S006,P0003,WH03,2024-04-27,2024-05-05,2024-05-10,254,251,856.72,217605.71
PO0001571,S011,P0006,WH01,2024-04-27,2024-04-30,2024-04-30,50,42,2924.62,146231.2
PO0001572,S004,P0007,WH04,2024-04-27,2024-05-02,2024-05-02,189,174,2447.88,462649.54
PO0001573,S010,P0008,WH02,2024-04-27,2024-05-06,2024-05-07,107,107,850.27,90979.14
PO0001574,S010,P0009,WH05,2024-04-27,2024-05-05,2024-05-05,50,49,2482.35,124117.46
PO0001575,S011,P0012,WH01,2024-04-27,2024-04-30,2024-05-02,50,50,2509.79,125489.33
PO0001576,S007,P0013,WH04,2024-04-27,2024-05-02,2024-05-02,54,50,2643.29,142737.74
PO0001577,S010,P0014,WH03,2024-04-27,2024-05-06,2024-05-06,302,299,2049.21,618860.07
PO0001578,S004,P0015,WH04,2024-04-27,2024-05-03,2024-05-03,87,85,247.02,21490.64
PO0001579,S012,P0016,WH05,2024-04-27,2024-05-06,2024-05-08,274,267,872.34,239020.09
PO0001580,S008,P0019,WH04,2024-04-27,2024-05-01,2024-05-03,141,130,2096.89,295661.08
PO0001581,S012,P0026,WH02,2024-04-27,2024-05-07,2024-05-12,318,307,2143.04,681485.7
PO0001582,S004,P0029,WH04,2024-04-27,2024-05-05,2024-05-05,189,180,3279.55,619834.8
PO0001583,S004,P0031,WH05,2024-04-27,2024-05-03,2024-05-06,53,53,457.24,24233.89
PO0001584,S009,P0032,WH05,2024-04-27,2024-05-06,2024-05-06,255,238,1765.45,450189.2
PO0001585,S011,P0006,WH04,2024-04-28,2024-05-03,2024-05-05,50,48,2941.92,147096.16
PO0001586,S010,P0008,WH03,2024-04-28,2024-05-05,2024-05-05,112,111,808.96,90603.88
PO0001587,S011,P0012,WH01,2024-04-28,2024-04-30,2024-04-30,50,47,2249.04,112452.15
PO0001588,S011,P0017,WH01,2024-04-28,2024-05-01,2024-05-01,239,224,962.76,230099.6
PO0001589,S011,P0017,WH04,2024-04-28,2024-04-30,2024-05-03,271,256,901.56,244322.38
PO0001590,S006,P0020,WH03,2024-04-28,2024-05-02,2024-05-04,168,166,2499.39,419898.17
PO0001591,S006,P0023,WH01,2024-04-28,2024-05-05,2024-05-05,51,51,687.65,35070.33
PO0001592,S004,P0029,WH04,2024-04-28,2024-05-04,2024-05-06,217,211,3216.83,698052.06
PO0001593,S004,P0029,WH05,2024-04-28,2024-05-05,2024-05-05,236,225,3362.8,793619.74
PO0001594,S006,P0034,WH01,2024-04-28,2024-05-05,2024-05-05,50,49,2927.78,146389.1
PO0001595,S009,P0035,WH03,2024-04-28,2024-05-06,2024-05-08,143,135,1650.47,236017.78
PO0001596,S006,P0003,WH04,2024-04-29,2024-05-05,2024-05-05,222,219,898.46,199457.87
PO0001597,S008,P0004,WH03,2024-04-29,2024-05-04,2024-05-05,314,284,1628.82,511448.06
PO0001598,S009,P0005,WH02,2024-04-29,2024-05-06,2024-05-06,109,103,1197.62,130540.53
PO0001599,S004,P0007,WH04,2024-04-29,2024-05-06,2024-05-07,180,174,2338.9,421001.29
PO0001600,S010,P0009,WH02,2024-04-29,2024-05-08,2024-05-08,73,71,2301.48,168008.38
PO0001601,S011,P0017,WH01,2024-04-29,2024-05-03,2024-05-03,235,225,910.42,213948.07
PO0001602,S011,P0017,WH02,2024-04-29,2024-05-03,2024-05-03,251,236,897.77,225341.3
PO0001603,S006,P0023,WH01,2024-04-29,2024-05-06,2024-05-07,77,76,720.9,55509.53
PO0001604,S006,P0028,WH04,2024-04-29,2024-05-06,2024-05-06,228,226,3151.86,718623.73
PO0001605,S006,P0028,WH05,2024-04-29,2024-05-05,2024-05-05,199,198,3020.93,601165.59
PO0001606,S004,P0031,WH04,2024-04-29,2024-05-07,2024-05-07,50,47,494.36,24717.99
PO0001607,S009,P0032,WH03,2024-04-29,2024-05-07,2024-05-07,221,207,1589.5,351279.62
PO0001608,S004,P0033,WH05,2024-04-29,2024-05-05,2024-05-05,84,80,2023.07,169937.64
PO0001609,S006,P0034,WH01,2024-04-29,2024-05-07,2024-05-07,50,50,2945.02,147250.91
PO0001610,S009,P0035,WH03,2024-04-29,2024-05-08,2024-05-08,155,140,1627.68,252289.68
PO0001611,S008,P0004,WH02,2024-04-30,2024-05-05,2024-05-05,306,293,1600.29,489689.77
PO0001612,S008,P0004,WH03,2024-04-30,2024-05-04,2024-05-04,320,293,1610.04,515213.77
PO0001613,S004,P0007,WH04,2024-04-30,2024-05-08,2024-05-08,102,92,2403.61,245168.05
PO0001614,S010,P0008,WH02,2024-04-30,2024-05-06,2024-05-06,103,102,798.81,82277.37
PO0001615,S010,P0009,WH02,2024-04-30,2024-05-09,2024-05-09,64,64,2498.87,159927.5
PO0001616,S007,P0010,WH01,2024-04-30,2024-05-06,2024-05-06,50,49,2755.26,137763.08
PO0001617,S007,P0010,WH03,2024-04-30,2024-05-03,2024-05-03,92,89,2612.38,240339.02
PO0001618,S007,P0011,WH03,2024-04-30,2024-05-04,2024-05-04,123,121,623.29,76664.7
PO0001619,S012,P0016,WH02,2024-04-30,2024-05-11,2024-05-12,410,399,842.67,345493.14
PO0001620,S011,P0017,WH04,2024-04-30,2024-05-04,2024-05-04,266,250,944.34,251195.66
PO0001621,S006,P0018,WH04,2024-04-30,2024-05-05,2024-05-05,61,59,1118.94,68255.25
PO0001622,S006,P0025,WH01,2024-04-30,2024-05-05,2024-05-08,167,165,1417.69,236754.66
PO0001623,S004,P0029,WH02,2024-04-30,2024-05-06,2024-05-07,361,338,3298.38,1190715.62
PO0001624,S009,P0032,WH03,2024-04-30,2024-05-06,2024-05-09,231,213,1634.73,377623.06
PO0001625,S004,P0007,WH05,2024-05-01,2024-05-04,2024-05-04,191,188,2299.38,439182.2
PO0001626,S007,P0013,WH04,2024-05-01,2024-05-04,2024-05-04,50,49,2740.21,137010.44
PO0001627,S010,P0014,WH05,2024-05-01,2024-05-09,2024-05-09,173,171,1911.78,330737.31
PO0001628,S011,P0017,WH02,2024-05-01,2024-05-05,2024-05-05,359,340,920.1,330317.22
PO0001629,S006,P0020,WH03,2024-05-01,2024-05-07,2024-05-07,231,228,2393.45,552886.67
PO0001630,S004,P0029,WH02,2024-05-01,2024-05-08,2024-05-11,344,332,3531.76,1214923.89
PO0001631,S004,P0029,WH04,2024-05-01,2024-05-09,2024-05-10,296,285,3557.66,1053067.4
PO0001632,S009,P0035,WH03,2024-05-01,2024-05-09,2024-05-09,195,184,1622.42,316371.83
PO0001633,S009,P0001,WH02,2024-05-02,2024-05-11,2024-05-11,173,168,1373.45,237607.05
PO0001634,S009,P0002,WH01,2024-05-02,2024-05-12,2024-05-14,195,186,777.65,151642.55
PO0001635,S011,P0006,WH04,2024-05-02,2024-05-07,2024-05-07,50,48,3001.67,150083.43
PO0001636,S010,P0008,WH03,2024-05-02,2024-05-10,2024-05-10,177,175,788.41,139548.86
PO0001637,S010,P0009,WH01,2024-05-02,2024-05-10,2024-05-11,55,55,2350.9,129299.49
PO0001638,S010,P0014,WH03,2024-05-02,2024-05-12,2024-05-12,211,209,1968.91,415439.3
PO0001639,S004,P0015,WH04,2024-05-02,2024-05-09,2024-05-14,81,76,246.04,19928.95
PO0001640,S008,P0019,WH02,2024-05-02,2024-05-07,2024-05-07,202,186,2067.5,417634.34
PO0001641,S008,P0019,WH03,2024-05-02,2024-05-06,2024-05-07,302,283,2033.88,614230.78
PO0001642,S009,P0032,WH05,2024-05-02,2024-05-08,2024-05-08,187,176,1733.17,324102.89
PO0001643,S006,P0034,WH01,2024-05-02,2024-05-09,2024-05-11,50,49,3167.38,158369.21
PO0001644,S009,P0001,WH02,2024-05-03,2024-05-11,2024-05-11,262,242,1335.51,349903.75
PO0001645,S009,P0002,WH01,2024-05-03,2024-05-11,2024-05-16,191,187,791.93,151259.01
PO0001646,S007,P0013,WH05,2024-05-03,2024-05-06,2024-05-06,50,48,2844.04,142201.93
PO0001647,S006,P0018,WH04,2024-05-03,2024-05-10,2024-05-10,75,74,1121.28,84096.17
PO0001648,S009,P0030,WH05,2024-05-03,2024-05-10,2024-05-10,154,142,2584.11,397952.24
PO0001649,S012,P0040,WH02,2024-05-03,2024-05-15,2024-05-16,71,70,690.56,49029.75
PO0001650,S009,P0001,WH02,2024-05-04,2024-05-12,2024-05-13,201,183,1316.82,264680.16
PO0001651,S009,P0002,WH01,2024-05-04,2024-05-13,2024-05-13,124,118,809.07,100324.69
PO0001652,S009,P0002,WH04,2024-05-04,2024-05-15,2024-05-20,164,156,812.6,133266.44
PO0001653,S006,P0003,WH04,2024-05-04,2024-05-10,2024-05-10,209,202,910.65,190324.93
PO0001654,S011,P0006,WH04,2024-05-04,2024-05-07,2024-05-07,50,49,2813.05,140652.55
PO0001655,S010,P0009,WH01,2024-05-04,2024-05-12,2024-05-12,53,53,2477.74,131320.06
PO0001656,S010,P0014,WH03,2024-05-04,2024-05-13,2024-05-13,367,362,1943.77,713363.97
PO0001657,S006,P0020,WH02,2024-05-04,2024-05-12,2024-05-14,163,161,2440.32,397772.29
PO0001658,S009,P0022,WH03,2024-05-04,2024-05-12,2024-05-15,50,44,440.26,22012.91
PO0001659,S006,P0025,WH01,2024-05-04,2024-05-10,2024-05-15,103,103,1465.24,150919.53
PO0001660,S006,P0025,WH02,2024-05-04,2024-05-10,2024-05-11,251,246,1484.7,372660.76
PO0001661,S008,P0038,WH04,2024-05-04,2024-05-07,2024-05-07,163,155,1789.87,291748.7
PO0001662,S002,P0039,WH05,2024-05-04,2024-05-10,2024-05-11,90,88,485.12,43660.47
PO0001663,S009,P0001,WH02,2024-05-05,2024-05-14,2024-05-19,160,153,1396.22,223394.4
PO0001664,S007,P0010,WH01,2024-05-05,2024-05-11,2024-05-11,79,75,2652.93,209581.48
PO0001665,S007,P0013,WH02,2024-05-05,2024-05-09,2024-05-09,71,67,2785.51,197771.47
PO0001666,S010,P0014,WH03,2024-05-05,2024-05-15,2024-05-15,250,246,1890.51,472627.22
PO0001667,S008,P0019,WH03,2024-05-05,2024-05-10,2024-05-11,326,297,1974.48,643681.04
PO0001668,S006,P0025,WH01,2024-05-05,2024-05-11,2024-05-11,140,137,1498.56,209798.48
PO0001669,S012,P0026,WH01,2024-05-05,2024-05-15,2024-05-15,196,193,2308.2,452407.65
PO0001670,S008,P0038,WH02,2024-05-05,2024-05-10,2024-05-10,178,166,1769.64,314995.45
PO0001671,S006,P0003,WH03,2024-05-06,2024-05-12,2024-05-12,310,306,938.84,291041.81
PO0001672,S010,P0008,WH04,2024-05-06,2024-05-15,2024-05-15,72,70,796.16,57323.21
PO0001673,S006,P0024,WH05,2024-05-06,2024-05-13,2024-05-16,56,56,690.96,38693.58
PO0001674,S006,P0025,WH02,2024-05-06,2024-05-12,2024-05-12,150,148,1494.21,224130.81
PO0001675,S009,P0030,WH05,2024-05-06,2024-05-14,2024-05-14,167,160,2409.99,402469.01
PO0001676,S002,P0039,WH05,2024-05-06,2024-05-13,2024-05-18,95,89,483.46,45929.04
PO0001677,S009,P0002,WH05,2024-05-07,2024-05-18,2024-05-20,143,135,829.42,118607.58
PO0001678,S009,P0005,WH03,2024-05-07,2024-05-14,2024-05-14,117,109,1155.38,135180.02
PO0001679,S011,P0006,WH03,2024-05-07,2024-05-09,2024-05-09,50,46,2715.64,135781.82
PO0001680,S007,P0010,WH05,2024-05-07,2024-05-13,2024-05-14,64,63,2689.98,172158.42
PO0001681,S009,P0022,WH03,2024-05-07,2024-05-15,2024-05-18,54,49,467.01,25218.49
PO0001682,S008,P0038,WH02,2024-05-07,2024-05-11,2024-05-12,191,180,1912.72,365329.58
PO0001683,S008,P0038,WH05,2024-05-07,2024-05-11,2024-05-12,174,153,1890.4,328929.65
PO0001684,S002,P0039,WH05,2024-05-07,2024-05-14,2024-05-15,56,49,501.1,28061.32
PO0001685,S009,P0001,WH02,2024-05-08,2024-05-20,2024-05-21,237,223,1411.25,334465.79
PO0001686,S011,P0006,WH03,2024-05-08,2024-05-12,2024-05-12,58,55,2737.03,158747.75
PO0001687,S007,P0011,WH02,2024-05-08,2024-05-12,2024-05-12,167,159,590.13,98552.48
PO0001688,S006,P0024,WH05,2024-05-08,2024-05-16,2024-05-16,50,49,668.33,33416.71
PO0001689,S009,P0030,WH04,2024-05-08,2024-05-13,2024-05-14,199,184,2526.4,502753.35
PO0001690,S009,P0030,WH05,2024-05-08,2024-05-14,2024-05-14,228,213,2548.71,581106.11
PO0001691,S004,P0033,WH03,2024-05-08,2024-05-13,2024-05-14,129,123,1985.17,256086.49
PO0001692,S008,P0036,WH03,2024-05-08,2024-05-12,2024-05-15,378,349,2199.72,831492.68
PO0001693,S008,P0038,WH01,2024-05-08,2024-05-11,2024-05-11,157,146,1818.84,285557.11
PO0001694,S012,P0040,WH02,2024-05-08,2024-05-18,2024-05-21,61,59,750.31,45768.97
PO0001695,S009,P0001,WH02,2024-05-09,2024-05-19,2024-05-24,170,157,1457.13,247712.9
PO0001696,S011,P0006,WH05,2024-05-09,2024-05-14,2024-05-19,50,49,2864.52,143225.89
PO0001697,S011,P0012,WH03,2024-05-09,2024-05-12,2024-05-12,50,48,2271.82,113590.76
PO0001698,S006,P0018,WH03,2024-05-09,2024-05-15,2024-05-15,111,109,1101.3,122244.49
PO0001699,S006,P0024,WH04,2024-05-09,2024-05-19,2024-05-24,60,59,631.58,37894.51
PO0001700,S006,P0025,WH02,2024-05-09,2024-05-15,2024-05-15,176,174,1509.22,265622.65
PO0001701,S004,P0033,WH03,2024-05-09,2024-05-15,2024-05-17,163,155,2014.43,328352.4
PO0001702,S008,P0036,WH03,2024-05-09,2024-05-13,2024-05-16,416,380,2222.55,924579.67
PO0001703,S002,P0039,WH01,2024-05-09,2024-05-15,2024-05-15,52,51,469.83,24431.04
PO0001704,S008,P0004,WH05,2024-05-10,2024-05-13,2024-05-16,224,210,1529.65,342640.7
PO0001705,S011,P0006,WH05,2024-05-10,2024-05-15,2024-05-15,50,46,2854.18,142709.02
PO0001706,S010,P0008,WH04,2024-05-10,2024-05-18,2024-05-19,121,120,844.08,102133.63
PO0001707,S007,P0010,WH05,2024-05-10,2024-05-14,2024-05-15,65,63,2873.93,186805.49
PO0001708,S007,P0011,WH02,2024-05-10,2024-05-14,2024-05-15,116,109,648.65,75243.3
PO0001709,S011,P0012,WH03,2024-05-10,2024-05-15,2024-05-15,57,52,2310.82,131716.87
PO0001710,S006,P0018,WH01,2024-05-10,2024-05-17,2024-05-17,54,53,1064.3,57472.33
PO0001711,S006,P0020,WH05,2024-05-10,2024-05-16,2024-05-18,150,148,2380.52,357077.81
PO0001712,S004,P0029,WH01,2024-05-10,2024-05-17,2024-05-18,287,273,3238.14,929346.3
PO0001713,S008,P0036,WH01,2024-05-10,2024-05-12,2024-05-12,201,187,2088.16,419721.12
PO0001714,S012,P0040,WH02,2024-05-10,2024-05-21,2024-05-21,50,48,703.44,35172.0
PO0001715,S011,P0006,WH05,2024-05-11,2024-05-16,2024-05-21,50,46,2941.78,147088.87
PO0001716,S010,P0008,WH04,2024-05-11,2024-05-21,2024-05-21,126,120,789.25,99445.92
PO0001717,S011,P0012,WH03,2024-05-11,2024-05-15,2024-05-18,67,63,2474.4,165784.7
PO0001718,S009,P0022,WH01,2024-05-11,2024-05-20,2024-05-22,50,48,429.34,21466.93
PO0001719,S006,P0024,WH04,2024-05-11,2024-05-19,2024-05-20,54,54,698.58,37723.59
PO0001720,S012,P0026,WH05,2024-05-11,2024-05-20,2024-05-20,272,265,2147.68,584169.86
PO0001721,S002,P0027,WH03,2024-05-11,2024-05-17,2024-05-18,295,283,518.44,152939.97
PO0001722,S009,P0030,WH04,2024-05-11,2024-05-21,2024-05-21,145,138,2593.99,376128.1
PO0001723,S004,P0031,WH01,2024-05-11,2024-05-20,2024-05-20,50,46,470.37,23518.55
PO0001724,S009,P0035,WH01,2024-05-11,2024-05-20,2024-05-20,118,107,1682.39,198522.6
PO0001725,S008,P0036,WH01,2024-05-11,2024-05-16,2024-05-16,153,144,2072.45,317085.3
PO0001726,S008,P0036,WH03,2024-05-11,2024-05-15,2024-05-17,353,334,2035.98,718699.37
PO0001727,S002,P0039,WH01,2024-05-11,2024-05-18,2024-05-18,80,74,472.83,37826.16
PO0001728,S002,P0039,WH03,2024-05-11,2024-05-17,2024-05-17,108,106,505.79,54625.04
PO0001729,S009,P0002,WH05,2024-05-12,2024-05-19,2024-05-19,153,141,820.84,125587.89
PO0001730,S008,P0004,WH05,2024-05-12,2024-05-15,2024-05-15,203,190,1676.99,340428.42
PO0001731,S009,P0005,WH03,2024-05-12,2024-05-22,2024-05-27,109,104,1208.5,131726.18
PO0001732,S011,P0006,WH05,2024-05-12,2024-05-16,2024-05-18,50,47,2973.85,148692.36
PO0001733,S010,P0008,WH04,2024-05-12,2024-05-19,2024-05-19,94,93,846.8,79599.11
PO0001734,S009,P0022,WH01,2024-05-12,2024-05-19,2024-05-21,51,50,474.82,24215.67
PO0001735,S012,P0026,WH01,2024-05-12,2024-05-22,2024-05-22,185,181,2129.18,393898.14
PO0001736,S004,P0029,WH01,2024-05-12,2024-05-18,2024-05-18,226,213,3309.35,747913.26
PO0001737,S009,P0030,WH04,2024-05-12,2024-05-20,2024-05-20,169,156,2485.57,420060.64
PO0001738,S004,P0031,WH03,2024-05-12,2024-05-18,2024-05-18,50,49,460.71,23035.27
PO0001739,S004,P0033,WH03,2024-05-12,2024-05-20,2024-05-20,140,138,2078.96,291054.11
PO0001740,S009,P0035,WH04,2024-05-12,2024-05-21,2024-05-21,94,88,1682.34,158139.59
PO0001741,S009,P0005,WH04,2024-05-13,2024-05-21,2024-05-22,59,54,1225.5,72304.47
PO0001742,S011,P0006,WH05,2024-05-13,2024-05-15,2024-05-15,50,46,2972.52,148626.13
PO0001743,S010,P0008,WH04,2024-05-13,2024-05-20,2024-05-20,86,84,774.48,66605.57
PO0001744,S010,P0014,WH02,2024-05-13,2024-05-20,2024-05-21,194,193,2080.09,403538.33
PO0001745,S011,P0017,WH05,2024-05-13,2024-05-16,2024-05-16,224,218,919.47,205961.94
PO0001746,S008,P0019,WH01,2024-05-13,2024-05-18,2024-05-18,208,198,2137.0,444495.25
PO0001747,S009,P0022,WH01,2024-05-13,2024-05-21,2024-05-21,50,48,428.88,21444.02
PO0001748,S006,P0024,WH04,2024-05-13,2024-05-21,2024-05-21,50,50,664.85,33242.31
PO0001749,S012,P0026,WH01,2024-05-13,2024-05-23,2024-05-25,246,236,2348.83,577811.02
PO0001750,S002,P0027,WH03,2024-05-13,2024-05-18,2024-05-18,203,189,568.48,115401.93
PO0001751,S009,P0035,WH05,2024-05-13,2024-05-22,2024-05-22,114,110,1523.09,173632.56
PO0001752,S008,P0038,WH03,2024-05-13,2024-05-16,2024-05-19,137,127,1801.22,246767.53
PO0001753,S002,P0039,WH01,2024-05-13,2024-05-19,2024-05-21,78,70,486.71,37963.57
PO0001754,S009,P0002,WH03,2024-05-14,2024-05-22,2024-05-22,302,291,805.98,243405.7
PO0001755,S008,P0004,WH05,2024-05-14,2024-05-17,2024-05-17,168,156,1538.34,258440.65
PO0001756,S007,P0011,WH04,2024-05-14,2024-05-18,2024-05-18,130,125,598.31,77780.61
PO0001757,S010,P0014,WH02,2024-05-14,2024-05-23,2024-05-26,313,311,2121.47,664021.56
PO0001758,S011,P0017,WH05,2024-05-14,2024-05-18,2024-05-18,253,242,895.96,226677.07
PO0001759,S006,P0018,WH02,2024-05-14,2024-05-20,2024-05-20,63,62,1118.22,70448.07
PO0001760,S008,P0019,WH02,2024-05-14,2024-05-18,2024-05-18,198,182,1898.86,375974.97
PO0001761,S009,P0022,WH01,2024-05-14,2024-05-22,2024-05-22,50,48,472.23,23611.7
PO0001762,S006,P0025,WH04,2024-05-14,2024-05-21,2024-05-22,128,123,1376.9,176242.71
PO0001763,S002,P0027,WH03,2024-05-14,2024-05-21,2024-05-21,293,272,556.91,163175.66
PO0001764,S009,P0035,WH01,2024-05-14,2024-05-23,2024-05-23,120,107,1577.27,189272.08
PO0001765,S009,P0035,WH04,2024-05-14,2024-05-25,2024-05-28,137,125,1653.97,226593.47
PO0001766,S009,P0002,WH05,2024-05-15,2024-05-22,2024-05-24,140,132,829.04,116066.11
PO0001767,S004,P0007,WH01,2024-05-15,2024-05-19,2024-05-20,103,99,2377.8,244912.99
PO0001768,S007,P0010,WH04,2024-05-15,2024-05-18,2024-05-18,65,62,2775.21,180388.35
PO0001769,S010,P0014,WH01,2024-05-15,2024-05-23,2024-05-25,262,256,2001.59,524417.55
PO0001770,S010,P0014,WH02,2024-05-15,2024-05-23,2024-05-23,290,287,2021.1,586118.07
PO0001771,S008,P0019,WH02,2024-05-15,2024-05-19,2024-05-19,164,148,2074.74,340257.58
PO0001772,S006,P0020,WH01,2024-05-15,2024-05-21,2024-05-21,161,158,2461.89,396364.23
PO0001773,S006,P0020,WH05,2024-05-15,2024-05-23,2024-05-23,118,116,2306.8,272202.15
PO0001774,S006,P0024,WH04,2024-05-15,2024-05-22,2024-05-22,50,49,673.34,33667.23
PO0001775,S006,P0024,WH05,2024-05-15,2024-05-20,2024-05-20,51,51,681.47,34754.78
PO0001776,S002,P0027,WH03,2024-05-15,2024-05-21,2024-05-21,195,181,523.16,102016.29
PO0001777,S004,P0029,WH01,2024-05-15,2024-05-19,2024-05-20,172,165,3415.09,587395.39
PO0001778,S004,P0031,WH01,2024-05-15,2024-05-22,2024-05-22,50,48,475.22,23761.17
PO0001779,S009,P0032,WH01,2024-05-15,2024-05-25,2024-05-25,230,219,1610.53,370422.99
PO0001780,S004,P0033,WH04,2024-05-15,2024-05-21,2024-05-21,101,98,2183.54,220537.63
PO0001781,S009,P0035,WH01,2024-05-15,2024-05-22,2024-05-22,143,129,1564.4,223709.48
PO0001782,S009,P0035,WH02,2024-05-15,2024-05-27,2024-05-27,179,170,1572.83,281536.2
PO0001783,S009,P0035,WH05,2024-05-15,2024-05-22,2024-05-24,184,168,1678.24,308796.94
PO0001784,S002,P0039,WH04,2024-05-15,2024-05-22,2024-05-22,72,69,516.27,37171.18
PO0001785,S012,P0040,WH02,2024-05-15,2024-05-25,2024-05-26,50,50,726.95,36347.51
PO0001786,S009,P0001,WH03,2024-05-16,2024-05-25,2024-05-26,259,248,1409.44,365045.03
PO0001787,S009,P0002,WH05,2024-05-16,2024-05-23,2024-05-25,185,170,817.6,151255.56
PO0001788,S006,P0003,WH05,2024-05-16,2024-05-22,2024-05-22,240,236,936.46,224749.67
PO0001789,S009,P0005,WH04,2024-05-16,2024-05-26,2024-05-26,50,47,1233.66,61683.1
PO0001790,S010,P0008,WH05,2024-05-16,2024-05-25,2024-05-26,109,108,830.26,90498.48
PO0001791,S011,P0012,WH05,2024-05-16,2024-05-20,2024-05-20,50,48,2315.97,115798.27
PO0001792,S004,P0015,WH03,2024-05-16,2024-05-21,2024-05-21,92,86,261.37,24046.26
PO0001793,S006,P0020,WH05,2024-05-16,2024-05-24,2024-05-24,154,152,2460.49,378914.89
PO0001794,S010,P0021,WH01,2024-05-16,2024-05-25,2024-05-27,116,115,679.43,78814.01
PO0001795,S010,P0021,WH04,2024-05-16,2024-05-23,2024-05-23,225,224,723.54,162796.82
PO0001796,S006,P0024,WH03,2024-05-16,2024-05-22,2024-05-22,53,51,622.42,32988.07
PO0001797,S006,P0024,WH04,2024-05-16,2024-05-24,2024-05-25,50,49,673.9,33694.82
PO0001798,S006,P0025,WH04,2024-05-16,2024-05-23,2024-05-25,159,154,1382.31,219786.72
PO0001799,S002,P0027,WH03,2024-05-16,2024-05-24,2024-05-24,274,259,567.13,155393.49
PO0001800,S004,P0031,WH01,2024-05-16,2024-05-24,2024-05-24,50,46,454.25,22712.26
PO0001801,S009,P0032,WH01,2024-05-16,2024-05-24,2024-05-26,196,185,1706.69,334511.56
PO0001802,S009,P0035,WH01,2024-05-16,2024-05-25,2024-05-26,98,92,1691.67,165783.42
PO0001803,S002,P0037,WH05,2024-05-16,2024-05-23,2024-05-25,115,111,1498.49,172326.78
PO0001804,S008,P0038,WH03,2024-05-16,2024-05-21,2024-05-23,216,204,1897.36,409828.92
PO0001805,S009,P0002,WH03,2024-05-17,2024-05-28,2024-05-28,236,218,781.57,184450.49
PO0001806,S006,P0003,WH05,2024-05-17,2024-05-26,2024-05-26,244,240,868.29,211863.25
PO0001807,S011,P0006,WH02,2024-05-17,2024-05-22,2024-05-22,50,48,2738.78,136939.23
PO0001808,S007,P0010,WH04,2024-05-17,2024-05-23,2024-05-23,82,80,2774.87,227538.96
PO0001809,S007,P0011,WH03,2024-05-17,2024-05-22,2024-05-22,141,134,621.94,87693.57
PO0001810,S011,P0012,WH05,2024-05-17,2024-05-21,2024-05-21,50,47,2277.42,113870.79
PO0001811,S007,P0013,WH05,2024-05-17,2024-05-23,2024-05-23,50,48,2728.72,136435.76
PO0001812,S004,P0015,WH03,2024-05-17,2024-05-26,2024-05-26,132,127,261.06,34460.19
PO0001813,S010,P0021,WH05,2024-05-17,2024-05-27,2024-05-30,221,220,715.35,158091.8
PO0001814,S006,P0025,WH04,2024-05-17,2024-05-25,2024-05-28,125,123,1395.34,174417.4
PO0001815,S012,P0026,WH05,2024-05-17,2024-05-29,2024-05-29,232,225,2309.14,535720.39
PO0001816,S004,P0029,WH03,2024-05-17,2024-05-25,2024-05-25,369,353,3554.32,1311543.64
PO0001817,S004,P0033,WH04,2024-05-17,2024-05-22,2024-05-23,92,89,2215.73,203847.4
PO0001818,S004,P0033,WH05,2024-05-17,2024-05-26,2024-05-26,82,75,2048.47,167974.35
PO0001819,S008,P0036,WH05,2024-05-17,2024-05-19,2024-05-21,275,249,2163.57,594980.49
PO0001820,S006,P0003,WH05,2024-05-18,2024-05-26,2024-05-26,228,227,905.68,206494.99
PO0001821,S008,P0004,WH01,2024-05-18,2024-05-21,2024-05-21,204,186,1693.36,345444.71
PO0001822,S011,P0006,WH02,2024-05-18,2024-05-23,2024-05-23,50,48,2723.38,136169.09
PO0001823,S007,P0011,WH03,2024-05-18,2024-05-22,2024-05-23,123,119,586.43,72130.98
PO0001824,S010,P0014,WH01,2024-05-18,2024-05-27,2024-05-27,189,187,2057.67,388900.02
PO0001825,S011,P0017,WH03,2024-05-18,2024-05-20,2024-05-21,397,378,891.43,353898.64
PO0001826,S006,P0020,WH01,2024-05-18,2024-05-24,2024-05-26,109,109,2242.8,244465.7
PO0001827,S006,P0023,WH02,2024-05-18,2024-05-25,2024-05-25,76,75,710.79,54019.8
PO0001828,S012,P0026,WH05,2024-05-18,2024-05-29,2024-05-29,304,297,2297.88,698554.81
PO0001829,S004,P0031,WH02,2024-05-18,2024-05-27,2024-05-30,50,49,480.08,24003.87
PO0001830,S009,P0032,WH01,2024-05-18,2024-05-27,2024-05-28,256,248,1642.47,420472.02
PO0001831,S004,P0033,WH01,2024-05-18,2024-05-24,2024-05-25,102,95,2055.68,209678.86
PO0001832,S009,P0035,WH04,2024-05-18,2024-05-29,2024-05-29,151,142,1623.57,245159.43
PO0001833,S009,P0001,WH03,2024-05-19,2024-05-28,2024-05-28,172,162,1371.91,235969.13
PO0001834,S009,P0005,WH02,2024-05-19,2024-05-27,2024-05-27,89,83,1188.34,105762.34
PO0001835,S011,P0012,WH02,2024-05-19,2024-05-21,2024-05-21,53,52,2429.58,128767.92
PO0001836,S010,P0021,WH05,2024-05-19,2024-05-26,2024-05-28,130,129,670.52,87167.76
PO0001837,S009,P0022,WH01,2024-05-19,2024-05-27,2024-05-27,50,46,427.9,21394.83
PO0001838,S006,P0025,WH04,2024-05-19,2024-05-26,2024-05-26,196,191,1485.31,291120.01
PO0001839,S009,P0035,WH02,2024-05-19,2024-05-29,2024-05-31,144,138,1650.03,237603.8
PO0001840,S002,P0037,WH05,2024-05-19,2024-05-28,2024-05-29,74,71,1577.97,116769.93
PO0001841,S008,P0038,WH04,2024-05-19,2024-05-21,2024-05-24,170,153,1747.55,297082.73
PO0001842,S009,P0001,WH03,2024-05-20,2024-05-28,2024-05-28,298,279,1396.12,416044.21
PO0001843,S009,P0005,WH01,2024-05-20,2024-05-28,2024-05-28,74,71,1214.11,89844.48
PO0001844,S009,P0005,WH02,2024-05-20,2024-05-27,2024-05-28,63,60,1175.55,74059.49
PO0001845,S004,P0007,WH03,2024-05-20,2024-05-27,2024-05-27,264,253,2500.41,660108.05
PO0001846,S004,P0007,WH05,2024-05-20,2024-05-29,2024-05-29,112,109,2533.93,283800.15
PO0001847,S007,P0011,WH03,2024-05-20,2024-05-26,2024-05-27,101,96,622.41,62863.07
PO0001848,S007,P0013,WH05,2024-05-20,2024-05-24,2024-05-24,53,49,2686.4,142379.44
PO0001849,S010,P0014,WH04,2024-05-20,2024-05-27,2024-05-30,224,222,2044.63,457997.3
PO0001850,S006,P0020,WH01,2024-05-20,2024-05-27,2024-05-29,112,111,2264.91,253669.88
PO0001851,S009,P0022,WH01,2024-05-20,2024-05-29,2024-05-29,53,51,474.38,25142.02
PO0001852,S009,P0022,WH04,2024-05-20,2024-05-27,2024-05-27,52,50,429.26,22321.35
PO0001853,S006,P0023,WH02,2024-05-20,2024-05-27,2024-05-27,117,116,680.16,79578.17
PO0001854,S004,P0033,WH05,2024-05-20,2024-05-27,2024-05-27,139,132,2004.44,278617.59
PO0001855,S009,P0035,WH02,2024-05-20,2024-05-27,2024-05-27,142,131,1516.66,215366.34
PO0001856,S009,P0035,WH05,2024-05-20,2024-05-28,2024-05-30,157,148,1659.56,260551.65
PO0001857,S009,P0005,WH02,2024-05-21,2024-05-29,2024-05-29,115,108,1265.86,145573.78
PO0001858,S009,P0005,WH04,2024-05-21,2024-05-30,2024-06-01,50,48,1240.95,62047.28
PO0001859,S010,P0008,WH05,2024-05-21,2024-05-30,2024-05-30,77,75,795.32,61239.84
PO0001860,S007,P0010,WH02,2024-05-21,2024-05-23,2024-05-24,101,99,2649.9,267640.16
PO0001861,S010,P0014,WH01,2024-05-21,2024-05-29,2024-06-01,155,149,2039.35,316098.81
PO0001862,S010,P0021,WH04,2024-05-21,2024-05-29,2024-05-29,165,163,717.95,118462.35
PO0001863,S009,P0022,WH05,2024-05-21,2024-05-28,2024-05-29,52,50,465.47,24204.57
PO0001864,S006,P0023,WH02,2024-05-21,2024-05-29,2024-05-29,110,110,663.11,72942.17
PO0001865,S006,P0025,WH04,2024-05-21,2024-05-25,2024-05-26,202,197,1372.34,277212.6
PO0001866,S002,P0027,WH01,2024-05-21,2024-05-28,2024-05-30,167,164,551.87,92161.89
PO0001867,S002,P0027,WH04,2024-05-21,2024-05-29,2024-05-31,162,149,535.86,86809.33
PO0001868,S004,P0029,WH03,2024-05-21,2024-05-28,2024-05-31,334,324,3440.86,1149247.24
PO0001869,S008,P0038,WH04,2024-05-21,2024-05-24,2024-05-25,124,116,1721.08,213414.17
PO0001870,S009,P0001,WH04,2024-05-22,2024-05-31,2024-05-31,160,145,1386.31,221810.06
PO0001871,S009,P0005,WH01,2024-05-22,2024-05-30,2024-06-01,61,58,1204.28,73461.38
PO0001872,S009,P0005,WH02,2024-05-22,2024-05-28,2024-05-28,96,91,1215.48,116685.65
PO0001873,S004,P0007,WH05,2024-05-22,2024-05-28,2024-05-29,134,127,2463.6,330121.83
PO0001874,S011,P0012,WH04,2024-05-22,2024-05-26,2024-05-26,50,47,2491.19,124559.31
PO0001875,S010,P0021,WH01,2024-05-22,2024-05-31,2024-05-31,180,177,687.58,123764.58
PO0001876,S006,P0023,WH02,2024-05-22,2024-05-30,2024-05-31,99,98,703.04,69600.88
PO0001877,S002,P0027,WH02,2024-05-22,2024-05-29,2024-05-29,286,270,556.45,159144.48
PO0001878,S002,P0027,WH04,2024-05-22,2024-05-30,2024-05-30,218,208,545.2,118854.05
PO0001879,S004,P0033,WH01,2024-05-22,2024-05-30,2024-05-31,117,114,2119.0,247923.27
PO0001880,S004,P0033,WH05,2024-05-22,2024-05-29,2024-05-29,83,75,2059.46,170935.31
PO0001881,S006,P0034,WH03,2024-05-22,2024-05-28,2024-05-28,50,50,3083.37,154168.36
PO0001882,S002,P0037,WH04,2024-05-22,2024-05-29,2024-06-03,61,59,1633.88,99666.63
PO0001883,S002,P0037,WH05,2024-05-22,2024-05-30,2024-06-01,87,85,1624.36,141319.71
PO0001884,S008,P0038,WH04,2024-05-22,2024-05-25,2024-05-25,156,147,1735.65,270760.94
PO0001885,S012,P0040,WH05,2024-05-22,2024-06-02,2024-06-05,50,50,714.05,35702.61
PO0001886,S009,P0001,WH04,2024-05-23,2024-05-30,2024-06-04,115,111,1368.03,157323.79
PO0001887,S009,P0005,WH01,2024-05-23,2024-05-30,2024-05-30,50,47,1250.26,62512.77
PO0001888,S010,P0009,WH03,2024-05-23,2024-05-27,2024-05-27,59,59,2237.92,132037.29
PO0001889,S007,P0011,WH05,2024-05-23,2024-05-29,2024-05-29,113,108,636.16,71886.18
PO0001890,S010,P0014,WH04,2024-05-23,2024-05-30,2024-05-30,226,222,2011.97,454705.42
PO0001891,S006,P0018,WH01,2024-05-23,2024-05-30,2024-06-01,50,50,1053.28,52664.2
PO0001892,S010,P0021,WH03,2024-05-23,2024-05-30,2024-05-30,203,202,708.42,143808.59
PO0001893,S009,P0022,WH05,2024-05-23,2024-06-04,2024-06-06,50,49,468.73,23436.25
PO0001894,S006,P0023,WH02,2024-05-23,2024-05-28,2024-05-28,66,64,664.98,43888.41
PO0001895,S002,P0027,WH05,2024-05-23,2024-05-30,2024-05-30,230,203,567.76,130585.21
PO0001896,S004,P0031,WH02,2024-05-23,2024-05-28,2024-05-31,58,53,475.8,27596.56
PO0001897,S004,P0033,WH02,2024-05-23,2024-05-26,2024-05-26,186,176,2215.39,412062.94
PO0001898,S004,P0033,WH05,2024-05-23,2024-05-31,2024-06-02,106,103,2124.84,225232.51
PO0001899,S002,P0037,WH04,2024-05-23,2024-05-30,2024-05-30,98,87,1471.32,144189.81
PO0001900,S002,P0037,WH05,2024-05-23,2024-05-29,2024-05-30,65,56,1538.76,100019.2
PO0001901,S009,P0001,WH04,2024-05-24,2024-06-03,2024-06-03,198,192,1378.8,273002.54
PO0001902,S009,P0005,WH01,2024-05-24,2024-06-02,2024-06-02,61,59,1185.74,72329.9
PO0001903,S009,P0005,WH02,2024-05-24,2024-06-01,2024-06-04,120,116,1151.51,138180.7
PO0001904,S010,P0008,WH05,2024-05-24,2024-05-31,2024-06-01,142,139,859.12,121995.08
PO0001905,S010,P0009,WH03,2024-05-24,2024-05-31,2024-05-31,77,77,2395.52,184455.27
PO0001906,S010,P0009,WH05,2024-05-24,2024-06-01,2024-06-01,69,69,2261.9,156070.97
PO0001907,S007,P0010,WH03,2024-05-24,2024-05-27,2024-05-27,111,110,2868.0,318347.8
PO0001908,S011,P0012,WH04,2024-05-24,2024-05-28,2024-05-28,52,48,2347.52,122071.23
PO0001909,S007,P0013,WH02,2024-05-24,2024-05-29,2024-05-29,50,48,2755.23,137761.71
PO0001910,S010,P0021,WH01,2024-05-24,2024-06-03,2024-06-04,137,136,670.02,91792.45
PO0001911,S009,P0022,WH05,2024-05-24,2024-05-29,2024-05-29,50,50,457.12,22856.22
PO0001912,S006,P0023,WH02,2024-05-24,2024-05-31,2024-06-01,117,115,659.91,77210.0
PO0001913,S012,P0026,WH03,2024-05-24,2024-06-02,2024-06-04,248,237,2360.13,585311.02
PO0001914,S004,P0031,WH03,2024-05-24,2024-05-30,2024-06-01,50,48,452.99,22649.26
PO0001915,S009,P0032,WH01,2024-05-24,2024-05-30,2024-06-02,197,186,1640.1,323100.46
PO0001916,S009,P0032,WH03,2024-05-24,2024-06-01,2024-06-04,232,216,1638.09,380035.74
PO0001917,S004,P0033,WH02,2024-05-24,2024-06-01,2024-06-02,176,167,2093.0,368367.6
PO0001918,S006,P0034,WH03,2024-05-24,2024-05-31,2024-06-01,50,50,3083.13,154156.26
PO0001919,S006,P0034,WH05,2024-05-24,2024-05-30,2024-05-30,50,48,2848.59,142429.31
PO0001920,S009,P0035,WH02,2024-05-24,2024-06-01,2024-06-01,167,153,1675.43,279797.29
PO0001921,S002,P0037,WH04,2024-05-24,2024-05-30,2024-05-31,111,106,1597.04,177271.4
PO0001922,S002,P0037,WH05,2024-05-24,2024-05-30,2024-05-30,82,76,1622.22,133021.91
PO0001923,S004,P0007,WH05,2024-05-25,2024-05-31,2024-05-31,165,155,2433.93,401599.13
PO0001924,S010,P0009,WH03,2024-05-25,2024-06-03,2024-06-03,77,75,2471.13,190276.82
PO0001925,S012,P0026,WH02,2024-05-25,2024-06-07,2024-06-07,369,360,2356.66,869609.38
PO0001926,S012,P0026,WH04,2024-05-25,2024-06-06,2024-06-06,180,178,2377.07,427873.47
PO0001927,S002,P0027,WH01,2024-05-25,2024-05-31,2024-06-05,175,165,544.1,95218.08
PO0001928,S002,P0027,WH05,2024-05-25,2024-06-01,2024-06-06,142,135,541.79,76934.54
PO0001929,S006,P0034,WH05,2024-05-25,2024-05-31,2024-05-31,50,49,2921.24,146062.17
PO0001930,S009,P0035,WH04,2024-05-25,2024-06-02,2024-06-07,173,162,1677.45,290198.74
PO0001931,S007,P0011,WH01,2024-05-26,2024-05-30,2024-05-30,92,87,652.49,60029.23
PO0001932,S010,P0014,WH04,2024-05-26,2024-06-03,2024-06-03,206,205,1909.61,393380.07
PO0001933,S004,P0015,WH01,2024-05-26,2024-06-02,2024-06-04,119,111,249.57,29699.27
PO0001934,S010,P0021,WH03,2024-05-26,2024-06-03,2024-06-03,225,223,716.7,161257.29
PO0001935,S009,P0022,WH04,2024-05-26,2024-06-05,2024-06-05,65,62,428.87,27876.44
PO0001936,S006,P0023,WH05,2024-05-26,2024-06-01,2024-06-01,66,66,728.6,48087.63
PO0001937,S012,P0026,WH03,2024-05-26,2024-06-04,2024-06-04,351,341,2336.32,820049.65
PO0001938,S002,P0027,WH02,2024-05-26,2024-05-31,2024-05-31,281,264,526.82,148036.15
PO0001939,S002,P0027,WH04,2024-05-26,2024-06-02,2024-06-05,202,189,554.33,111974.96
PO0001940,S004,P0031,WH02,2024-05-26,2024-06-01,2024-06-02,61,56,499.19,30450.48
PO0001941,S006,P0034,WH03,2024-05-26,2024-06-02,2024-06-05,50,49,2853.4,142670.13
PO0001942,S002,P0037,WH02,2024-05-26,2024-06-02,2024-06-02,148,138,1491.82,220789.78
PO0001943,S006,P0003,WH02,2024-05-27,2024-06-04,2024-06-04,220,217,910.22,200248.52
PO0001944,S008,P0004,WH04,2024-05-27,2024-05-30,2024-06-02,194,184,1612.45,312814.62
PO0001945,S004,P0007,WH01,2024-05-27,2024-06-04,2024-06-04,165,159,2345.68,387037.61
PO0001946,S012,P0016,WH03,2024-05-27,2024-06-05,2024-06-05,426,411,890.91,379526.22
PO0001947,S006,P0018,WH02,2024-05-27,2024-06-01,2024-06-04,57,55,1066.06,60765.58
PO0001948,S008,P0019,WH04,2024-05-27,2024-05-30,2024-05-30,124,110,1976.34,245066.72
PO0001949,S006,P0023,WH03,2024-05-27,2024-06-04,2024-06-05,94,91,673.12,63273.02
PO0001950,S006,P0024,WH02,2024-05-27,2024-05-31,2024-05-31,61,59,633.02,38614.51
PO0001951,S006,P0024,WH03,2024-05-27,2024-06-03,2024-06-03,75,75,662.88,49716.08
PO0001952,S012,P0026,WH02,2024-05-27,2024-06-06,2024-06-07,342,324,2335.89,798875.97
PO0001953,S002,P0027,WH04,2024-05-27,2024-06-03,2024-06-08,190,184,554.41,105337.74
PO0001954,S009,P0030,WH01,2024-05-27,2024-06-04,2024-06-07,187,177,2581.61,482761.41
PO0001955,S006,P0034,WH03,2024-05-27,2024-06-02,2024-06-04,50,50,3044.01,152200.63
PO0001956,S008,P0038,WH01,2024-05-27,2024-05-30,2024-05-30,126,114,1895.84,238875.53
PO0001957,S002,P0039,WH02,2024-05-27,2024-06-03,2024-06-03,76,72,483.78,36767.42
PO0001958,S006,P0003,WH02,2024-05-28,2024-06-03,2024-06-05,272,266,932.33,253594.55
PO0001959,S007,P0013,WH01,2024-05-28,2024-05-31,2024-06-02,50,46,2634.78,131738.95
PO0001960,S004,P0015,WH01,2024-05-28,2024-06-02,2024-06-02,111,104,265.18,29434.79
PO0001961,S009,P0022,WH03,2024-05-28,2024-06-04,2024-06-04,80,74,454.03,36322.3
PO0001962,S012,P0026,WH03,2024-05-28,2024-06-07,2024-06-09,284,276,2135.49,606480.58
PO0001963,S012,P0026,WH04,2024-05-28,2024-06-08,2024-06-13,293,280,2131.95,624662.4
PO0001964,S002,P0027,WH04,2024-05-28,2024-06-03,2024-06-04,171,163,560.1,95777.1
PO0001965,S009,P0001,WH04,2024-05-29,2024-06-07,2024-06-07,136,132,1359.3,184865.4
PO0001966,S006,P0003,WH02,2024-05-29,2024-06-07,2024-06-07,195,190,939.95,183290.98
PO0001967,S010,P0014,WH05,2024-05-29,2024-06-08,2024-06-08,197,194,2019.56,397852.36
PO0001968,S006,P0018,WH02,2024-05-29,2024-06-04,2024-06-04,104,103,1043.35,108508.01
PO0001969,S009,P0022,WH03,2024-05-29,2024-06-05,2024-06-07,87,87,444.63,38682.39
PO0001970,S006,P0023,WH05,2024-05-29,2024-06-03,2024-06-03,93,89,688.36,64017.57
PO0001971,S006,P0024,WH03,2024-05-29,2024-06-06,2024-06-07,75,75,628.68,47150.77
PO0001972,S012,P0026,WH03,2024-05-29,2024-06-10,2024-06-10,237,231,2355.73,558307.47
PO0001973,S006,P0028,WH01,2024-05-29,2024-06-03,2024-06-03,199,198,3023.97,601769.22
PO0001974,S002,P0037,WH02,2024-05-29,2024-06-04,2024-06-04,137,124,1585.38,217197.67
PO0001975,S002,P0037,WH04,2024-05-29,2024-06-03,2024-06-05,94,90,1627.41,152976.24
PO0001976,S008,P0038,WH01,2024-05-29,2024-06-01,2024-06-01,144,133,1734.46,249762.59
PO0001977,S002,P0039,WH02,2024-05-29,2024-06-05,2024-06-07,65,64,482.86,31386.0
PO0001978,S002,P0039,WH03,2024-05-29,2024-06-01,2024-06-01,79,70,523.48,41354.89
PO0001979,S008,P0004,WH02,2024-05-30,2024-06-03,2024-06-03,348,323,1703.46,592805.19
PO0001980,S004,P0007,WH01,2024-05-30,2024-06-08,2024-06-08,190,183,2346.01,445741.9
PO0001981,S010,P0009,WH04,2024-05-30,2024-06-07,2024-06-09,50,50,2382.8,119140.09
PO0001982,S011,P0012,WH02,2024-05-30,2024-06-02,2024-06-02,81,76,2530.56,204975.04
PO0001983,S007,P0013,WH03,2024-05-30,2024-06-03,2024-06-08,58,50,2627.08,152370.57
PO0001984,S010,P0014,WH05,2024-05-30,2024-06-07,2024-06-07,256,249,2107.78,539591.23
PO0001985,S006,P0018,WH02,2024-05-30,2024-06-04,2024-06-04,97,95,1117.75,108421.41
PO0001986,S006,P0020,WH03,2024-05-30,2024-06-05,2024-06-05,252,246,2476.68,624123.9
PO0001987,S010,P0021,WH02,2024-05-30,2024-06-06,2024-06-07,255,251,707.68,180458.52
PO0001988,S006,P0028,WH01,2024-05-30,2024-06-07,2024-06-10,196,192,3329.88,652656.86
PO0001989,S009,P0030,WH03,2024-05-30,2024-06-07,2024-06-07,295,276,2579.31,760895.27
PO0001990,S008,P0038,WH05,2024-05-30,2024-06-01,2024-06-02,99,94,1734.64,171729.02
PO0001991,S002,P0039,WH04,2024-05-30,2024-06-07,2024-06-07,79,76,494.79,39088.04
PO0001992,S006,P0003,WH02,2024-05-31,2024-06-10,2024-06-10,184,181,902.09,165985.35
PO0001993,S008,P0004,WH03,2024-05-31,2024-06-03,2024-06-03,259,240,1675.24,433887.53
PO0001994,S004,P0007,WH01,2024-05-31,2024-06-07,2024-06-12,120,116,2307.29,276874.32
PO0001995,S010,P0008,WH01,2024-05-31,2024-06-10,2024-06-11,67,67,796.07,53336.91
PO0001996,S010,P0008,WH02,2024-05-31,2024-06-06,2024-06-07,140,139,825.78,115609.06
PO0001997,S007,P0013,WH03,2024-05-31,2024-06-04,2024-06-04,78,73,2801.59,218523.74
PO0001998,S012,P0016,WH03,2024-05-31,2024-06-10,2024-06-10,341,328,880.9,300386.03
PO0001999,S006,P0018,WH02,2024-05-31,2024-06-06,2024-06-06,99,98,1128.61,111732.41
PO0002000,S006,P0020,WH04,2024-05-31,2024-06-05,2024-06-05,142,142,2234.37,317280.96
PO0002001,S010,P0021,WH02,2024-05-31,2024-06-08,2024-06-08,202,201,701.35,141673.06
PO0002002,S006,P0023,WH01,2024-05-31,2024-06-07,2024-06-08,68,67,722.13,49104.67
PO0002003,S006,P0028,WH01,2024-05-31,2024-06-08,2024-06-08,180,178,3347.77,602597.71
PO0002004,S004,P0031,WH03,2024-05-31,2024-06-08,2024-06-09,50,49,493.89,24694.64
PO0002005,S008,P0036,WH01,2024-05-31,2024-06-04,2024-06-04,233,217,2161.96,503736.76
PO0002006,S008,P0036,WH05,2024-05-31,2024-06-02,2024-06-02,191,175,2149.0,410458.28
PO0002007,S002,P0037,WH02,2024-05-31,2024-06-07,2024-06-10,136,130,1569.18,213408.3
PO0002008,S002,P0039,WH03,2024-05-31,2024-06-05,2024-06-06,106,99,466.74,49474.84
PO0002009,S012,P0040,WH03,2024-05-31,2024-06-10,2024-06-10,57,56,747.62,42614.41
PO0002010,S006,P0003,WH02,2024-06-01,2024-06-07,2024-06-07,305,298,930.71,283867.81
PO0002011,S008,P0004,WH02,2024-06-01,2024-06-03,2024-06-03,222,213,1629.06,361651.69
PO0002012,S004,P0015,WH01,2024-06-01,2024-06-06,2024-06-11,78,74,244.32,19056.64
PO0002013,S006,P0018,WH03,2024-06-01,2024-06-06,2024-06-09,107,106,1081.44,115714.28
PO0002014,S006,P0018,WH04,2024-06-01,2024-06-07,2024-06-10,80,79,1047.11,83768.97
PO0002015,S008,P0019,WH01,2024-06-01,2024-06-05,2024-06-05,196,175,2046.91,401195.12
PO0002016,S012,P0026,WH02,2024-06-01,2024-06-12,2024-06-14,305,296,2206.11,672862.68
PO0002017,S006,P0028,WH03,2024-06-01,2024-06-04,2024-06-05,280,279,3067.27,858835.86
PO0002018,S009,P0032,WH03,2024-06-01,2024-06-08,2024-06-08,375,354,1704.08,639031.02
PO0002019,S006,P0034,WH02,2024-06-01,2024-06-10,2024-06-11,50,49,3004.43,150221.4
PO0002020,S008,P0036,WH02,2024-06-01,2024-06-07,2024-06-09,329,306,2210.64,727300.28
PO0002021,S012,P0040,WH03,2024-06-01,2024-06-12,2024-06-12,50,48,679.58,33979.05
PO0002022,S006,P0003,WH01,2024-06-02,2024-06-08,2024-06-08,182,178,931.28,169492.73
PO0002023,S012,P0016,WH03,2024-06-02,2024-06-14,2024-06-14,371,359,823.38,305473.3
PO0002024,S011,P0017,WH01,2024-06-02,2024-06-05,2024-06-05,216,204,950.92,205399.76
PO0002025,S006,P0020,WH02,2024-06-02,2024-06-09,2024-06-09,170,166,2345.78,398782.13
PO0002026,S006,P0023,WH01,2024-06-02,2024-06-09,2024-06-09,87,87,695.37,60497.02
PO0002027,S006,P0023,WH03,2024-06-02,2024-06-09,2024-06-09,74,73,706.54,52284.27
PO0002028,S006,P0024,WH03,2024-06-02,2024-06-08,2024-06-09,86,85,623.96,53660.99
PO0002029,S004,P0029,WH02,2024-06-02,2024-06-11,2024-06-11,264,252,3507.85,926071.58
PO0002030,S006,P0034,WH02,2024-06-02,2024-06-07,2024-06-10,54,52,2860.8,154483.18
PO0002031,S006,P0003,WH02,2024-06-03,2024-06-10,2024-06-11,207,204,868.18,179714.04
PO0002032,S008,P0004,WH01,2024-06-03,2024-06-07,2024-06-12,144,134,1674.74,241162.87
PO0002033,S011,P0006,WH03,2024-06-03,2024-06-08,2024-06-08,56,55,2854.68,159862.27
PO0002034,S007,P0010,WH05,2024-06-03,2024-06-08,2024-06-08,87,79,2847.5,247732.7
PO0002035,S006,P0018,WH04,2024-06-03,2024-06-10,2024-06-10,55,55,1114.88,61318.39
PO0002036,S006,P0020,WH04,2024-06-03,2024-06-10,2024-06-11,104,103,2486.1,258554.29
PO0002037,S010,P0021,WH02,2024-06-03,2024-06-11,2024-06-11,248,244,737.06,182790.56
PO0002038,S009,P0022,WH03,2024-06-03,2024-06-15,2024-06-15,90,82,438.43,39458.88
PO0002039,S012,P0026,WH02,2024-06-03,2024-06-14,2024-06-14,215,210,2211.92,475562.77
PO0002040,S009,P0030,WH01,2024-06-03,2024-06-13,2024-06-13,120,114,2477.75,297330.05
PO0002041,S009,P0030,WH02,2024-06-03,2024-06-10,2024-06-12,193,182,2443.34,471565.12
PO0002042,S009,P0030,WH03,2024-06-03,2024-06-11,2024-06-14,265,248,2505.54,663966.93
PO0002043,S009,P0032,WH03,2024-06-03,2024-06-11,2024-06-14,215,208,1722.58,370354.89
PO0002044,S006,P0034,WH02,2024-06-03,2024-06-09,2024-06-09,50,50,3029.16,151458.02
PO0002045,S008,P0036,WH04,2024-06-03,2024-06-06,2024-06-06,280,263,2092.95,586025.73
PO0002046,S006,P0003,WH01,2024-06-04,2024-06-11,2024-06-11,224,223,917.79,205583.98
PO0002047,S008,P0004,WH01,2024-06-04,2024-06-09,2024-06-11,194,182,1682.64,326432.37
PO0002048,S010,P0008,WH01,2024-06-04,2024-06-11,2024-06-11,103,100,796.49,82038.03
PO0002049,S011,P0012,WH01,2024-06-04,2024-06-07,2024-06-07,50,49,2252.24,112611.9
PO0002050,S011,P0017,WH04,2024-06-04,2024-06-07,2024-06-07,202,194,945.1,190910.15
PO0002051,S012,P0026,WH04,2024-06-04,2024-06-14,2024-06-14,166,160,2331.89,387094.29
PO0002052,S002,P0039,WH04,2024-06-04,2024-06-12,2024-06-12,50,47,493.21,24660.41
PO0002053,S010,P0008,WH02,2024-06-05,2024-06-14,2024-06-14,105,102,809.66,85014.15
PO0002054,S007,P0010,WH05,2024-06-05,2024-06-09,2024-06-12,74,73,2877.91,212965.65
PO0002055,S012,P0016,WH04,2024-06-05,2024-06-17,2024-06-17,262,257,911.72,238869.97
PO0002056,S006,P0020,WH02,2024-06-05,2024-06-10,2024-06-11,157,156,2308.56,362444.32
PO0002057,S006,P0023,WH01,2024-06-05,2024-06-12,2024-06-12,52,51,675.95,35149.28
PO0002058,S012,P0026,WH02,2024-06-05,2024-06-17,2024-06-18,327,322,2159.03,706002.85
PO0002059,S012,P0026,WH04,2024-06-05,2024-06-18,2024-06-18,289,282,2149.66,621251.6
PO0002060,S006,P0028,WH02,2024-06-05,2024-06-12,2024-06-13,311,306,3243.78,1008814.24
PO0002061,S009,P0002,WH04,2024-06-06,2024-06-15,2024-06-15,231,219,745.55,172222.93
PO0002062,S011,P0006,WH03,2024-06-06,2024-06-10,2024-06-12,50,46,2889.18,144458.82
PO0002063,S010,P0009,WH04,2024-06-06,2024-06-13,2024-06-14,59,59,2416.16,142553.29
PO0002064,S010,P0014,WH05,2024-06-06,2024-06-15,2024-06-16,163,162,1962.01,319807.72
PO0002065,S011,P0017,WH04,2024-06-06,2024-06-11,2024-06-13,299,286,919.38,274895.37
PO0002066,S006,P0018,WH05,2024-06-06,2024-06-12,2024-06-14,51,51,1088.76,55526.52
PO0002067,S004,P0029,WH02,2024-06-06,2024-06-12,2024-06-13,232,214,3422.57,794037.33
PO0002068,S009,P0030,WH01,2024-06-06,2024-06-15,2024-06-15,203,195,2596.11,527009.39
PO0002069,S002,P0037,WH01,2024-06-06,2024-06-15,2024-06-15,81,73,1607.2,130182.94
PO0002070,S010,P0009,WH01,2024-06-07,2024-06-15,2024-06-17,50,48,2503.42,125170.87
PO0002071,S007,P0010,WH01,2024-06-07,2024-06-12,2024-06-15,50,47,2887.8,144389.93
PO0002072,S007,P0010,WH05,2024-06-07,2024-06-12,2024-06-14,87,87,2892.98,251689.58
PO0002073,S011,P0017,WH03,2024-06-07,2024-06-11,2024-06-16,310,288,916.32,284060.43
PO0002074,S006,P0018,WH05,2024-06-07,2024-06-14,2024-06-14,69,68,1050.89,72511.46
PO0002075,S008,P0019,WH04,2024-06-07,2024-06-09,2024-06-11,147,134,1999.34,293903.13
PO0002076,S006,P0024,WH02,2024-06-07,2024-06-16,2024-06-17,73,72,680.17,49652.4
PO0002077,S004,P0029,WH02,2024-06-07,2024-06-14,2024-06-19,363,342,3528.12,1280708.94
PO0002078,S009,P0001,WH05,2024-06-08,2024-06-18,2024-06-18,147,142,1474.03,216682.2
PO0002079,S010,P0008,WH01,2024-06-08,2024-06-17,2024-06-19,91,91,816.86,74334.4
PO0002080,S004,P0015,WH04,2024-06-08,2024-06-15,2024-06-17,97,90,264.18,25625.13
PO0002081,S011,P0017,WH03,2024-06-08,2024-06-13,2024-06-13,241,233,964.46,232433.77
PO0002082,S008,P0019,WH03,2024-06-08,2024-06-11,2024-06-12,198,189,2079.73,411786.81
PO0002083,S009,P0032,WH05,2024-06-08,2024-06-14,2024-06-14,265,246,1763.77,467398.11
PO0002084,S002,P0037,WH01,2024-06-08,2024-06-15,2024-06-15,103,98,1511.64,155698.67
PO0002085,S008,P0038,WH02,2024-06-08,2024-06-13,2024-06-16,225,208,1839.85,413965.79
PO0002086,S008,P0038,WH05,2024-06-08,2024-06-13,2024-06-14,153,141,1753.91,268347.57
PO0002087,S008,P0004,WH04,2024-06-09,2024-06-12,2024-06-12,187,172,1707.96,319387.65
PO0002088,S010,P0008,WH01,2024-06-09,2024-06-16,2024-06-16,115,113,823.62,94716.36
PO0002089,S007,P0010,WH01,2024-06-09,2024-06-14,2024-06-16,76,71,2619.53,199084.18
PO0002090,S004,P0015,WH05,2024-06-09,2024-06-15,2024-06-16,83,74,256.8,21314.14
PO0002091,S012,P0016,WH01,2024-06-09,2024-06-19,2024-06-19,294,289,878.17,258182.14
PO0002092,S011,P0017,WH03,2024-06-09,2024-06-15,2024-06-17,261,249,895.66,233767.27
PO0002093,S008,P0019,WH02,2024-06-09,2024-06-14,2024-06-14,268,242,2038.41,546294.64
PO0002094,S006,P0028,WH04,2024-06-09,2024-06-16,2024-06-17,147,147,3343.09,491434.72
PO0002095,S004,P0007,WH03,2024-06-10,2024-06-15,2024-06-15,192,187,2332.81,447900.16
PO0002096,S010,P0009,WH01,2024-06-10,2024-06-19,2024-06-22,50,45,2513.16,125658.06
PO0002097,S012,P0016,WH01,2024-06-10,2024-06-22,2024-06-22,274,262,917.99,251529.12
PO0002098,S012,P0016,WH04,2024-06-10,2024-06-20,2024-06-21,255,247,823.97,210111.69
PO0002099,S011,P0017,WH02,2024-06-10,2024-06-13,2024-06-15,292,277,988.88,288753.75
PO0002100,S006,P0025,WH03,2024-06-10,2024-06-17,2024-06-20,273,269,1462.7,399317.38
PO0002101,S006,P0028,WH02,2024-06-10,2024-06-19,2024-06-19,202,200,3136.67,633606.34
PO0002102,S006,P0028,WH04,2024-06-10,2024-06-15,2024-06-16,216,212,3005.54,649196.93
PO0002103,S009,P0032,WH05,2024-06-10,2024-06-20,2024-06-20,256,245,1704.89,436450.88
PO0002104,S008,P0038,WH02,2024-06-10,2024-06-12,2024-06-17,228,210,1846.05,420898.39
PO0002105,S008,P0038,WH05,2024-06-10,2024-06-13,2024-06-15,96,91,1898.77,182281.72
PO0002106,S010,P0009,WH01,2024-06-11,2024-06-21,2024-06-21,50,50,2340.05,117002.26
PO0002107,S007,P0010,WH02,2024-06-11,2024-06-14,2024-06-14,97,91,2735.63,265356.1
PO0002108,S007,P0011,WH05,2024-06-11,2024-06-14,2024-06-14,119,111,615.5,73244.07
PO0002109,S012,P0016,WH04,2024-06-11,2024-06-21,2024-06-22,178,170,830.15,147767.08
PO0002110,S006,P0018,WH05,2024-06-11,2024-06-16,2024-06-16,75,73,1060.08,79506.06
PO0002111,S009,P0022,WH02,2024-06-11,2024-06-20,2024-06-20,50,47,461.35,23067.74
PO0002112,S006,P0025,WH01,2024-06-11,2024-06-17,2024-06-17,118,118,1441.98,170153.56
PO0002113,S006,P0025,WH03,2024-06-11,2024-06-15,2024-06-18,148,148,1411.36,208880.65
PO0002114,S009,P0032,WH04,2024-06-11,2024-06-21,2024-06-21,189,185,1609.74,304240.73
PO0002115,S004,P0033,WH04,2024-06-11,2024-06-21,2024-06-21,91,88,1988.78,180979.22
PO0002116,S008,P0038,WH03,2024-06-11,2024-06-14,2024-06-17,141,134,1869.48,263596.33
PO0002117,S008,P0038,WH05,2024-06-11,2024-06-13,2024-06-13,106,96,1910.69,202533.42
PO0002118,S006,P0003,WH03,2024-06-12,2024-06-19,2024-06-19,248,247,862.82,213978.31
PO0002119,S010,P0009,WH01,2024-06-12,2024-06-20,2024-06-20,70,69,2427.17,169901.99
PO0002120,S007,P0010,WH01,2024-06-12,2024-06-18,2024-06-18,75,73,2914.45,218583.91
PO0002121,S007,P0011,WH02,2024-06-12,2024-06-18,2024-06-21,106,100,615.13,65203.47
PO0002122,S007,P0011,WH04,2024-06-12,2024-06-15,2024-06-18,103,94,621.49,64013.67
PO0002123,S012,P0016,WH04,2024-06-12,2024-06-21,2024-06-21,288,276,828.52,238614.31
PO0002124,S006,P0018,WH01,2024-06-12,2024-06-19,2024-06-20,74,73,1036.34,76689.03
PO0002125,S006,P0024,WH02,2024-06-12,2024-06-18,2024-06-18,79,78,641.57,50684.06
PO0002126,S012,P0026,WH04,2024-06-12,2024-06-21,2024-06-22,279,274,2355.69,657237.88
PO0002127,S008,P0038,WH02,2024-06-12,2024-06-14,2024-06-14,133,121,1699.41,226021.55
PO0002128,S007,P0010,WH02,2024-06-13,2024-06-16,2024-06-18,66,62,2877.75,189931.75
PO0002129,S007,P0013,WH02,2024-06-13,2024-06-17,2024-06-17,60,57,2625.46,157527.39
PO0002130,S006,P0018,WH05,2024-06-13,2024-06-20,2024-06-21,67,64,1031.92,69138.92
PO0002131,S006,P0023,WH04,2024-06-13,2024-06-22,2024-06-22,82,79,704.65,57781.24
PO0002132,S004,P0033,WH04,2024-06-13,2024-06-20,2024-06-20,123,120,2085.97,256574.64
PO0002133,S008,P0038,WH02,2024-06-13,2024-06-17,2024-06-17,198,179,1795.76,355560.81
PO0002134,S007,P0010,WH04,2024-06-14,2024-06-18,2024-06-19,70,66,2900.27,203018.64
PO0002135,S007,P0011,WH01,2024-06-14,2024-06-18,2024-06-18,67,64,621.83,41662.33
PO0002136,S007,P0011,WH02,2024-06-14,2024-06-20,2024-06-20,102,95,635.63,64834.49
PO0002137,S004,P0015,WH04,2024-06-14,2024-06-22,2024-06-22,65,63,253.6,16484.11
PO0002138,S012,P0016,WH01,2024-06-14,2024-06-24,2024-06-25,254,244,828.58,210459.61
PO0002139,S009,P0022,WH02,2024-06-14,2024-06-22,2024-06-22,73,68,437.08,31907.03
PO0002140,S006,P0003,WH03,2024-06-15,2024-06-25,2024-06-25,213,211,912.28,194316.06
PO0002141,S010,P0009,WH01,2024-06-15,2024-06-23,2024-06-24,69,68,2359.86,162830.05
PO0002142,S007,P0011,WH02,2024-06-15,2024-06-19,2024-06-19,107,104,637.02,68161.07
PO0002143,S007,P0011,WH04,2024-06-15,2024-06-19,2024-06-22,78,74,629.41,49094.26
PO0002144,S007,P0013,WH02,2024-06-15,2024-06-21,2024-06-23,50,50,2757.01,137850.27
PO0002145,S004,P0015,WH02,2024-06-15,2024-06-21,2024-06-21,93,91,267.47,24874.47
PO0002146,S004,P0015,WH03,2024-06-15,2024-06-23,2024-06-23,90,86,242.18,21796.14
PO0002147,S012,P0016,WH01,2024-06-15,2024-06-27,2024-06-30,156,150,823.08,128400.86
PO0002148,S012,P0016,WH04,2024-06-15,2024-06-26,2024-06-28,270,265,882.89,238381.52
PO0002149,S008,P0019,WH01,2024-06-15,2024-06-21,2024-06-21,149,138,1959.72,291998.81
PO0002150,S006,P0023,WH04,2024-06-15,2024-06-23,2024-06-24,91,90,718.78,65409.14
PO0002151,S006,P0025,WH05,2024-06-15,2024-06-22,2024-06-23,135,135,1356.5,183127.41
PO0002152,S006,P0028,WH04,2024-06-15,2024-06-21,2024-06-26,168,165,3276.39,550433.42
PO0002153,S004,P0031,WH05,2024-06-15,2024-06-19,2024-06-19,50,49,484.86,24242.76
PO0002154,S008,P0036,WH05,2024-06-15,2024-06-18,2024-06-18,278,259,2198.12,611076.95
PO0002155,S008,P0038,WH03,2024-06-15,2024-06-19,2024-06-24,232,215,1709.33,396564.29
PO0002156,S012,P0040,WH05,2024-06-15,2024-06-25,2024-06-25,57,55,714.93,40751.1
PO0002157,S010,P0009,WH05,2024-06-16,2024-06-23,2024-06-23,58,57,2320.88,134610.81
PO0002158,S007,P0011,WH04,2024-06-16,2024-06-18,2024-06-21,79,75,652.31,51532.75
PO0002159,S007,P0013,WH01,2024-06-16,2024-06-19,2024-06-21,50,50,2777.59,138879.63
PO0002160,S007,P0013,WH02,2024-06-16,2024-06-21,2024-06-21,64,60,2860.42,183066.66
PO0002161,S007,P0013,WH04,2024-06-16,2024-06-18,2024-06-18,50,50,2865.99,143299.72
PO0002162,S004,P0015,WH03,2024-06-16,2024-06-21,2024-06-23,133,125,257.77,34283.81
PO0002163,S004,P0015,WH04,2024-06-16,2024-06-23,2024-06-24,77,71,242.86,18700.56
PO0002164,S011,P0017,WH05,2024-06-16,2024-06-20,2024-06-20,285,263,947.35,269994.82
PO0002165,S008,P0019,WH01,2024-06-16,2024-06-18,2024-06-20,202,189,2107.3,425674.24
PO0002166,S006,P0025,WH02,2024-06-16,2024-06-22,2024-06-23,157,157,1435.08,225307.94
PO0002167,S009,P0032,WH02,2024-06-16,2024-06-23,2024-06-23,310,290,1713.85,531294.07
PO0002168,S009,P0032,WH04,2024-06-16,2024-06-25,2024-06-26,228,213,1757.12,400623.31
PO0002169,S004,P0033,WH04,2024-06-16,2024-06-23,2024-06-23,139,132,2193.94,304958.0
PO0002170,S008,P0038,WH03,2024-06-16,2024-06-18,2024-06-18,134,127,1818.87,243728.25
PO0002171,S009,P0002,WH03,2024-06-17,2024-06-25,2024-06-25,237,228,738.79,175093.14
PO0002172,S009,P0005,WH05,2024-06-17,2024-06-25,2024-06-27,54,51,1251.59,67585.93
PO0002173,S011,P0012,WH02,2024-06-17,2024-06-22,2024-06-24,57,55,2298.88,131036.1
PO0002174,S007,P0013,WH04,2024-06-17,2024-06-20,2024-06-20,50,48,2832.56,141627.98
PO0002175,S004,P0015,WH03,2024-06-17,2024-06-25,2024-06-25,151,143,257.15,38829.01
PO0002176,S012,P0016,WH01,2024-06-17,2024-06-29,2024-07-04,296,285,852.69,252396.28
PO0002177,S012,P0016,WH05,2024-06-17,2024-06-29,2024-06-29,197,191,904.56,178198.45
PO0002178,S006,P0020,WH03,2024-06-17,2024-06-23,2024-06-23,206,204,2235.99,460613.75
PO0002179,S006,P0025,WH02,2024-06-17,2024-06-21,2024-06-22,214,213,1465.66,313650.55
PO0002180,S009,P0032,WH02,2024-06-17,2024-06-27,2024-06-27,216,200,1709.16,369178.21
PO0002181,S009,P0032,WH04,2024-06-17,2024-06-26,2024-06-27,169,158,1680.43,283993.31
PO0002182,S006,P0034,WH04,2024-06-17,2024-06-25,2024-06-25,50,48,3127.45,156372.72
PO0002183,S008,P0036,WH05,2024-06-17,2024-06-21,2024-06-21,216,200,2098.17,453204.23
PO0002184,S012,P0040,WH05,2024-06-17,2024-06-28,2024-07-01,55,53,746.44,41054.1
PO0002185,S011,P0006,WH01,2024-06-18,2024-06-20,2024-06-23,50,49,2787.02,139350.82
PO0002186,S011,P0012,WH02,2024-06-18,2024-06-22,2024-06-23,59,57,2496.58,147298.19
PO0002187,S011,P0012,WH05,2024-06-18,2024-06-20,2024-06-21,64,63,2411.04,154306.71
PO0002188,S004,P0015,WH03,2024-06-18,2024-06-26,2024-06-28,102,93,255.56,26066.97
PO0002189,S012,P0016,WH05,2024-06-18,2024-06-28,2024-06-28,286,274,878.23,251174.05
PO0002190,S011,P0017,WH01,2024-06-18,2024-06-22,2024-06-22,170,160,905.08,153862.78
PO0002191,S008,P0019,WH03,2024-06-18,2024-06-22,2024-06-22,287,272,2089.09,599570.02
PO0002192,S008,P0019,WH04,2024-06-18,2024-06-23,2024-06-24,231,212,2010.08,464327.67
PO0002193,S006,P0020,WH03,2024-06-18,2024-06-23,2024-06-23,231,229,2462.82,568912.09
PO0002194,S006,P0028,WH05,2024-06-18,2024-06-27,2024-06-27,201,196,3111.3,625372.18
PO0002195,S009,P0030,WH05,2024-06-18,2024-06-25,2024-06-28,229,214,2661.64,609514.85
PO0002196,S004,P0031,WH05,2024-06-18,2024-06-24,2024-06-24,50,50,472.15,23607.48
PO0002197,S009,P0032,WH04,2024-06-18,2024-06-26,2024-06-26,138,128,1678.21,231592.62
PO0002198,S006,P0034,WH04,2024-06-18,2024-06-25,2024-06-26,50,50,2987.3,149365.15
PO0002199,S012,P0040,WH05,2024-06-18,2024-07-01,2024-07-02,57,54,761.13,43384.48
PO0002200,S009,P0001,WH01,2024-06-19,2024-06-26,2024-06-26,168,160,1438.61,241685.77
PO0002201,S009,P0002,WH03,2024-06-19,2024-06-27,2024-06-29,238,226,748.74,178200.73
PO0002202,S008,P0004,WH05,2024-06-19,2024-06-23,2024-06-26,229,214,1669.51,382317.58
PO0002203,S009,P0005,WH03,2024-06-19,2024-06-26,2024-06-27,75,69,1133.82,85036.18
PO0002204,S007,P0010,WH03,2024-06-19,2024-06-23,2024-06-23,66,64,2814.82,185777.82
PO0002205,S011,P0012,WH02,2024-06-19,2024-06-23,2024-06-24,75,73,2282.97,171222.63
PO0002206,S007,P0013,WH05,2024-06-19,2024-06-26,2024-06-27,50,49,2593.44,129672.1
PO0002207,S004,P0015,WH02,2024-06-19,2024-06-22,2024-06-27,90,83,260.8,23472.34
PO0002208,S008,P0019,WH01,2024-06-19,2024-06-23,2024-06-23,138,127,1896.5,261717.65
PO0002209,S008,P0019,WH03,2024-06-19,2024-06-23,2024-06-24,231,215,1934.94,446971.68
PO0002210,S006,P0020,WH03,2024-06-19,2024-06-23,2024-06-24,210,206,2294.01,481741.54
PO0002211,S006,P0028,WH03,2024-06-19,2024-06-25,2024-06-30,306,302,3057.82,935694.12
PO0002212,S006,P0028,WH05,2024-06-19,2024-06-25,2024-06-25,206,205,3301.85,680181.36
PO0002213,S008,P0036,WH01,2024-06-19,2024-06-24,2024-06-25,172,157,2165.32,372435.15
PO0002214,S012,P0040,WH01,2024-06-19,2024-06-29,2024-06-29,50,49,753.16,37658.11
PO0002215,S011,P0012,WH02,2024-06-20,2024-06-24,2024-06-24,57,52,2467.62,140654.33
PO0002216,S011,P0012,WH03,2024-06-20,2024-06-23,2024-06-23,50,46,2481.28,124063.91
PO0002217,S011,P0012,WH05,2024-06-20,2024-06-24,2024-06-24,50,47,2459.28,122963.87
PO0002218,S004,P0015,WH03,2024-06-20,2024-06-27,2024-06-27,142,134,263.99,37486.76
PO0002219,S011,P0017,WH01,2024-06-20,2024-06-26,2024-06-26,149,142,920.91,137215.84
PO0002220,S006,P0028,WH05,2024-06-20,2024-06-28,2024-07-01,203,200,3279.6,665758.34
PO0002221,S004,P0029,WH03,2024-06-20,2024-06-28,2024-06-30,314,297,3216.54,1009992.93
PO0002222,S008,P0036,WH02,2024-06-20,2024-06-24,2024-06-24,367,344,1991.28,730798.02
PO0002223,S012,P0040,WH05,2024-06-20,2024-07-01,2024-07-03,56,55,751.45,42081.11
PO0002224,S009,P0002,WH02,2024-06-21,2024-06-30,2024-06-30,241,221,741.43,178684.76
PO0002225,S008,P0004,WH03,2024-06-21,2024-06-23,2024-06-23,248,229,1547.57,383796.31
PO0002226,S010,P0009,WH05,2024-06-21,2024-07-01,2024-07-02,76,76,2256.9,171524.65
PO0002227,S007,P0013,WH05,2024-06-21,2024-06-26,2024-07-01,54,53,2847.63,153772.14
PO0002228,S004,P0015,WH03,2024-06-21,2024-06-26,2024-06-29,113,108,262.09,29616.62
PO0002229,S004,P0015,WH05,2024-06-21,2024-06-28,2024-07-01,71,69,265.74,18867.5
PO0002230,S012,P0016,WH05,2024-06-21,2024-06-29,2024-06-29,184,177,877.73,161502.23
PO0002231,S008,P0019,WH03,2024-06-21,2024-06-24,2024-06-24,255,237,2040.97,520447.81
PO0002232,S008,P0019,WH04,2024-06-21,2024-06-27,2024-07-02,153,149,1896.45,290156.15
PO0002233,S010,P0021,WH05,2024-06-21,2024-06-29,2024-06-29,243,236,726.91,176638.4
PO0002234,S004,P0031,WH03,2024-06-21,2024-06-28,2024-06-28,50,47,453.81,22690.46
PO0002235,S008,P0036,WH01,2024-06-21,2024-06-23,2024-06-23,176,163,2020.62,355629.02
PO0002236,S008,P0036,WH04,2024-06-21,2024-06-23,2024-06-23,207,193,2012.79,416646.63
PO0002237,S009,P0001,WH01,2024-06-22,2024-07-01,2024-07-01,120,110,1418.11,170173.05
PO0002238,S009,P0002,WH03,2024-06-22,2024-07-01,2024-07-02,235,220,795.55,186954.65
PO0002239,S008,P0004,WH03,2024-06-22,2024-06-29,2024-07-02,240,230,1630.92,391420.51
PO0002240,S008,P0004,WH05,2024-06-22,2024-06-26,2024-06-26,178,169,1569.75,279415.94
PO0002241,S009,P0005,WH03,2024-06-22,2024-06-30,2024-07-01,69,66,1238.63,85465.75
PO0002242,S009,P0005,WH04,2024-06-22,2024-07-02,2024-07-04,67,60,1152.56,77221.72
PO0002243,S009,P0005,WH05,2024-06-22,2024-07-01,2024-07-01,94,88,1202.49,113034.41
PO0002244,S011,P0006,WH02,2024-06-22,2024-06-26,2024-06-26,52,50,2835.28,147434.44
PO0002245,S004,P0015,WH03,2024-06-22,2024-06-28,2024-06-28,178,169,255.27,45437.48
PO0002246,S012,P0016,WH05,2024-06-22,2024-07-01,2024-07-06,315,309,911.69,287183.79
PO0002247,S006,P0028,WH03,2024-06-22,2024-06-28,2024-07-01,197,195,3311.06,652279.25
PO0002248,S009,P0032,WH02,2024-06-22,2024-06-29,2024-06-29,249,234,1742.09,433780.09
PO0002249,S008,P0036,WH01,2024-06-22,2024-06-25,2024-06-25,153,144,2107.45,322439.99
PO0002250,S008,P0036,WH04,2024-06-22,2024-06-26,2024-06-26,267,239,2103.11,561529.4
PO0002251,S012,P0040,WH05,2024-06-22,2024-07-01,2024-07-01,50,49,729.45,36472.74
PO0002252,S009,P0002,WH02,2024-06-23,2024-07-02,2024-07-02,164,153,780.16,127945.73
PO0002253,S009,P0005,WH04,2024-06-23,2024-07-01,2024-07-01,76,69,1147.29,87194.19
PO0002254,S011,P0006,WH02,2024-06-23,2024-06-28,2024-06-28,50,48,3003.1,150155.1
PO0002255,S007,P0011,WH03,2024-06-23,2024-06-27,2024-06-27,143,137,648.35,92714.07
PO0002256,S011,P0012,WH01,2024-06-23,2024-06-27,2024-07-02,50,49,2474.3,123714.98
PO0002257,S007,P0013,WH05,2024-06-23,2024-06-28,2024-06-28,50,46,2754.89,137744.66
PO0002258,S012,P0016,WH05,2024-06-23,2024-07-04,2024-07-04,271,260,917.45,248629.77
PO0002259,S010,P0021,WH03,2024-06-23,2024-07-01,2024-07-01,269,266,741.91,199572.81
PO0002260,S002,P0027,WH05,2024-06-23,2024-06-29,2024-06-29,145,142,563.67,81732.32
PO0002261,S009,P0030,WH05,2024-06-23,2024-06-30,2024-06-30,204,196,2605.24,531469.43
PO0002262,S004,P0033,WH01,2024-06-23,2024-06-30,2024-07-02,117,112,2045.43,239315.68
PO0002263,S004,P0033,WH03,2024-06-23,2024-06-28,2024-06-28,129,126,2060.72,265832.31
PO0002264,S012,P0040,WH01,2024-06-23,2024-07-06,2024-07-07,54,53,753.0,40661.93
PO0002265,S012,P0040,WH04,2024-06-23,2024-07-02,2024-07-03,50,46,717.79,35889.48
PO0002266,S009,P0001,WH05,2024-06-24,2024-07-03,2024-07-04,185,175,1421.16,262913.68
PO0002267,S009,P0002,WH01,2024-06-24,2024-07-05,2024-07-05,180,170,826.02,148682.85
PO0002268,S009,P0002,WH02,2024-06-24,2024-07-03,2024-07-04,175,168,831.31,145478.57
PO0002269,S007,P0011,WH01,2024-06-24,2024-06-28,2024-07-03,106,104,634.38,67244.6
PO0002270,S004,P0015,WH05,2024-06-24,2024-06-29,2024-06-29,116,109,249.91,28989.45
PO0002271,S012,P0016,WH05,2024-06-24,2024-07-04,2024-07-04,323,313,861.74,278342.97
PO0002272,S008,P0019,WH02,2024-06-24,2024-06-28,2024-06-28,166,156,2086.17,346303.74
PO0002273,S008,P0019,WH05,2024-06-24,2024-06-27,2024-06-27,160,149,1968.23,314916.09
PO0002274,S006,P0024,WH05,2024-06-24,2024-06-30,2024-06-30,50,49,690.19,34509.68
PO0002275,S004,P0029,WH03,2024-06-24,2024-06-30,2024-06-30,290,273,3529.02,1023416.04
PO0002276,S009,P0030,WH05,2024-06-24,2024-07-02,2024-07-03,192,180,2541.75,488016.24
PO0002277,S008,P0038,WH01,2024-06-24,2024-06-26,2024-06-26,161,154,1897.02,305420.14
PO0002278,S002,P0039,WH02,2024-06-24,2024-06-29,2024-06-29,78,74,492.45,38411.16
PO0002279,S012,P0040,WH01,2024-06-24,2024-07-06,2024-07-06,50,50,702.44,35122.01
PO0002280,S012,P0040,WH05,2024-06-24,2024-07-05,2024-07-05,53,52,700.72,37138.08
PO0002281,S009,P0001,WH05,2024-06-25,2024-07-04,2024-07-06,171,163,1319.42,225620.35
PO0002282,S009,P0002,WH01,2024-06-25,2024-07-05,2024-07-05,195,183,790.27,154103.33
PO0002283,S007,P0011,WH03,2024-06-25,2024-06-30,2024-07-02,101,96,645.82,65228.01
PO0002284,S011,P0012,WH01,2024-06-25,2024-06-27,2024-06-28,51,49,2317.92,118214.15
PO0002285,S011,P0017,WH02,2024-06-25,2024-06-27,2024-06-27,254,242,904.54,229752.95
PO0002286,S006,P0025,WH01,2024-06-25,2024-07-04,2024-07-04,191,188,1488.82,284365.16
PO0002287,S004,P0029,WH03,2024-06-25,2024-07-04,2024-07-07,331,315,3494.12,1156555.21
PO0002288,S004,P0029,WH05,2024-06-25,2024-07-03,2024-07-04,253,239,3265.42,826151.73
PO0002289,S009,P0030,WH02,2024-06-25,2024-07-01,2024-07-03,175,170,2495.73,436751.89
PO0002290,S012,P0040,WH01,2024-06-25,2024-07-07,2024-07-08,50,48,723.16,36158.02
PO0002291,S009,P0001,WH05,2024-06-26,2024-07-04,2024-07-04,145,141,1349.7,195706.94
PO0002292,S009,P0005,WH03,2024-06-26,2024-07-03,2024-07-03,87,84,1250.29,108775.13
PO0002293,S009,P0005,WH05,2024-06-26,2024-07-06,2024-07-08,87,82,1201.04,104490.08
PO0002294,S011,P0017,WH02,2024-06-26,2024-06-30,2024-06-30,368,351,878.77,323386.65
PO0002295,S010,P0021,WH03,2024-06-26,2024-07-04,2024-07-05,210,209,703.06,147643.14
PO0002296,S012,P0026,WH01,2024-06-26,2024-07-06,2024-07-08,232,222,2294.59,532343.89
PO0002297,S004,P0033,WH02,2024-06-26,2024-07-03,2024-07-03,145,134,2010.86,291575.42
PO0002298,S009,P0035,WH03,2024-06-26,2024-07-04,2024-07-04,213,195,1570.53,334522.55
PO0002299,S002,P0039,WH01,2024-06-26,2024-07-02,2024-07-02,52,50,469.67,24422.99
PO0002300,S009,P0001,WH05,2024-06-27,2024-07-06,2024-07-06,210,202,1410.01,296102.46
PO0002301,S008,P0004,WH04,2024-06-27,2024-06-29,2024-06-30,228,213,1623.56,370171.94
PO0002302,S009,P0005,WH04,2024-06-27,2024-07-04,2024-07-04,75,70,1226.46,91984.86
PO0002303,S006,P0020,WH05,2024-06-27,2024-07-03,2024-07-03,170,167,2268.81,385698.12
PO0002304,S010,P0021,WH05,2024-06-27,2024-07-06,2024-07-06,172,170,689.74,118635.32
PO0002305,S006,P0024,WH05,2024-06-27,2024-07-05,2024-07-05,65,63,692.31,45000.04
PO0002306,S002,P0027,WH05,2024-06-27,2024-07-03,2024-07-03,183,174,528.07,96637.56
PO0002307,S004,P0029,WH03,2024-06-27,2024-07-04,2024-07-04,325,305,3361.9,1092616.44
PO0002308,S004,P0029,WH05,2024-06-27,2024-07-03,2024-07-03,169,165,3485.56,589060.22
PO0002309,S004,P0033,WH02,2024-06-27,2024-06-30,2024-07-01,170,165,2046.11,347839.48
PO0002310,S004,P0033,WH03,2024-06-27,2024-07-04,2024-07-04,190,182,2190.48,416191.94
PO0002311,S002,P0039,WH02,2024-06-27,2024-07-03,2024-07-03,93,87,479.69,44611.55
PO0002312,S012,P0040,WH03,2024-06-27,2024-07-08,2024-07-08,70,70,703.92,49274.61
PO0002313,S009,P0002,WH02,2024-06-28,2024-07-07,2024-07-08,175,170,738.72,129275.8
PO0002314,S007,P0010,WH03,2024-06-28,2024-07-03,2024-07-03,97,95,2714.02,263260.09
PO0002315,S007,P0011,WH01,2024-06-28,2024-07-03,2024-07-03,82,79,628.38,51527.3
PO0002316,S010,P0021,WH03,2024-06-28,2024-07-07,2024-07-08,286,284,709.25,202845.14
PO0002317,S006,P0023,WH05,2024-06-28,2024-07-06,2024-07-09,85,83,660.19,56115.78
PO0002318,S006,P0025,WH01,2024-06-28,2024-07-05,2024-07-06,158,155,1458.42,230430.57
PO0002319,S012,P0026,WH01,2024-06-28,2024-07-07,2024-07-10,201,196,2199.91,442182.04
PO0002320,S002,P0027,WH01,2024-06-28,2024-07-04,2024-07-04,158,150,554.49,87609.5
PO0002321,S004,P0029,WH05,2024-06-28,2024-07-04,2024-07-04,182,173,3381.78,615484.86
PO0002322,S004,P0033,WH02,2024-06-28,2024-07-05,2024-07-05,165,153,2176.42,359108.69
PO0002323,S009,P0035,WH03,2024-06-28,2024-07-05,2024-07-05,187,172,1538.62,287721.85
PO0002324,S006,P0003,WH04,2024-06-29,2024-07-05,2024-07-06,125,124,945.02,118127.83
PO0002325,S009,P0005,WH04,2024-06-29,2024-07-09,2024-07-09,86,81,1169.98,100618.64
PO0002326,S004,P0007,WH03,2024-06-29,2024-07-07,2024-07-07,218,211,2486.3,542013.59
PO0002327,S010,P0008,WH02,2024-06-29,2024-07-06,2024-07-06,112,112,781.37,87513.59
PO0002328,S007,P0011,WH05,2024-06-29,2024-07-06,2024-07-06,140,133,633.96,88755.03
PO0002329,S011,P0012,WH04,2024-06-29,2024-07-02,2024-07-05,50,45,2291.32,114565.76
PO0002330,S006,P0018,WH03,2024-06-29,2024-07-07,2024-07-07,98,98,1080.64,105903.1
PO0002331,S006,P0020,WH04,2024-06-29,2024-07-04,2024-07-04,177,177,2431.37,430351.84
PO0002332,S006,P0024,WH05,2024-06-29,2024-07-07,2024-07-07,50,48,622.99,31149.28
PO0002333,S012,P0026,WH01,2024-06-29,2024-07-08,2024-07-10,219,214,2314.58,506892.58
PO0002334,S004,P0029,WH03,2024-06-29,2024-07-05,2024-07-10,315,300,3569.76,1124475.53
PO0002335,S004,P0033,WH01,2024-06-29,2024-07-06,2024-07-07,103,100,2189.46,225514.68
PO0002336,S012,P0040,WH04,2024-06-29,2024-07-10,2024-07-10,50,48,695.38,34769.09
PO0002337,S009,P0002,WH01,2024-06-30,2024-07-08,2024-07-09,171,157,740.39,126607.47
PO0002338,S008,P0004,WH02,2024-06-30,2024-07-04,2024-07-06,332,316,1665.61,552982.02
PO0002339,S009,P0005,WH04,2024-06-30,2024-07-08,2024-07-09,68,65,1150.61,78241.34
PO0002340,S011,P0012,WH04,2024-06-30,2024-07-05,2024-07-06,52,51,2451.9,127498.58
PO0002341,S006,P0020,WH01,2024-06-30,2024-07-05,2024-07-07,194,192,2476.68,480476.02
PO0002342,S006,P0025,WH01,2024-06-30,2024-07-06,2024-07-11,180,178,1421.41,255853.61
PO0002343,S002,P0027,WH01,2024-06-30,2024-07-08,2024-07-09,125,119,549.1,68636.99
PO0002344,S004,P0029,WH05,2024-06-30,2024-07-08,2024-07-08,318,308,3373.41,1072742.94
PO0002345,S002,P0039,WH01,2024-06-30,2024-07-07,2024-07-07,73,66,520.18,37973.29
PO0002346,S002,P0039,WH03,2024-06-30,2024-07-07,2024-07-07,114,111,500.8,57091.71
PO0002347,S012,P0040,WH04,2024-06-30,2024-07-09,2024-07-10,50,50,696.67,34833.63
PO0002348,S009,P0002,WH01,2024-07-01,2024-07-09,2024-07-09,135,128,831.24,112217.9
PO0002349,S006,P0003,WH04,2024-07-01,2024-07-09,2024-07-09,145,144,908.75,131768.91
PO0002350,S004,P0007,WH05,2024-07-01,2024-07-09,2024-07-11,142,136,2411.37,342413.94
PO0002351,S010,P0009,WH05,2024-07-01,2024-07-08,2024-07-08,53,53,2458.79,130315.69
PO0002352,S007,P0010,WH04,2024-07-01,2024-07-08,2024-07-09,66,61,2872.87,189609.15
PO0002353,S007,P0011,WH05,2024-07-01,2024-07-06,2024-07-06,125,120,641.0,80125.25
PO0002354,S006,P0020,WH02,2024-07-01,2024-07-05,2024-07-07,257,253,2269.19,583181.27
PO0002355,S006,P0023,WH05,2024-07-01,2024-07-08,2024-07-10,91,89,681.35,62002.95
PO0002356,S006,P0025,WH01,2024-07-01,2024-07-06,2024-07-06,132,130,1349.63,178150.68
PO0002357,S006,P0025,WH05,2024-07-01,2024-07-10,2024-07-11,210,207,1511.28,317369.29
PO0002358,S012,P0026,WH01,2024-07-01,2024-07-12,2024-07-13,277,272,2363.75,654758.84
PO0002359,S002,P0039,WH05,2024-07-01,2024-07-07,2024-07-10,79,74,503.94,39811.44
PO0002360,S009,P0002,WH04,2024-07-02,2024-07-11,2024-07-11,132,119,745.44,98398.56
PO0002361,S007,P0011,WH05,2024-07-02,2024-07-08,2024-07-08,85,82,586.27,49832.69
PO0002362,S010,P0014,WH02,2024-07-02,2024-07-09,2024-07-12,351,349,1964.59,689570.21
PO0002363,S006,P0020,WH01,2024-07-02,2024-07-10,2024-07-10,155,149,2256.64,349779.34
PO0002364,S006,P0020,WH02,2024-07-02,2024-07-09,2024-07-10,149,149,2445.97,364449.35
PO0002365,S006,P0020,WH04,2024-07-02,2024-07-07,2024-07-10,135,134,2435.11,328740.2
PO0002366,S006,P0023,WH03,2024-07-02,2024-07-11,2024-07-11,100,100,673.97,67397.16
PO0002367,S009,P0035,WH03,2024-07-02,2024-07-11,2024-07-13,230,218,1613.09,371011.14
PO0002368,S002,P0039,WH03,2024-07-02,2024-07-07,2024-07-12,107,103,523.79,56045.02
PO0002369,S012,P0040,WH03,2024-07-02,2024-07-15,2024-07-18,64,62,712.76,45616.54
PO0002370,S012,P0040,WH04,2024-07-02,2024-07-13,2024-07-13,50,49,732.13,36606.7
PO0002371,S010,P0009,WH04,2024-07-03,2024-07-10,2024-07-10,59,59,2462.98,145315.65
PO0002372,S007,P0010,WH04,2024-07-03,2024-07-06,2024-07-09,68,65,2706.95,184072.69
PO0002373,S011,P0012,WH03,2024-07-03,2024-07-08,2024-07-08,61,59,2424.49,147893.67
PO0002374,S006,P0018,WH01,2024-07-03,2024-07-10,2024-07-12,65,63,1054.65,68552.1
PO0002375,S006,P0018,WH03,2024-07-03,2024-07-10,2024-07-12,85,85,1144.67,97297.26
PO0002376,S006,P0020,WH01,2024-07-03,2024-07-08,2024-07-08,141,138,2297.12,323894.26
PO0002377,S009,P0022,WH05,2024-07-03,2024-07-11,2024-07-11,71,67,461.94,32797.84
PO0002378,S002,P0027,WH01,2024-07-03,2024-07-09,2024-07-10,113,106,558.86,63151.68
PO0002379,S002,P0027,WH02,2024-07-03,2024-07-09,2024-07-10,201,194,577.64,116105.64
PO0002380,S002,P0039,WH03,2024-07-03,2024-07-10,2024-07-10,75,69,489.46,36709.75
PO0002381,S002,P0039,WH05,2024-07-03,2024-07-11,2024-07-11,93,89,515.44,47935.92
PO0002382,S009,P0002,WH04,2024-07-04,2024-07-14,2024-07-15,192,184,774.82,148765.23
PO0002383,S008,P0004,WH02,2024-07-04,2024-07-07,2024-07-07,189,178,1652.48,312318.17
PO0002384,S010,P0008,WH02,2024-07-04,2024-07-13,2024-07-14,110,108,837.81,92159.31
PO0002385,S010,P0009,WH04,2024-07-04,2024-07-14,2024-07-17,50,50,2499.28,124963.85
PO0002386,S007,P0010,WH02,2024-07-04,2024-07-07,2024-07-12,89,86,2707.53,240970.53
PO0002387,S007,P0010,WH04,2024-07-04,2024-07-09,2024-07-09,51,47,2861.95,145959.61
PO0002388,S011,P0012,WH04,2024-07-04,2024-07-10,2024-07-11,50,46,2468.29,123414.43
PO0002389,S007,P0013,WH03,2024-07-04,2024-07-08,2024-07-09,61,60,2694.22,164347.63
PO0002390,S006,P0018,WH03,2024-07-04,2024-07-11,2024-07-11,104,104,1130.34,117555.81
PO0002391,S006,P0023,WH03,2024-07-04,2024-07-10,2024-07-10,110,105,651.51,71665.97
PO0002392,S006,P0023,WH05,2024-07-04,2024-07-11,2024-07-12,63,63,708.07,44608.41
PO0002393,S004,P0029,WH01,2024-07-04,2024-07-11,2024-07-14,155,147,3409.9,528534.09
PO0002394,S012,P0040,WH03,2024-07-04,2024-07-13,2024-07-13,54,51,739.93,39956.23
PO0002395,S008,P0004,WH01,2024-07-05,2024-07-10,2024-07-11,177,162,1526.46,270184.03
PO0002396,S004,P0007,WH05,2024-07-05,2024-07-15,2024-07-15,204,195,2548.73,519940.8
PO0002397,S006,P0018,WH03,2024-07-05,2024-07-12,2024-07-12,84,81,1103.74,92714.09
PO0002398,S010,P0021,WH01,2024-07-05,2024-07-14,2024-07-14,124,122,671.66,83285.43
PO0002399,S009,P0022,WH05,2024-07-05,2024-07-15,2024-07-15,50,49,442.31,22115.45
PO0002400,S006,P0023,WH05,2024-07-05,2024-07-12,2024-07-12,86,85,665.25,57211.91
PO0002401,S004,P0029,WH01,2024-07-05,2024-07-10,2024-07-11,194,183,3600.36,698470.1
PO0002402,S004,P0029,WH04,2024-07-05,2024-07-11,2024-07-12,291,277,3297.04,959437.83
PO0002403,S002,P0039,WH04,2024-07-05,2024-07-14,2024-07-14,71,64,513.26,36441.25
PO0002404,S009,P0002,WH05,2024-07-06,2024-07-14,2024-07-14,156,144,781.34,121888.35
PO0002405,S004,P0007,WH02,2024-07-06,2024-07-11,2024-07-16,223,216,2411.63,537794.41
PO0002406,S004,P0007,WH04,2024-07-06,2024-07-13,2024-07-13,185,170,2377.61,439858.27
PO0002407,S010,P0009,WH04,2024-07-06,2024-07-14,2024-07-14,51,49,2422.69,123557.44
PO0002408,S010,P0014,WH03,2024-07-06,2024-07-16,2024-07-21,207,205,1962.16,406166.48
PO0002409,S004,P0015,WH02,2024-07-06,2024-07-11,2024-07-12,137,131,268.04,36721.19
PO0002410,S009,P0022,WH05,2024-07-06,2024-07-14,2024-07-16,50,46,459.75,22987.56
PO0002411,S002,P0027,WH02,2024-07-06,2024-07-12,2024-07-13,209,197,526.58,110055.61
PO0002412,S004,P0029,WH04,2024-07-06,2024-07-14,2024-07-14,217,214,3275.97,710885.57
PO0002413,S009,P0002,WH04,2024-07-07,2024-07-14,2024-07-14,178,173,765.03,136175.93
PO0002414,S008,P0004,WH01,2024-07-07,2024-07-10,2024-07-15,232,218,1624.9,376977.76
PO0002415,S004,P0007,WH05,2024-07-07,2024-07-13,2024-07-14,124,120,2327.18,288570.77
PO0002416,S010,P0014,WH01,2024-07-07,2024-07-15,2024-07-15,218,217,1922.32,419065.28
PO0002417,S004,P0015,WH02,2024-07-07,2024-07-17,2024-07-17,90,83,240.14,21612.75
PO0002418,S006,P0023,WH05,2024-07-07,2024-07-14,2024-07-14,52,50,658.53,34243.34
PO0002419,S009,P0035,WH05,2024-07-07,2024-07-17,2024-07-17,105,101,1520.39,159641.25
PO0002420,S002,P0039,WH05,2024-07-07,2024-07-14,2024-07-14,54,53,485.69,26227.32
PO0002421,S004,P0007,WH04,2024-07-08,2024-07-15,2024-07-16,131,124,2440.91,319759.17
PO0002422,S006,P0018,WH01,2024-07-08,2024-07-14,2024-07-14,50,48,1031.67,51583.3
PO0002423,S010,P0021,WH04,2024-07-08,2024-07-17,2024-07-19,158,157,672.41,106241.33
PO0002424,S006,P0023,WH05,2024-07-08,2024-07-14,2024-07-15,61,60,689.29,42046.45
PO0002425,S006,P0025,WH05,2024-07-08,2024-07-15,2024-07-15,117,115,1459.86,170803.57
PO0002426,S012,P0026,WH05,2024-07-08,2024-07-19,2024-07-22,241,235,2354.67,567475.13
PO0002427,S004,P0029,WH01,2024-07-08,2024-07-17,2024-07-20,265,256,3238.06,858086.58
PO0002428,S009,P0035,WH05,2024-07-08,2024-07-20,2024-07-20,127,120,1549.44,196779.45
PO0002429,S002,P0039,WH04,2024-07-08,2024-07-14,2024-07-14,74,65,494.43,36587.67
PO0002430,S009,P0002,WH05,2024-07-09,2024-07-16,2024-07-17,133,129,816.14,108546.17
PO0002431,S010,P0008,WH05,2024-07-09,2024-07-15,2024-07-16,112,111,845.99,94751.07
PO0002432,S010,P0014,WH01,2024-07-09,2024-07-16,2024-07-17,158,155,1948.21,307817.64
PO0002433,S011,P0017,WH01,2024-07-09,2024-07-15,2024-07-20,291,275,920.21,267779.94
PO0002434,S011,P0017,WH05,2024-07-09,2024-07-11,2024-07-11,301,285,920.44,277053.71
PO0002435,S010,P0021,WH01,2024-07-09,2024-07-18,2024-07-20,202,202,750.85,151671.06
PO0002436,S006,P0025,WH05,2024-07-09,2024-07-17,2024-07-17,113,111,1423.18,160819.36
PO0002437,S012,P0026,WH05,2024-07-09,2024-07-21,2024-07-21,192,189,2395.64,459963.45
PO0002438,S009,P0030,WH03,2024-07-09,2024-07-18,2024-07-18,221,207,2652.49,586199.21
PO0002439,S004,P0031,WH03,2024-07-09,2024-07-16,2024-07-16,58,57,460.05,26683.14
PO0002440,S006,P0034,WH05,2024-07-09,2024-07-14,2024-07-14,50,50,3052.88,152643.83
PO0002441,S012,P0040,WH02,2024-07-09,2024-07-19,2024-07-19,50,48,706.88,35344.19
PO0002442,S009,P0002,WH04,2024-07-10,2024-07-19,2024-07-21,151,143,763.45,115281.63
PO0002443,S008,P0004,WH01,2024-07-10,2024-07-16,2024-07-16,232,209,1577.15,365898.5
PO0002444,S004,P0007,WH05,2024-07-10,2024-07-17,2024-07-22,114,101,2403.36,273983.42
PO0002445,S010,P0008,WH05,2024-07-10,2024-07-17,2024-07-17,143,141,771.9,110381.79
PO0002446,S006,P0018,WH04,2024-07-10,2024-07-18,2024-07-18,62,62,1094.87,67881.79
PO0002447,S010,P0021,WH01,2024-07-10,2024-07-18,2024-07-18,200,197,699.81,139961.15
PO0002448,S010,P0021,WH04,2024-07-10,2024-07-19,2024-07-19,182,182,688.89,125378.14
PO0002449,S009,P0030,WH02,2024-07-10,2024-07-18,2024-07-18,185,178,2516.97,465638.7
PO0002450,S009,P0035,WH05,2024-07-10,2024-07-18,2024-07-18,110,103,1687.57,185633.25
PO0002451,S008,P0036,WH03,2024-07-10,2024-07-12,2024-07-13,373,350,2191.55,817447.55
PO0002452,S008,P0038,WH04,2024-07-10,2024-07-15,2024-07-16,172,164,1846.59,317613.16
PO0002453,S002,P0039,WH04,2024-07-10,2024-07-17,2024-07-17,55,50,468.75,25781.35
PO0002454,S009,P0002,WH05,2024-07-11,2024-07-18,2024-07-18,229,219,829.47,189947.87
PO0002455,S011,P0006,WH01,2024-07-11,2024-07-16,2024-07-16,50,49,2750.99,137549.52
PO0002456,S007,P0010,WH02,2024-07-11,2024-07-16,2024-07-16,103,96,2666.7,274670.12
PO0002457,S010,P0014,WH01,2024-07-11,2024-07-20,2024-07-20,189,188,2064.41,390173.13
PO0002458,S010,P0014,WH03,2024-07-11,2024-07-21,2024-07-21,357,354,1884.24,672674.26
PO0002459,S004,P0015,WH02,2024-07-11,2024-07-18,2024-07-20,150,146,253.65,38047.68
PO0002460,S011,P0017,WH01,2024-07-11,2024-07-15,2024-07-15,278,267,968.5,269243.58
PO0002461,S006,P0018,WH01,2024-07-11,2024-07-18,2024-07-18,63,63,1088.8,68594.48
PO0002462,S010,P0021,WH01,2024-07-11,2024-07-20,2024-07-20,171,170,751.33,128477.7
PO0002463,S006,P0034,WH05,2024-07-11,2024-07-19,2024-07-19,50,49,3097.94,154897.12
PO0002464,S004,P0007,WH04,2024-07-12,2024-07-22,2024-07-25,104,101,2384.95,248034.35
PO0002465,S007,P0013,WH01,2024-07-12,2024-07-20,2024-07-20,50,48,2793.09,139654.42
PO0002466,S008,P0019,WH05,2024-07-12,2024-07-16,2024-07-17,186,171,1900.58,353508.56
PO0002467,S010,P0021,WH04,2024-07-12,2024-07-19,2024-07-20,220,218,708.78,155931.21
PO0002468,S012,P0026,WH05,2024-07-12,2024-07-21,2024-07-21,183,181,2217.84,405865.04
PO0002469,S009,P0030,WH03,2024-07-12,2024-07-20,2024-07-20,285,270,2540.95,724171.84
PO0002470,S009,P0035,WH05,2024-07-12,2024-07-22,2024-07-24,162,152,1548.91,250923.73
PO0002471,S002,P0037,WH03,2024-07-12,2024-07-19,2024-07-19,157,146,1492.93,234390.04
PO0002472,S008,P0038,WH04,2024-07-12,2024-07-17,2024-07-18,110,103,1705.26,187578.33
PO0002473,S012,P0040,WH02,2024-07-12,2024-07-24,2024-07-26,71,70,760.87,54021.79
PO0002474,S008,P0004,WH03,2024-07-13,2024-07-17,2024-07-17,282,263,1582.69,446318.39
PO0002475,S010,P0008,WH05,2024-07-13,2024-07-20,2024-07-25,95,94,830.55,78902.04
PO0002476,S010,P0014,WH03,2024-07-13,2024-07-21,2024-07-21,326,320,1952.52,636522.14
PO0002477,S011,P0017,WH01,2024-07-13,2024-07-16,2024-07-17,287,271,961.2,275864.59
PO0002478,S010,P0021,WH01,2024-07-13,2024-07-23,2024-07-23,170,169,673.77,114541.5
PO0002479,S009,P0022,WH02,2024-07-13,2024-07-21,2024-07-21,89,83,467.45,41603.2
PO0002480,S009,P0022,WH04,2024-07-13,2024-07-22,2024-07-24,50,49,472.63,23631.56
PO0002481,S009,P0030,WH03,2024-07-13,2024-07-20,2024-07-21,228,214,2663.3,607231.71
PO0002482,S009,P0035,WH01,2024-07-13,2024-07-22,2024-07-22,131,127,1554.87,203688.17
PO0002483,S002,P0039,WH04,2024-07-13,2024-07-19,2024-07-21,61,55,484.99,29584.29
PO0002484,S009,P0001,WH03,2024-07-14,2024-07-21,2024-07-21,195,186,1322.61,257909.51
PO0002485,S010,P0009,WH03,2024-07-14,2024-07-21,2024-07-24,64,63,2472.05,158211.31
PO0002486,S011,P0017,WH01,2024-07-14,2024-07-17,2024-07-19,212,206,965.96,204782.58
PO0002487,S009,P0032,WH03,2024-07-14,2024-07-23,2024-07-24,276,253,1645.42,454136.9
PO0002488,S009,P0035,WH05,2024-07-14,2024-07-24,2024-07-26,135,128,1658.34,223876.38
PO0002489,S002,P0037,WH03,2024-07-14,2024-07-20,2024-07-23,110,106,1560.9,171699.24
PO0002490,S012,P0040,WH02,2024-07-14,2024-07-24,2024-07-27,72,68,731.98,52702.31
PO0002491,S009,P0001,WH03,2024-07-15,2024-07-25,2024-07-25,200,188,1447.35,289470.5
PO0002492,S010,P0009,WH03,2024-07-15,2024-07-23,2024-07-23,76,76,2501.05,190080.08
PO0002493,S011,P0017,WH04,2024-07-15,2024-07-21,2024-07-26,205,194,889.12,182268.99
PO0002494,S004,P0031,WH03,2024-07-15,2024-07-20,2024-07-20,50,47,444.65,22232.66
PO0002495,S009,P0032,WH03,2024-07-15,2024-07-22,2024-07-23,232,215,1777.19,412308.15
PO0002496,S012,P0040,WH02,2024-07-15,2024-07-24,2024-07-26,59,58,710.64,41927.53
PO0002497,S009,P0001,WH03,2024-07-16,2024-07-24,2024-07-25,233,223,1443.23,336271.77
PO0002498,S008,P0004,WH04,2024-07-16,2024-07-18,2024-07-23,255,240,1576.11,401908.9
PO0002499,S010,P0008,WH03,2024-07-16,2024-07-26,2024-07-26,139,135,771.31,107211.88
PO0002500,S010,P0021,WH04,2024-07-16,2024-07-23,2024-07-23,222,219,735.2,163215.05
PO0002501,S009,P0022,WH02,2024-07-16,2024-07-24,2024-07-24,66,61,463.45,30587.63
PO0002502,S006,P0025,WH03,2024-07-16,2024-07-25,2024-07-25,247,244,1379.69,340782.44
PO0002503,S012,P0026,WH05,2024-07-16,2024-07-26,2024-07-29,295,288,2285.44,674203.87
PO0002504,S006,P0028,WH02,2024-07-16,2024-07-22,2024-07-22,177,175,3126.69,553424.71
PO0002505,S004,P0031,WH02,2024-07-16,2024-07-21,2024-07-22,50,47,464.32,23216.06
PO0002506,S009,P0035,WH01,2024-07-16,2024-07-23,2024-07-23,170,160,1690.89,287452.0
PO0002507,S009,P0035,WH05,2024-07-16,2024-07-25,2024-07-28,186,177,1516.26,282024.99
PO0002508,S008,P0038,WH05,2024-07-16,2024-07-21,2024-07-21,187,170,1762.75,329633.55
PO0002509,S007,P0010,WH03,2024-07-17,2024-07-20,2024-07-25,71,68,2924.81,207661.52
PO0002510,S008,P0019,WH02,2024-07-17,2024-07-21,2024-07-23,169,161,1964.43,331988.5
PO0002511,S006,P0024,WH01,2024-07-17,2024-07-24,2024-07-27,59,58,658.57,38855.49
PO0002512,S012,P0026,WH05,2024-07-17,2024-07-26,2024-07-26,193,189,2274.05,438892.01
PO0002513,S009,P0030,WH02,2024-07-17,2024-07-28,2024-07-29,162,155,2439.62,395218.75
PO0002514,S004,P0031,WH02,2024-07-17,2024-07-26,2024-07-27,57,53,469.49,26760.67
PO0002515,S008,P0036,WH05,2024-07-17,2024-07-21,2024-07-21,225,203,2091.7,470631.7
PO0002516,S008,P0038,WH05,2024-07-17,2024-07-20,2024-07-20,142,135,1711.53,243037.54
PO0002517,S008,P0004,WH05,2024-07-18,2024-07-22,2024-07-23,199,190,1610.92,320572.73
PO0002518,S010,P0009,WH03,2024-07-18,2024-07-30,2024-07-31,77,76,2491.04,191810.27
PO0002519,S007,P0013,WH01,2024-07-18,2024-07-20,2024-07-25,53,50,2747.27,145605.55
PO0002520,S011,P0017,WH04,2024-07-18,2024-07-24,2024-07-24,287,278,881.14,252887.03
PO0002521,S006,P0020,WH05,2024-07-18,2024-07-24,2024-07-27,159,157,2288.02,363795.97
PO0002522,S006,P0028,WH02,2024-07-18,2024-07-24,2024-07-27,243,239,3377.95,820842.82
PO0002523,S009,P0030,WH04,2024-07-18,2024-07-26,2024-07-26,132,125,2674.86,353081.82
PO0002524,S008,P0036,WH05,2024-07-18,2024-07-22,2024-07-22,221,208,2067.4,456895.41
PO0002525,S002,P0037,WH01,2024-07-18,2024-07-26,2024-07-26,95,91,1635.47,155369.7
PO0002526,S002,P0037,WH03,2024-07-18,2024-07-24,2024-07-27,124,119,1473.42,182703.47
PO0002527,S006,P0003,WH03,2024-07-19,2024-07-25,2024-07-25,298,291,927.81,276486.98
PO0002528,S008,P0004,WH04,2024-07-19,2024-07-23,2024-07-23,234,215,1543.6,361201.72
PO0002529,S011,P0006,WH03,2024-07-19,2024-07-22,2024-07-23,50,48,2808.09,140404.71
PO0002530,S010,P0009,WH03,2024-07-19,2024-07-26,2024-07-29,84,83,2283.57,191819.65
PO0002531,S011,P0012,WH03,2024-07-19,2024-07-22,2024-07-22,71,66,2446.96,173734.16
PO0002532,S011,P0017,WH03,2024-07-19,2024-07-22,2024-07-22,226,209,930.63,210321.94
PO0002533,S006,P0020,WH05,2024-07-19,2024-07-26,2024-07-26,120,117,2286.77,274412.77
PO0002534,S006,P0028,WH02,2024-07-19,2024-07-26,2024-07-26,262,260,3088.16,809098.44
PO0002535,S006,P0003,WH03,2024-07-20,2024-07-27,2024-07-27,321,319,873.35,280345.08
PO0002536,S008,P0004,WH04,2024-07-20,2024-07-24,2024-07-25,183,173,1670.2,305647.01
PO0002537,S004,P0007,WH01,2024-07-20,2024-07-26,2024-07-26,138,132,2446.95,337679.38
PO0002538,S011,P0012,WH03,2024-07-20,2024-07-22,2024-07-23,68,62,2390.13,162528.72
PO0002539,S010,P0014,WH03,2024-07-20,2024-07-29,2024-07-31,322,315,2021.65,650971.06
PO0002540,S004,P0015,WH01,2024-07-20,2024-07-28,2024-07-28,78,75,256.97,20043.47
PO0002541,S011,P0017,WH04,2024-07-20,2024-07-24,2024-07-24,296,279,911.23,269722.77
PO0002542,S009,P0022,WH02,2024-07-20,2024-07-27,2024-07-27,88,82,470.29,41385.55
PO0002543,S009,P0022,WH03,2024-07-20,2024-07-27,2024-07-27,81,75,459.31,37203.94
PO0002544,S006,P0025,WH03,2024-07-20,2024-07-26,2024-07-26,230,229,1405.09,323170.81
PO0002545,S006,P0028,WH02,2024-07-20,2024-07-24,2024-07-24,274,272,3319.53,909550.25
PO0002546,S009,P0030,WH01,2024-07-20,2024-07-28,2024-07-28,113,98,2507.13,283305.17
PO0002547,S009,P0032,WH03,2024-07-20,2024-07-27,2024-07-28,363,338,1737.08,630558.76
PO0002548,S008,P0036,WH02,2024-07-20,2024-07-24,2024-07-24,245,227,2106.79,516164.4
PO0002549,S002,P0037,WH01,2024-07-20,2024-07-24,2024-07-27,69,67,1610.94,111154.96
PO0002550,S010,P0009,WH03,2024-07-21,2024-07-29,2024-07-30,55,55,2404.87,132267.67
PO0002551,S004,P0015,WH01,2024-07-21,2024-07-28,2024-07-31,111,102,254.19,28214.97
PO0002552,S009,P0022,WH04,2024-07-21,2024-07-31,2024-08-02,50,46,441.2,22060.0
PO0002553,S009,P0035,WH01,2024-07-21,2024-07-31,2024-08-02,167,155,1616.68,269986.31
PO0002554,S009,P0035,WH04,2024-07-21,2024-07-31,2024-08-02,129,118,1615.14,208352.49
PO0002555,S008,P0038,WH01,2024-07-21,2024-07-24,2024-07-25,94,89,1739.4,163504.02
PO0002556,S009,P0001,WH01,2024-07-22,2024-07-31,2024-07-31,200,188,1312.32,262464.61
PO0002557,S008,P0004,WH04,2024-07-22,2024-07-28,2024-07-28,158,141,1609.27,254265.41
PO0002558,S004,P0007,WH03,2024-07-22,2024-07-25,2024-07-25,237,227,2373.45,562508.42
PO0002559,S007,P0010,WH03,2024-07-22,2024-07-26,2024-07-28,126,119,2871.9,361859.2
PO0002560,S007,P0013,WH04,2024-07-22,2024-07-25,2024-07-25,50,47,2772.42,138621.21
PO0002561,S008,P0019,WH02,2024-07-22,2024-07-24,2024-07-24,305,281,1930.11,588683.0
PO0002562,S006,P0020,WH05,2024-07-22,2024-07-28,2024-07-28,213,209,2296.21,489092.2
PO0002563,S009,P0022,WH04,2024-07-22,2024-08-02,2024-08-02,50,48,472.25,23612.49
PO0002564,S004,P0029,WH02,2024-07-22,2024-07-28,2024-07-28,338,323,3380.36,1142563.32
PO0002565,S004,P0033,WH05,2024-07-22,2024-07-29,2024-07-29,131,123,2108.13,276165.26
PO0002566,S008,P0038,WH01,2024-07-22,2024-07-24,2024-07-24,159,149,1812.37,288166.32
PO0002567,S006,P0003,WH01,2024-07-23,2024-07-29,2024-07-31,125,123,905.94,113242.7
PO0002568,S010,P0008,WH03,2024-07-23,2024-07-31,2024-08-01,186,184,800.86,148959.21
PO0002569,S007,P0010,WH03,2024-07-23,2024-07-27,2024-07-30,121,116,2901.64,351097.97
PO0002570,S007,P0013,WH03,2024-07-23,2024-07-28,2024-07-28,63,61,2856.68,179971.1
PO0002571,S004,P0015,WH01,2024-07-23,2024-07-29,2024-07-29,81,75,251.01,20331.52
PO0002572,S009,P0022,WH03,2024-07-23,2024-08-01,2024-08-02,65,60,460.18,29911.99
PO0002573,S004,P0029,WH02,2024-07-23,2024-07-28,2024-07-28,231,211,3260.43,753159.26
PO0002574,S008,P0036,WH02,2024-07-23,2024-07-25,2024-07-27,288,269,2084.2,600249.88
PO0002575,S002,P0037,WH01,2024-07-23,2024-07-28,2024-07-28,103,94,1515.37,156083.59
PO0002576,S007,P0010,WH03,2024-07-24,2024-07-30,2024-08-04,122,117,2710.73,330708.89
PO0002577,S007,P0013,WH04,2024-07-24,2024-07-29,2024-07-30,50,44,2630.59,131529.31
PO0002578,S004,P0015,WH01,2024-07-24,2024-07-31,2024-07-31,95,93,262.56,24943.36
PO0002579,S011,P0017,WH05,2024-07-24,2024-07-29,2024-07-30,306,290,973.23,297807.76
PO0002580,S004,P0029,WH02,2024-07-24,2024-07-30,2024-07-30,249,234,3272.43,814833.95
PO0002581,S009,P0032,WH05,2024-07-24,2024-08-03,2024-08-05,286,266,1668.41,477163.96
PO0002582,S009,P0035,WH04,2024-07-24,2024-08-01,2024-08-01,163,155,1682.72,274282.88
PO0002583,S006,P0003,WH01,2024-07-25,2024-07-31,2024-07-31,162,161,956.3,154920.51
PO0002584,S010,P0008,WH03,2024-07-25,2024-08-01,2024-08-01,138,134,855.84,118106.1
PO0002585,S007,P0011,WH03,2024-07-25,2024-07-27,2024-08-01,135,127,638.43,86188.02
PO0002586,S004,P0015,WH05,2024-07-25,2024-08-01,2024-08-01,101,93,262.95,26558.24
PO0002587,S006,P0020,WH05,2024-07-25,2024-08-01,2024-08-02,212,210,2475.76,524861.49
PO0002588,S009,P0022,WH03,2024-07-25,2024-08-02,2024-08-03,50,48,443.36,22167.94
PO0002589,S006,P0024,WH02,2024-07-25,2024-07-31,2024-08-01,50,50,663.25,33162.54
PO0002590,S009,P0030,WH02,2024-07-25,2024-08-03,2024-08-03,229,219,2538.87,581401.93
PO0002591,S004,P0031,WH01,2024-07-25,2024-07-31,2024-08-05,50,49,497.56,24877.87
PO0002592,S007,P0010,WH05,2024-07-26,2024-07-29,2024-07-29,95,89,2626.0,249469.56
PO0002593,S007,P0011,WH03,2024-07-26,2024-07-29,2024-07-29,102,100,645.56,65847.07
PO0002594,S007,P0013,WH03,2024-07-26,2024-07-31,2024-08-01,50,44,2709.83,135491.39
PO0002595,S010,P0014,WH02,2024-07-26,2024-08-02,2024-08-04,215,210,1981.37,425995.33
PO0002596,S004,P0015,WH04,2024-07-26,2024-08-02,2024-08-02,64,58,267.54,17122.41
PO0002597,S011,P0017,WH05,2024-07-26,2024-07-29,2024-07-29,247,238,950.59,234795.01
PO0002598,S004,P0031,WH04,2024-07-26,2024-08-02,2024-08-04,50,45,488.73,24436.61
PO0002599,S009,P0032,WH05,2024-07-26,2024-08-02,2024-08-05,178,164,1580.82,281386.04
PO0002600,S006,P0034,WH02,2024-07-26,2024-08-02,2024-08-02,50,50,3104.97,155248.69
PO0002601,S002,P0037,WH02,2024-07-26,2024-08-01,2024-08-01,75,69,1597.93,119844.8
PO0002602,S006,P0003,WH05,2024-07-27,2024-08-03,2024-08-03,216,210,919.37,198583.93
PO0002603,S009,P0005,WH01,2024-07-27,2024-08-06,2024-08-06,71,69,1236.26,87774.57
PO0002604,S007,P0010,WH05,2024-07-27,2024-07-31,2024-08-01,99,93,2706.02,267896.02
PO0002605,S007,P0011,WH03,2024-07-27,2024-08-02,2024-08-02,121,114,622.18,75283.37
PO0002606,S011,P0012,WH05,2024-07-27,2024-07-29,2024-08-01,50,45,2461.33,123066.68
PO0002607,S010,P0014,WH02,2024-07-27,2024-08-04,2024-08-07,305,302,2073.31,632359.43
PO0002608,S010,P0014,WH04,2024-07-27,2024-08-06,2024-08-06,276,273,2111.62,582806.31
PO0002609,S012,P0016,WH02,2024-07-27,2024-08-07,2024-08-10,221,211,872.06,192726.18
PO0002610,S008,P0019,WH04,2024-07-27,2024-07-30,2024-07-30,202,189,2076.46,419444.74
PO0002611,S010,P0021,WH02,2024-07-27,2024-08-06,2024-08-07,236,231,683.13,161218.2
PO0002612,S006,P0023,WH01,2024-07-27,2024-08-03,2024-08-05,52,52,659.53,34295.59
PO0002613,S006,P0023,WH04,2024-07-27,2024-08-03,2024-08-03,91,91,719.87,65508.01
PO0002614,S006,P0024,WH02,2024-07-27,2024-08-02,2024-08-04,58,57,694.45,40278.1
PO0002615,S002,P0027,WH05,2024-07-27,2024-08-02,2024-08-02,125,120,553.82,69227.12
PO0002616,S009,P0030,WH01,2024-07-27,2024-08-06,2024-08-08,160,148,2509.49,401519.01
PO0002617,S004,P0033,WH05,2024-07-27,2024-07-31,2024-08-02,98,96,2136.72,209398.6
PO0002618,S008,P0036,WH03,2024-07-27,2024-07-31,2024-07-31,314,296,2044.41,641946.19
PO0002619,S009,P0001,WH01,2024-07-28,2024-08-06,2024-08-08,135,129,1465.86,197891.71
PO0002620,S006,P0003,WH05,2024-07-28,2024-08-03,2024-08-03,186,183,880.68,163806.62
PO0002621,S011,P0006,WH04,2024-07-28,2024-08-01,2024-08-01,50,49,2780.78,139038.78
PO0002622,S011,P0012,WH05,2024-07-28,2024-08-02,2024-08-02,59,56,2260.02,133341.15
PO0002623,S010,P0014,WH02,2024-07-28,2024-08-05,2024-08-05,347,343,2027.71,703615.86
PO0002624,S010,P0014,WH04,2024-07-28,2024-08-05,2024-08-08,254,251,1926.33,489287.77
PO0002625,S004,P0015,WH04,2024-07-28,2024-08-05,2024-08-10,92,86,249.72,22974.11
PO0002626,S004,P0015,WH05,2024-07-28,2024-08-04,2024-08-04,124,116,243.03,30135.58
PO0002627,S012,P0016,WH02,2024-07-28,2024-08-06,2024-08-06,340,328,827.77,281442.61
PO0002628,S012,P0016,WH03,2024-07-28,2024-08-07,2024-08-07,436,428,861.65,375680.28
PO0002629,S006,P0018,WH04,2024-07-28,2024-08-06,2024-08-06,59,57,1045.35,61675.75
PO0002630,S010,P0021,WH02,2024-07-28,2024-08-08,2024-08-08,215,211,722.21,155275.54
PO0002631,S006,P0023,WH01,2024-07-28,2024-08-05,2024-08-05,65,65,699.17,45446.35
PO0002632,S006,P0024,WH03,2024-07-28,2024-08-03,2024-08-03,87,85,659.02,57334.93
PO0002633,S012,P0026,WH03,2024-07-28,2024-08-08,2024-08-10,425,409,2209.87,939195.74
PO0002634,S006,P0028,WH01,2024-07-28,2024-08-05,2024-08-05,203,202,3322.84,674536.54
PO0002635,S009,P0030,WH02,2024-07-28,2024-08-08,2024-08-08,225,210,2571.32,578546.87
PO0002636,S004,P0031,WH01,2024-07-28,2024-08-04,2024-08-06,50,46,488.2,24410.1
PO0002637,S009,P0032,WH05,2024-07-28,2024-08-07,2024-08-07,209,193,1654.89,345871.69
PO0002638,S004,P0033,WH03,2024-07-28,2024-08-04,2024-08-07,189,179,2058.23,389004.56
PO0002639,S006,P0034,WH02,2024-07-28,2024-08-03,2024-08-06,50,49,3116.18,155808.83
PO0002640,S008,P0036,WH01,2024-07-28,2024-08-03,2024-08-03,278,258,2115.91,588223.36
PO0002641,S002,P0039,WH01,2024-07-28,2024-08-03,2024-08-03,56,52,485.66,27197.18
PO0002642,S009,P0001,WH02,2024-07-29,2024-08-06,2024-08-09,219,208,1342.8,294072.22
PO0002643,S007,P0011,WH01,2024-07-29,2024-08-02,2024-08-04,74,73,636.18,47077.09
PO0002644,S011,P0012,WH05,2024-07-29,2024-07-31,2024-07-31,50,46,2259.74,112987.11
PO0002645,S010,P0014,WH02,2024-07-29,2024-08-07,2024-08-07,383,375,1966.4,753131.74
PO0002646,S012,P0016,WH02,2024-07-29,2024-08-08,2024-08-09,250,240,919.93,229981.87
PO0002647,S008,P0019,WH04,2024-07-29,2024-08-03,2024-08-03,183,174,1924.2,352128.92
PO0002648,S008,P0019,WH05,2024-07-29,2024-07-31,2024-08-03,140,130,2088.2,292348.4
PO0002649,S010,P0021,WH02,2024-07-29,2024-08-05,2024-08-05,225,221,703.18,158215.52
PO0002650,S006,P0023,WH01,2024-07-29,2024-08-05,2024-08-05,64,61,681.15,43593.75
PO0002651,S006,P0024,WH02,2024-07-29,2024-08-04,2024-08-04,83,83,621.09,51550.43
PO0002652,S004,P0031,WH01,2024-07-29,2024-08-04,2024-08-04,50,49,473.51,23675.28
PO0002653,S004,P0031,WH04,2024-07-29,2024-08-04,2024-08-04,50,45,498.73,24936.4
PO0002654,S004,P0033,WH03,2024-07-29,2024-08-04,2024-08-04,104,98,1998.76,207870.62
PO0002655,S008,P0036,WH01,2024-07-29,2024-08-02,2024-08-05,190,173,2060.12,391422.24
PO0002656,S009,P0001,WH02,2024-07-30,2024-08-05,2024-08-05,180,172,1325.64,238614.96
PO0002657,S011,P0006,WH02,2024-07-30,2024-08-04,2024-08-05,50,49,2863.08,143153.92
PO0002658,S011,P0006,WH04,2024-07-30,2024-08-03,2024-08-04,50,48,2870.23,143511.42
PO0002659,S007,P0010,WH01,2024-07-30,2024-08-04,2024-08-05,62,59,2643.95,163924.87
PO0002660,S011,P0012,WH05,2024-07-30,2024-08-02,2024-08-07,61,57,2521.78,153828.51
PO0002661,S010,P0014,WH04,2024-07-30,2024-08-07,2024-08-07,226,224,2011.65,454633.56
PO0002662,S012,P0016,WH03,2024-07-30,2024-08-07,2024-08-07,378,367,819.47,309758.9
PO0002663,S009,P0022,WH04,2024-07-30,2024-08-07,2024-08-09,57,56,446.58,25455.17
PO0002664,S006,P0025,WH02,2024-07-30,2024-08-04,2024-08-05,266,262,1498.47,398593.52
PO0002665,S012,P0026,WH03,2024-07-30,2024-08-10,2024-08-10,246,240,2133.29,524788.72
PO0002666,S006,P0028,WH03,2024-07-30,2024-08-07,2024-08-07,230,226,3180.21,731449.35
PO0002667,S006,P0028,WH04,2024-07-30,2024-08-06,2024-08-07,199,194,3251.9,647127.27
PO0002668,S004,P0031,WH05,2024-07-30,2024-08-07,2024-08-07,50,46,458.53,22926.57
PO0002669,S009,P0032,WH01,2024-07-30,2024-08-07,2024-08-09,211,199,1647.8,347685.57
PO0002670,S009,P0032,WH05,2024-07-30,2024-08-08,2024-08-08,164,155,1589.32,260647.97
PO0002671,S008,P0036,WH01,2024-07-30,2024-08-02,2024-08-02,250,231,2197.3,549326.1
PO0002672,S002,P0037,WH02,2024-07-30,2024-08-05,2024-08-05,92,85,1560.19,143537.33
PO0002673,S008,P0038,WH03,2024-07-30,2024-08-01,2024-08-01,179,165,1820.48,325866.42
PO0002674,S002,P0039,WH01,2024-07-30,2024-08-06,2024-08-06,50,47,486.79,24339.3
PO0002675,S002,P0039,WH02,2024-07-30,2024-08-06,2024-08-07,72,66,498.11,35864.0
PO0002676,S006,P0003,WH05,2024-07-31,2024-08-06,2024-08-08,129,127,891.54,115008.3
PO0002677,S009,P0005,WH01,2024-07-31,2024-08-06,2024-08-09,50,47,1231.38,61568.77
PO0002678,S011,P0006,WH02,2024-07-31,2024-08-04,2024-08-06,50,47,2767.01,138350.63
PO0002679,S011,P0006,WH03,2024-07-31,2024-08-05,2024-08-05,50,47,2780.8,139040.2
PO0002680,S010,P0008,WH04,2024-07-31,2024-08-08,2024-08-08,69,68,818.4,56469.84
PO0002681,S007,P0011,WH01,2024-07-31,2024-08-06,2024-08-06,65,62,622.41,40456.41
PO0002682,S006,P0018,WH04,2024-07-31,2024-08-07,2024-08-08,65,65,1076.81,69992.74
PO0002683,S009,P0032,WH05,2024-07-31,2024-08-06,2024-08-09,198,185,1770.81,350620.82
PO0002684,S004,P0033,WH03,2024-07-31,2024-08-04,2024-08-04,136,131,2138.33,290813.04
PO0002685,S009,P0035,WH02,2024-07-31,2024-08-06,2024-08-06,161,154,1584.47,255099.01
PO0002686,S002,P0037,WH02,2024-07-31,2024-08-08,2024-08-09,96,92,1598.15,153422.22
PO0002687,S008,P0038,WH03,2024-07-31,2024-08-06,2024-08-06,208,198,1850.73,384952.04
PO0002688,S008,P0004,WH02,2024-08-01,2024-08-07,2024-08-12,319,299,1631.92,520583.94
PO0002689,S009,P0005,WH01,2024-08-01,2024-08-08,2024-08-08,68,62,1161.17,78959.69
PO0002690,S007,P0010,WH01,2024-08-01,2024-08-04,2024-08-07,57,55,2650.1,151055.54
PO0002691,S010,P0014,WH04,2024-08-01,2024-08-09,2024-08-09,196,192,2103.24,412235.16
PO0002692,S011,P0017,WH02,2024-08-01,2024-08-06,2024-08-09,359,331,880.1,315957.13
PO0002693,S011,P0017,WH03,2024-08-01,2024-08-03,2024-08-05,264,248,928.06,245008.92
PO0002694,S006,P0024,WH03,2024-08-01,2024-08-06,2024-08-06,65,63,687.47,44685.3
PO0002695,S006,P0025,WH02,2024-08-01,2024-08-08,2024-08-08,160,158,1377.22,220354.47
PO0002696,S012,P0026,WH03,2024-08-01,2024-08-12,2024-08-12,326,321,2312.51,753879.31
PO0002697,S006,P0028,WH01,2024-08-01,2024-08-08,2024-08-08,187,184,3129.42,585200.73
PO0002698,S004,P0031,WH04,2024-08-01,2024-08-07,2024-08-07,50,49,499.93,24996.59
PO0002699,S004,P0031,WH05,2024-08-01,2024-08-07,2024-08-08,50,46,450.5,22524.84
PO0002700,S009,P0032,WH01,2024-08-01,2024-08-11,2024-08-13,257,243,1696.14,435908.12
PO0002701,S004,P0033,WH03,2024-08-01,2024-08-05,2024-08-08,186,171,2029.56,377498.74
PO0002702,S009,P0005,WH03,2024-08-02,2024-08-10,2024-08-11,83,75,1129.02,93708.72
PO0002703,S011,P0006,WH03,2024-08-02,2024-08-08,2024-08-08,50,50,2795.21,139760.4
PO0002704,S007,P0010,WH01,2024-08-02,2024-08-08,2024-08-11,57,52,2750.27,156765.29
PO0002705,S010,P0014,WH05,2024-08-02,2024-08-11,2024-08-13,260,258,2015.91,524137.71
PO0002706,S012,P0016,WH02,2024-08-02,2024-08-13,2024-08-13,354,347,849.37,300675.37
PO0002707,S006,P0023,WH04,2024-08-02,2024-08-09,2024-08-10,65,65,729.25,47401.38
PO0002708,S006,P0028,WH04,2024-08-02,2024-08-07,2024-08-07,179,177,3161.46,565900.61
PO0002709,S009,P0030,WH04,2024-08-02,2024-08-11,2024-08-11,113,104,2696.99,304759.86
PO0002710,S009,P0032,WH01,2024-08-02,2024-08-09,2024-08-09,195,182,1709.9,333430.34
PO0002711,S009,P0032,WH05,2024-08-02,2024-08-11,2024-08-11,242,225,1736.36,420200.05
PO0002712,S006,P0034,WH03,2024-08-02,2024-08-08,2024-08-10,50,50,2908.32,145416.0
PO0002713,S009,P0001,WH04,2024-08-03,2024-08-11,2024-08-11,109,105,1429.37,155801.8
PO0002714,S011,P0006,WH03,2024-08-03,2024-08-09,2024-08-09,50,45,2734.84,136741.79
PO0002715,S010,P0014,WH02,2024-08-03,2024-08-12,2024-08-13,327,324,2112.09,690654.53
PO0002716,S011,P0017,WH02,2024-08-03,2024-08-09,2024-08-14,403,383,947.34,381776.86
PO0002717,S006,P0024,WH01,2024-08-03,2024-08-09,2024-08-11,50,50,625.87,31293.66
PO0002718,S009,P0030,WH04,2024-08-03,2024-08-12,2024-08-12,126,118,2492.17,314013.5
PO0002719,S004,P0031,WH05,2024-08-03,2024-08-12,2024-08-12,50,47,497.13,24856.28
PO0002720,S010,P0008,WH04,2024-08-04,2024-08-12,2024-08-15,79,78,860.63,67989.94
PO0002721,S007,P0011,WH04,2024-08-04,2024-08-07,2024-08-08,126,119,625.82,78853.43
PO0002722,S010,P0014,WH04,2024-08-04,2024-08-16,2024-08-16,160,157,1992.76,318841.18
PO0002723,S012,P0016,WH03,2024-08-04,2024-08-14,2024-08-14,400,394,859.25,343698.91
PO0002724,S006,P0023,WH01,2024-08-04,2024-08-10,2024-08-11,82,82,721.49,59162.48
PO0002725,S002,P0027,WH02,2024-08-04,2024-08-14,2024-08-15,226,216,522.71,118133.5
PO0002726,S006,P0028,WH03,2024-08-04,2024-08-11,2024-08-12,217,214,3226.57,700165.76
PO0002727,S004,P0033,WH01,2024-08-04,2024-08-11,2024-08-14,97,97,2032.15,197118.84
PO0002728,S009,P0035,WH02,2024-08-04,2024-08-13,2024-08-15,236,222,1577.09,372192.28
PO0002729,S002,P0039,WH02,2024-08-04,2024-08-10,2024-08-10,113,109,506.5,57234.74
PO0002730,S009,P0002,WH03,2024-08-05,2024-08-11,2024-08-11,333,320,806.28,268490.1
PO0002731,S008,P0004,WH02,2024-08-05,2024-08-08,2024-08-08,306,281,1552.11,474944.33
PO0002732,S010,P0008,WH02,2024-08-05,2024-08-13,2024-08-13,151,149,811.0,122460.88
PO0002733,S007,P0011,WH04,2024-08-05,2024-08-10,2024-08-13,92,91,597.13,54935.97
PO0002734,S008,P0019,WH01,2024-08-05,2024-08-09,2024-08-09,137,126,2118.38,290218.59
PO0002735,S010,P0021,WH05,2024-08-05,2024-08-14,2024-08-14,139,136,706.71,98232.43
PO0002736,S006,P0028,WH03,2024-08-05,2024-08-11,2024-08-11,212,207,3221.79,683019.13
PO0002737,S004,P0031,WH05,2024-08-05,2024-08-10,2024-08-15,50,47,494.55,24727.67
PO0002738,S009,P0032,WH01,2024-08-05,2024-08-14,2024-08-14,244,225,1726.97,421380.62
PO0002739,S006,P0034,WH01,2024-08-05,2024-08-13,2024-08-13,50,48,2912.72,145636.17
PO0002740,S009,P0005,WH03,2024-08-06,2024-08-13,2024-08-13,86,84,1132.91,97430.07
PO0002741,S004,P0007,WH02,2024-08-06,2024-08-12,2024-08-12,240,233,2395.81,574994.74
PO0002742,S006,P0020,WH04,2024-08-06,2024-08-12,2024-08-12,180,178,2409.57,433723.19
PO0002743,S006,P0028,WH04,2024-08-06,2024-08-10,2024-08-10,162,161,3138.5,508437.01
PO0002744,S004,P0031,WH05,2024-08-06,2024-08-14,2024-08-14,53,50,461.1,24438.09
PO0002745,S009,P0032,WH02,2024-08-06,2024-08-15,2024-08-16,271,252,1648.83,446832.92
PO0002746,S002,P0037,WH04,2024-08-06,2024-08-13,2024-08-16,86,77,1471.31,126532.3
PO0002747,S009,P0002,WH03,2024-08-07,2024-08-14,2024-08-14,303,280,751.61,227737.0
PO0002748,S008,P0004,WH05,2024-08-07,2024-08-11,2024-08-11,245,232,1647.54,403647.91
PO0002749,S009,P0005,WH03,2024-08-07,2024-08-16,2024-08-18,125,120,1239.83,154978.83
PO0002750,S004,P0015,WH04,2024-08-07,2024-08-13,2024-08-13,64,63,254.38,16280.3
PO0002751,S011,P0017,WH02,2024-08-07,2024-08-10,2024-08-10,291,276,975.38,283835.57
PO0002752,S008,P0019,WH01,2024-08-07,2024-08-11,2024-08-11,145,131,2031.11,294511.0
PO0002753,S002,P0027,WH02,2024-08-07,2024-08-13,2024-08-13,237,222,538.24,127561.72
PO0002754,S004,P0031,WH03,2024-08-07,2024-08-14,2024-08-16,50,48,487.62,24381.02
PO0002755,S004,P0033,WH04,2024-08-07,2024-08-15,2024-08-15,102,93,2163.34,220660.32
PO0002756,S006,P0003,WH04,2024-08-08,2024-08-12,2024-08-13,228,224,896.71,204450.54
PO0002757,S010,P0008,WH02,2024-08-08,2024-08-17,2024-08-19,116,113,774.25,89813.12
PO0002758,S007,P0011,WH02,2024-08-08,2024-08-13,2024-08-15,137,130,648.31,88818.88
PO0002759,S008,P0019,WH05,2024-08-08,2024-08-13,2024-08-15,152,142,2007.84,305192.35
PO0002760,S006,P0020,WH04,2024-08-08,2024-08-14,2024-08-15,125,124,2445.45,305680.73
PO0002761,S002,P0027,WH01,2024-08-08,2024-08-13,2024-08-13,125,118,544.57,68071.37
PO0002762,S009,P0030,WH04,2024-08-08,2024-08-16,2024-08-16,219,207,2429.62,532086.99
PO0002763,S004,P0033,WH04,2024-08-08,2024-08-14,2024-08-14,78,74,2057.94,160519.54
PO0002764,S009,P0001,WH04,2024-08-09,2024-08-19,2024-08-19,153,142,1404.38,214870.76
PO0002765,S009,P0002,WH03,2024-08-09,2024-08-18,2024-08-18,306,292,817.08,250025.25
PO0002766,S008,P0004,WH03,2024-08-09,2024-08-11,2024-08-13,227,214,1671.2,379362.33
PO0002767,S009,P0005,WH03,2024-08-09,2024-08-18,2024-08-19,114,102,1155.27,131700.66
PO0002768,S011,P0006,WH01,2024-08-09,2024-08-12,2024-08-12,50,47,2728.98,136449.01
PO0002769,S004,P0007,WH01,2024-08-09,2024-08-18,2024-08-21,143,137,2475.27,353963.39
PO0002770,S004,P0007,WH03,2024-08-09,2024-08-16,2024-08-16,250,241,2354.81,588702.63
PO0002771,S010,P0021,WH05,2024-08-09,2024-08-18,2024-08-19,192,190,738.73,141836.18
PO0002772,S009,P0030,WH04,2024-08-09,2024-08-19,2024-08-19,167,162,2613.34,436427.84
PO0002773,S006,P0034,WH01,2024-08-09,2024-08-15,2024-08-15,50,49,3166.05,158302.71
PO0002774,S002,P0037,WH04,2024-08-09,2024-08-13,2024-08-14,88,81,1569.77,138140.14
PO0002775,S002,P0037,WH05,2024-08-09,2024-08-17,2024-08-17,109,105,1465.55,159744.81
PO0002776,S006,P0003,WH04,2024-08-10,2024-08-16,2024-08-16,150,147,885.12,132767.78
PO0002777,S011,P0006,WH01,2024-08-10,2024-08-15,2024-08-15,50,48,2685.42,134270.93
PO0002778,S004,P0007,WH01,2024-08-10,2024-08-15,2024-08-15,168,159,2506.01,421009.43
PO0002779,S004,P0007,WH03,2024-08-10,2024-08-15,2024-08-15,280,267,2466.11,690509.75
PO0002780,S008,P0019,WH05,2024-08-10,2024-08-13,2024-08-16,146,134,1914.65,279538.68
PO0002781,S006,P0020,WH03,2024-08-10,2024-08-16,2024-08-16,216,213,2300.47,496902.14
PO0002782,S006,P0024,WH04,2024-08-10,2024-08-16,2024-08-18,50,50,697.53,34876.39
PO0002783,S002,P0027,WH02,2024-08-10,2024-08-16,2024-08-16,239,219,570.47,136343.13
PO0002784,S002,P0027,WH05,2024-08-10,2024-08-17,2024-08-19,194,179,544.7,105672.51
PO0002785,S009,P0030,WH04,2024-08-10,2024-08-17,2024-08-19,119,109,2447.11,291206.42
PO0002786,S008,P0036,WH04,2024-08-10,2024-08-14,2024-08-14,229,217,2189.82,501468.99
PO0002787,S004,P0007,WH02,2024-08-11,2024-08-20,2024-08-20,204,192,2358.0,481032.81
PO0002788,S007,P0013,WH05,2024-08-11,2024-08-16,2024-08-16,51,48,2839.72,144825.96
PO0002789,S010,P0021,WH05,2024-08-11,2024-08-19,2024-08-20,205,204,744.61,152645.48
PO0002790,S006,P0024,WH04,2024-08-11,2024-08-17,2024-08-17,50,49,646.26,32312.97
PO0002791,S002,P0037,WH04,2024-08-11,2024-08-19,2024-08-19,109,102,1522.12,165910.74
PO0002792,S007,P0010,WH02,2024-08-12,2024-08-18,2024-08-21,112,104,2796.08,313161.12
PO0002793,S007,P0011,WH02,2024-08-12,2024-08-15,2024-08-18,143,139,617.15,88252.31
PO0002794,S006,P0020,WH02,2024-08-12,2024-08-19,2024-08-20,220,214,2497.94,549546.65
PO0002795,S006,P0023,WH03,2024-08-12,2024-08-19,2024-08-20,103,102,665.7,68567.11
PO0002796,S002,P0027,WH02,2024-08-12,2024-08-19,2024-08-19,250,236,551.47,137866.48
PO0002797,S002,P0027,WH05,2024-08-12,2024-08-19,2024-08-19,228,211,549.23,125225.06
PO0002798,S009,P0032,WH02,2024-08-12,2024-08-17,2024-08-17,351,328,1584.3,556089.32
PO0002799,S008,P0036,WH04,2024-08-12,2024-08-14,2024-08-15,202,190,2174.21,439191.29
PO0002800,S002,P0037,WH04,2024-08-12,2024-08-19,2024-08-19,100,93,1515.97,151596.82
PO0002801,S006,P0024,WH04,2024-08-13,2024-08-19,2024-08-22,53,52,686.34,36375.8
PO0002802,S002,P0027,WH05,2024-08-13,2024-08-19,2024-08-19,217,205,563.75,122334.04
PO0002803,S004,P0033,WH01,2024-08-13,2024-08-22,2024-08-27,94,86,2026.84,190522.68
PO0002804,S002,P0037,WH05,2024-08-13,2024-08-18,2024-08-18,70,62,1560.31,109221.48
PO0002805,S010,P0009,WH05,2024-08-14,2024-08-23,2024-08-23,59,58,2346.72,138456.62
PO0002806,S007,P0013,WH05,2024-08-14,2024-08-19,2024-08-21,50,48,2780.01,139000.73
PO0002807,S006,P0018,WH02,2024-08-14,2024-08-21,2024-08-26,83,82,1119.63,92929.28
PO0002808,S006,P0020,WH02,2024-08-14,2024-08-20,2024-08-25,230,225,2256.4,518972.12
PO0002809,S006,P0020,WH03,2024-08-14,2024-08-20,2024-08-20,261,260,2298.32,599861.71
PO0002810,S009,P0032,WH02,2024-08-14,2024-08-23,2024-08-24,328,320,1678.1,550418.23
PO0002811,S009,P0035,WH02,2024-08-14,2024-08-22,2024-08-23,196,182,1529.98,299875.98
PO0002812,S010,P0009,WH05,2024-08-15,2024-08-23,2024-08-23,60,59,2440.83,146449.93
PO0002813,S006,P0018,WH02,2024-08-15,2024-08-24,2024-08-25,102,100,1040.68,106149.31
PO0002814,S002,P0027,WH05,2024-08-15,2024-08-19,2024-08-20,191,181,538.72,102896.14
PO0002815,S009,P0032,WH02,2024-08-15,2024-08-25,2024-08-26,356,333,1604.04,571038.16
PO0002816,S002,P0037,WH05,2024-08-15,2024-08-23,2024-08-23,79,73,1583.27,125078.66
PO0002817,S010,P0009,WH02,2024-08-16,2024-08-26,2024-08-26,90,89,2490.09,224108.42
PO0002818,S007,P0010,WH04,2024-08-16,2024-08-20,2024-08-21,52,50,2701.4,140472.91
PO0002819,S011,P0012,WH01,2024-08-16,2024-08-19,2024-08-21,53,50,2382.04,126248.11
PO0002820,S006,P0018,WH02,2024-08-16,2024-08-21,2024-08-21,78,75,1146.24,89406.44
PO0002821,S008,P0019,WH03,2024-08-16,2024-08-22,2024-08-24,231,216,1960.26,452818.91
PO0002822,S006,P0023,WH03,2024-08-16,2024-08-21,2024-08-21,92,90,695.33,63970.22
PO0002823,S002,P0027,WH05,2024-08-16,2024-08-22,2024-08-22,200,190,567.9,113580.8
PO0002824,S009,P0032,WH04,2024-08-16,2024-08-24,2024-08-24,147,134,1737.92,255473.56
PO0002825,S008,P0036,WH03,2024-08-16,2024-08-19,2024-08-24,412,379,2100.87,865558.22
PO0002826,S010,P0008,WH01,2024-08-17,2024-08-26,2024-08-29,130,130,783.27,101824.58
PO0002827,S010,P0009,WH05,2024-08-17,2024-08-24,2024-08-25,80,79,2513.27,201061.27
PO0002828,S007,P0010,WH04,2024-08-17,2024-08-23,2024-08-23,63,59,2797.82,176262.67
PO0002829,S011,P0012,WH01,2024-08-17,2024-08-21,2024-08-23,50,47,2439.04,121952.11
PO0002830,S002,P0027,WH03,2024-08-17,2024-08-26,2024-08-26,249,237,517.53,128865.93
PO0002831,S006,P0028,WH05,2024-08-17,2024-08-24,2024-08-24,204,200,3057.32,623693.43
PO0002832,S008,P0036,WH03,2024-08-17,2024-08-19,2024-08-21,395,373,1990.71,786331.64
PO0002833,S008,P0038,WH04,2024-08-17,2024-08-20,2024-08-23,152,139,1799.93,273590.05
PO0002834,S009,P0005,WH02,2024-08-18,2024-08-26,2024-08-31,108,107,1202.89,129912.17
PO0002835,S007,P0010,WH02,2024-08-18,2024-08-22,2024-08-24,79,74,2685.6,212162.21
PO0002836,S007,P0010,WH04,2024-08-18,2024-08-21,2024-08-21,73,70,2920.56,213201.22
PO0002837,S006,P0018,WH02,2024-08-18,2024-08-23,2024-08-23,107,105,1078.62,115412.63
PO0002838,S002,P0027,WH05,2024-08-18,2024-08-25,2024-08-26,212,195,547.83,116139.6
PO0002839,S006,P0028,WH05,2024-08-18,2024-08-24,2024-08-24,182,182,3054.81,555975.78
PO0002840,S004,P0029,WH04,2024-08-18,2024-08-23,2024-08-23,213,200,3312.59,705582.33
PO0002841,S009,P0005,WH02,2024-08-19,2024-08-27,2024-08-28,69,65,1251.13,86328.3
PO0002842,S010,P0009,WH02,2024-08-19,2024-08-26,2024-08-26,82,79,2457.39,201506.22
PO0002843,S007,P0010,WH02,2024-08-19,2024-08-25,2024-08-25,118,115,2880.81,339936.03
PO0002844,S007,P0010,WH04,2024-08-19,2024-08-21,2024-08-22,63,57,2730.26,172006.07
PO0002845,S006,P0018,WH02,2024-08-19,2024-08-26,2024-08-26,55,55,1051.84,57851.27
PO0002846,S006,P0025,WH04,2024-08-19,2024-08-28,2024-08-29,156,153,1441.63,224894.83
PO0002847,S009,P0032,WH04,2024-08-19,2024-08-26,2024-08-26,176,168,1646.25,289739.87
PO0002848,S008,P0036,WH03,2024-08-19,2024-08-23,2024-08-24,287,274,2201.87,631935.31
PO0002849,S009,P0005,WH05,2024-08-20,2024-08-27,2024-08-27,80,76,1130.24,90418.92
PO0002850,S010,P0008,WH01,2024-08-20,2024-08-27,2024-08-27,118,116,809.11,95475.54
PO0002851,S010,P0009,WH02,2024-08-20,2024-08-30,2024-09-04,78,77,2439.69,190295.68
PO0002852,S010,P0009,WH05,2024-08-20,2024-08-29,2024-08-31,76,76,2340.83,177903.44
PO0002853,S007,P0010,WH04,2024-08-20,2024-08-25,2024-08-26,91,87,2709.14,246531.64
PO0002854,S011,P0012,WH01,2024-08-20,2024-08-25,2024-08-25,50,49,2388.52,119425.76
PO0002855,S006,P0025,WH04,2024-08-20,2024-08-26,2024-08-26,160,157,1413.88,226220.31
PO0002856,S008,P0036,WH03,2024-08-20,2024-08-23,2024-08-23,322,296,2137.53,688283.16
PO0002857,S009,P0002,WH02,2024-08-21,2024-08-31,2024-08-31,176,168,794.34,139803.41
PO0002858,S008,P0004,WH03,2024-08-21,2024-08-24,2024-08-24,285,258,1576.41,449276.09
PO0002859,S010,P0009,WH02,2024-08-21,2024-08-28,2024-08-28,98,96,2238.97,219418.68
PO0002860,S010,P0009,WH05,2024-08-21,2024-08-30,2024-08-30,51,50,2334.9,119079.66
PO0002861,S008,P0019,WH03,2024-08-21,2024-08-23,2024-08-24,287,268,1999.01,573715.19
PO0002862,S006,P0025,WH04,2024-08-21,2024-08-29,2024-08-29,122,119,1442.14,175941.2
PO0002863,S006,P0028,WH05,2024-08-21,2024-08-27,2024-08-27,143,142,3291.23,470646.04
PO0002864,S009,P0032,WH04,2024-08-21,2024-08-30,2024-09-02,150,144,1750.96,262643.73
PO0002865,S008,P0036,WH05,2024-08-21,2024-08-24,2024-08-24,222,202,2090.85,464169.05
PO0002866,S010,P0009,WH02,2024-08-22,2024-08-30,2024-08-30,80,80,2410.25,192820.16
PO0002867,S007,P0013,WH02,2024-08-22,2024-08-28,2024-08-28,69,64,2767.63,190966.39
PO0002868,S010,P0021,WH03,2024-08-22,2024-08-30,2024-08-30,272,264,683.95,186033.46
PO0002869,S002,P0027,WH01,2024-08-22,2024-08-28,2024-08-28,202,190,535.92,108256.16
PO0002870,S008,P0004,WH03,2024-08-23,2024-08-26,2024-08-27,250,234,1663.15,415787.51
PO0002871,S009,P0005,WH02,2024-08-23,2024-08-31,2024-08-31,122,115,1134.54,138413.87
PO0002872,S011,P0017,WH03,2024-08-23,2024-08-26,2024-08-26,283,267,881.79,249547.36
PO0002873,S008,P0019,WH02,2024-08-23,2024-08-27,2024-08-27,292,271,1997.91,583389.96
PO0002874,S008,P0019,WH03,2024-08-23,2024-08-25,2024-08-26,192,179,2015.53,386981.51
PO0002875,S006,P0025,WH04,2024-08-23,2024-08-31,2024-09-01,187,186,1487.1,278087.72
PO0002876,S006,P0025,WH05,2024-08-23,2024-08-30,2024-08-30,145,143,1391.83,201815.61
PO0002877,S009,P0030,WH05,2024-08-23,2024-08-30,2024-08-30,160,146,2501.39,400222.52
PO0002878,S009,P0005,WH02,2024-08-24,2024-08-31,2024-08-31,107,105,1202.61,128679.44
PO0002879,S011,P0017,WH03,2024-08-24,2024-08-30,2024-08-30,278,262,934.2,259706.87
PO0002880,S010,P0021,WH03,2024-08-24,2024-09-01,2024-09-06,303,300,677.26,205209.49
PO0002881,S009,P0022,WH01,2024-08-24,2024-09-01,2024-09-04,64,62,443.0,28351.87
PO0002882,S006,P0025,WH05,2024-08-24,2024-09-02,2024-09-02,130,128,1489.11,193583.87
PO0002883,S002,P0027,WH03,2024-08-24,2024-08-31,2024-09-05,165,153,563.13,92916.71
PO0002884,S009,P0030,WH05,2024-08-24,2024-09-02,2024-09-02,136,128,2507.1,340965.81
PO0002885,S004,P0031,WH02,2024-08-24,2024-08-29,2024-08-30,60,59,449.0,26940.26
PO0002886,S010,P0009,WH02,2024-08-25,2024-09-02,2024-09-04,89,89,2340.94,208344.02
PO0002887,S007,P0011,WH01,2024-08-25,2024-08-29,2024-08-31,64,62,634.75,40624.17
PO0002888,S007,P0013,WH02,2024-08-25,2024-08-29,2024-08-30,50,46,2843.96,142197.94
PO0002889,S008,P0019,WH02,2024-08-25,2024-08-28,2024-08-29,194,179,1984.6,385012.91
PO0002890,S006,P0024,WH01,2024-08-25,2024-08-30,2024-09-01,50,49,682.42,34121.23
PO0002891,S006,P0025,WH04,2024-08-25,2024-09-01,2024-09-03,119,117,1476.95,175756.8
PO0002892,S002,P0027,WH01,2024-08-25,2024-09-01,2024-09-03,143,135,567.31,81125.77
PO0002893,S002,P0027,WH03,2024-08-25,2024-08-31,2024-08-31,301,277,570.03,171579.43
PO0002894,S009,P0002,WH02,2024-08-26,2024-09-04,2024-09-05,272,251,742.04,201833.69
PO0002895,S009,P0002,WH05,2024-08-26,2024-09-02,2024-09-02,256,247,756.75,193727.66
PO0002896,S010,P0008,WH01,2024-08-26,2024-09-02,2024-09-02,98,98,832.19,81555.07
PO0002897,S007,P0011,WH01,2024-08-26,2024-08-31,2024-08-31,105,99,624.56,65578.41
PO0002898,S004,P0031,WH03,2024-08-26,2024-09-04,2024-09-04,70,65,473.05,33113.23
PO0002899,S004,P0033,WH01,2024-08-26,2024-09-01,2024-09-01,110,103,2126.34,233897.61
PO0002900,S009,P0035,WH03,2024-08-26,2024-09-03,2024-09-03,164,157,1677.88,275172.26
PO0002901,S002,P0039,WH01,2024-08-26,2024-09-03,2024-09-06,78,72,486.2,37923.93
PO0002902,S007,P0013,WH02,2024-08-27,2024-08-30,2024-08-30,54,54,2794.57,150906.62
PO0002903,S006,P0025,WH05,2024-08-27,2024-08-31,2024-09-01,164,163,1483.19,243243.3
PO0002904,S009,P0030,WH05,2024-08-27,2024-09-06,2024-09-07,185,171,2568.83,475233.24
PO0002905,S004,P0031,WH02,2024-08-27,2024-09-03,2024-09-03,58,54,453.27,26289.83
PO0002906,S004,P0031,WH03,2024-08-27,2024-09-04,2024-09-06,71,68,459.44,32620.46
PO0002907,S008,P0036,WH02,2024-08-27,2024-08-30,2024-08-31,345,329,2134.8,736506.14
PO0002908,S007,P0011,WH01,2024-08-28,2024-09-01,2024-09-02,109,104,636.83,69414.6
PO0002909,S011,P0012,WH03,2024-08-28,2024-08-31,2024-08-31,50,44,2318.38,115919.23
PO0002910,S010,P0014,WH05,2024-08-28,2024-09-04,2024-09-04,172,169,2010.47,345800.46
PO0002911,S004,P0015,WH02,2024-08-28,2024-09-04,2024-09-04,131,123,268.01,35109.47
PO0002912,S004,P0029,WH01,2024-08-28,2024-09-01,2024-09-04,274,256,3230.08,885042.32
PO0002913,S009,P0030,WH01,2024-08-28,2024-09-08,2024-09-08,135,130,2703.39,364958.13
PO0002914,S008,P0038,WH02,2024-08-28,2024-09-02,2024-09-03,122,114,1898.16,231575.15
PO0002915,S002,P0039,WH05,2024-08-28,2024-09-02,2024-09-02,96,91,481.85,46257.8
PO0002916,S006,P0018,WH01,2024-08-29,2024-09-04,2024-09-04,59,58,1132.92,66842.36
PO0002917,S006,P0018,WH05,2024-08-29,2024-09-04,2024-09-05,78,78,1140.67,88972.06
PO0002918,S008,P0019,WH04,2024-08-29,2024-09-01,2024-09-01,188,179,2103.86,395524.82
PO0002919,S009,P0030,WH01,2024-08-29,2024-09-07,2024-09-07,139,132,2466.16,342796.04
PO0002920,S006,P0034,WH04,2024-08-29,2024-09-04,2024-09-07,50,47,3026.23,151311.36
PO0002921,S008,P0036,WH02,2024-08-29,2024-09-03,2024-09-03,286,269,2206.42,631035.24
PO0002922,S002,P0039,WH01,2024-08-29,2024-09-04,2024-09-07,50,48,517.47,25873.57
PO0002923,S002,P0039,WH03,2024-08-29,2024-09-03,2024-09-05,91,86,475.72,43290.25
PO0002924,S002,P0039,WH05,2024-08-29,2024-09-04,2024-09-06,81,75,497.47,40294.72
PO0002925,S009,P0002,WH05,2024-08-30,2024-09-08,2024-09-08,243,229,750.47,182363.14
PO0002926,S004,P0007,WH04,2024-08-30,2024-09-09,2024-09-12,191,186,2349.7,448792.37
PO0002927,S007,P0011,WH01,2024-08-30,2024-09-03,2024-09-03,103,100,645.15,66450.0
PO0002928,S011,P0012,WH03,2024-08-30,2024-09-02,2024-09-04,50,48,2337.62,116881.2
PO0002929,S011,P0012,WH04,2024-08-30,2024-09-02,2024-09-03,54,51,2486.99,134297.39
PO0002930,S007,P0013,WH01,2024-08-30,2024-09-02,2024-09-03,50,48,2644.16,132207.91
PO0002931,S006,P0018,WH01,2024-08-30,2024-09-05,2024-09-07,50,50,1082.17,54108.31
PO0002932,S012,P0026,WH02,2024-08-30,2024-09-11,2024-09-11,219,214,2147.32,470262.28
PO0002933,S004,P0029,WH01,2024-08-30,2024-09-07,2024-09-10,275,263,3374.7,928043.3
PO0002934,S004,P0033,WH02,2024-08-30,2024-09-03,2024-09-03,152,144,2097.09,318758.41
PO0002935,S004,P0033,WH05,2024-08-30,2024-09-05,2024-09-06,110,106,2169.58,238653.46
PO0002936,S008,P0036,WH02,2024-08-30,2024-09-01,2024-09-01,387,371,2037.37,788461.43
PO0002937,S012,P0040,WH03,2024-08-30,2024-09-06,2024-09-08,50,49,721.64,36082.06
PO0002938,S010,P0008,WH04,2024-08-31,2024-09-06,2024-09-11,83,83,780.69,64796.95
PO0002939,S008,P0019,WH04,2024-08-31,2024-09-05,2024-09-06,161,152,2113.83,340327.2
PO0002940,S004,P0029,WH01,2024-08-31,2024-09-08,2024-09-08,224,215,3557.31,796836.4
PO0002941,S009,P0030,WH01,2024-08-31,2024-09-10,2024-09-10,205,189,2672.33,547827.74
PO0002942,S008,P0038,WH01,2024-08-31,2024-09-03,2024-09-03,158,148,1897.15,299749.74
PO0002943,S008,P0038,WH02,2024-08-31,2024-09-03,2024-09-06,137,131,1855.56,254211.22
PO0002944,S002,P0039,WH05,2024-08-31,2024-09-04,2024-09-07,76,74,473.06,35952.27
PO0002945,S009,P0002,WH05,2024-09-01,2024-09-10,2024-09-11,203,194,781.9,158726.16
PO0002946,S008,P0004,WH01,2024-09-01,2024-09-04,2024-09-07,212,193,1646.06,348965.34
PO0002947,S010,P0008,WH04,2024-09-01,2024-09-08,2024-09-08,83,82,821.04,68146.3
PO0002948,S007,P0013,WH01,2024-09-01,2024-09-03,2024-09-03,50,49,2785.33,139266.67
PO0002949,S006,P0025,WH03,2024-09-01,2024-09-07,2024-09-08,258,254,1373.58,354383.03
PO0002950,S002,P0027,WH04,2024-09-01,2024-09-05,2024-09-06,136,131,552.31,75114.0
PO0002951,S004,P0029,WH01,2024-09-01,2024-09-09,2024-09-09,282,268,3316.08,935133.65
PO0002952,S009,P0030,WH01,2024-09-01,2024-09-08,2024-09-08,175,165,2492.55,436196.2
PO0002953,S004,P0031,WH03,2024-09-01,2024-09-11,2024-09-11,64,63,476.11,30471.35
PO0002954,S006,P0034,WH04,2024-09-01,2024-09-07,2024-09-07,50,48,2943.52,147175.81
PO0002955,S008,P0038,WH02,2024-09-01,2024-09-05,2024-09-05,229,212,1749.38,400608.92
PO0002956,S008,P0038,WH03,2024-09-01,2024-09-05,2024-09-08,211,196,1816.65,383314.13
PO0002957,S008,P0038,WH05,2024-09-01,2024-09-05,2024-09-08,112,103,1741.32,195027.37
PO0002958,S002,P0039,WH03,2024-09-01,2024-09-07,2024-09-10,122,119,480.01,58561.07
PO0002959,S008,P0004,WH01,2024-09-02,2024-09-05,2024-09-06,188,173,1564.3,294087.86
PO0002960,S010,P0008,WH04,2024-09-02,2024-09-13,2024-09-13,71,69,840.32,59662.91
PO0002961,S007,P0013,WH03,2024-09-02,2024-09-08,2024-09-10,79,76,2812.99,222226.25
PO0002962,S010,P0014,WH01,2024-09-02,2024-09-12,2024-09-15,249,247,1892.74,471293.05
PO0002963,S006,P0018,WH05,2024-09-02,2024-09-08,2024-09-08,69,69,1057.74,72984.01
PO0002964,S008,P0019,WH01,2024-09-02,2024-09-07,2024-09-07,227,220,1956.93,444223.26
PO0002965,S009,P0030,WH01,2024-09-02,2024-09-11,2024-09-11,196,188,2526.93,495278.06
PO0002966,S006,P0034,WH05,2024-09-02,2024-09-09,2024-09-09,50,49,2931.56,146578.04
PO0002967,S009,P0035,WH03,2024-09-02,2024-09-10,2024-09-10,231,218,1553.77,358921.82
PO0002968,S002,P0039,WH03,2024-09-02,2024-09-10,2024-09-10,72,67,472.28,34004.51
PO0002969,S012,P0040,WH03,2024-09-02,2024-09-11,2024-09-12,65,62,731.74,47562.93
PO0002970,S008,P0004,WH05,2024-09-03,2024-09-06,2024-09-06,155,143,1702.55,263895.47
PO0002971,S004,P0007,WH04,2024-09-03,2024-09-11,2024-09-11,183,175,2306.41,422073.8
PO0002972,S006,P0018,WH05,2024-09-03,2024-09-08,2024-09-08,76,75,1076.97,81849.46
PO0002973,S008,P0019,WH01,2024-09-03,2024-09-06,2024-09-09,123,116,1998.19,245777.45
PO0002974,S006,P0020,WH01,2024-09-03,2024-09-12,2024-09-14,109,108,2243.4,244530.69
PO0002975,S004,P0033,WH05,2024-09-03,2024-09-12,2024-09-14,117,116,2051.41,240015.44
PO0002976,S006,P0034,WH03,2024-09-03,2024-09-08,2024-09-08,59,59,3168.36,186932.96
PO0002977,S008,P0036,WH05,2024-09-03,2024-09-06,2024-09-06,291,262,2131.18,620173.8
PO0002978,S009,P0001,WH01,2024-09-04,2024-09-12,2024-09-14,175,164,1382.04,241857.63
PO0002979,S006,P0003,WH01,2024-09-04,2024-09-12,2024-09-12,180,176,920.51,165691.17
PO0002980,S008,P0004,WH01,2024-09-04,2024-09-08,2024-09-11,249,233,1672.44,416436.71
PO0002981,S011,P0006,WH05,2024-09-04,2024-09-06,2024-09-06,50,48,2803.2,140160.25
PO0002982,S004,P0007,WH04,2024-09-04,2024-09-09,2024-09-09,195,186,2541.58,495609.04
PO0002983,S011,P0017,WH05,2024-09-04,2024-09-06,2024-09-06,231,224,965.83,223106.43
PO0002984,S006,P0018,WH05,2024-09-04,2024-09-12,2024-09-12,57,55,1073.65,61198.14
PO0002985,S006,P0020,WH01,2024-09-04,2024-09-10,2024-09-11,107,107,2456.4,262834.65
PO0002986,S002,P0027,WH04,2024-09-04,2024-09-10,2024-09-10,187,180,518.83,97021.66
PO0002987,S006,P0003,WH01,2024-09-05,2024-09-12,2024-09-12,135,130,923.99,124739.12
PO0002988,S008,P0004,WH01,2024-09-05,2024-09-09,2024-09-09,197,182,1598.55,314913.39
PO0002989,S007,P0011,WH05,2024-09-05,2024-09-08,2024-09-08,76,74,602.84,45815.83
PO0002990,S004,P0015,WH05,2024-09-05,2024-09-12,2024-09-15,89,82,238.8,21253.51
PO0002991,S006,P0020,WH01,2024-09-05,2024-09-12,2024-09-12,129,127,2516.12,324580.01
PO0002992,S006,P0023,WH04,2024-09-05,2024-09-10,2024-09-10,89,89,651.36,57970.72
PO0002993,S004,P0029,WH04,2024-09-05,2024-09-12,2024-09-12,244,231,3386.57,826322.04
PO0002994,S004,P0029,WH05,2024-09-05,2024-09-12,2024-09-12,266,248,3289.57,875024.99
PO0002995,S006,P0034,WH04,2024-09-05,2024-09-14,2024-09-19,50,50,3023.64,151182.09
PO0002996,S006,P0034,WH05,2024-09-05,2024-09-12,2024-09-12,50,50,2865.66,143282.91
PO0002997,S009,P0035,WH04,2024-09-05,2024-09-15,2024-09-15,178,168,1557.71,277271.83
PO0002998,S010,P0008,WH04,2024-09-06,2024-09-13,2024-09-13,136,135,774.54,105337.19
PO0002999,S009,P0022,WH05,2024-09-06,2024-09-16,2024-09-16,50,48,448.45,22422.43
PO0003000,S006,P0025,WH03,2024-09-06,2024-09-14,2024-09-16,258,252,1449.43,373952.02
PO0003001,S012,P0026,WH04,2024-09-06,2024-09-17,2024-09-19,251,242,2134.05,535645.94
PO0003002,S004,P0029,WH04,2024-09-06,2024-09-14,2024-09-14,282,269,3303.46,931576.33
PO0003003,S006,P0034,WH03,2024-09-06,2024-09-12,2024-09-14,53,53,2901.76,153793.02
PO0003004,S008,P0038,WH05,2024-09-06,2024-09-10,2024-09-13,142,129,1868.72,265358.15
PO0003005,S012,P0040,WH03,2024-09-06,2024-09-14,2024-09-14,50,50,759.98,37998.94
PO0003006,S009,P0001,WH03,2024-09-07,2024-09-16,2024-09-16,182,172,1410.61,256731.11
PO0003007,S010,P0009,WH04,2024-09-07,2024-09-17,2024-09-17,50,49,2256.31,112815.39
PO0003008,S007,P0013,WH04,2024-09-07,2024-09-13,2024-09-16,50,49,2680.19,134009.57
PO0003009,S008,P0019,WH05,2024-09-07,2024-09-13,2024-09-13,129,127,1915.53,247103.9
PO0003010,S006,P0034,WH05,2024-09-07,2024-09-13,2024-09-13,50,49,3103.37,155168.67
PO0003011,S009,P0005,WH05,2024-09-08,2024-09-16,2024-09-16,54,52,1262.79,68190.51
PO0003012,S004,P0007,WH04,2024-09-08,2024-09-15,2024-09-15,132,127,2473.84,326547.22
PO0003013,S010,P0009,WH04,2024-09-08,2024-09-17,2024-09-18,53,52,2276.41,120649.52
PO0003014,S007,P0013,WH03,2024-09-08,2024-09-11,2024-09-11,63,60,2674.89,168518.05
PO0003015,S010,P0014,WH01,2024-09-08,2024-09-16,2024-09-16,238,236,2011.71,478786.57
PO0003016,S004,P0015,WH05,2024-09-08,2024-09-13,2024-09-16,129,124,250.21,32277.14
PO0003017,S006,P0023,WH04,2024-09-08,2024-09-13,2024-09-15,84,84,705.57,59267.68
PO0003018,S006,P0024,WH05,2024-09-08,2024-09-15,2024-09-18,65,64,637.12,41412.72
PO0003019,S004,P0029,WH04,2024-09-08,2024-09-13,2024-09-13,209,196,3207.88,670447.78
PO0003020,S004,P0029,WH05,2024-09-08,2024-09-15,2024-09-17,282,267,3490.58,984344.21
PO0003021,S006,P0034,WH02,2024-09-08,2024-09-14,2024-09-14,50,50,2968.56,148428.07
PO0003022,S002,P0039,WH04,2024-09-08,2024-09-16,2024-09-16,88,81,470.38,41393.29
PO0003023,S009,P0001,WH02,2024-09-09,2024-09-19,2024-09-19,230,214,1400.83,322190.82
PO0003024,S009,P0001,WH05,2024-09-09,2024-09-18,2024-09-20,170,159,1433.64,243718.4
PO0003025,S004,P0007,WH05,2024-09-09,2024-09-15,2024-09-16,208,198,2328.05,484234.49
PO0003026,S010,P0009,WH04,2024-09-09,2024-09-19,2024-09-22,57,57,2290.97,130585.19
PO0003027,S011,P0012,WH02,2024-09-09,2024-09-11,2024-09-14,76,72,2479.75,188461.28
PO0003028,S007,P0013,WH03,2024-09-09,2024-09-13,2024-09-13,50,50,2656.92,132845.79
PO0003029,S007,P0013,WH04,2024-09-09,2024-09-12,2024-09-12,50,47,2697.91,134895.37
PO0003030,S006,P0018,WH04,2024-09-09,2024-09-14,2024-09-14,69,69,1073.84,74094.9
PO0003031,S008,P0019,WH05,2024-09-09,2024-09-15,2024-09-16,129,121,2019.32,260492.44
PO0003032,S009,P0022,WH05,2024-09-09,2024-09-16,2024-09-19,60,57,431.55,25892.79
PO0003033,S012,P0026,WH04,2024-09-09,2024-09-21,2024-09-22,298,287,2233.44,665565.47
PO0003034,S009,P0035,WH04,2024-09-09,2024-09-17,2024-09-17,95,88,1688.98,160453.47
PO0003035,S008,P0038,WH04,2024-09-09,2024-09-13,2024-09-15,119,112,1713.57,203914.28
PO0003036,S009,P0001,WH02,2024-09-10,2024-09-18,2024-09-18,174,163,1466.39,255152.67
PO0003037,S009,P0001,WH03,2024-09-10,2024-09-17,2024-09-17,190,179,1351.4,256766.46
PO0003038,S009,P0001,WH05,2024-09-10,2024-09-17,2024-09-18,119,113,1421.98,169215.26
PO0003039,S006,P0003,WH01,2024-09-10,2024-09-17,2024-09-17,195,193,856.25,166968.51
PO0003040,S009,P0005,WH05,2024-09-10,2024-09-17,2024-09-17,77,73,1241.18,95570.94
PO0003041,S011,P0006,WH02,2024-09-10,2024-09-12,2024-09-12,50,50,2924.11,146205.56
PO0003042,S007,P0011,WH03,2024-09-10,2024-09-12,2024-09-12,108,103,625.3,67532.9
PO0003043,S011,P0012,WH02,2024-09-10,2024-09-14,2024-09-14,52,47,2366.22,123043.25
PO0003044,S007,P0013,WH04,2024-09-10,2024-09-14,2024-09-16,50,47,2694.01,134700.61
PO0003045,S006,P0025,WH02,2024-09-10,2024-09-16,2024-09-16,168,167,1494.38,251055.91
PO0003046,S004,P0029,WH05,2024-09-10,2024-09-16,2024-09-16,201,193,3442.07,691855.52
PO0003047,S006,P0034,WH02,2024-09-10,2024-09-17,2024-09-19,50,50,3088.68,154433.81
PO0003048,S002,P0039,WH02,2024-09-10,2024-09-15,2024-09-15,96,92,507.35,48705.51
PO0003049,S009,P0001,WH03,2024-09-11,2024-09-20,2024-09-22,168,154,1464.66,246062.96
PO0003050,S010,P0014,WH01,2024-09-11,2024-09-17,2024-09-20,162,159,1919.24,310916.83
PO0003051,S004,P0015,WH04,2024-09-11,2024-09-17,2024-09-19,103,99,258.12,26585.92
PO0003052,S012,P0026,WH04,2024-09-11,2024-09-23,2024-09-26,240,234,2324.56,557894.0
PO0003053,S004,P0029,WH02,2024-09-11,2024-09-16,2024-09-16,233,225,3421.15,797127.95
PO0003054,S004,P0029,WH04,2024-09-11,2024-09-17,2024-09-17,193,183,3336.29,643904.75
PO0003055,S004,P0033,WH04,2024-09-11,2024-09-15,2024-09-20,95,91,2066.06,196275.31
PO0003056,S002,P0039,WH04,2024-09-11,2024-09-17,2024-09-18,59,55,472.67,27887.38
PO0003057,S009,P0001,WH01,2024-09-12,2024-09-20,2024-09-22,158,142,1435.55,226816.4
PO0003058,S009,P0002,WH01,2024-09-12,2024-09-21,2024-09-26,229,213,801.04,183437.27
PO0003059,S006,P0003,WH03,2024-09-12,2024-09-19,2024-09-19,269,268,956.61,257327.54
PO0003060,S009,P0005,WH05,2024-09-12,2024-09-21,2024-09-22,68,64,1144.18,77804.07
PO0003061,S007,P0010,WH05,2024-09-12,2024-09-16,2024-09-17,89,86,2849.76,253628.65
PO0003062,S008,P0019,WH05,2024-09-12,2024-09-18,2024-09-18,135,128,1995.51,269393.4
PO0003063,S009,P0022,WH03,2024-09-12,2024-09-23,2024-09-25,51,48,439.81,22430.06
PO0003064,S006,P0024,WH03,2024-09-12,2024-09-19,2024-09-22,82,81,692.45,56780.61
PO0003065,S012,P0026,WH04,2024-09-12,2024-09-23,2024-09-28,236,229,2136.06,504109.1
PO0003066,S004,P0029,WH02,2024-09-12,2024-09-18,2024-09-21,387,373,3263.45,1262954.95
PO0003067,S009,P0030,WH03,2024-09-12,2024-09-20,2024-09-20,253,244,2544.13,643665.48
PO0003068,S009,P0032,WH03,2024-09-12,2024-09-21,2024-09-21,227,217,1635.2,371190.5
PO0003069,S004,P0033,WH04,2024-09-12,2024-09-21,2024-09-24,94,82,2026.14,190456.98
PO0003070,S002,P0039,WH02,2024-09-12,2024-09-18,2024-09-18,110,102,474.84,52232.77
PO0003071,S009,P0001,WH03,2024-09-13,2024-09-20,2024-09-22,233,217,1338.76,311931.3
PO0003072,S006,P0003,WH03,2024-09-13,2024-09-19,2024-09-19,321,319,909.17,291843.07
PO0003073,S008,P0004,WH05,2024-09-13,2024-09-20,2024-09-20,155,144,1665.09,258088.79
PO0003074,S010,P0008,WH05,2024-09-13,2024-09-22,2024-09-22,149,147,868.2,129361.18
PO0003075,S007,P0010,WH05,2024-09-13,2024-09-16,2024-09-16,99,93,2717.47,269030.0
PO0003076,S007,P0011,WH04,2024-09-13,2024-09-18,2024-09-18,120,111,603.07,72368.21
PO0003077,S004,P0015,WH05,2024-09-13,2024-09-19,2024-09-20,129,121,265.54,34254.46
PO0003078,S006,P0020,WH04,2024-09-13,2024-09-19,2024-09-19,192,188,2393.75,459600.09
PO0003079,S002,P0037,WH02,2024-09-13,2024-09-21,2024-09-23,90,87,1475.11,132759.49
PO0003080,S002,P0037,WH03,2024-09-13,2024-09-19,2024-09-20,104,98,1626.53,169159.06
PO0003081,S002,P0039,WH04,2024-09-13,2024-09-20,2024-09-20,67,66,487.15,32638.92
PO0003082,S009,P0001,WH02,2024-09-14,2024-09-22,2024-09-22,260,249,1456.5,378690.11
PO0003083,S009,P0002,WH01,2024-09-14,2024-09-19,2024-09-19,223,208,754.04,168150.67
PO0003084,S006,P0003,WH03,2024-09-14,2024-09-20,2024-09-20,213,206,886.15,188749.47
PO0003085,S010,P0009,WH01,2024-09-14,2024-09-25,2024-09-25,53,53,2316.63,122781.43
PO0003086,S007,P0010,WH01,2024-09-14,2024-09-18,2024-09-21,68,61,2893.98,196790.48
PO0003087,S007,P0010,WH05,2024-09-14,2024-09-20,2024-09-20,79,74,2760.17,218053.39
PO0003088,S007,P0011,WH04,2024-09-14,2024-09-20,2024-09-22,67,64,651.06,43621.05
PO0003089,S010,P0014,WH01,2024-09-14,2024-09-25,2024-09-25,263,255,2070.14,544446.97
PO0003090,S006,P0025,WH02,2024-09-14,2024-09-21,2024-09-21,141,137,1462.96,206277.86
PO0003091,S012,P0026,WH01,2024-09-14,2024-09-26,2024-09-26,190,184,2333.23,443313.03
PO0003092,S006,P0028,WH01,2024-09-14,2024-09-20,2024-09-21,134,131,3064.37,410626.22
PO0003093,S004,P0033,WH04,2024-09-14,2024-09-20,2024-09-20,71,66,1971.4,139969.25
PO0003094,S002,P0039,WH02,2024-09-14,2024-09-22,2024-09-22,71,62,504.2,35798.02
PO0003095,S009,P0001,WH03,2024-09-15,2024-09-22,2024-09-27,186,175,1451.07,269899.88
PO0003096,S009,P0001,WH04,2024-09-15,2024-09-23,2024-09-23,176,167,1359.19,239217.93
PO0003097,S009,P0002,WH04,2024-09-15,2024-09-25,2024-09-27,179,168,771.05,138017.35
PO0003098,S006,P0003,WH03,2024-09-15,2024-09-21,2024-09-21,253,249,920.43,232867.79
PO0003099,S004,P0007,WH05,2024-09-15,2024-09-21,2024-09-21,157,155,2448.14,384357.21
PO0003100,S010,P0008,WH02,2024-09-15,2024-09-22,2024-09-22,122,121,781.37,95327.64
PO0003101,S007,P0011,WH05,2024-09-15,2024-09-18,2024-09-21,137,129,628.41,86091.58
PO0003102,S011,P0012,WH04,2024-09-15,2024-09-19,2024-09-19,54,51,2374.62,128229.25
PO0003103,S009,P0022,WH05,2024-09-15,2024-09-23,2024-09-28,70,65,468.3,32780.83
PO0003104,S006,P0024,WH03,2024-09-15,2024-09-22,2024-09-25,77,77,628.12,48365.08
PO0003105,S012,P0026,WH01,2024-09-15,2024-09-23,2024-09-23,202,194,2331.94,471052.23
PO0003106,S004,P0029,WH02,2024-09-15,2024-09-19,2024-09-19,334,319,3372.42,1126386.81
PO0003107,S004,P0033,WH04,2024-09-15,2024-09-20,2024-09-20,98,90,2038.63,199785.74
PO0003108,S002,P0039,WH04,2024-09-15,2024-09-21,2024-09-24,60,54,517.16,31029.59
PO0003109,S012,P0040,WH04,2024-09-15,2024-09-27,2024-09-29,50,48,720.61,36030.28
PO0003110,S009,P0001,WH02,2024-09-16,2024-09-24,2024-09-24,229,216,1425.58,326456.94
PO0003111,S009,P0001,WH05,2024-09-16,2024-09-25,2024-09-26,178,172,1401.21,249415.05
PO0003112,S009,P0002,WH04,2024-09-16,2024-09-23,2024-09-23,226,212,755.89,170830.63
PO0003113,S006,P0003,WH02,2024-09-16,2024-09-21,2024-09-21,304,297,857.52,260686.67
PO0003114,S010,P0008,WH05,2024-09-16,2024-09-22,2024-09-22,134,133,844.59,113175.66
PO0003115,S006,P0024,WH03,2024-09-16,2024-09-23,2024-09-25,58,58,653.82,37921.6
PO0003116,S009,P0030,WH03,2024-09-16,2024-09-26,2024-09-26,287,275,2568.6,737188.14
PO0003117,S004,P0033,WH04,2024-09-16,2024-09-20,2024-09-22,83,80,2054.01,170482.58
PO0003118,S008,P0036,WH04,2024-09-16,2024-09-19,2024-09-24,249,227,2154.36,536436.39
PO0003119,S002,P0037,WH03,2024-09-16,2024-09-21,2024-09-21,156,149,1488.55,232213.14
PO0003120,S012,P0040,WH04,2024-09-16,2024-09-28,2024-09-28,50,50,760.21,38010.28
PO0003121,S010,P0008,WH02,2024-09-17,2024-09-25,2024-09-25,122,119,844.78,103063.47
PO0003122,S010,P0009,WH01,2024-09-17,2024-09-27,2024-09-28,70,68,2371.48,166003.73
PO0003123,S007,P0010,WH01,2024-09-17,2024-09-21,2024-09-22,75,73,2609.69,195726.87
PO0003124,S012,P0016,WH04,2024-09-17,2024-09-25,2024-09-26,194,190,833.44,161687.77
PO0003125,S009,P0022,WH02,2024-09-17,2024-09-26,2024-09-26,52,49,444.54,23115.9
PO0003126,S004,P0033,WH04,2024-09-17,2024-09-23,2024-09-23,125,117,2091.22,261401.89
PO0003127,S009,P0001,WH04,2024-09-18,2024-09-26,2024-09-28,207,195,1471.85,304672.46
PO0003128,S006,P0003,WH02,2024-09-18,2024-09-27,2024-09-30,180,177,960.2,172836.42
PO0003129,S006,P0003,WH03,2024-09-18,2024-09-26,2024-09-26,174,172,925.19,160982.39
PO0003130,S006,P0003,WH04,2024-09-18,2024-09-26,2024-09-26,197,195,910.16,179301.22
PO0003131,S010,P0009,WH01,2024-09-18,2024-09-25,2024-09-25,64,63,2397.23,153422.99
PO0003132,S007,P0011,WH02,2024-09-18,2024-09-21,2024-09-22,127,122,636.14,80790.14
PO0003133,S004,P0015,WH04,2024-09-18,2024-09-25,2024-09-26,79,78,266.85,21081.4
PO0003134,S011,P0017,WH04,2024-09-18,2024-09-22,2024-09-23,274,256,926.6,253889.72
PO0003135,S006,P0020,WH04,2024-09-18,2024-09-25,2024-09-26,130,129,2439.97,317196.56
PO0003136,S006,P0024,WH03,2024-09-18,2024-09-24,2024-09-24,81,79,691.68,56026.14
PO0003137,S009,P0032,WH03,2024-09-18,2024-09-28,2024-09-29,285,272,1648.15,469722.8
PO0003138,S012,P0040,WH01,2024-09-18,2024-09-28,2024-10-03,50,50,749.12,37455.89
PO0003139,S008,P0004,WH05,2024-09-19,2024-09-24,2024-09-24,152,145,1678.88,255190.06
PO0003140,S004,P0007,WH01,2024-09-19,2024-09-25,2024-09-26,182,173,2412.63,439098.44
PO0003141,S004,P0007,WH02,2024-09-19,2024-09-25,2024-09-27,190,180,2393.74,454809.99
PO0003142,S010,P0008,WH05,2024-09-19,2024-10-01,2024-10-01,125,124,848.62,106077.75
PO0003143,S007,P0011,WH05,2024-09-19,2024-09-22,2024-09-22,119,111,602.61,71710.88
PO0003144,S011,P0017,WH04,2024-09-19,2024-09-23,2024-09-23,286,268,938.83,268504.33
PO0003145,S009,P0022,WH02,2024-09-19,2024-09-28,2024-09-29,58,54,447.38,25948.17
PO0003146,S009,P0022,WH03,2024-09-19,2024-09-25,2024-09-26,91,84,428.81,39021.43
PO0003147,S006,P0023,WH02,2024-09-19,2024-09-24,2024-09-24,70,68,716.27,50138.64
PO0003148,S006,P0024,WH02,2024-09-19,2024-09-25,2024-09-25,64,63,651.93,41723.38
PO0003149,S006,P0024,WH03,2024-09-19,2024-09-23,2024-09-23,74,73,656.71,48596.65
PO0003150,S006,P0028,WH01,2024-09-19,2024-09-25,2024-09-25,157,154,3304.93,518874.12
PO0003151,S009,P0030,WH03,2024-09-19,2024-09-26,2024-09-27,282,268,2572.82,725536.05
PO0003152,S002,P0037,WH02,2024-09-19,2024-09-25,2024-09-25,98,93,1479.46,144987.41
PO0003153,S002,P0037,WH03,2024-09-19,2024-09-24,2024-09-25,147,137,1601.05,235355.0
PO0003154,S009,P0001,WH04,2024-09-20,2024-09-29,2024-09-29,203,190,1375.09,279143.2
PO0003155,S008,P0004,WH02,2024-09-20,2024-09-23,2024-09-25,207,196,1535.17,317780.21
PO0003156,S011,P0006,WH04,2024-09-20,2024-09-26,2024-09-28,50,48,2913.15,145657.63
PO0003157,S004,P0007,WH02,2024-09-20,2024-09-28,2024-09-28,147,142,2309.09,339436.17
PO0003158,S012,P0016,WH04,2024-09-20,2024-09-28,2024-09-30,223,214,843.62,188127.64
PO0003159,S006,P0020,WH03,2024-09-20,2024-09-25,2024-09-28,235,233,2462.33,578648.66
PO0003160,S006,P0024,WH02,2024-09-20,2024-09-29,2024-09-29,62,62,691.63,42881.13
PO0003161,S004,P0029,WH03,2024-09-20,2024-09-27,2024-10-02,296,280,3392.7,1004238.76
PO0003162,S012,P0040,WH04,2024-09-20,2024-09-30,2024-09-30,54,53,678.23,36624.34
PO0003163,S004,P0007,WH01,2024-09-21,2024-09-28,2024-09-29,168,163,2565.38,430983.84
PO0003164,S010,P0008,WH05,2024-09-21,2024-09-29,2024-09-29,107,107,842.82,90181.79
PO0003165,S010,P0009,WH01,2024-09-21,2024-09-28,2024-09-29,66,64,2240.54,147875.67
PO0003166,S007,P0011,WH02,2024-09-21,2024-09-25,2024-09-25,147,140,635.78,93459.85
PO0003167,S010,P0014,WH05,2024-09-21,2024-09-29,2024-09-29,170,169,1892.45,321716.22
PO0003168,S012,P0016,WH04,2024-09-21,2024-10-01,2024-10-02,277,273,904.43,250527.91
PO0003169,S011,P0017,WH03,2024-09-21,2024-09-25,2024-09-26,217,202,989.0,214612.49
PO0003170,S006,P0020,WH03,2024-09-21,2024-09-26,2024-09-26,262,257,2310.06,605235.06
PO0003171,S009,P0022,WH02,2024-09-21,2024-09-28,2024-09-29,50,43,460.92,23046.11
PO0003172,S009,P0022,WH03,2024-09-21,2024-09-30,2024-10-05,68,66,444.78,30245.0
PO0003173,S006,P0023,WH02,2024-09-21,2024-09-26,2024-09-26,89,88,652.43,58066.32
PO0003174,S006,P0024,WH03,2024-09-21,2024-09-28,2024-09-28,67,67,691.2,46310.22
PO0003175,S009,P0030,WH02,2024-09-21,2024-09-30,2024-10-01,210,195,2604.49,546942.26
PO0003176,S008,P0036,WH04,2024-09-21,2024-09-23,2024-09-23,194,183,2105.54,408475.0
PO0003177,S009,P0001,WH04,2024-09-22,2024-10-01,2024-10-02,148,142,1336.23,197762.59
PO0003178,S010,P0009,WH01,2024-09-22,2024-09-30,2024-09-30,58,56,2370.45,137485.98
PO0003179,S004,P0015,WH02,2024-09-22,2024-09-27,2024-09-28,97,96,238.41,23125.91
PO0003180,S011,P0017,WH04,2024-09-22,2024-09-27,2024-09-28,235,220,979.66,230220.61
PO0003181,S006,P0018,WH03,2024-09-22,2024-09-30,2024-09-30,72,71,1032.23,74320.46
PO0003182,S009,P0022,WH03,2024-09-22,2024-09-29,2024-09-29,61,58,431.44,26318.03
PO0003183,S006,P0024,WH02,2024-09-22,2024-09-30,2024-10-05,76,75,630.48,47916.74
PO0003184,S012,P0026,WH02,2024-09-22,2024-10-03,2024-10-03,285,280,2348.66,669367.99
PO0003185,S004,P0029,WH03,2024-09-22,2024-09-28,2024-09-29,401,378,3195.53,1281409.38
PO0003186,S006,P0003,WH04,2024-09-23,2024-10-01,2024-10-03,184,182,856.58,157611.39
PO0003187,S008,P0004,WH02,2024-09-23,2024-09-27,2024-09-27,360,331,1709.48,615412.78
PO0003188,S004,P0015,WH02,2024-09-23,2024-09-30,2024-10-01,157,147,239.36,37579.86
PO0003189,S006,P0018,WH03,2024-09-23,2024-10-01,2024-10-01,68,68,1124.97,76498.1
PO0003190,S009,P0022,WH03,2024-09-23,2024-10-01,2024-10-01,59,55,430.28,25386.57
PO0003191,S012,P0026,WH02,2024-09-23,2024-10-04,2024-10-04,268,261,2153.5,577138.94
PO0003192,S004,P0033,WH02,2024-09-23,2024-10-01,2024-10-01,152,144,2001.5,304227.48
PO0003193,S004,P0007,WH01,2024-09-24,2024-10-02,2024-10-02,187,176,2577.01,481901.66
PO0003194,S010,P0008,WH03,2024-09-24,2024-10-01,2024-10-01,125,122,803.06,100382.07
PO0003195,S010,P0009,WH01,2024-09-24,2024-10-03,2024-10-03,70,69,2405.63,168394.45
PO0003196,S011,P0017,WH03,2024-09-24,2024-09-30,2024-09-30,428,409,879.1,376256.41
PO0003197,S006,P0020,WH03,2024-09-24,2024-10-01,2024-10-02,247,243,2242.69,553944.41
PO0003198,S006,P0023,WH03,2024-09-24,2024-09-29,2024-09-30,76,75,653.79,49687.68
PO0003199,S006,P0024,WH01,2024-09-24,2024-10-01,2024-10-01,56,56,625.24,35013.34
PO0003200,S006,P0025,WH01,2024-09-24,2024-10-01,2024-10-04,168,166,1352.41,227204.35
PO0003201,S006,P0028,WH03,2024-09-24,2024-10-02,2024-10-02,275,271,3260.69,896688.47
PO0003202,S008,P0038,WH01,2024-09-24,2024-09-30,2024-09-30,86,81,1844.28,158608.38
PO0003203,S012,P0040,WH04,2024-09-24,2024-10-06,2024-10-07,54,50,691.32,37331.04
PO0003204,S009,P0005,WH01,2024-09-25,2024-10-03,2024-10-04,84,83,1187.42,99743.16
PO0003205,S004,P0007,WH01,2024-09-25,2024-10-02,2024-10-07,181,169,2392.77,433092.23
PO0003206,S004,P0007,WH02,2024-09-25,2024-10-01,2024-10-01,221,213,2568.38,567611.9
PO0003207,S010,P0008,WH03,2024-09-25,2024-10-02,2024-10-05,167,166,805.59,134533.31
PO0003208,S004,P0015,WH02,2024-09-25,2024-09-30,2024-09-30,134,126,255.31,34211.5
PO0003209,S011,P0017,WH05,2024-09-25,2024-09-29,2024-09-29,206,200,932.63,192122.09
PO0003210,S006,P0025,WH01,2024-09-25,2024-10-01,2024-10-02,149,147,1457.67,217192.77
PO0003211,S012,P0040,WH01,2024-09-25,2024-10-06,2024-10-06,50,49,709.89,35494.55
PO0003212,S006,P0003,WH05,2024-09-26,2024-10-02,2024-10-02,193,191,903.57,174388.27
PO0003213,S009,P0005,WH01,2024-09-26,2024-10-05,2024-10-05,85,81,1244.38,105772.67
PO0003214,S007,P0011,WH03,2024-09-26,2024-09-30,2024-09-30,176,167,636.9,112094.26
PO0003215,S007,P0013,WH05,2024-09-26,2024-09-29,2024-10-02,50,47,2617.18,130859.11
PO0003216,S008,P0036,WH05,2024-09-26,2024-09-29,2024-09-30,292,270,2135.54,623578.8
PO0003217,S008,P0038,WH04,2024-09-26,2024-09-29,2024-09-30,126,121,1861.1,234498.21
PO0003218,S006,P0003,WH05,2024-09-27,2024-10-02,2024-10-02,184,183,957.77,176228.81
PO0003219,S008,P0004,WH03,2024-09-27,2024-10-02,2024-10-07,353,320,1618.53,571340.62
PO0003220,S004,P0007,WH03,2024-09-27,2024-10-05,2024-10-05,168,158,2393.21,402059.52
PO0003221,S010,P0008,WH03,2024-09-27,2024-10-05,2024-10-07,131,131,812.14,106390.5
PO0003222,S009,P0022,WH01,2024-09-27,2024-10-05,2024-10-05,50,45,426.57,21328.59
PO0003223,S006,P0028,WH03,2024-09-27,2024-10-03,2024-10-03,222,218,3220.37,714923.09
PO0003224,S009,P0030,WH02,2024-09-27,2024-10-07,2024-10-07,299,277,2546.79,761490.26
PO0003225,S008,P0038,WH03,2024-09-27,2024-09-29,2024-09-29,210,200,1849.11,388312.1
PO0003226,S012,P0040,WH04,2024-09-27,2024-10-07,2024-10-07,50,49,690.86,34542.77
PO0003227,S006,P0003,WH05,2024-09-28,2024-10-06,2024-10-06,198,198,917.92,181748.59
PO0003228,S007,P0011,WH03,2024-09-28,2024-10-03,2024-10-03,165,152,614.69,101423.33
PO0003229,S011,P0012,WH03,2024-09-28,2024-10-03,2024-10-05,69,68,2273.84,156894.97
PO0003230,S007,P0013,WH05,2024-09-28,2024-10-04,2024-10-04,50,45,2710.86,135542.88
PO0003231,S006,P0018,WH03,2024-09-28,2024-10-03,2024-10-03,75,74,1036.89,77766.58
PO0003232,S009,P0022,WH01,2024-09-28,2024-10-07,2024-10-12,50,46,457.45,22872.43
PO0003233,S006,P0025,WH01,2024-09-28,2024-10-05,2024-10-05,132,129,1490.99,196810.19
PO0003234,S004,P0029,WH03,2024-09-28,2024-10-04,2024-10-04,249,238,3575.89,890397.55
PO0003235,S008,P0038,WH03,2024-09-28,2024-10-03,2024-10-04,238,218,1707.96,406494.85
PO0003236,S004,P0007,WH03,2024-09-29,2024-10-03,2024-10-03,157,151,2525.66,396528.51
PO0003237,S006,P0018,WH03,2024-09-29,2024-10-07,2024-10-10,58,58,1064.51,61741.59
PO0003238,S006,P0020,WH02,2024-09-29,2024-10-04,2024-10-06,138,136,2414.82,333244.61
PO0003239,S010,P0021,WH02,2024-09-29,2024-10-07,2024-10-10,213,209,671.5,143030.08
PO0003240,S006,P0023,WH03,2024-09-29,2024-10-05,2024-10-07,116,116,659.85,76542.65
PO0003241,S006,P0024,WH01,2024-09-29,2024-10-06,2024-10-06,58,58,650.02,37700.93
PO0003242,S008,P0038,WH01,2024-09-29,2024-10-03,2024-10-03,152,143,1811.17,275297.21
PO0003243,S008,P0038,WH04,2024-09-29,2024-10-05,2024-10-05,134,124,1784.74,239154.61
PO0003244,S009,P0002,WH02,2024-09-30,2024-10-11,2024-10-11,321,303,819.97,263211.59
PO0003245,S009,P0005,WH01,2024-09-30,2024-10-09,2024-10-09,70,64,1149.18,80442.69
PO0003246,S006,P0020,WH02,2024-09-30,2024-10-05,2024-10-05,174,173,2304.5,400983.75
PO0003247,S009,P0022,WH01,2024-09-30,2024-10-08,2024-10-09,50,47,453.42,22670.77
PO0003248,S009,P0022,WH04,2024-09-30,2024-10-09,2024-10-12,50,46,448.93,22446.66
PO0003249,S006,P0028,WH03,2024-09-30,2024-10-07,2024-10-08,293,287,3343.94,979773.04
PO0003250,S008,P0036,WH01,2024-09-30,2024-10-03,2024-10-03,267,252,2184.68,583309.57
PO0003251,S002,P0037,WH05,2024-09-30,2024-10-05,2024-10-05,68,67,1507.8,102530.32
PO0003252,S006,P0003,WH05,2024-10-01,2024-10-06,2024-10-06,222,221,921.74,204626.8
PO0003253,S008,P0004,WH04,2024-10-01,2024-10-04,2024-10-04,209,192,1704.62,356265.23
PO0003254,S012,P0026,WH02,2024-10-01,2024-10-12,2024-10-14,290,284,2155.43,625075.58
PO0003255,S009,P0035,WH02,2024-10-01,2024-10-10,2024-10-12,149,142,1619.1,241246.39
PO0003256,S008,P0036,WH01,2024-10-01,2024-10-05,2024-10-05,248,232,2213.95,549060.09
PO0003257,S002,P0037,WH01,2024-10-01,2024-10-05,2024-10-08,92,86,1502.18,138200.22
PO0003258,S008,P0019,WH02,2024-10-02,2024-10-05,2024-10-10,237,220,2073.37,491389.22
PO0003259,S006,P0020,WH02,2024-10-02,2024-10-11,2024-10-16,212,209,2496.53,529265.04
PO0003260,S010,P0021,WH02,2024-10-02,2024-10-11,2024-10-11,264,260,705.19,186170.95
PO0003261,S009,P0022,WH04,2024-10-02,2024-10-13,2024-10-14,53,48,433.36,22968.11
PO0003262,S002,P0027,WH01,2024-10-02,2024-10-07,2024-10-09,174,163,518.09,90146.89
PO0003263,S004,P0031,WH02,2024-10-02,2024-10-09,2024-10-10,50,48,472.59,23629.71
PO0003264,S009,P0032,WH04,2024-10-02,2024-10-08,2024-10-10,184,174,1648.04,303239.8
PO0003265,S004,P0033,WH01,2024-10-02,2024-10-08,2024-10-08,108,102,2194.6,237016.33
PO0003266,S009,P0005,WH04,2024-10-03,2024-10-12,2024-10-15,84,83,1243.68,104469.09
PO0003267,S010,P0014,WH03,2024-10-03,2024-10-12,2024-10-12,260,258,2052.05,533532.56
PO0003268,S006,P0018,WH04,2024-10-03,2024-10-09,2024-10-09,50,50,1101.66,55082.76
PO0003269,S008,P0019,WH02,2024-10-03,2024-10-07,2024-10-08,251,235,1967.38,493813.53
PO0003270,S009,P0035,WH01,2024-10-03,2024-10-12,2024-10-12,153,144,1504.71,230220.62
PO0003271,S002,P0037,WH05,2024-10-03,2024-10-10,2024-10-12,73,71,1557.54,113700.38
PO0003272,S004,P0015,WH01,2024-10-04,2024-10-09,2024-10-11,69,64,246.28,16993.2
PO0003273,S006,P0018,WH04,2024-10-04,2024-10-11,2024-10-11,65,63,1146.69,74534.69
PO0003274,S010,P0021,WH02,2024-10-04,2024-10-12,2024-10-12,172,169,725.34,124757.91
PO0003275,S009,P0035,WH02,2024-10-04,2024-10-11,2024-10-13,218,207,1564.4,341038.47
PO0003276,S010,P0014,WH05,2024-10-05,2024-10-13,2024-10-13,227,224,1923.25,436578.68
PO0003277,S012,P0016,WH01,2024-10-05,2024-10-16,2024-10-16,180,174,850.1,153017.89
PO0003278,S006,P0018,WH01,2024-10-05,2024-10-11,2024-10-11,55,55,1045.85,57521.99
PO0003279,S004,P0031,WH04,2024-10-05,2024-10-12,2024-10-12,50,49,470.8,23540.06
PO0003280,S009,P0032,WH04,2024-10-05,2024-10-15,2024-10-15,169,155,1728.84,292173.95
PO0003281,S002,P0037,WH01,2024-10-05,2024-10-14,2024-10-14,85,79,1623.45,137993.48
PO0003282,S009,P0005,WH04,2024-10-06,2024-10-14,2024-10-15,63,61,1156.54,72862.3
PO0003283,S004,P0015,WH01,2024-10-06,2024-10-11,2024-10-11,115,109,254.71,29292.15
PO0003284,S012,P0016,WH01,2024-10-06,2024-10-18,2024-10-18,153,145,890.32,136218.27
PO0003285,S008,P0019,WH04,2024-10-06,2024-10-08,2024-10-08,177,166,2082.12,368535.39
PO0003286,S002,P0027,WH01,2024-10-06,2024-10-11,2024-10-13,112,104,575.84,64493.52
PO0003287,S002,P0027,WH04,2024-10-06,2024-10-12,2024-10-13,151,144,572.74,86483.67
PO0003288,S010,P0014,WH05,2024-10-07,2024-10-15,2024-10-15,277,272,1929.36,534433.6
PO0003289,S004,P0015,WH01,2024-10-07,2024-10-14,2024-10-14,119,114,255.41,30393.81
PO0003290,S008,P0019,WH02,2024-10-07,2024-10-10,2024-10-11,295,278,2032.09,599465.81
PO0003291,S002,P0027,WH01,2024-10-07,2024-10-15,2024-10-15,185,179,520.29,96252.92
PO0003292,S004,P0031,WH02,2024-10-07,2024-10-13,2024-10-13,54,47,448.95,24243.21
PO0003293,S009,P0035,WH02,2024-10-07,2024-10-14,2024-10-14,166,159,1676.83,278353.96
PO0003294,S002,P0037,WH01,2024-10-07,2024-10-15,2024-10-15,87,81,1496.56,130200.56
PO0003295,S011,P0006,WH02,2024-10-08,2024-10-13,2024-10-13,50,49,2834.6,141729.86
PO0003296,S010,P0014,WH03,2024-10-08,2024-10-15,2024-10-16,358,351,1887.76,675816.66
PO0003297,S006,P0018,WH01,2024-10-08,2024-10-15,2024-10-15,61,60,1047.12,63874.6
PO0003298,S006,P0028,WH02,2024-10-08,2024-10-16,2024-10-19,293,289,3017.82,884221.3
PO0003299,S009,P0002,WH02,2024-10-09,2024-10-18,2024-10-18,315,298,738.32,232569.23
PO0003300,S012,P0016,WH01,2024-10-09,2024-10-19,2024-10-19,181,176,913.71,165382.37
PO0003301,S011,P0017,WH01,2024-10-09,2024-10-13,2024-10-16,271,257,886.84,240334.44
PO0003302,S006,P0024,WH05,2024-10-09,2024-10-18,2024-10-20,51,51,634.69,32368.94
PO0003303,S006,P0025,WH02,2024-10-09,2024-10-15,2024-10-18,223,220,1366.55,304741.22
PO0003304,S009,P0035,WH02,2024-10-09,2024-10-18,2024-10-18,163,157,1562.18,254635.91
PO0003305,S009,P0035,WH03,2024-10-09,2024-10-18,2024-10-20,212,199,1626.82,344885.69
PO0003306,S008,P0004,WH05,2024-10-10,2024-10-13,2024-10-14,284,268,1687.39,479218.01
PO0003307,S010,P0014,WH03,2024-10-10,2024-10-19,2024-10-19,235,231,1960.46,460706.95
PO0003308,S010,P0014,WH05,2024-10-10,2024-10-18,2024-10-20,268,264,2040.05,546734.61
PO0003309,S011,P0017,WH02,2024-10-10,2024-10-12,2024-10-17,241,226,984.89,237358.78
PO0003310,S011,P0017,WH05,2024-10-10,2024-10-12,2024-10-12,171,166,916.11,156654.47
PO0003311,S008,P0019,WH03,2024-10-10,2024-10-15,2024-10-16,190,179,2047.73,389068.04
PO0003312,S009,P0022,WH04,2024-10-10,2024-10-19,2024-10-19,50,49,478.24,23912.23
PO0003313,S012,P0026,WH03,2024-10-10,2024-10-20,2024-10-23,232,228,2215.42,513978.24
PO0003314,S002,P0027,WH04,2024-10-10,2024-10-15,2024-10-15,183,170,562.34,102909.06
PO0003315,S006,P0028,WH02,2024-10-10,2024-10-16,2024-10-16,196,193,3145.86,616587.68
PO0003316,S004,P0033,WH05,2024-10-10,2024-10-17,2024-10-18,99,91,1994.64,197469.48
PO0003317,S009,P0035,WH02,2024-10-10,2024-10-18,2024-10-18,175,166,1553.37,271839.57
PO0003318,S008,P0038,WH05,2024-10-10,2024-10-14,2024-10-17,183,166,1837.18,336204.72
PO0003319,S009,P0005,WH04,2024-10-11,2024-10-20,2024-10-20,77,71,1263.22,97267.8
PO0003320,S011,P0006,WH02,2024-10-11,2024-10-14,2024-10-15,50,46,2694.92,134746.11
PO0003321,S011,P0017,WH01,2024-10-11,2024-10-14,2024-10-14,160,153,892.98,142876.72
PO0003322,S008,P0019,WH01,2024-10-11,2024-10-16,2024-10-18,129,120,2112.56,272520.42
PO0003323,S006,P0020,WH05,2024-10-11,2024-10-17,2024-10-19,215,211,2357.95,506959.95
PO0003324,S006,P0024,WH05,2024-10-11,2024-10-17,2024-10-17,50,49,642.36,32117.94
PO0003325,S012,P0026,WH03,2024-10-11,2024-10-20,2024-10-20,274,268,2171.01,594857.86
PO0003326,S006,P0028,WH05,2024-10-11,2024-10-19,2024-10-21,241,238,3155.36,760441.3
PO0003327,S004,P0031,WH04,2024-10-11,2024-10-17,2024-10-18,50,47,481.41,24070.33
PO0003328,S004,P0033,WH03,2024-10-11,2024-10-17,2024-10-20,156,145,2177.6,339705.28
PO0003329,S004,P0033,WH05,2024-10-11,2024-10-18,2024-10-23,147,140,2036.59,299378.81
PO0003330,S009,P0035,WH02,2024-10-11,2024-10-21,2024-10-22,204,199,1504.86,306991.56
PO0003331,S002,P0037,WH05,2024-10-11,2024-10-17,2024-10-18,104,97,1497.05,155693.61
PO0003332,S002,P0039,WH01,2024-10-11,2024-10-18,2024-10-18,51,45,491.43,25063.08
PO0003333,S011,P0006,WH05,2024-10-12,2024-10-14,2024-10-16,50,48,2917.23,145861.64
PO0003334,S011,P0012,WH04,2024-10-12,2024-10-15,2024-10-15,50,48,2502.95,125147.4
PO0003335,S008,P0019,WH01,2024-10-12,2024-10-16,2024-10-19,180,169,2112.76,380296.0
PO0003336,S010,P0021,WH03,2024-10-12,2024-10-17,2024-10-18,301,296,686.24,206559.12
PO0003337,S010,P0021,WH05,2024-10-12,2024-10-21,2024-10-21,126,123,695.41,87621.86
PO0003338,S006,P0024,WH04,2024-10-12,2024-10-20,2024-10-20,50,49,682.67,34133.51
PO0003339,S006,P0028,WH04,2024-10-12,2024-10-18,2024-10-19,179,179,3060.87,547896.31
PO0003340,S006,P0028,WH05,2024-10-12,2024-10-20,2024-10-20,144,139,3157.44,454670.85
PO0003341,S011,P0006,WH03,2024-10-13,2024-10-18,2024-10-21,50,47,2929.26,146462.76
PO0003342,S007,P0013,WH02,2024-10-13,2024-10-15,2024-10-16,60,58,2679.13,160748.03
PO0003343,S010,P0021,WH05,2024-10-13,2024-10-21,2024-10-21,198,197,682.61,135156.79
PO0003344,S002,P0027,WH03,2024-10-13,2024-10-20,2024-10-21,252,244,555.54,139995.58
PO0003345,S006,P0028,WH02,2024-10-13,2024-10-19,2024-10-19,165,164,3303.2,545027.34
PO0003346,S007,P0013,WH01,2024-10-14,2024-10-18,2024-10-21,50,48,2712.66,135632.91
PO0003347,S004,P0015,WH04,2024-10-14,2024-10-20,2024-10-20,75,71,249.21,18690.47
PO0003348,S012,P0016,WH03,2024-10-14,2024-10-25,2024-10-25,323,312,870.84,281281.3
PO0003349,S010,P0021,WH04,2024-10-14,2024-10-23,2024-10-23,219,218,709.5,155379.94
PO0003350,S010,P0021,WH05,2024-10-14,2024-10-22,2024-10-22,184,184,739.85,136131.67
PO0003351,S006,P0024,WH04,2024-10-14,2024-10-22,2024-10-22,53,51,670.11,35516.04
PO0003352,S006,P0025,WH05,2024-10-14,2024-10-19,2024-10-19,124,121,1410.06,174847.57
PO0003353,S006,P0028,WH04,2024-10-14,2024-10-20,2024-10-20,119,117,3319.94,395073.26
PO0003354,S011,P0006,WH05,2024-10-15,2024-10-21,2024-10-21,50,48,2692.22,134610.92
PO0003355,S012,P0016,WH05,2024-10-15,2024-10-25,2024-10-25,299,293,895.95,267889.53
PO0003356,S006,P0024,WH04,2024-10-15,2024-10-22,2024-10-22,55,53,658.21,36201.45
PO0003357,S006,P0024,WH05,2024-10-15,2024-10-23,2024-10-23,63,63,688.82,43395.56
PO0003358,S006,P0025,WH02,2024-10-15,2024-10-22,2024-10-22,254,253,1504.95,382256.57
PO0003359,S006,P0028,WH04,2024-10-15,2024-10-22,2024-10-22,185,181,3262.11,603490.05
PO0003360,S004,P0033,WH03,2024-10-15,2024-10-22,2024-10-22,186,177,2037.54,378982.1
PO0003361,S006,P0034,WH01,2024-10-15,2024-10-22,2024-10-22,50,49,3091.79,154589.29
PO0003362,S009,P0035,WH03,2024-10-15,2024-10-25,2024-10-27,251,241,1576.79,395774.29
PO0003363,S012,P0040,WH02,2024-10-15,2024-10-26,2024-10-26,50,50,704.78,35239.11
PO0003364,S009,P0002,WH03,2024-10-16,2024-10-25,2024-10-25,315,301,781.96,246317.91
PO0003365,S011,P0012,WH02,2024-10-16,2024-10-22,2024-10-22,50,49,2496.34,124817.02
PO0003366,S012,P0026,WH03,2024-10-16,2024-10-27,2024-10-29,403,390,2250.67,907021.48
PO0003367,S006,P0034,WH01,2024-10-16,2024-10-21,2024-10-21,50,49,2858.71,142935.31
PO0003368,S007,P0010,WH03,2024-10-17,2024-10-21,2024-10-24,129,120,2756.79,355625.83
PO0003369,S012,P0016,WH02,2024-10-17,2024-10-29,2024-11-03,252,246,868.54,218871.46
PO0003370,S008,P0019,WH01,2024-10-17,2024-10-19,2024-10-21,126,120,2039.87,257023.28
PO0003371,S006,P0020,WH05,2024-10-17,2024-10-23,2024-10-23,193,189,2256.38,435481.62
PO0003372,S006,P0024,WH04,2024-10-17,2024-10-25,2024-10-28,50,49,665.39,33269.69
PO0003373,S006,P0025,WH05,2024-10-17,2024-10-22,2024-10-23,112,110,1467.21,164327.12
PO0003374,S006,P0028,WH05,2024-10-17,2024-10-24,2024-10-27,178,174,3095.27,550957.71
PO0003375,S009,P0030,WH05,2024-10-17,2024-10-24,2024-10-24,242,230,2433.45,588895.67
PO0003376,S004,P0031,WH01,2024-10-17,2024-10-23,2024-10-23,50,45,487.46,24372.79
PO0003377,S009,P0035,WH03,2024-10-17,2024-10-24,2024-10-26,130,120,1556.66,202365.32
PO0003378,S009,P0035,WH04,2024-10-17,2024-10-28,2024-10-30,149,138,1531.21,228150.06
PO0003379,S008,P0038,WH02,2024-10-17,2024-10-21,2024-10-21,125,116,1709.69,213711.87
PO0003380,S011,P0006,WH04,2024-10-18,2024-10-22,2024-10-22,50,47,2843.72,142186.25
PO0003381,S011,P0012,WH01,2024-10-18,2024-10-23,2024-10-23,50,49,2473.85,123692.71
PO0003382,S004,P0015,WH04,2024-10-18,2024-10-26,2024-10-26,103,100,249.53,25701.93
PO0003383,S006,P0020,WH05,2024-10-18,2024-10-23,2024-10-26,160,157,2462.11,393938.26
PO0003384,S010,P0021,WH01,2024-10-18,2024-10-26,2024-10-26,131,129,685.63,89816.98
PO0003385,S006,P0024,WH04,2024-10-18,2024-10-25,2024-10-25,59,57,683.67,40336.49
PO0003386,S006,P0025,WH05,2024-10-18,2024-10-25,2024-10-27,128,126,1493.32,191144.68
PO0003387,S012,P0026,WH03,2024-10-18,2024-10-29,2024-10-29,317,304,2272.52,720389.36
PO0003388,S006,P0034,WH01,2024-10-18,2024-10-25,2024-10-26,50,50,2892.27,144613.32
PO0003389,S009,P0035,WH03,2024-10-18,2024-10-26,2024-10-26,172,165,1528.61,262920.6
PO0003390,S009,P0035,WH04,2024-10-18,2024-10-26,2024-10-28,178,169,1544.52,274924.66
PO0003391,S008,P0038,WH02,2024-10-18,2024-10-23,2024-10-25,158,151,1911.12,301956.78
PO0003392,S011,P0006,WH01,2024-10-19,2024-10-22,2024-10-24,50,47,2800.8,140040.17
PO0003393,S011,P0006,WH04,2024-10-19,2024-10-23,2024-10-28,50,48,2984.35,149217.41
PO0003394,S010,P0008,WH02,2024-10-19,2024-10-27,2024-10-29,174,171,785.05,136599.55
PO0003395,S011,P0012,WH05,2024-10-19,2024-10-23,2024-10-26,50,47,2344.98,117248.95
PO0003396,S007,P0013,WH01,2024-10-19,2024-10-23,2024-10-25,50,49,2615.99,130799.51
PO0003397,S011,P0017,WH05,2024-10-19,2024-10-24,2024-10-26,306,294,927.78,283901.54
PO0003398,S010,P0021,WH05,2024-10-19,2024-10-28,2024-10-30,245,242,693.08,169803.65
PO0003399,S006,P0023,WH01,2024-10-19,2024-10-27,2024-10-27,73,71,688.3,50245.84
PO0003400,S002,P0027,WH03,2024-10-19,2024-10-25,2024-10-25,216,205,548.58,118493.37
PO0003401,S009,P0030,WH05,2024-10-19,2024-10-28,2024-10-29,135,129,2408.81,325188.78
PO0003402,S006,P0034,WH03,2024-10-19,2024-10-28,2024-10-28,50,49,3044.65,152232.39
PO0003403,S008,P0038,WH02,2024-10-19,2024-10-22,2024-10-23,136,124,1772.69,241086.52
PO0003404,S012,P0040,WH02,2024-10-19,2024-10-29,2024-11-01,50,48,700.95,35047.37
PO0003405,S008,P0004,WH04,2024-10-20,2024-10-22,2024-10-23,192,176,1654.22,317610.53
PO0003406,S011,P0006,WH01,2024-10-20,2024-10-24,2024-10-24,50,48,2952.4,147620.14
PO0003407,S007,P0011,WH04,2024-10-20,2024-10-24,2024-10-25,88,81,602.52,53021.38
PO0003408,S011,P0012,WH05,2024-10-20,2024-10-26,2024-10-26,55,54,2432.78,133802.98
PO0003409,S006,P0028,WH01,2024-10-20,2024-10-26,2024-10-31,153,153,3238.37,495470.85
PO0003410,S009,P0030,WH05,2024-10-20,2024-10-29,2024-10-30,153,146,2492.94,381419.4
PO0003411,S009,P0035,WH04,2024-10-20,2024-10-28,2024-10-28,130,124,1616.75,210177.64
PO0003412,S010,P0009,WH03,2024-10-21,2024-10-31,2024-10-31,64,64,2390.1,152966.36
PO0003413,S007,P0011,WH04,2024-10-21,2024-10-27,2024-10-28,90,83,595.47,53592.61
PO0003414,S011,P0012,WH05,2024-10-21,2024-10-26,2024-10-29,50,47,2408.75,120437.65
PO0003415,S004,P0015,WH03,2024-10-21,2024-10-28,2024-10-28,152,145,252.92,38444.27
PO0003416,S012,P0016,WH05,2024-10-21,2024-10-30,2024-10-30,276,269,860.96,237624.48
PO0003417,S008,P0019,WH05,2024-10-21,2024-10-25,2024-10-25,242,226,1919.51,464520.61
PO0003418,S010,P0021,WH04,2024-10-21,2024-10-28,2024-10-29,225,222,712.78,160376.62
PO0003419,S006,P0023,WH02,2024-10-21,2024-10-28,2024-10-28,97,97,671.97,65181.18
PO0003420,S004,P0031,WH01,2024-10-21,2024-10-30,2024-11-01,50,47,466.29,23314.47
PO0003421,S009,P0032,WH03,2024-10-21,2024-10-29,2024-10-29,239,223,1640.68,392122.27
PO0003422,S006,P0034,WH03,2024-10-21,2024-10-27,2024-10-30,50,50,3119.05,155952.34
PO0003423,S009,P0001,WH01,2024-10-22,2024-10-31,2024-11-01,155,143,1415.93,219469.43
PO0003424,S004,P0007,WH03,2024-10-22,2024-10-29,2024-11-01,244,235,2347.37,572757.42
PO0003425,S007,P0010,WH03,2024-10-22,2024-10-26,2024-10-26,112,108,2751.83,308204.76
PO0003426,S011,P0012,WH01,2024-10-22,2024-10-24,2024-10-24,57,55,2253.45,128446.46
PO0003427,S011,P0012,WH03,2024-10-22,2024-10-25,2024-10-25,80,77,2439.1,195127.83
PO0003428,S012,P0016,WH03,2024-10-22,2024-11-01,2024-11-04,412,398,876.66,361184.07
PO0003429,S011,P0017,WH02,2024-10-22,2024-10-24,2024-10-27,366,348,900.03,329411.66
PO0003430,S008,P0019,WH05,2024-10-22,2024-10-27,2024-10-27,128,124,1909.54,244421.11
PO0003431,S010,P0021,WH01,2024-10-22,2024-10-29,2024-10-29,176,173,705.61,124186.81
PO0003432,S006,P0023,WH02,2024-10-22,2024-10-27,2024-10-28,77,77,720.36,55467.78
PO0003433,S012,P0026,WH01,2024-10-22,2024-10-30,2024-10-31,185,180,2195.76,406214.68
PO0003434,S012,P0026,WH05,2024-10-22,2024-10-30,2024-10-31,281,275,2150.59,604316.13
PO0003435,S009,P0030,WH05,2024-10-22,2024-11-02,2024-11-05,165,150,2438.02,402273.49
PO0003436,S009,P0032,WH03,2024-10-22,2024-10-31,2024-10-31,317,306,1712.44,542844.26
PO0003437,S004,P0033,WH02,2024-10-22,2024-10-28,2024-10-31,142,137,2184.49,310198.0
PO0003438,S006,P0034,WH02,2024-10-22,2024-10-29,2024-10-29,50,50,3185.21,159260.72
PO0003439,S002,P0039,WH01,2024-10-22,2024-10-28,2024-10-28,70,67,486.4,34047.99
PO0003440,S002,P0039,WH03,2024-10-22,2024-10-26,2024-10-26,92,86,489.89,45069.89
PO0003441,S012,P0040,WH02,2024-10-22,2024-11-01,2024-11-01,65,62,761.77,49515.32
PO0003442,S010,P0008,WH02,2024-10-23,2024-11-01,2024-11-02,178,177,858.0,152724.24
PO0003443,S007,P0010,WH02,2024-10-23,2024-10-26,2024-10-29,121,115,2764.12,334458.79
PO0003444,S007,P0011,WH02,2024-10-23,2024-10-25,2024-10-27,102,93,634.42,64711.12
PO0003445,S011,P0012,WH03,2024-10-23,2024-10-25,2024-10-27,56,54,2287.49,128099.67
PO0003446,S011,P0012,WH05,2024-10-23,2024-10-28,2024-10-28,50,49,2383.22,119160.77
PO0003447,S004,P0015,WH03,2024-10-23,2024-10-28,2024-10-31,156,151,260.03,40564.51
PO0003448,S012,P0016,WH05,2024-10-23,2024-11-02,2024-11-05,284,276,874.84,248455.15
PO0003449,S008,P0019,WH03,2024-10-23,2024-10-25,2024-10-25,210,189,2099.92,440984.19
PO0003450,S008,P0019,WH05,2024-10-23,2024-10-25,2024-10-26,178,169,1943.56,345954.0
PO0003451,S006,P0020,WH01,2024-10-23,2024-10-27,2024-10-27,99,99,2243.55,222111.12
PO0003452,S006,P0023,WH01,2024-10-23,2024-10-29,2024-10-31,50,47,680.37,34018.72
PO0003453,S006,P0023,WH02,2024-10-23,2024-10-30,2024-11-02,121,119,683.66,82723.4
PO0003454,S004,P0033,WH01,2024-10-23,2024-11-02,2024-11-04,132,126,2176.0,287232.39
PO0003455,S008,P0036,WH04,2024-10-23,2024-10-26,2024-10-28,220,207,2205.86,485288.79
PO0003456,S002,P0039,WH03,2024-10-23,2024-10-30,2024-10-30,70,65,494.53,34617.11
PO0003457,S008,P0004,WH02,2024-10-24,2024-10-27,2024-10-27,237,221,1650.64,391200.6
PO0003458,S007,P0010,WH02,2024-10-24,2024-10-28,2024-10-31,79,72,2619.69,206955.3
PO0003459,S007,P0011,WH02,2024-10-24,2024-10-28,2024-10-29,145,138,602.89,87419.76
PO0003460,S011,P0017,WH05,2024-10-24,2024-10-27,2024-10-29,205,196,939.57,192611.08
PO0003461,S008,P0019,WH05,2024-10-24,2024-10-28,2024-10-28,252,233,2107.3,531040.56
PO0003462,S012,P0026,WH05,2024-10-24,2024-11-02,2024-11-02,214,207,2197.04,470166.73
PO0003463,S009,P0032,WH03,2024-10-24,2024-11-01,2024-11-06,206,191,1682.4,346575.0
PO0003464,S006,P0034,WH02,2024-10-24,2024-10-30,2024-10-30,50,49,2887.14,144357.13
PO0003465,S009,P0001,WH01,2024-10-25,2024-11-02,2024-11-03,151,146,1406.11,212323.1
PO0003466,S010,P0008,WH02,2024-10-25,2024-11-01,2024-11-01,153,151,791.38,121080.97
PO0003467,S007,P0010,WH02,2024-10-25,2024-10-29,2024-11-01,99,96,2774.94,274719.44
PO0003468,S011,P0012,WH04,2024-10-25,2024-10-30,2024-10-30,56,52,2255.15,126288.49
PO0003469,S011,P0017,WH02,2024-10-25,2024-10-30,2024-10-30,220,211,882.17,194077.78
PO0003470,S010,P0021,WH01,2024-10-25,2024-11-03,2024-11-03,210,207,720.41,151286.48
PO0003471,S006,P0023,WH01,2024-10-25,2024-10-31,2024-10-31,87,84,671.2,58394.67
PO0003472,S012,P0026,WH01,2024-10-25,2024-11-04,2024-11-05,285,273,2228.34,635076.37
PO0003473,S006,P0034,WH03,2024-10-25,2024-10-30,2024-10-30,55,54,2895.76,159266.85
PO0003474,S008,P0004,WH02,2024-10-26,2024-10-30,2024-10-30,341,321,1525.28,520121.62
PO0003475,S010,P0009,WH03,2024-10-26,2024-11-02,2024-11-02,68,68,2295.2,156073.49
PO0003476,S007,P0011,WH02,2024-10-26,2024-10-31,2024-11-03,124,117,643.3,79768.74
PO0003477,S006,P0023,WH02,2024-10-26,2024-11-03,2024-11-05,74,71,657.01,48618.45
PO0003478,S002,P0027,WH02,2024-10-26,2024-11-02,2024-11-03,250,236,559.37,139842.24
PO0003479,S006,P0028,WH01,2024-10-26,2024-11-02,2024-11-05,203,201,3084.98,626251.11
PO0003480,S009,P0035,WH04,2024-10-26,2024-11-03,2024-11-05,89,80,1598.47,142263.92
PO0003481,S002,P0037,WH02,2024-10-26,2024-11-01,2024-11-01,137,122,1459.28,199921.04
PO0003482,S002,P0039,WH01,2024-10-26,2024-11-02,2024-11-02,85,82,514.3,43715.1
PO0003483,S012,P0040,WH03,2024-10-26,2024-11-07,2024-11-07,70,69,699.88,48991.62
PO0003484,S004,P0007,WH05,2024-10-27,2024-11-03,2024-11-03,141,133,2508.26,353664.79
PO0003485,S007,P0010,WH02,2024-10-27,2024-10-31,2024-11-03,75,71,2899.9,217492.79
PO0003486,S011,P0012,WH02,2024-10-27,2024-10-30,2024-10-30,50,47,2339.68,116984.24
PO0003487,S007,P0013,WH03,2024-10-27,2024-11-01,2024-11-02,81,76,2711.34,219618.49
PO0003488,S008,P0019,WH04,2024-10-27,2024-10-30,2024-11-01,141,128,2047.37,288679.21
PO0003489,S006,P0034,WH02,2024-10-27,2024-11-01,2024-11-01,57,56,2905.35,165604.72
PO0003490,S010,P0008,WH02,2024-10-28,2024-11-06,2024-11-06,110,110,789.47,86842.09
PO0003491,S010,P0009,WH03,2024-10-28,2024-11-04,2024-11-06,70,70,2375.28,166269.37
PO0003492,S010,P0009,WH04,2024-10-28,2024-11-03,2024-11-03,74,74,2454.12,181604.89
PO0003493,S007,P0011,WH05,2024-10-28,2024-11-04,2024-11-04,74,68,597.57,44220.19
PO0003494,S011,P0012,WH04,2024-10-28,2024-11-03,2024-11-04,50,47,2292.33,114616.48
PO0003495,S012,P0016,WH02,2024-10-28,2024-11-08,2024-11-09,294,287,902.3,265276.29
PO0003496,S006,P0020,WH04,2024-10-28,2024-11-03,2024-11-04,159,156,2422.95,385249.36
PO0003497,S006,P0025,WH03,2024-10-28,2024-11-04,2024-11-04,181,180,1506.32,272643.55
PO0003498,S012,P0026,WH05,2024-10-28,2024-11-07,2024-11-07,221,215,2140.47,473044.22
PO0003499,S009,P0030,WH04,2024-10-28,2024-11-08,2024-11-08,132,123,2408.25,317888.42
PO0003500,S004,P0033,WH02,2024-10-28,2024-11-03,2024-11-05,174,169,2069.99,360178.64
PO0003501,S009,P0035,WH01,2024-10-28,2024-11-04,2024-11-04,137,128,1656.93,226999.27
PO0003502,S009,P0035,WH05,2024-10-28,2024-11-07,2024-11-08,178,166,1692.64,301289.31
PO0003503,S008,P0036,WH02,2024-10-28,2024-10-30,2024-10-31,242,229,2104.29,509239.35
PO0003504,S008,P0038,WH01,2024-10-28,2024-10-31,2024-10-31,96,92,1756.05,168580.47
PO0003505,S009,P0001,WH01,2024-10-29,2024-11-04,2024-11-06,138,128,1321.88,182419.79
PO0003506,S009,P0002,WH04,2024-10-29,2024-11-06,2024-11-06,208,196,760.34,158150.41
PO0003507,S004,P0007,WH03,2024-10-29,2024-11-08,2024-11-08,223,210,2371.88,528929.59
PO0003508,S011,P0012,WH04,2024-10-29,2024-10-31,2024-11-01,50,49,2339.78,116989.12
PO0003509,S007,P0013,WH02,2024-10-29,2024-11-03,2024-11-03,61,60,2747.81,167616.16
PO0003510,S007,P0013,WH03,2024-10-29,2024-11-03,2024-11-06,58,56,2802.58,162549.54
PO0003511,S012,P0016,WH02,2024-10-29,2024-11-09,2024-11-10,238,225,867.35,206428.63
PO0003512,S011,P0017,WH03,2024-10-29,2024-11-01,2024-11-02,343,326,900.44,308851.61
PO0003513,S009,P0022,WH02,2024-10-29,2024-11-07,2024-11-07,85,81,457.26,38866.75
PO0003514,S006,P0023,WH04,2024-10-29,2024-11-03,2024-11-03,77,77,711.77,54806.16
PO0003515,S006,P0028,WH01,2024-10-29,2024-11-05,2024-11-08,115,113,3361.59,386583.01
PO0003516,S009,P0030,WH04,2024-10-29,2024-11-06,2024-11-06,113,108,2497.43,282210.13
PO0003517,S008,P0036,WH05,2024-10-29,2024-11-02,2024-11-02,257,240,2135.2,548746.1
PO0003518,S008,P0038,WH05,2024-10-29,2024-11-01,2024-11-02,177,160,1911.11,338266.13
PO0003519,S009,P0002,WH04,2024-10-30,2024-11-08,2024-11-08,166,156,762.26,126535.51
PO0003520,S009,P0002,WH05,2024-10-30,2024-11-07,2024-11-07,158,147,775.86,122585.43
PO0003521,S007,P0011,WH05,2024-10-30,2024-11-03,2024-11-04,103,101,585.41,60297.03
PO0003522,S006,P0020,WH04,2024-10-30,2024-11-03,2024-11-03,149,147,2497.27,372092.66
PO0003523,S012,P0026,WH05,2024-10-30,2024-11-09,2024-11-09,230,223,2319.36,533451.86
PO0003524,S004,P0029,WH05,2024-10-30,2024-11-05,2024-11-05,175,170,3380.8,591639.3
PO0003525,S009,P0030,WH02,2024-10-30,2024-11-08,2024-11-13,223,216,2516.65,561213.06
PO0003526,S004,P0033,WH02,2024-10-30,2024-11-05,2024-11-05,156,145,2136.46,333287.78
PO0003527,S012,P0040,WH03,2024-10-30,2024-11-09,2024-11-09,50,49,684.53,34226.75
PO0003528,S008,P0004,WH05,2024-10-31,2024-11-05,2024-11-06,261,241,1576.01,411338.67
PO0003529,S007,P0010,WH01,2024-10-31,2024-11-02,2024-11-02,78,76,2869.25,223801.43
PO0003530,S006,P0018,WH04,2024-10-31,2024-11-04,2024-11-05,50,49,1155.83,57791.57
PO0003531,S008,P0019,WH04,2024-10-31,2024-11-06,2024-11-06,135,125,1943.09,262317.27
PO0003532,S002,P0027,WH02,2024-10-31,2024-11-09,2024-11-09,162,153,542.54,87892.25
PO0003533,S009,P0030,WH04,2024-10-31,2024-11-10,2024-11-10,226,216,2648.46,598550.84
PO0003534,S004,P0033,WH01,2024-10-31,2024-11-06,2024-11-06,89,81,2147.63,191139.0
PO0003535,S012,P0040,WH03,2024-10-31,2024-11-11,2024-11-11,56,56,703.63,39403.52
PO0003536,S009,P0001,WH05,2024-11-01,2024-11-09,2024-11-10,188,175,1354.93,254725.94
PO0003537,S006,P0003,WH02,2024-11-01,2024-11-06,2024-11-08,308,304,901.93,277795.09
PO0003538,S008,P0004,WH03,2024-11-01,2024-11-05,2024-11-06,199,185,1519.16,302311.85
PO0003539,S009,P0005,WH03,2024-11-01,2024-11-09,2024-11-09,76,71,1129.02,85805.61
PO0003540,S011,P0006,WH03,2024-11-01,2024-11-03,2024-11-05,50,49,2837.5,141875.13
PO0003541,S007,P0011,WH05,2024-11-01,2024-11-06,2024-11-09,82,79,611.27,50123.93
PO0003542,S007,P0013,WH02,2024-11-01,2024-11-04,2024-11-04,59,59,2735.06,161368.38
PO0003543,S010,P0021,WH03,2024-11-01,2024-11-10,2024-11-13,237,234,673.18,159543.01
PO0003544,S006,P0023,WH04,2024-11-01,2024-11-10,2024-11-13,50,50,723.77,36188.31
PO0003545,S009,P0035,WH01,2024-11-01,2024-11-10,2024-11-10,165,161,1617.23,266842.19
PO0003546,S009,P0035,WH05,2024-11-01,2024-11-11,2024-11-11,176,164,1552.56,273250.77
PO0003547,S008,P0038,WH04,2024-11-01,2024-11-04,2024-11-04,89,83,1731.66,154117.47
PO0003548,S012,P0040,WH01,2024-11-01,2024-11-09,2024-11-09,50,46,759.43,37971.49
PO0003549,S009,P0002,WH04,2024-11-02,2024-11-10,2024-11-10,142,127,766.04,108778.07
PO0003550,S008,P0004,WH04,2024-11-02,2024-11-04,2024-11-06,198,186,1648.03,326310.57
PO0003551,S009,P0005,WH03,2024-11-02,2024-11-10,2024-11-13,76,68,1266.41,96247.54
PO0003552,S004,P0007,WH05,2024-11-02,2024-11-06,2024-11-08,180,173,2321.5,417869.53
PO0003553,S007,P0011,WH05,2024-11-02,2024-11-07,2024-11-07,88,83,618.47,54425.2
PO0003554,S006,P0020,WH01,2024-11-02,2024-11-09,2024-11-11,126,126,2291.03,288670.1
PO0003555,S006,P0023,WH04,2024-11-02,2024-11-07,2024-11-09,77,77,693.94,53433.07
PO0003556,S002,P0027,WH02,2024-11-02,2024-11-08,2024-11-11,243,231,541.03,131470.85
PO0003557,S009,P0032,WH04,2024-11-02,2024-11-10,2024-11-15,153,144,1579.09,241600.62
PO0003558,S009,P0035,WH01,2024-11-02,2024-11-11,2024-11-11,107,103,1545.83,165404.25
PO0003559,S009,P0035,WH05,2024-11-02,2024-11-09,2024-11-14,125,118,1596.2,199525.39
PO0003560,S008,P0038,WH04,2024-11-02,2024-11-05,2024-11-05,164,161,1770.51,290363.01
PO0003561,S009,P0001,WH05,2024-11-03,2024-11-11,2024-11-11,198,183,1444.98,286106.0
PO0003562,S009,P0002,WH04,2024-11-03,2024-11-09,2024-11-10,138,132,783.06,108062.9
PO0003563,S006,P0003,WH01,2024-11-03,2024-11-08,2024-11-09,213,212,904.91,192746.16
PO0003564,S009,P0005,WH05,2024-11-03,2024-11-09,2024-11-10,86,83,1265.87,108865.18
PO0003565,S007,P0011,WH01,2024-11-03,2024-11-08,2024-11-09,94,90,654.23,61497.22
PO0003566,S006,P0018,WH04,2024-11-03,2024-11-10,2024-11-10,68,68,1130.78,76892.89
PO0003567,S010,P0021,WH03,2024-11-03,2024-11-13,2024-11-14,167,166,704.58,117665.44
PO0003568,S006,P0023,WH05,2024-11-03,2024-11-09,2024-11-11,63,61,700.14,44108.9
PO0003569,S009,P0030,WH04,2024-11-03,2024-11-11,2024-11-12,135,128,2560.23,345630.65
PO0003570,S009,P0032,WH01,2024-11-03,2024-11-09,2024-11-09,163,155,1621.87,264365.02
PO0003571,S009,P0035,WH01,2024-11-03,2024-11-10,2024-11-12,93,85,1583.85,147297.74
PO0003572,S009,P0002,WH04,2024-11-04,2024-11-13,2024-11-14,164,156,830.16,136146.56
PO0003573,S006,P0003,WH01,2024-11-04,2024-11-08,2024-11-08,164,161,872.63,143111.15
PO0003574,S006,P0003,WH04,2024-11-04,2024-11-09,2024-11-09,164,162,856.91,140532.9
PO0003575,S007,P0011,WH01,2024-11-04,2024-11-08,2024-11-10,124,112,612.81,75988.92
PO0003576,S010,P0014,WH04,2024-11-04,2024-11-11,2024-11-12,163,160,2055.68,335076.42
PO0003577,S010,P0021,WH03,2024-11-04,2024-11-14,2024-11-14,179,177,668.2,119608.05
PO0003578,S004,P0031,WH02,2024-11-04,2024-11-13,2024-11-13,50,47,468.86,23443.01
PO0003579,S012,P0040,WH01,2024-11-04,2024-11-15,2024-11-15,53,51,712.72,37774.06
PO0003580,S012,P0040,WH03,2024-11-04,2024-11-15,2024-11-15,63,60,683.1,43035.04
PO0003581,S009,P0002,WH01,2024-11-05,2024-11-14,2024-11-16,132,124,823.32,108678.56
PO0003582,S009,P0002,WH04,2024-11-05,2024-11-12,2024-11-14,198,188,807.85,159954.75
PO0003583,S009,P0005,WH05,2024-11-05,2024-11-15,2024-11-15,70,68,1192.89,83502.19
PO0003584,S007,P0013,WH05,2024-11-05,2024-11-08,2024-11-08,58,54,2873.71,166675.29
PO0003585,S006,P0020,WH01,2024-11-05,2024-11-12,2024-11-12,115,114,2371.17,272684.35
PO0003586,S010,P0021,WH03,2024-11-05,2024-11-12,2024-11-12,278,278,720.39,200268.66
PO0003587,S006,P0023,WH03,2024-11-05,2024-11-09,2024-11-10,105,100,722.23,75834.35
PO0003588,S004,P0029,WH02,2024-11-05,2024-11-12,2024-11-14,259,242,3489.84,903868.65
PO0003589,S009,P0030,WH04,2024-11-05,2024-11-13,2024-11-16,223,214,2655.25,592120.41
PO0003590,S009,P0032,WH04,2024-11-05,2024-11-14,2024-11-14,144,137,1604.1,230990.87
PO0003591,S009,P0035,WH05,2024-11-05,2024-11-12,2024-11-12,133,129,1575.04,209480.58
PO0003592,S002,P0039,WH02,2024-11-05,2024-11-09,2024-11-12,116,112,480.62,55752.11
PO0003593,S009,P0001,WH05,2024-11-06,2024-11-15,2024-11-16,209,198,1401.31,292872.78
PO0003594,S009,P0002,WH01,2024-11-06,2024-11-15,2024-11-16,169,161,763.9,129099.02
PO0003595,S006,P0003,WH02,2024-11-06,2024-11-12,2024-11-12,294,289,874.85,257204.65
PO0003596,S009,P0005,WH03,2024-11-06,2024-11-15,2024-11-15,65,61,1135.01,73775.77
PO0003597,S010,P0014,WH02,2024-11-06,2024-11-16,2024-11-16,385,377,2038.52,784830.22
PO0003598,S008,P0036,WH03,2024-11-06,2024-11-09,2024-11-11,240,225,2010.86,482605.91
PO0003599,S008,P0036,WH04,2024-11-06,2024-11-09,2024-11-09,252,236,2071.74,522078.56
PO0003600,S002,P0039,WH02,2024-11-06,2024-11-10,2024-11-13,94,86,470.59,44235.31
PO0003601,S002,P0039,WH05,2024-11-06,2024-11-12,2024-11-12,90,86,472.6,42534.36
PO0003602,S012,P0040,WH01,2024-11-06,2024-11-17,2024-11-17,50,48,720.59,36029.44
PO0003603,S012,P0040,WH03,2024-11-06,2024-11-17,2024-11-22,75,73,682.24,51168.0
PO0003604,S006,P0003,WH02,2024-11-07,2024-11-15,2024-11-17,192,189,916.88,176041.07
PO0003605,S009,P0005,WH03,2024-11-07,2024-11-16,2024-11-16,97,93,1177.55,114222.16
PO0003606,S004,P0007,WH02,2024-11-07,2024-11-11,2024-11-14,185,183,2402.0,444370.3
PO0003607,S007,P0011,WH01,2024-11-07,2024-11-11,2024-11-12,123,119,629.94,77483.1
PO0003608,S010,P0014,WH02,2024-11-07,2024-11-15,2024-11-15,272,271,2011.83,547218.04
PO0003609,S010,P0014,WH04,2024-11-07,2024-11-15,2024-11-15,151,149,1966.98,297014.41
PO0003610,S009,P0032,WH01,2024-11-07,2024-11-14,2024-11-14,261,248,1708.46,445909.34
PO0003611,S008,P0036,WH04,2024-11-07,2024-11-10,2024-11-10,279,264,2157.96,602070.79
PO0003612,S010,P0008,WH04,2024-11-08,2024-11-17,2024-11-19,91,90,848.58,77220.36
PO0003613,S006,P0018,WH01,2024-11-08,2024-11-16,2024-11-16,60,60,1069.95,64196.99
PO0003614,S006,P0023,WH05,2024-11-08,2024-11-14,2024-11-14,98,96,669.39,65599.87
PO0003615,S004,P0029,WH02,2024-11-08,2024-11-15,2024-11-15,313,302,3480.18,1089295.82
PO0003616,S008,P0036,WH02,2024-11-08,2024-11-11,2024-11-14,370,344,2211.79,818362.44
PO0003617,S009,P0002,WH01,2024-11-09,2024-11-18,2024-11-18,182,171,740.19,134714.64
PO0003618,S004,P0007,WH02,2024-11-09,2024-11-15,2024-11-15,266,252,2560.94,681209.01
PO0003619,S010,P0008,WH04,2024-11-09,2024-11-19,2024-11-20,91,88,807.6,73491.51
PO0003620,S007,P0013,WH04,2024-11-09,2024-11-12,2024-11-13,50,46,2674.48,133723.79
PO0003621,S010,P0014,WH02,2024-11-09,2024-11-16,2024-11-16,217,212,2042.64,443253.51
PO0003622,S006,P0020,WH01,2024-11-09,2024-11-17,2024-11-19,122,120,2503.98,305486.05
PO0003623,S010,P0021,WH03,2024-11-09,2024-11-21,2024-11-23,199,196,682.82,135881.94
PO0003624,S006,P0023,WH03,2024-11-09,2024-11-14,2024-11-17,73,71,680.62,49684.94
PO0003625,S002,P0027,WH04,2024-11-09,2024-11-14,2024-11-16,117,110,551.97,64580.1
PO0003626,S004,P0029,WH02,2024-11-09,2024-11-16,2024-11-17,259,246,3484.01,902358.86
PO0003627,S009,P0032,WH02,2024-11-09,2024-11-16,2024-11-17,324,310,1773.0,574451.43
PO0003628,S009,P0032,WH04,2024-11-09,2024-11-16,2024-11-16,210,195,1733.48,364030.58
PO0003629,S008,P0036,WH01,2024-11-09,2024-11-13,2024-11-13,181,170,2081.52,376754.76
PO0003630,S008,P0036,WH03,2024-11-09,2024-11-13,2024-11-13,240,224,2040.54,489730.14
PO0003631,S009,P0002,WH01,2024-11-10,2024-11-20,2024-11-20,218,203,764.13,166579.33
PO0003632,S009,P0005,WH02,2024-11-10,2024-11-18,2024-11-18,118,111,1227.16,144805.23
PO0003633,S004,P0007,WH02,2024-11-10,2024-11-16,2024-11-16,150,142,2371.49,355723.06
PO0003634,S011,P0012,WH02,2024-11-10,2024-11-15,2024-11-16,50,49,2362.19,118109.26
PO0003635,S010,P0014,WH02,2024-11-10,2024-11-20,2024-11-20,282,276,1991.35,561559.46
PO0003636,S006,P0023,WH05,2024-11-10,2024-11-16,2024-11-16,99,98,710.76,70365.24
PO0003637,S004,P0029,WH05,2024-11-10,2024-11-16,2024-11-16,264,252,3296.77,870347.04
PO0003638,S004,P0031,WH03,2024-11-10,2024-11-18,2024-11-20,63,58,486.29,30636.36
PO0003639,S009,P0032,WH02,2024-11-10,2024-11-18,2024-11-18,239,228,1773.95,423975.0
PO0003640,S008,P0036,WH02,2024-11-10,2024-11-15,2024-11-15,280,260,2192.48,613894.86
PO0003641,S008,P0038,WH01,2024-11-10,2024-11-13,2024-11-14,96,87,1844.2,177043.09
PO0003642,S008,P0038,WH03,2024-11-10,2024-11-14,2024-11-14,194,183,1701.61,330112.1
PO0003643,S002,P0039,WH02,2024-11-10,2024-11-19,2024-11-19,67,64,523.27,35059.01
PO0003644,S012,P0040,WH05,2024-11-10,2024-11-21,2024-11-21,54,53,700.26,37814.23
PO0003645,S009,P0002,WH01,2024-11-11,2024-11-19,2024-11-24,201,196,793.44,159481.88
PO0003646,S008,P0004,WH03,2024-11-11,2024-11-13,2024-11-14,298,272,1605.01,478293.31
PO0003647,S010,P0008,WH04,2024-11-11,2024-11-21,2024-11-21,100,99,854.76,85475.51
PO0003648,S010,P0014,WH02,2024-11-11,2024-11-22,2024-11-25,214,213,2003.0,428642.36
PO0003649,S010,P0014,WH04,2024-11-11,2024-11-22,2024-11-22,290,286,1939.8,562543.15
PO0003650,S006,P0018,WH01,2024-11-11,2024-11-18,2024-11-23,60,59,1053.32,63199.03
PO0003651,S008,P0019,WH03,2024-11-11,2024-11-13,2024-11-13,294,280,2047.7,602025.23
PO0003652,S004,P0029,WH02,2024-11-11,2024-11-18,2024-11-18,360,346,3481.4,1253304.3
PO0003653,S004,P0029,WH05,2024-11-11,2024-11-16,2024-11-16,233,224,3548.7,826847.78
PO0003654,S009,P0030,WH02,2024-11-11,2024-11-19,2024-11-20,234,222,2428.49,568267.27
PO0003655,S004,P0031,WH03,2024-11-11,2024-11-17,2024-11-20,68,65,482.44,32805.59
PO0003656,S009,P0032,WH05,2024-11-11,2024-11-21,2024-11-23,230,217,1613.07,371006.69
PO0003657,S008,P0036,WH05,2024-11-11,2024-11-17,2024-11-17,247,232,2215.88,547321.46
PO0003658,S002,P0037,WH04,2024-11-11,2024-11-21,2024-11-21,87,83,1547.26,134611.68
PO0003659,S008,P0038,WH01,2024-11-11,2024-11-15,2024-11-16,136,127,1825.3,248241.46
PO0003660,S010,P0008,WH01,2024-11-12,2024-11-22,2024-11-24,122,119,774.75,94519.87
PO0003661,S010,P0008,WH04,2024-11-12,2024-11-22,2024-11-27,82,81,771.18,63237.0
PO0003662,S011,P0012,WH02,2024-11-12,2024-11-14,2024-11-14,78,73,2247.51,175305.52
PO0003663,S007,P0013,WH04,2024-11-12,2024-11-17,2024-11-17,50,46,2596.97,129848.29
PO0003664,S010,P0014,WH02,2024-11-12,2024-11-20,2024-11-21,319,317,2008.82,640814.26
PO0003665,S011,P0017,WH03,2024-11-12,2024-11-14,2024-11-15,278,263,964.7,268186.67
PO0003666,S009,P0022,WH05,2024-11-12,2024-11-17,2024-11-22,57,54,449.89,25643.98
PO0003667,S006,P0024,WH01,2024-11-12,2024-11-18,2024-11-19,59,59,694.86,40996.46
PO0003668,S006,P0025,WH03,2024-11-12,2024-11-20,2024-11-20,277,272,1422.06,393910.83
PO0003669,S004,P0029,WH03,2024-11-12,2024-11-19,2024-11-20,227,213,3296.28,748256.2
PO0003670,S009,P0030,WH02,2024-11-12,2024-11-20,2024-11-20,214,205,2661.39,569537.68
PO0003671,S004,P0031,WH02,2024-11-12,2024-11-20,2024-11-23,59,57,445.03,26256.55
PO0003672,S008,P0036,WH02,2024-11-12,2024-11-16,2024-11-16,198,192,2010.22,398022.68
PO0003673,S009,P0002,WH01,2024-11-13,2024-11-21,2024-11-21,156,144,791.83,123525.88
PO0003674,S009,P0005,WH02,2024-11-13,2024-11-20,2024-11-21,119,115,1193.95,142080.55
PO0003675,S011,P0006,WH02,2024-11-13,2024-11-18,2024-11-18,50,46,2749.43,137471.42
PO0003676,S010,P0008,WH01,2024-11-13,2024-11-20,2024-11-20,88,85,859.07,75598.34
PO0003677,S011,P0012,WH02,2024-11-13,2024-11-17,2024-11-20,50,46,2503.24,125162.03
PO0003678,S010,P0014,WH02,2024-11-13,2024-11-21,2024-11-21,383,378,2030.58,777713.45
PO0003679,S004,P0015,WH05,2024-11-13,2024-11-21,2024-11-23,107,103,257.98,27603.6
PO0003680,S012,P0016,WH04,2024-11-13,2024-11-21,2024-11-24,157,152,825.12,129543.78
PO0003681,S009,P0022,WH05,2024-11-13,2024-11-21,2024-11-21,70,68,441.24,30886.77
PO0003682,S006,P0024,WH01,2024-11-13,2024-11-19,2024-11-21,50,50,625.67,31283.44
PO0003683,S006,P0025,WH03,2024-11-13,2024-11-19,2024-11-19,256,253,1445.77,370116.14
PO0003684,S002,P0027,WH04,2024-11-13,2024-11-18,2024-11-19,156,146,569.97,88915.41
PO0003685,S004,P0029,WH05,2024-11-13,2024-11-19,2024-11-19,264,252,3386.18,893950.96
PO0003686,S009,P0032,WH02,2024-11-13,2024-11-20,2024-11-22,306,294,1688.08,516553.61
PO0003687,S008,P0036,WH05,2024-11-13,2024-11-16,2024-11-16,219,201,2075.64,454564.4
PO0003688,S002,P0037,WH04,2024-11-13,2024-11-21,2024-11-21,68,64,1506.19,102420.74
PO0003689,S008,P0038,WH01,2024-11-13,2024-11-19,2024-11-20,110,106,1794.53,197398.64
PO0003690,S009,P0002,WH03,2024-11-14,2024-11-22,2024-11-23,322,295,758.9,244366.19
PO0003691,S010,P0014,WH02,2024-11-14,2024-11-23,2024-11-23,197,195,1989.73,391977.28
PO0003692,S012,P0016,WH04,2024-11-14,2024-11-24,2024-11-24,196,189,843.2,165266.79
PO0003693,S006,P0020,WH02,2024-11-14,2024-11-22,2024-11-22,168,168,2385.82,400817.02
PO0003694,S002,P0027,WH04,2024-11-14,2024-11-20,2024-11-20,148,139,543.3,80408.34
PO0003695,S004,P0031,WH03,2024-11-14,2024-11-19,2024-11-19,50,48,493.95,24697.5
PO0003696,S002,P0037,WH04,2024-11-14,2024-11-19,2024-11-19,61,54,1527.84,93198.21
PO0003697,S007,P0010,WH04,2024-11-15,2024-11-19,2024-11-19,62,61,2921.22,181115.81
PO0003698,S004,P0015,WH05,2024-11-15,2024-11-20,2024-11-22,109,105,249.57,27202.71
PO0003699,S006,P0024,WH01,2024-11-15,2024-11-20,2024-11-20,50,50,639.22,31961.25
PO0003700,S004,P0031,WH03,2024-11-15,2024-11-21,2024-11-21,50,47,476.26,23812.79
PO0003701,S009,P0032,WH02,2024-11-15,2024-11-24,2024-11-26,309,286,1737.1,536765.4
PO0003702,S006,P0020,WH02,2024-11-16,2024-11-22,2024-11-24,176,170,2379.65,418817.82
PO0003703,S009,P0022,WH01,2024-11-16,2024-11-24,2024-11-24,64,60,448.23,28686.45
PO0003704,S006,P0025,WH03,2024-11-16,2024-11-22,2024-11-22,258,255,1422.05,366888.2
PO0003705,S006,P0025,WH05,2024-11-16,2024-11-21,2024-11-21,175,171,1393.05,243782.94
PO0003706,S004,P0029,WH03,2024-11-16,2024-11-23,2024-11-26,326,315,3295.73,1074409.6
PO0003707,S002,P0037,WH03,2024-11-16,2024-11-22,2024-11-22,86,84,1475.24,126870.47
PO0003708,S002,P0037,WH05,2024-11-16,2024-11-23,2024-11-23,65,64,1610.64,104691.69
PO0003709,S009,P0002,WH05,2024-11-17,2024-11-24,2024-11-24,224,214,829.01,185698.88
PO0003710,S006,P0003,WH04,2024-11-17,2024-11-24,2024-11-24,164,162,904.79,148385.33
PO0003711,S004,P0015,WH02,2024-11-17,2024-11-23,2024-11-23,125,119,250.79,31348.25
PO0003712,S012,P0016,WH04,2024-11-17,2024-11-28,2024-11-28,262,257,915.65,239901.37
PO0003713,S011,P0017,WH04,2024-11-17,2024-11-22,2024-11-25,227,215,942.35,213913.29
PO0003714,S009,P0022,WH01,2024-11-17,2024-11-26,2024-11-26,61,58,439.51,26810.21
PO0003715,S009,P0022,WH05,2024-11-17,2024-11-25,2024-11-26,50,44,434.61,21730.29
PO0003716,S009,P0030,WH03,2024-11-17,2024-11-26,2024-11-26,194,183,2405.36,466638.88
PO0003717,S004,P0031,WH03,2024-11-17,2024-11-24,2024-11-24,73,70,457.41,33391.0
PO0003718,S002,P0039,WH03,2024-11-17,2024-11-24,2024-11-24,63,60,468.26,29500.48
PO0003719,S008,P0004,WH05,2024-11-18,2024-11-22,2024-11-22,247,233,1667.43,411855.98
PO0003720,S010,P0008,WH01,2024-11-18,2024-11-27,2024-11-27,119,119,825.11,98188.47
PO0003721,S010,P0008,WH04,2024-11-18,2024-11-26,2024-11-27,125,123,792.33,99040.8
PO0003722,S007,P0010,WH01,2024-11-18,2024-11-21,2024-11-22,60,59,2800.07,168004.47
PO0003723,S004,P0015,WH02,2024-11-18,2024-11-24,2024-11-25,167,157,257.19,42950.2
PO0003724,S004,P0015,WH04,2024-11-18,2024-11-24,2024-11-24,123,116,250.19,30773.79
PO0003725,S011,P0017,WH04,2024-11-18,2024-11-21,2024-11-22,188,168,976.64,183608.65
PO0003726,S006,P0025,WH03,2024-11-18,2024-11-23,2024-11-23,290,288,1415.8,410581.88
PO0003727,S006,P0025,WH05,2024-11-18,2024-11-25,2024-11-25,175,173,1427.58,249826.22
PO0003728,S012,P0026,WH02,2024-11-18,2024-11-26,2024-11-26,349,340,2223.66,776058.3
PO0003729,S002,P0027,WH03,2024-11-18,2024-11-24,2024-11-25,300,281,543.44,163030.9
PO0003730,S004,P0033,WH03,2024-11-18,2024-11-25,2024-11-25,181,170,1999.71,361947.87
PO0003731,S002,P0037,WH04,2024-11-18,2024-11-26,2024-11-26,82,78,1529.0,125378.14
PO0003732,S002,P0037,WH05,2024-11-18,2024-11-24,2024-11-24,119,111,1545.55,183920.16
PO0003733,S002,P0039,WH04,2024-11-18,2024-11-26,2024-11-27,72,70,503.15,36227.11
PO0003734,S009,P0002,WH05,2024-11-19,2024-11-25,2024-11-25,205,193,760.02,155804.17
PO0003735,S006,P0003,WH04,2024-11-19,2024-11-26,2024-11-29,192,189,960.12,184343.69
PO0003736,S010,P0009,WH04,2024-11-19,2024-11-26,2024-11-26,50,48,2473.0,123650.2
PO0003737,S007,P0010,WH05,2024-11-19,2024-11-22,2024-11-24,89,86,2649.88,235839.63
PO0003738,S011,P0012,WH01,2024-11-19,2024-11-21,2024-11-22,50,47,2269.96,113497.84
PO0003739,S012,P0016,WH01,2024-11-19,2024-11-30,2024-12-01,286,274,896.43,256379.19
PO0003740,S012,P0016,WH04,2024-11-19,2024-12-01,2024-12-01,174,169,884.48,153900.28
PO0003741,S006,P0018,WH02,2024-11-19,2024-11-24,2024-11-24,88,88,1084.89,95470.12
PO0003742,S004,P0029,WH03,2024-11-19,2024-11-25,2024-11-25,219,204,3358.63,735540.71
PO0003743,S009,P0032,WH05,2024-11-19,2024-11-28,2024-11-28,170,159,1600.23,272039.42
PO0003744,S002,P0037,WH02,2024-11-19,2024-11-25,2024-11-26,102,91,1523.05,155351.23
PO0003745,S002,P0037,WH03,2024-11-19,2024-11-23,2024-11-23,119,110,1524.76,181446.28
PO0003746,S008,P0038,WH05,2024-11-19,2024-11-21,2024-11-21,128,119,1794.67,229717.36
PO0003747,S002,P0039,WH03,2024-11-19,2024-11-25,2024-11-27,72,68,514.8,37065.79
PO0003748,S009,P0002,WH05,2024-11-20,2024-11-28,2024-11-29,148,141,745.47,110329.59
PO0003749,S006,P0003,WH04,2024-11-20,2024-11-25,2024-11-26,128,124,878.52,112450.79
PO0003750,S008,P0004,WH04,2024-11-20,2024-11-24,2024-11-26,158,148,1674.77,264612.91
PO0003751,S011,P0006,WH03,2024-11-20,2024-11-25,2024-11-25,50,48,2839.33,141966.55
PO0003752,S007,P0010,WH05,2024-11-20,2024-11-24,2024-11-24,66,65,2607.45,172091.64
PO0003753,S007,P0011,WH03,2024-11-20,2024-11-24,2024-11-26,129,120,646.4,83386.18
PO0003754,S011,P0012,WH01,2024-11-20,2024-11-26,2024-11-26,50,47,2461.8,123089.77
PO0003755,S004,P0015,WH02,2024-11-20,2024-11-26,2024-11-26,85,80,251.39,21367.82
PO0003756,S004,P0015,WH04,2024-11-20,2024-11-29,2024-11-29,68,62,267.32,18177.95
PO0003757,S012,P0016,WH01,2024-11-20,2024-11-30,2024-12-01,208,204,824.5,171496.22
PO0003758,S012,P0026,WH02,2024-11-20,2024-12-01,2024-12-03,409,397,2189.62,895555.82
PO0003759,S009,P0032,WH05,2024-11-20,2024-11-29,2024-11-29,256,243,1592.88,407777.1
PO0003760,S004,P0033,WH03,2024-11-20,2024-11-27,2024-11-30,140,133,1981.32,277384.55
PO0003761,S004,P0033,WH05,2024-11-20,2024-11-28,2024-12-01,148,143,2002.37,296350.67
PO0003762,S006,P0034,WH04,2024-11-20,2024-11-27,2024-11-27,50,47,3172.58,158628.89
PO0003763,S002,P0039,WH04,2024-11-20,2024-11-26,2024-11-26,51,50,518.02,26419.27
PO0003764,S006,P0003,WH04,2024-11-21,2024-11-29,2024-11-29,230,227,934.46,214925.06
PO0003765,S011,P0006,WH03,2024-11-21,2024-11-26,2024-11-26,50,45,2832.95,141647.69
PO0003766,S007,P0010,WH05,2024-11-21,2024-11-25,2024-11-25,72,68,2810.49,202355.2
PO0003767,S011,P0012,WH01,2024-11-21,2024-11-23,2024-11-23,50,48,2313.61,115680.3
PO0003768,S004,P0015,WH05,2024-11-21,2024-11-27,2024-11-28,77,72,239.44,18437.2
PO0003769,S008,P0019,WH04,2024-11-21,2024-11-27,2024-11-27,152,140,2120.77,322357.52
PO0003770,S006,P0020,WH03,2024-11-21,2024-11-29,2024-12-04,167,163,2395.57,400060.4
PO0003771,S009,P0022,WH02,2024-11-21,2024-12-03,2024-12-05,85,82,432.33,36747.99
PO0003772,S004,P0031,WH02,2024-11-21,2024-11-27,2024-11-28,50,48,458.13,22906.29
PO0003773,S006,P0034,WH04,2024-11-21,2024-11-26,2024-12-01,50,48,2884.57,144228.27
PO0003774,S009,P0002,WH02,2024-11-22,2024-12-01,2024-12-01,178,167,821.01,146140.35
PO0003775,S008,P0004,WH01,2024-11-22,2024-11-25,2024-11-25,201,184,1677.37,337150.81
PO0003776,S010,P0008,WH03,2024-11-22,2024-11-30,2024-11-30,122,121,820.98,100159.97
PO0003777,S007,P0011,WH03,2024-11-22,2024-11-27,2024-11-27,174,168,651.56,113371.3
PO0003778,S007,P0013,WH01,2024-11-22,2024-11-25,2024-11-25,51,50,2811.16,143369.33
PO0003779,S010,P0014,WH03,2024-11-22,2024-12-02,2024-12-02,288,283,2056.98,592409.58
PO0003780,S004,P0015,WH02,2024-11-22,2024-11-26,2024-11-27,162,158,266.48,43170.44
PO0003781,S011,P0017,WH01,2024-11-22,2024-11-25,2024-11-25,184,178,956.83,176056.73
PO0003782,S006,P0018,WH01,2024-11-22,2024-11-30,2024-12-03,58,57,1123.48,65162.07
PO0003783,S006,P0018,WH02,2024-11-22,2024-11-29,2024-12-01,96,93,1028.75,98760.08
PO0003784,S008,P0019,WH04,2024-11-22,2024-11-25,2024-11-25,134,126,1968.51,263779.91
PO0003785,S006,P0020,WH03,2024-11-22,2024-11-30,2024-11-30,265,263,2424.9,642598.02
PO0003786,S010,P0021,WH02,2024-11-22,2024-11-29,2024-12-01,202,199,746.95,150883.16
PO0003787,S009,P0022,WH04,2024-11-22,2024-12-02,2024-12-02,50,46,477.71,23885.48
PO0003788,S006,P0025,WH04,2024-11-22,2024-11-27,2024-11-27,142,141,1473.05,209173.47
PO0003789,S002,P0027,WH01,2024-11-22,2024-11-28,2024-11-28,193,183,575.82,111132.84
PO0003790,S008,P0036,WH01,2024-11-22,2024-11-25,2024-11-25,240,223,2231.84,535641.26
PO0003791,S002,P0039,WH03,2024-11-22,2024-11-28,2024-11-28,122,113,518.5,63256.45
PO0003792,S009,P0001,WH03,2024-11-23,2024-12-03,2024-12-03,198,183,1373.6,271972.02
PO0003793,S009,P0002,WH02,2024-11-23,2024-12-01,2024-12-01,235,221,803.4,188798.25
PO0003794,S009,P0002,WH05,2024-11-23,2024-12-04,2024-12-04,228,214,813.77,185539.53
PO0003795,S006,P0003,WH04,2024-11-23,2024-12-02,2024-12-04,215,213,928.89,199710.85
PO0003796,S008,P0004,WH01,2024-11-23,2024-11-27,2024-11-27,185,166,1666.87,308370.73
PO0003797,S010,P0009,WH04,2024-11-23,2024-12-01,2024-12-01,50,48,2425.92,121295.96
PO0003798,S007,P0011,WH03,2024-11-23,2024-11-28,2024-11-30,166,158,606.12,100616.25
PO0003799,S007,P0013,WH01,2024-11-23,2024-11-25,2024-11-26,50,47,2724.06,136203.02
PO0003800,S012,P0016,WH01,2024-11-23,2024-12-03,2024-12-05,293,287,904.48,265012.11
PO0003801,S011,P0017,WH01,2024-11-23,2024-11-27,2024-11-27,275,261,951.19,261576.86
PO0003802,S006,P0020,WH03,2024-11-23,2024-12-01,2024-12-04,152,151,2241.21,340663.9
PO0003803,S009,P0022,WH01,2024-11-23,2024-12-03,2024-12-06,63,62,430.48,27120.21
PO0003804,S006,P0025,WH04,2024-11-23,2024-11-27,2024-11-27,114,112,1506.5,171741.29
PO0003805,S004,P0029,WH04,2024-11-23,2024-11-29,2024-11-30,286,274,3198.97,914904.78
PO0003806,S004,P0033,WH03,2024-11-23,2024-12-01,2024-12-02,101,96,2208.32,223040.13
PO0003807,S008,P0036,WH01,2024-11-23,2024-11-27,2024-11-27,244,226,2190.06,534375.43
PO0003808,S002,P0039,WH03,2024-11-23,2024-11-29,2024-11-30,97,90,469.38,45530.21
PO0003809,S008,P0004,WH01,2024-11-24,2024-11-26,2024-11-26,187,173,1608.5,300789.9
PO0003810,S010,P0008,WH03,2024-11-24,2024-12-03,2024-12-03,143,140,796.11,113843.5
PO0003811,S007,P0011,WH03,2024-11-24,2024-11-29,2024-11-30,106,101,589.0,62433.69
PO0003812,S007,P0013,WH01,2024-11-24,2024-11-30,2024-11-30,52,48,2635.1,137025.26
PO0003813,S011,P0017,WH01,2024-11-24,2024-11-27,2024-11-27,266,244,958.38,254929.0
PO0003814,S011,P0017,WH05,2024-11-24,2024-11-27,2024-11-29,246,237,924.86,227515.33
PO0003815,S006,P0018,WH03,2024-11-24,2024-12-01,2024-12-03,86,86,1070.73,92082.53
PO0003816,S006,P0018,WH05,2024-11-24,2024-11-30,2024-12-03,78,75,1112.66,86787.34
PO0003817,S008,P0019,WH04,2024-11-24,2024-11-27,2024-11-28,195,184,2072.25,404088.45
PO0003818,S009,P0022,WH02,2024-11-24,2024-12-01,2024-12-01,81,74,461.61,37390.78
PO0003819,S006,P0028,WH03,2024-11-24,2024-11-29,2024-12-02,168,163,3014.6,506452.91
PO0003820,S004,P0029,WH04,2024-11-24,2024-11-29,2024-11-29,159,152,3232.36,513945.9
PO0003821,S002,P0037,WH01,2024-11-24,2024-11-30,2024-12-03,73,67,1456.18,106300.91
PO0003822,S007,P0011,WH04,2024-11-25,2024-11-28,2024-11-28,84,78,627.37,52698.92
PO0003823,S010,P0014,WH01,2024-11-25,2024-12-04,2024-12-07,144,142,2097.85,302090.16
PO0003824,S006,P0018,WH05,2024-11-25,2024-12-03,2024-12-05,71,70,1155.55,82044.23
PO0003825,S008,P0019,WH02,2024-11-25,2024-11-28,2024-11-28,249,242,1943.06,483822.47
PO0003826,S006,P0020,WH03,2024-11-25,2024-12-02,2024-12-02,170,170,2434.28,413826.77
PO0003827,S010,P0021,WH02,2024-11-25,2024-12-06,2024-12-08,259,254,699.0,181040.84
PO0003828,S009,P0022,WH02,2024-11-25,2024-12-04,2024-12-04,62,61,436.59,27068.28
PO0003829,S006,P0025,WH02,2024-11-25,2024-12-03,2024-12-08,142,141,1471.69,208979.57
PO0003830,S006,P0025,WH04,2024-11-25,2024-12-03,2024-12-04,148,147,1418.78,209979.86
PO0003831,S009,P0001,WH02,2024-11-26,2024-12-04,2024-12-06,152,145,1326.57,201637.93
PO0003832,S009,P0001,WH03,2024-11-26,2024-12-04,2024-12-04,187,177,1367.61,255743.2
PO0003833,S009,P0002,WH02,2024-11-26,2024-12-05,2024-12-05,177,167,827.27,146426.73
PO0003834,S009,P0005,WH01,2024-11-26,2024-12-05,2024-12-06,50,46,1250.92,62546.24
PO0003835,S004,P0007,WH04,2024-11-26,2024-12-03,2024-12-04,182,176,2332.44,424504.2
PO0003836,S011,P0012,WH03,2024-11-26,2024-12-01,2024-12-02,76,70,2349.84,178587.56
PO0003837,S010,P0014,WH01,2024-11-26,2024-12-03,2024-12-06,279,274,2000.99,558276.56
PO0003838,S011,P0017,WH03,2024-11-26,2024-11-29,2024-11-30,225,209,886.54,199472.6
PO0003839,S008,P0019,WH01,2024-11-26,2024-11-28,2024-11-28,154,138,1981.83,305201.39
PO0003840,S006,P0020,WH03,2024-11-26,2024-12-03,2024-12-03,231,229,2410.4,556801.78
PO0003841,S006,P0024,WH02,2024-11-26,2024-12-02,2024-12-04,50,50,667.84,33391.9
PO0003842,S006,P0025,WH01,2024-11-26,2024-11-30,2024-11-30,173,168,1421.41,245903.3
PO0003843,S004,P0029,WH01,2024-11-26,2024-12-02,2024-12-05,281,270,3312.56,930828.38
PO0003844,S006,P0034,WH05,2024-11-26,2024-12-03,2024-12-03,50,49,2994.65,149732.49
PO0003845,S002,P0039,WH05,2024-11-26,2024-12-01,2024-12-01,79,74,513.97,40604.0
PO0003846,S009,P0002,WH02,2024-11-27,2024-12-05,2024-12-07,179,170,775.76,138861.17
PO0003847,S010,P0008,WH03,2024-11-27,2024-12-04,2024-12-07,129,128,832.85,107437.03
PO0003848,S010,P0014,WH01,2024-11-27,2024-12-05,2024-12-06,149,147,2013.25,299974.75
PO0003849,S012,P0016,WH01,2024-11-27,2024-12-07,2024-12-07,242,234,916.25,221731.82
PO0003850,S008,P0019,WH03,2024-11-27,2024-11-30,2024-12-03,261,247,1918.68,500776.77
PO0003851,S009,P0022,WH04,2024-11-27,2024-12-06,2024-12-07,57,55,454.38,25899.4
PO0003852,S006,P0024,WH02,2024-11-27,2024-12-03,2024-12-05,65,65,631.79,41066.45
PO0003853,S006,P0025,WH02,2024-11-27,2024-12-03,2024-12-08,146,145,1360.81,198678.04
PO0003854,S004,P0029,WH04,2024-11-27,2024-12-05,2024-12-06,279,260,3508.6,978898.48
PO0003855,S004,P0031,WH04,2024-11-27,2024-12-02,2024-12-02,50,48,448.92,22446.14
PO0003856,S008,P0038,WH03,2024-11-27,2024-11-30,2024-11-30,137,129,1832.2,251011.66
PO0003857,S009,P0001,WH03,2024-11-28,2024-12-07,2024-12-07,207,193,1426.23,295230.21
PO0003858,S008,P0004,WH03,2024-11-28,2024-12-01,2024-12-01,271,253,1680.89,455520.94
PO0003859,S006,P0018,WH05,2024-11-28,2024-12-07,2024-12-07,83,80,1093.44,90755.39
PO0003860,S008,P0019,WH03,2024-11-28,2024-12-02,2024-12-02,234,226,2120.17,496120.68
PO0003861,S010,P0021,WH04,2024-11-28,2024-12-08,2024-12-11,162,160,715.21,115863.76
PO0003862,S006,P0028,WH02,2024-11-28,2024-12-04,2024-12-04,282,280,3238.54,913268.38
PO0003863,S004,P0031,WH01,2024-11-28,2024-12-05,2024-12-07,50,46,467.75,23387.44
PO0003864,S006,P0034,WH05,2024-11-28,2024-12-05,2024-12-06,50,50,3125.83,156291.55
PO0003865,S002,P0037,WH01,2024-11-28,2024-12-02,2024-12-02,71,67,1631.87,115863.04
PO0003866,S002,P0039,WH05,2024-11-28,2024-12-04,2024-12-04,66,62,501.6,33105.52
PO0003867,S009,P0001,WH03,2024-11-29,2024-12-08,2024-12-08,200,184,1336.3,267259.21
PO0003868,S009,P0002,WH02,2024-11-29,2024-12-06,2024-12-08,201,193,830.22,166873.55
PO0003869,S009,P0005,WH01,2024-11-29,2024-12-07,2024-12-09,53,51,1157.17,61330.02
PO0003870,S010,P0008,WH03,2024-11-29,2024-12-07,2024-12-08,170,167,829.37,140993.59
PO0003871,S007,P0013,WH05,2024-11-29,2024-12-02,2024-12-03,57,57,2751.02,156808.42
PO0003872,S010,P0014,WH01,2024-11-29,2024-12-06,2024-12-07,195,192,2081.53,405898.05
PO0003873,S006,P0018,WH03,2024-11-29,2024-12-07,2024-12-07,60,59,1131.65,67898.76
PO0003874,S006,P0018,WH05,2024-11-29,2024-12-08,2024-12-08,62,62,1078.61,66873.85
PO0003875,S010,P0021,WH02,2024-11-29,2024-12-09,2024-12-09,302,300,708.47,213957.25
PO0003876,S006,P0024,WH02,2024-11-29,2024-12-06,2024-12-06,62,62,697.22,43227.42
PO0003877,S006,P0025,WH02,2024-11-29,2024-12-07,2024-12-10,218,213,1432.47,312277.58
PO0003878,S012,P0026,WH01,2024-11-29,2024-12-09,2024-12-09,172,166,2309.05,397156.31
PO0003879,S004,P0033,WH05,2024-11-29,2024-12-06,2024-12-07,144,139,2129.12,306592.8
PO0003880,S006,P0034,WH05,2024-11-29,2024-12-07,2024-12-07,50,49,2890.51,144525.44
PO0003881,S008,P0038,WH03,2024-11-29,2024-12-03,2024-12-03,230,214,1731.17,398168.76
PO0003882,S009,P0001,WH02,2024-11-30,2024-12-09,2024-12-11,251,236,1337.21,335640.04
PO0003883,S008,P0004,WH02,2024-11-30,2024-12-04,2024-12-04,207,195,1541.04,318995.51
PO0003884,S008,P0004,WH03,2024-11-30,2024-12-02,2024-12-02,302,278,1552.91,468977.78
PO0003885,S009,P0005,WH04,2024-11-30,2024-12-10,2024-12-10,73,69,1145.47,83619.17
PO0003886,S004,P0007,WH03,2024-11-30,2024-12-06,2024-12-08,268,249,2460.18,659327.6
PO0003887,S007,P0013,WH05,2024-11-30,2024-12-05,2024-12-07,50,50,2570.65,128532.42
PO0003888,S010,P0014,WH01,2024-11-30,2024-12-09,2024-12-09,259,253,1960.72,507826.67
PO0003889,S012,P0016,WH01,2024-11-30,2024-12-09,2024-12-10,159,154,865.11,137552.55
PO0003890,S011,P0017,WH02,2024-11-30,2024-12-04,2024-12-05,336,320,877.86,294962.18
PO0003891,S010,P0021,WH02,2024-11-30,2024-12-10,2024-12-10,230,228,740.06,170213.05
PO0003892,S006,P0028,WH02,2024-11-30,2024-12-06,2024-12-06,210,205,3030.92,636493.56
PO0003893,S004,P0031,WH01,2024-11-30,2024-12-06,2024-12-11,50,45,470.05,23502.47
PO0003894,S004,P0031,WH04,2024-11-30,2024-12-09,2024-12-10,50,47,475.41,23770.41
PO0003895,S002,P0037,WH01,2024-11-30,2024-12-07,2024-12-08,106,100,1502.81,159298.31
PO0003896,S002,P0039,WH05,2024-11-30,2024-12-05,2024-12-05,58,53,520.67,30198.57
PO0003897,S009,P0001,WH02,2024-12-01,2024-12-11,2024-12-14,158,147,1472.1,232591.62
PO0003898,S009,P0005,WH04,2024-12-01,2024-12-12,2024-12-12,84,77,1173.74,98594.37
PO0003899,S011,P0006,WH05,2024-12-01,2024-12-03,2024-12-06,50,46,2826.15,141307.66
PO0003900,S004,P0007,WH04,2024-12-01,2024-12-06,2024-12-06,122,117,2367.0,288773.72
PO0003901,S004,P0007,WH05,2024-12-01,2024-12-09,2024-12-12,198,189,2511.39,497255.42
PO0003902,S007,P0010,WH04,2024-12-01,2024-12-07,2024-12-07,56,56,2834.91,158754.84
PO0003903,S010,P0014,WH03,2024-12-01,2024-12-10,2024-12-10,383,379,2019.31,773396.84
PO0003904,S012,P0016,WH03,2024-12-01,2024-12-09,2024-12-12,356,346,818.2,291278.13
PO0003905,S011,P0017,WH02,2024-12-01,2024-12-05,2024-12-05,277,265,961.91,266448.08
PO0003906,S006,P0020,WH04,2024-12-01,2024-12-09,2024-12-10,136,132,2382.02,323954.15
PO0003907,S006,P0024,WH05,2024-12-01,2024-12-09,2024-12-09,50,50,636.86,31842.89
PO0003908,S006,P0028,WH03,2024-12-01,2024-12-08,2024-12-09,225,224,3241.83,729410.68
PO0003909,S006,P0028,WH04,2024-12-01,2024-12-06,2024-12-07,228,226,3034.02,691757.45
PO0003910,S006,P0034,WH05,2024-12-01,2024-12-07,2024-12-09,50,48,2908.26,145413.15
PO0003911,S002,P0037,WH01,2024-12-01,2024-12-07,2024-12-07,72,68,1459.18,105061.15
PO0003912,S004,P0007,WH03,2024-12-02,2024-12-08,2024-12-08,204,192,2371.37,483760.43
PO0003913,S004,P0007,WH05,2024-12-02,2024-12-07,2024-12-07,182,179,2345.61,426900.67
PO0003914,S010,P0014,WH01,2024-12-02,2024-12-12,2024-12-12,232,229,2080.5,482677.08
PO0003915,S010,P0014,WH05,2024-12-02,2024-12-10,2024-12-10,310,308,2092.7,648735.79
PO0003916,S012,P0016,WH03,2024-12-02,2024-12-13,2024-12-13,272,265,866.24,235616.87
PO0003917,S006,P0025,WH02,2024-12-02,2024-12-09,2024-12-09,140,138,1385.76,194005.84
PO0003918,S004,P0029,WH01,2024-12-02,2024-12-07,2024-12-07,276,257,3575.91,986949.91
PO0003919,S004,P0031,WH05,2024-12-02,2024-12-07,2024-12-07,50,48,467.4,23370.23
PO0003920,S006,P0034,WH05,2024-12-02,2024-12-05,2024-12-08,50,50,3063.05,153152.68
PO0003921,S009,P0001,WH02,2024-12-03,2024-12-12,2024-12-12,259,244,1391.84,360487.66
PO0003922,S004,P0007,WH03,2024-12-03,2024-12-08,2024-12-08,282,270,2330.69,657254.86
PO0003923,S004,P0007,WH05,2024-12-03,2024-12-11,2024-12-12,193,185,2548.79,491916.32
PO0003924,S007,P0010,WH03,2024-12-03,2024-12-08,2024-12-08,113,109,2646.33,299035.79
PO0003925,S010,P0014,WH01,2024-12-03,2024-12-11,2024-12-16,176,173,1947.55,342768.72
PO0003926,S006,P0025,WH02,2024-12-03,2024-12-08,2024-12-08,179,178,1454.91,260428.46
PO0003927,S004,P0031,WH05,2024-12-03,2024-12-12,2024-12-13,56,53,473.27,26502.91
PO0003928,S004,P0033,WH01,2024-12-03,2024-12-08,2024-12-11,104,102,2098.22,218214.39
PO0003929,S008,P0036,WH03,2024-12-03,2024-12-06,2024-12-07,346,324,2198.55,760699.27
PO0003930,S008,P0038,WH04,2024-12-03,2024-12-07,2024-12-07,93,84,1887.92,175576.26
PO0003931,S009,P0001,WH02,2024-12-04,2024-12-13,2024-12-16,196,183,1413.03,276954.5
PO0003932,S011,P0006,WH02,2024-12-04,2024-12-07,2024-12-07,50,47,2752.7,137634.81
PO0003933,S007,P0010,WH03,2024-12-04,2024-12-08,2024-12-08,65,60,2894.47,188140.79
PO0003934,S007,P0010,WH04,2024-12-04,2024-12-08,2024-12-08,63,62,2927.62,184440.05
PO0003935,S010,P0014,WH01,2024-12-04,2024-12-13,2024-12-14,245,244,1906.74,467151.27
PO0003936,S004,P0015,WH01,2024-12-04,2024-12-11,2024-12-11,103,96,249.83,25732.61
PO0003937,S012,P0026,WH01,2024-12-04,2024-12-13,2024-12-13,212,204,2338.86,495837.47
PO0003938,S009,P0030,WH03,2024-12-04,2024-12-13,2024-12-13,266,252,2597.2,690856.27
PO0003939,S002,P0037,WH02,2024-12-04,2024-12-12,2024-12-12,140,132,1468.31,205563.57
PO0003940,S012,P0040,WH02,2024-12-04,2024-12-12,2024-12-13,56,54,700.97,39254.53
PO0003941,S012,P0040,WH05,2024-12-04,2024-12-14,2024-12-19,57,55,749.9,42744.24
PO0003942,S009,P0001,WH04,2024-12-05,2024-12-12,2024-12-14,152,147,1410.73,214431.2
PO0003943,S008,P0004,WH04,2024-12-05,2024-12-08,2024-12-13,269,253,1541.26,414600.0
PO0003944,S004,P0007,WH03,2024-12-05,2024-12-12,2024-12-12,221,217,2456.01,542777.96
PO0003945,S004,P0007,WH05,2024-12-05,2024-12-13,2024-12-13,144,138,2403.3,346075.5
PO0003946,S007,P0010,WH03,2024-12-05,2024-12-10,2024-12-10,72,69,2600.69,187249.83
PO0003947,S010,P0021,WH04,2024-12-05,2024-12-15,2024-12-15,132,130,748.16,98756.89
PO0003948,S006,P0025,WH02,2024-12-05,2024-12-12,2024-12-12,236,231,1496.38,353145.59
PO0003949,S006,P0028,WH05,2024-12-05,2024-12-11,2024-12-11,139,137,3008.14,418131.59
PO0003950,S004,P0031,WH01,2024-12-05,2024-12-12,2024-12-13,50,47,452.46,22623.24
PO0003951,S009,P0032,WH03,2024-12-05,2024-12-13,2024-12-16,285,272,1703.82,485587.73
PO0003952,S008,P0038,WH05,2024-12-05,2024-12-10,2024-12-13,174,166,1768.73,307758.48
PO0003953,S009,P0001,WH04,2024-12-06,2024-12-16,2024-12-21,171,160,1377.22,235504.9
PO0003954,S009,P0002,WH03,2024-12-06,2024-12-17,2024-12-18,338,322,770.1,260295.2
PO0003955,S011,P0006,WH02,2024-12-06,2024-12-08,2024-12-08,50,48,2731.3,136565.08
PO0003956,S007,P0010,WH04,2024-12-06,2024-12-11,2024-12-11,91,86,2650.6,241204.52
PO0003957,S007,P0011,WH04,2024-12-06,2024-12-09,2024-12-09,114,109,598.27,68203.29
PO0003958,S004,P0015,WH03,2024-12-06,2024-12-14,2024-12-14,154,144,246.81,38008.64
PO0003959,S012,P0016,WH03,2024-12-06,2024-12-18,2024-12-20,409,386,908.99,371775.62
PO0003960,S006,P0020,WH04,2024-12-06,2024-12-13,2024-12-13,203,201,2340.23,475066.7
PO0003961,S009,P0022,WH03,2024-12-06,2024-12-15,2024-12-16,78,74,424.93,33144.56
PO0003962,S006,P0028,WH04,2024-12-06,2024-12-15,2024-12-17,182,180,3282.33,597384.72
PO0003963,S009,P0030,WH01,2024-12-06,2024-12-15,2024-12-15,126,120,2506.63,315834.76
PO0003964,S004,P0031,WH05,2024-12-06,2024-12-14,2024-12-14,50,48,499.95,24997.52
PO0003965,S009,P0032,WH01,2024-12-06,2024-12-14,2024-12-16,227,214,1594.04,361846.95
PO0003966,S009,P0032,WH03,2024-12-06,2024-12-15,2024-12-15,224,218,1726.76,386794.65
PO0003967,S004,P0033,WH01,2024-12-06,2024-12-12,2024-12-12,100,94,2127.3,212729.73
PO0003968,S008,P0036,WH03,2024-12-06,2024-12-09,2024-12-09,346,322,2013.78,696766.74
PO0003969,S008,P0038,WH04,2024-12-06,2024-12-12,2024-12-15,136,129,1757.55,239026.81
PO0003970,S008,P0004,WH04,2024-12-07,2024-12-09,2024-12-09,138,120,1677.37,231477.6
PO0003971,S010,P0009,WH05,2024-12-07,2024-12-13,2024-12-13,50,50,2401.53,120076.51
PO0003972,S007,P0011,WH04,2024-12-07,2024-12-12,2024-12-12,120,111,630.87,75704.79
PO0003973,S007,P0013,WH02,2024-12-07,2024-12-10,2024-12-10,50,48,2556.47,127823.61
PO0003974,S011,P0017,WH03,2024-12-07,2024-12-11,2024-12-14,390,373,988.11,385363.38
PO0003975,S008,P0019,WH01,2024-12-07,2024-12-10,2024-12-11,162,154,1915.07,310240.73
PO0003976,S010,P0021,WH04,2024-12-07,2024-12-14,2024-12-17,131,128,717.05,93933.49
PO0003977,S006,P0024,WH05,2024-12-07,2024-12-14,2024-12-14,50,47,667.81,33390.45
PO0003978,S006,P0025,WH02,2024-12-07,2024-12-14,2024-12-16,226,222,1355.94,306443.32
PO0003979,S012,P0026,WH04,2024-12-07,2024-12-17,2024-12-17,250,238,2324.65,581161.32
PO0003980,S006,P0028,WH03,2024-12-07,2024-12-13,2024-12-18,243,240,3352.88,814749.66
PO0003981,S009,P0030,WH01,2024-12-07,2024-12-15,2024-12-18,113,108,2650.41,299496.18
PO0003982,S002,P0037,WH02,2024-12-07,2024-12-14,2024-12-14,139,130,1452.06,201836.91
PO0003983,S008,P0038,WH02,2024-12-07,2024-12-10,2024-12-13,189,174,1706.72,322569.47
PO0003984,S012,P0040,WH02,2024-12-07,2024-12-14,2024-12-14,63,60,715.27,45062.21
PO0003985,S009,P0001,WH04,2024-12-08,2024-12-15,2024-12-15,123,115,1454.64,178920.34
PO0003986,S009,P0002,WH03,2024-12-08,2024-12-17,2024-12-18,223,203,791.53,176510.09
PO0003987,S010,P0009,WH03,2024-12-08,2024-12-16,2024-12-16,86,84,2241.74,192789.43
PO0003988,S007,P0011,WH04,2024-12-08,2024-12-12,2024-12-13,110,105,599.24,65916.24
PO0003989,S007,P0013,WH03,2024-12-08,2024-12-13,2024-12-13,50,46,2570.52,128526.2
PO0003990,S004,P0015,WH01,2024-12-08,2024-12-15,2024-12-16,102,101,258.96,26414.15
PO0003991,S004,P0015,WH03,2024-12-08,2024-12-13,2024-12-14,161,150,241.96,38955.38
PO0003992,S012,P0016,WH02,2024-12-08,2024-12-20,2024-12-20,220,212,835.84,183884.73
PO0003993,S012,P0016,WH03,2024-12-08,2024-12-20,2024-12-22,418,403,864.31,361282.79
PO0003994,S010,P0021,WH04,2024-12-08,2024-12-18,2024-12-18,162,160,722.69,117075.58
PO0003995,S006,P0023,WH03,2024-12-08,2024-12-14,2024-12-14,105,105,687.34,72170.21
PO0003996,S006,P0024,WH05,2024-12-08,2024-12-14,2024-12-15,50,50,648.2,32409.93
PO0003997,S002,P0027,WH03,2024-12-08,2024-12-14,2024-12-16,305,293,566.14,172672.86
PO0003998,S006,P0028,WH03,2024-12-08,2024-12-13,2024-12-16,271,266,3006.22,814685.55
PO0003999,S002,P0039,WH01,2024-12-08,2024-12-16,2024-12-17,79,73,505.58,39940.96
PO0004000,S012,P0040,WH02,2024-12-08,2024-12-20,2024-12-23,51,48,711.66,36294.5
PO0004001,S009,P0001,WH01,2024-12-09,2024-12-17,2024-12-17,154,149,1453.77,223880.44
PO0004002,S008,P0004,WH05,2024-12-09,2024-12-14,2024-12-15,282,263,1607.1,453201.1
PO0004003,S009,P0005,WH04,2024-12-09,2024-12-17,2024-12-18,65,60,1171.75,76163.64
PO0004004,S007,P0013,WH02,2024-12-09,2024-12-13,2024-12-15,72,65,2610.72,187971.68
PO0004005,S007,P0013,WH03,2024-12-09,2024-12-13,2024-12-14,52,50,2597.59,135074.61
PO0004006,S010,P0014,WH05,2024-12-09,2024-12-16,2024-12-16,238,234,1940.51,461841.67
PO0004007,S004,P0015,WH03,2024-12-09,2024-12-16,2024-12-16,161,154,247.22,39802.56
PO0004008,S006,P0020,WH04,2024-12-09,2024-12-16,2024-12-18,160,158,2351.06,376168.83
PO0004009,S012,P0026,WH04,2024-12-09,2024-12-18,2024-12-23,185,179,2211.84,409190.1
PO0004010,S002,P0027,WH03,2024-12-09,2024-12-16,2024-12-17,309,291,573.88,177329.91
PO0004011,S006,P0028,WH01,2024-12-09,2024-12-14,2024-12-15,119,118,3008.79,358046.6
PO0004012,S009,P0030,WH03,2024-12-09,2024-12-16,2024-12-16,250,236,2529.97,632492.88
PO0004013,S009,P0032,WH01,2024-12-09,2024-12-16,2024-12-16,149,135,1759.62,262183.64
PO0004014,S002,P0037,WH02,2024-12-09,2024-12-14,2024-12-14,125,113,1583.24,197904.92
PO0004015,S008,P0038,WH02,2024-12-09,2024-12-11,2024-12-11,228,215,1891.6,431285.24
PO0004016,S012,P0040,WH05,2024-12-09,2024-12-19,2024-12-21,50,48,684.48,34224.11
PO0004017,S009,P0002,WH03,2024-12-10,2024-12-19,2024-12-19,321,304,776.96,249403.27
PO0004018,S010,P0009,WH05,2024-12-10,2024-12-21,2024-12-23,63,62,2303.03,145091.17
PO0004019,S004,P0015,WH01,2024-12-10,2024-12-17,2024-12-18,107,104,246.76,26402.84
PO0004020,S006,P0020,WH05,2024-12-10,2024-12-17,2024-12-20,153,149,2459.59,376317.14
PO0004021,S010,P0021,WH04,2024-12-10,2024-12-19,2024-12-20,186,183,711.58,132353.39
PO0004022,S009,P0022,WH03,2024-12-10,2024-12-19,2024-12-20,66,61,452.57,29869.39
PO0004023,S002,P0037,WH02,2024-12-10,2024-12-16,2024-12-17,106,97,1454.01,154125.53
PO0004024,S009,P0001,WH01,2024-12-11,2024-12-18,2024-12-18,114,108,1359.97,155036.13
PO0004025,S008,P0004,WH02,2024-12-11,2024-12-15,2024-12-20,268,252,1680.95,450494.49
PO0004026,S008,P0004,WH05,2024-12-11,2024-12-16,2024-12-16,213,195,1590.73,338825.46
PO0004027,S011,P0006,WH04,2024-12-11,2024-12-15,2024-12-15,50,47,2789.48,139474.16
PO0004028,S010,P0009,WH03,2024-12-11,2024-12-22,2024-12-23,73,70,2519.62,183932.2
PO0004029,S010,P0009,WH05,2024-12-11,2024-12-20,2024-12-22,59,59,2448.55,144464.35
PO0004030,S006,P0025,WH01,2024-12-11,2024-12-19,2024-12-20,149,148,1488.05,221719.63
PO0004031,S008,P0038,WH05,2024-12-11,2024-12-16,2024-12-17,157,143,1866.16,292986.99
PO0004032,S006,P0003,WH03,2024-12-12,2024-12-20,2024-12-21,309,304,871.95,269431.28
PO0004033,S008,P0004,WH05,2024-12-12,2024-12-14,2024-12-14,170,153,1650.41,280570.51
PO0004034,S010,P0009,WH05,2024-12-12,2024-12-21,2024-12-21,68,68,2486.99,169115.29
PO0004035,S007,P0011,WH02,2024-12-12,2024-12-15,2024-12-15,126,117,620.24,78150.74
PO0004036,S011,P0017,WH05,2024-12-12,2024-12-16,2024-12-18,306,281,929.81,284522.68
PO0004037,S009,P0030,WH03,2024-12-12,2024-12-22,2024-12-23,264,244,2415.94,637808.59
PO0004038,S009,P0032,WH03,2024-12-12,2024-12-21,2024-12-21,263,248,1658.2,436107.33
PO0004039,S008,P0038,WH04,2024-12-12,2024-12-16,2024-12-19,87,82,1903.49,165603.71
PO0004040,S007,P0010,WH01,2024-12-13,2024-12-16,2024-12-16,50,48,2610.2,130510.07
PO0004041,S007,P0011,WH02,2024-12-13,2024-12-17,2024-12-17,166,161,613.63,101862.06
PO0004042,S006,P0018,WH04,2024-12-13,2024-12-19,2024-12-20,64,63,1103.2,70604.89
PO0004043,S010,P0021,WH01,2024-12-13,2024-12-20,2024-12-21,190,190,695.8,132202.27
PO0004044,S009,P0022,WH03,2024-12-13,2024-12-22,2024-12-22,51,45,428.5,21853.63
PO0004045,S006,P0023,WH03,2024-12-13,2024-12-20,2024-12-21,131,129,706.73,92581.55
PO0004046,S002,P0027,WH01,2024-12-13,2024-12-18,2024-12-18,125,112,562.72,70340.56
PO0004047,S009,P0030,WH01,2024-12-13,2024-12-24,2024-12-24,120,113,2627.19,315263.24
PO0004048,S009,P0032,WH01,2024-12-13,2024-12-22,2024-12-22,150,142,1770.57,265585.22
PO0004049,S002,P0039,WH01,2024-12-13,2024-12-20,2024-12-25,81,78,491.02,39772.9
PO0004050,S008,P0004,WH02,2024-12-14,2024-12-19,2024-12-20,192,183,1543.71,296393.14
PO0004051,S011,P0012,WH03,2024-12-14,2024-12-18,2024-12-18,50,48,2283.32,114166.04
PO0004052,S008,P0019,WH02,2024-12-14,2024-12-19,2024-12-19,285,266,1937.0,552045.06
PO0004053,S006,P0020,WH05,2024-12-14,2024-12-19,2024-12-20,169,168,2299.88,388679.05
PO0004054,S002,P0027,WH01,2024-12-14,2024-12-21,2024-12-21,211,196,519.47,109608.64
PO0004055,S002,P0027,WH02,2024-12-14,2024-12-20,2024-12-20,198,188,518.43,102649.02
PO0004056,S012,P0040,WH05,2024-12-14,2024-12-24,2024-12-24,52,49,742.87,38629.37
PO0004057,S004,P0007,WH01,2024-12-15,2024-12-20,2024-12-20,130,119,2564.94,333441.95
PO0004058,S010,P0008,WH05,2024-12-15,2024-12-22,2024-12-22,143,143,770.53,110185.32
PO0004059,S010,P0021,WH01,2024-12-15,2024-12-24,2024-12-26,202,200,685.23,138417.19
PO0004060,S002,P0027,WH05,2024-12-15,2024-12-22,2024-12-27,208,199,549.87,114373.18
PO0004061,S009,P0032,WH04,2024-12-15,2024-12-25,2024-12-26,267,252,1772.85,473351.3
PO0004062,S004,P0033,WH04,2024-12-15,2024-12-23,2024-12-23,113,106,2010.3,227163.96
PO0004063,S006,P0034,WH03,2024-12-15,2024-12-21,2024-12-22,50,49,3100.87,155043.3
PO0004064,S002,P0037,WH03,2024-12-15,2024-12-22,2024-12-22,104,98,1590.88,165451.81
PO0004065,S002,P0039,WH01,2024-12-15,2024-12-20,2024-12-21,73,65,521.54,38072.4
PO0004066,S009,P0002,WH03,2024-12-16,2024-12-25,2024-12-26,237,218,829.55,196603.74
PO0004067,S006,P0003,WH01,2024-12-16,2024-12-21,2024-12-21,213,213,963.79,205286.75
PO0004068,S006,P0003,WH03,2024-12-16,2024-12-23,2024-12-23,304,300,933.12,283667.69
PO0004069,S009,P0005,WH05,2024-12-16,2024-12-26,2024-12-29,69,66,1249.56,86219.66
PO0004070,S010,P0008,WH05,2024-12-16,2024-12-25,2024-12-25,96,95,811.53,77907.12
PO0004071,S010,P0009,WH04,2024-12-16,2024-12-23,2024-12-24,50,49,2470.2,123509.92
PO0004072,S004,P0015,WH04,2024-12-16,2024-12-22,2024-12-22,83,76,263.87,21901.22
PO0004073,S012,P0016,WH02,2024-12-16,2024-12-27,2024-12-27,342,335,843.65,288527.65
PO0004074,S011,P0017,WH05,2024-12-16,2024-12-19,2024-12-22,297,284,904.81,268729.55
PO0004075,S006,P0018,WH04,2024-12-16,2024-12-23,2024-12-23,64,64,1079.34,69077.7
PO0004076,S006,P0023,WH01,2024-12-16,2024-12-21,2024-12-23,59,59,694.03,40948.06
PO0004077,S006,P0023,WH04,2024-12-16,2024-12-20,2024-12-21,90,87,667.67,60090.18
PO0004078,S012,P0026,WH04,2024-12-16,2024-12-28,2024-12-31,228,221,2291.48,522456.72
PO0004079,S002,P0027,WH01,2024-12-16,2024-12-20,2024-12-20,173,160,568.31,98317.56
PO0004080,S002,P0027,WH05,2024-12-16,2024-12-20,2024-12-23,142,130,552.46,78449.57
PO0004081,S008,P0036,WH05,2024-12-16,2024-12-18,2024-12-21,259,241,2117.49,548430.54
PO0004082,S002,P0039,WH01,2024-12-16,2024-12-23,2024-12-26,81,77,524.65,42496.54
PO0004083,S012,P0040,WH05,2024-12-16,2024-12-27,2024-12-27,53,53,741.22,39284.73
PO0004084,S006,P0003,WH01,2024-12-17,2024-12-22,2024-12-23,132,131,926.64,122315.92
PO0004085,S006,P0003,WH05,2024-12-17,2024-12-25,2024-12-25,207,206,866.17,179297.29
PO0004086,S004,P0015,WH04,2024-12-17,2024-12-22,2024-12-22,81,76,265.02,21466.31
PO0004087,S012,P0016,WH05,2024-12-17,2024-12-30,2024-12-30,239,232,919.06,219654.5
PO0004088,S006,P0018,WH04,2024-12-17,2024-12-25,2024-12-26,50,50,1128.43,56421.56
PO0004089,S006,P0020,WH05,2024-12-17,2024-12-23,2024-12-23,131,126,2463.32,322694.82
PO0004090,S002,P0027,WH05,2024-12-17,2024-12-22,2024-12-25,138,134,560.08,77290.58
PO0004091,S009,P0030,WH05,2024-12-17,2024-12-24,2024-12-29,241,232,2534.44,610800.41
PO0004092,S008,P0036,WH04,2024-12-17,2024-12-20,2024-12-21,257,244,2052.12,527395.89
PO0004093,S002,P0037,WH03,2024-12-17,2024-12-21,2024-12-22,103,96,1611.66,166001.35
PO0004094,S006,P0003,WH01,2024-12-18,2024-12-24,2024-12-24,224,220,946.9,212105.05
PO0004095,S006,P0003,WH03,2024-12-18,2024-12-25,2024-12-28,243,238,939.72,228350.79
PO0004096,S008,P0004,WH02,2024-12-18,2024-12-23,2024-12-25,299,276,1620.39,484495.56
PO0004097,S009,P0005,WH05,2024-12-18,2024-12-31,2024-12-31,67,62,1265.51,84789.11
PO0004098,S010,P0008,WH05,2024-12-18,2024-12-27,2024-12-27,131,129,795.86,104257.33
PO0004099,S007,P0011,WH05,2024-12-18,2024-12-22,2024-12-22,114,106,595.87,67929.37
PO0004100,S006,P0020,WH01,2024-12-18,2024-12-23,2024-12-23,170,165,2269.91,385885.24
PO0004101,S006,P0020,WH05,2024-12-18,2024-12-26,2024-12-26,135,135,2433.35,328501.63
PO0004102,S010,P0021,WH01,2024-12-18,2024-12-28,2024-12-28,154,152,720.65,110979.66
PO0004103,S006,P0023,WH01,2024-12-18,2024-12-26,2024-12-26,75,75,728.41,54630.86
PO0004104,S006,P0025,WH01,2024-12-18,2024-12-25,2024-12-25,134,133,1349.35,180813.0
PO0004105,S002,P0027,WH02,2024-12-18,2024-12-27,2024-12-29,263,252,521.73,137213.8
PO0004106,S008,P0036,WH04,2024-12-18,2024-12-21,2024-12-22,263,246,2100.56,552448.27
PO0004107,S008,P0004,WH02,2024-12-19,2024-12-21,2024-12-21,230,215,1607.49,369722.12
PO0004108,S010,P0008,WH05,2024-12-19,2024-12-29,2024-12-29,147,146,819.09,120406.73
PO0004109,S007,P0011,WH05,2024-12-19,2024-12-23,2024-12-28,80,77,649.5,51959.71
PO0004110,S011,P0012,WH04,2024-12-19,2024-12-23,2024-12-23,50,48,2415.73,120786.58
PO0004111,S006,P0018,WH04,2024-12-19,2024-12-23,2024-12-23,69,68,1029.26,71019.11
PO0004112,S006,P0023,WH01,2024-12-19,2024-12-25,2024-12-25,50,50,668.87,33443.29
PO0004113,S006,P0028,WH05,2024-12-19,2024-12-27,2024-12-30,212,210,3109.63,659240.99
PO0004114,S009,P0030,WH05,2024-12-19,2024-12-26,2024-12-26,238,231,2526.1,601212.14
PO0004115,S004,P0031,WH02,2024-12-19,2024-12-28,2025-01-02,50,46,448.83,22441.61
PO0004116,S008,P0036,WH04,2024-12-19,2024-12-22,2024-12-22,238,220,2135.05,508142.38
PO0004117,S009,P0005,WH05,2024-12-20,2024-12-29,2024-12-31,78,71,1237.66,96537.15
PO0004118,S007,P0011,WH05,2024-12-20,2024-12-24,2024-12-24,139,135,605.22,84125.54
PO0004119,S010,P0014,WH04,2024-12-20,2024-12-26,2024-12-26,213,212,1906.69,406124.18
PO0004120,S006,P0028,WH01,2024-12-20,2024-12-24,2024-12-26,177,173,3190.69,564751.67
PO0004121,S009,P0032,WH04,2024-12-20,2024-12-27,2024-12-27,234,219,1609.02,376511.71
PO0004122,S004,P0033,WH04,2024-12-20,2024-12-25,2024-12-25,88,85,1979.4,174186.76
PO0004123,S006,P0034,WH03,2024-12-20,2024-12-25,2024-12-26,50,50,2907.88,145394.03
PO0004124,S008,P0036,WH05,2024-12-20,2024-12-23,2024-12-23,313,285,2098.79,656921.51
PO0004125,S011,P0006,WH01,2024-12-21,2024-12-25,2024-12-25,50,45,2827.42,141370.91
PO0004126,S010,P0009,WH02,2024-12-21,2024-12-28,2024-12-30,59,58,2488.9,146845.12
PO0004127,S007,P0011,WH05,2024-12-21,2024-12-26,2024-12-29,79,76,600.95,47474.91
PO0004128,S007,P0013,WH04,2024-12-21,2024-12-25,2024-12-25,54,52,2848.74,153831.76
PO0004129,S004,P0015,WH04,2024-12-21,2024-12-27,2024-12-27,123,122,246.47,30315.72
PO0004130,S012,P0016,WH05,2024-12-21,2024-12-29,2024-12-29,228,221,917.32,209149.0
PO0004131,S006,P0028,WH01,2024-12-21,2024-12-26,2024-12-26,211,208,3105.58,655276.74
PO0004132,S009,P0030,WH05,2024-12-21,2024-12-30,2024-12-30,122,115,2534.9,309257.38
PO0004133,S004,P0033,WH04,2024-12-21,2024-12-27,2024-12-30,120,116,2037.36,244483.44
PO0004134,S006,P0034,WH03,2024-12-21,2024-12-27,2024-12-30,50,49,2914.41,145720.57
PO0004135,S002,P0037,WH05,2024-12-21,2024-12-28,2024-12-28,80,76,1452.32,116185.42
PO0004136,S011,P0012,WH04,2024-12-22,2024-12-26,2024-12-29,58,52,2258.75,131007.47
PO0004137,S010,P0014,WH04,2024-12-22,2024-12-31,2024-12-31,264,262,2092.11,552318.34
PO0004138,S002,P0027,WH04,2024-12-22,2024-12-28,2024-12-28,139,129,570.1,79243.23
PO0004139,S009,P0030,WH05,2024-12-22,2024-12-31,2024-12-31,165,160,2572.42,424448.86
PO0004140,S002,P0037,WH05,2024-12-22,2024-12-27,2024-12-29,114,110,1535.02,174992.8
PO0004141,S009,P0005,WH01,2024-12-23,2025-01-01,2025-01-02,51,47,1267.39,64636.78
PO0004142,S009,P0005,WH02,2024-12-23,2025-01-01,2025-01-01,93,92,1238.48,115178.84
PO0004143,S010,P0009,WH02,2024-12-23,2025-01-02,2025-01-02,89,88,2236.04,199007.33
PO0004144,S007,P0010,WH01,2024-12-23,2024-12-29,2024-12-29,51,48,2701.53,137778.23
PO0004145,S011,P0012,WH05,2024-12-23,2024-12-26,2024-12-26,50,47,2319.61,115980.47
PO0004146,S006,P0020,WH02,2024-12-23,2024-12-30,2024-12-31,246,245,2485.11,611337.18
PO0004147,S004,P0029,WH03,2024-12-23,2024-12-29,2025-01-01,305,289,3223.43,983145.31
PO0004148,S004,P0031,WH02,2024-12-23,2024-12-29,2024-12-30,67,63,480.09,32166.23
PO0004149,S004,P0033,WH02,2024-12-23,2024-12-29,2024-12-29,103,101,2070.82,213294.47
PO0004150,S002,P0037,WH05,2024-12-23,2024-12-30,2024-12-30,73,70,1479.64,108013.88
PO0004151,S009,P0005,WH01,2024-12-24,2025-01-02,2025-01-02,84,81,1205.08,101226.4
PO0004152,S004,P0007,WH02,2024-12-24,2024-12-31,2025-01-01,241,224,2433.72,586526.56
PO0004153,S011,P0017,WH04,2024-12-24,2024-12-27,2024-12-27,275,261,917.8,252394.73
PO0004154,S006,P0025,WH05,2024-12-24,2024-12-30,2025-01-02,144,139,1428.03,205636.91
PO0004155,S004,P0031,WH02,2024-12-24,2025-01-01,2025-01-01,50,48,449.37,22468.27
PO0004156,S004,P0033,WH02,2024-12-24,2024-12-30,2024-12-31,127,120,2059.84,261600.2
PO0004157,S009,P0001,WH05,2024-12-25,2025-01-03,2025-01-03,197,183,1467.79,289154.92
PO0004158,S009,P0005,WH01,2024-12-25,2025-01-05,2025-01-06,50,46,1186.23,59311.56
PO0004159,S009,P0005,WH03,2024-12-25,2025-01-02,2025-01-05,72,63,1201.25,86489.7
PO0004160,S007,P0010,WH01,2024-12-25,2024-12-31,2025-01-01,84,79,2697.09,226555.39
PO0004161,S010,P0014,WH04,2024-12-25,2025-01-01,2025-01-01,165,163,1962.77,323857.76
PO0004162,S006,P0018,WH03,2024-12-25,2025-01-01,2025-01-03,91,91,1110.48,101053.91
PO0004163,S002,P0027,WH04,2024-12-25,2025-01-02,2025-01-05,168,155,563.6,94684.53
PO0004164,S004,P0029,WH03,2024-12-25,2024-12-31,2024-12-31,406,387,3503.29,1422337.11
PO0004165,S009,P0030,WH02,2024-12-25,2025-01-01,2025-01-02,279,259,2495.77,696318.66
PO0004166,S009,P0030,WH05,2024-12-25,2025-01-01,2025-01-01,197,183,2461.3,484876.5
PO0004167,S004,P0033,WH02,2024-12-25,2025-01-01,2025-01-01,123,119,2047.11,251795.09
PO0004168,S009,P0035,WH03,2024-12-25,2025-01-03,2025-01-03,209,193,1693.3,353900.35
PO0004169,S009,P0035,WH04,2024-12-25,2025-01-02,2025-01-02,145,136,1511.93,219229.22
PO0004170,S008,P0038,WH03,2024-12-25,2024-12-27,2025-01-01,197,185,1762.91,347293.9
PO0004171,S009,P0005,WH05,2024-12-26,2025-01-05,2025-01-06,78,76,1142.49,89114.44
PO0004172,S011,P0006,WH03,2024-12-26,2024-12-29,2025-01-01,50,50,2973.14,148657.16
PO0004173,S012,P0016,WH02,2024-12-26,2025-01-06,2025-01-09,405,391,822.08,332943.75
PO0004174,S006,P0018,WH01,2024-12-26,2024-12-31,2024-12-31,56,56,1050.39,58821.74
PO0004175,S006,P0018,WH03,2024-12-26,2025-01-03,2025-01-05,91,88,1123.55,102242.65
PO0004176,S008,P0019,WH01,2024-12-26,2024-12-28,2024-12-31,178,163,1936.96,344779.75
PO0004177,S010,P0021,WH05,2024-12-26,2025-01-04,2025-01-06,184,181,706.57,130008.16
PO0004178,S009,P0035,WH04,2024-12-26,2025-01-05,2025-01-05,141,127,1597.46,225241.32
PO0004179,S008,P0036,WH02,2024-12-26,2024-12-28,2024-12-29,345,322,2227.67,768545.22
PO0004180,S002,P0039,WH02,2024-12-26,2025-01-01,2025-01-01,61,56,497.16,30326.9
PO0004181,S009,P0005,WH01,2024-12-27,2025-01-04,2025-01-04,51,46,1212.19,61821.82
PO0004182,S010,P0009,WH02,2024-12-27,2025-01-02,2025-01-03,81,80,2391.53,193713.62
PO0004183,S007,P0010,WH01,2024-12-27,2024-12-31,2024-12-31,50,48,2655.48,132774.1
PO0004184,S007,P0011,WH01,2024-12-27,2024-12-31,2024-12-31,77,76,603.59,46476.54
PO0004185,S011,P0012,WH03,2024-12-27,2025-01-01,2025-01-01,57,54,2520.92,143692.72
PO0004186,S010,P0021,WH05,2024-12-27,2025-01-06,2025-01-06,137,132,739.01,101244.97
PO0004187,S012,P0026,WH02,2024-12-27,2025-01-08,2025-01-10,412,402,2156.5,888478.98
PO0004188,S012,P0026,WH03,2024-12-27,2025-01-08,2025-01-09,365,357,2231.14,814367.58
PO0004189,S012,P0026,WH05,2024-12-27,2025-01-05,2025-01-05,265,260,2359.98,625395.5
PO0004190,S009,P0030,WH02,2024-12-27,2025-01-05,2025-01-05,189,174,2644.92,499890.25
PO0004191,S009,P0035,WH01,2024-12-27,2025-01-03,2025-01-06,105,99,1683.22,176738.09
PO0004192,S009,P0035,WH04,2024-12-27,2025-01-06,2025-01-06,178,170,1554.53,276706.68
PO0004193,S009,P0001,WH05,2024-12-28,2025-01-04,2025-01-07,187,180,1355.73,253522.43
PO0004194,S008,P0004,WH01,2024-12-28,2024-12-31,2025-01-05,175,165,1544.51,270289.32
PO0004195,S008,P0004,WH03,2024-12-28,2024-12-31,2024-12-31,346,323,1604.88,555287.09
PO0004196,S009,P0005,WH01,2024-12-28,2025-01-05,2025-01-05,64,63,1191.76,76272.91
PO0004197,S009,P0005,WH02,2024-12-28,2025-01-05,2025-01-05,84,81,1239.57,104123.78
PO0004198,S011,P0006,WH03,2024-12-28,2025-01-02,2025-01-02,50,46,2952.7,147634.99
PO0004199,S011,P0017,WH02,2024-12-28,2025-01-01,2025-01-03,338,321,944.23,319150.78
PO0004200,S011,P0017,WH03,2024-12-28,2025-01-01,2025-01-01,413,393,964.68,398414.67
PO0004201,S006,P0020,WH02,2024-12-28,2025-01-06,2025-01-09,231,230,2367.11,546801.42
PO0004202,S008,P0038,WH03,2024-12-28,2025-01-02,2025-01-02,127,118,1794.06,227845.71
PO0004203,S006,P0003,WH02,2024-12-29,2025-01-04,2025-01-04,204,200,902.87,184186.41
PO0004204,S008,P0004,WH01,2024-12-29,2024-12-31,2025-01-01,132,118,1544.28,203844.5
PO0004205,S009,P0005,WH01,2024-12-29,2025-01-07,2025-01-07,58,58,1190.01,69020.45
PO0004206,S009,P0005,WH02,2024-12-29,2025-01-08,2025-01-13,70,64,1143.25,80027.23
PO0004207,S009,P0005,WH03,2024-12-29,2025-01-08,2025-01-08,97,90,1251.53,121398.0
PO0004208,S004,P0007,WH02,2024-12-29,2025-01-06,2025-01-06,142,129,2332.6,331229.17
PO0004209,S010,P0009,WH02,2024-12-29,2025-01-05,2025-01-05,56,54,2256.32,126353.88
PO0004210,S007,P0013,WH03,2024-12-29,2025-01-03,2025-01-03,50,49,2694.74,134737.0
PO0004211,S007,P0013,WH05,2024-12-29,2025-01-01,2025-01-01,59,57,2735.94,161420.55
PO0004212,S006,P0018,WH01,2024-12-29,2025-01-05,2025-01-07,71,69,1140.26,80958.52
PO0004213,S006,P0024,WH03,2024-12-29,2025-01-05,2025-01-05,87,86,686.58,59732.13
PO0004214,S012,P0026,WH02,2024-12-29,2025-01-08,2025-01-08,308,298,2226.85,685868.96
PO0004215,S012,P0026,WH03,2024-12-29,2025-01-07,2025-01-10,300,287,2310.79,693236.45
PO0004216,S006,P0003,WH02,2024-12-30,2025-01-07,2025-01-09,242,240,920.4,222737.38
PO0004217,S008,P0004,WH03,2024-12-30,2025-01-02,2025-01-02,291,267,1602.48,466322.72
PO0004218,S011,P0006,WH05,2024-12-30,2025-01-04,2025-01-04,50,48,2829.71,141485.3
PO0004219,S011,P0012,WH03,2024-12-30,2025-01-06,2025-01-08,50,48,2507.14,125356.84
PO0004220,S004,P0015,WH05,2024-12-30,2025-01-07,2025-01-08,108,99,238.28,25734.42
PO0004221,S008,P0019,WH04,2024-12-30,2025-01-03,2025-01-06,132,128,1930.15,254779.94
PO0004222,S010,P0021,WH05,2024-12-30,2025-01-08,2025-01-10,135,131,717.23,96825.93
PO0004223,S006,P0025,WH05,2024-12-30,2025-01-06,2025-01-06,203,200,1479.3,300298.42
PO0004224,S008,P0036,WH01,2024-12-30,2025-01-03,2025-01-03,230,216,2177.87,500910.77
PO0004225,S012,P0040,WH01,2024-12-30,2025-01-09,2025-01-09,53,52,726.18,38487.42
PO0004226,S006,P0003,WH02,2024-12-31,2025-01-06,2025-01-06,175,171,881.93,154338.36
PO0004227,S008,P0004,WH04,2024-12-31,2025-01-04,2025-01-04,144,132,1600.9,230530.24
PO0004228,S011,P0006,WH05,2024-12-31,2025-01-05,2025-01-05,50,47,2782.88,139144.0
PO0004229,S004,P0007,WH01,2024-12-31,2025-01-06,2025-01-06,106,104,2381.51,252439.74
PO0004230,S010,P0008,WH02,2024-12-31,2025-01-10,2025-01-10,140,137,811.65,113631.5
PO0004231,S007,P0013,WH03,2024-12-31,2025-01-02,2025-01-02,58,53,2773.51,160863.83
PO0004232,S010,P0014,WH03,2024-12-31,2025-01-09,2025-01-09,315,312,2052.44,646517.69
PO0004233,S010,P0021,WH05,2024-12-31,2025-01-08,2025-01-09,208,205,680.65,141575.47
PO0004234,S006,P0034,WH02,2024-12-31,2025-01-07,2025-01-07,50,47,3109.69,155484.63
PO0004235,S009,P0035,WH01,2024-12-31,2025-01-09,2025-01-11,105,103,1589.29,166875.84
PO0004236,S009,P0035,WH03,2024-12-31,2025-01-08,2025-01-08,163,153,1629.17,265554.47
PO0004237,S009,P0035,WH04,2024-12-31,2025-01-09,2025-01-09,139,130,1674.67,232779.32
PO0004238,S008,P0036,WH01,2024-12-31,2025-01-03,2025-01-04,190,176,2207.89,419499.24
PO0004239,S009,P0001,WH05,2025-01-01,2025-01-10,2025-01-10,167,158,1384.75,231253.06
PO0004240,S006,P0003,WH02,2025-01-01,2025-01-06,2025-01-07,310,305,878.92,272464.36
PO0004241,S008,P0004,WH04,2025-01-01,2025-01-03,2025-01-06,143,131,1519.87,217340.87
PO0004242,S009,P0005,WH03,2025-01-01,2025-01-10,2025-01-11,117,109,1233.51,144320.2
PO0004243,S004,P0007,WH04,2025-01-01,2025-01-05,2025-01-06,121,118,2529.34,306050.59
PO0004244,S010,P0009,WH04,2025-01-01,2025-01-09,2025-01-09,74,74,2289.19,169400.18
PO0004245,S004,P0015,WH05,2025-01-01,2025-01-07,2025-01-09,132,127,262.05,34590.69
PO0004246,S011,P0017,WH02,2025-01-01,2025-01-03,2025-01-06,224,207,920.69,206235.09
PO0004247,S006,P0018,WH03,2025-01-01,2025-01-05,2025-01-05,62,59,1037.7,64337.2
PO0004248,S006,P0023,WH05,2025-01-01,2025-01-07,2025-01-10,59,58,658.98,38879.86
PO0004249,S006,P0024,WH03,2025-01-01,2025-01-07,2025-01-07,67,65,632.26,42361.19
PO0004250,S006,P0028,WH02,2025-01-01,2025-01-08,2025-01-10,172,169,3216.48,553234.44
PO0004251,S004,P0029,WH05,2025-01-01,2025-01-07,2025-01-08,302,286,3522.27,1063725.69
PO0004252,S004,P0033,WH05,2025-01-01,2025-01-09,2025-01-10,104,95,2089.28,217284.94
PO0004253,S009,P0035,WH03,2025-01-01,2025-01-10,2025-01-10,182,174,1601.94,291553.03
PO0004254,S008,P0036,WH01,2025-01-01,2025-01-05,2025-01-05,218,204,2159.69,470811.7
PO0004255,S002,P0039,WH04,2025-01-01,2025-01-06,2025-01-11,63,62,519.07,32701.58
PO0004256,S009,P0005,WH03,2025-01-02,2025-01-09,2025-01-14,67,63,1237.55,82915.77
PO0004257,S008,P0019,WH05,2025-01-02,2025-01-06,2025-01-09,177,168,1990.18,352262.62
PO0004258,S009,P0022,WH04,2025-01-02,2025-01-11,2025-01-13,63,62,464.0,29231.86
PO0004259,S006,P0024,WH01,2025-01-02,2025-01-09,2025-01-09,58,56,627.31,36383.89
PO0004260,S012,P0026,WH01,2025-01-02,2025-01-11,2025-01-12,180,178,2165.84,389851.4
PO0004261,S012,P0026,WH02,2025-01-02,2025-01-12,2025-01-12,256,249,2278.47,583287.76
PO0004262,S006,P0028,WH02,2025-01-02,2025-01-09,2025-01-11,157,153,3166.6,497155.92
PO0004263,S006,P0034,WH02,2025-01-02,2025-01-10,2025-01-10,50,50,3028.12,151405.87
PO0004264,S009,P0035,WH03,2025-01-02,2025-01-13,2025-01-15,167,155,1509.79,252135.22
PO0004265,S012,P0040,WH01,2025-01-02,2025-01-11,2025-01-13,50,47,692.88,34644.11
PO0004266,S006,P0003,WH02,2025-01-03,2025-01-11,2025-01-16,225,222,905.21,203671.52
PO0004267,S004,P0007,WH04,2025-01-03,2025-01-10,2025-01-13,174,167,2465.93,429072.14
PO0004268,S011,P0012,WH05,2025-01-03,2025-01-06,2025-01-11,57,54,2530.29,144226.31
PO0004269,S006,P0023,WH04,2025-01-03,2025-01-11,2025-01-11,76,75,678.0,51528.07
PO0004270,S006,P0024,WH01,2025-01-03,2025-01-09,2025-01-09,50,50,629.59,31479.49
PO0004271,S012,P0026,WH01,2025-01-03,2025-01-13,2025-01-15,191,182,2255.47,430794.54
PO0004272,S004,P0029,WH05,2025-01-03,2025-01-12,2025-01-17,303,284,3563.38,1079704.72
PO0004273,S004,P0031,WH04,2025-01-03,2025-01-08,2025-01-08,50,49,491.88,24593.99
PO0004274,S004,P0033,WH05,2025-01-03,2025-01-12,2025-01-12,102,98,2001.3,204132.27
PO0004275,S006,P0034,WH01,2025-01-03,2025-01-11,2025-01-12,50,49,2935.8,146789.84
PO0004276,S009,P0035,WH01,2025-01-03,2025-01-10,2025-01-10,123,114,1693.02,208241.18
PO0004277,S004,P0007,WH01,2025-01-04,2025-01-11,2025-01-11,194,182,2351.11,456114.91
PO0004278,S010,P0008,WH02,2025-01-04,2025-01-12,2025-01-15,119,115,837.75,99692.62
PO0004279,S011,P0012,WH05,2025-01-04,2025-01-06,2025-01-07,52,51,2509.16,130476.38
PO0004280,S009,P0022,WH04,2025-01-04,2025-01-11,2025-01-12,50,47,447.05,22352.65
PO0004281,S012,P0026,WH01,2025-01-04,2025-01-14,2025-01-15,250,244,2295.53,573882.49
PO0004282,S006,P0028,WH02,2025-01-04,2025-01-10,2025-01-10,290,286,3290.63,954283.06
PO0004283,S004,P0029,WH01,2025-01-04,2025-01-10,2025-01-12,246,232,3300.15,811837.26
PO0004284,S004,P0031,WH04,2025-01-04,2025-01-10,2025-01-11,50,47,489.35,24467.55
PO0004285,S009,P0035,WH01,2025-01-04,2025-01-15,2025-01-16,115,109,1604.38,184504.1
PO0004286,S002,P0039,WH04,2025-01-04,2025-01-10,2025-01-10,82,77,500.09,41007.42
PO0004287,S012,P0040,WH01,2025-01-04,2025-01-15,2025-01-18,50,50,690.6,34529.98
PO0004288,S011,P0012,WH05,2025-01-05,2025-01-09,2025-01-10,57,51,2281.73,130058.44
PO0004289,S008,P0019,WH03,2025-01-05,2025-01-09,2025-01-10,318,300,2026.33,644373.31
PO0004290,S006,P0020,WH01,2025-01-05,2025-01-11,2025-01-16,181,177,2337.89,423158.43
PO0004291,S009,P0022,WH04,2025-01-05,2025-01-15,2025-01-15,57,53,447.49,25507.02
PO0004292,S006,P0023,WH05,2025-01-05,2025-01-12,2025-01-13,97,95,713.23,69182.96
PO0004293,S006,P0024,WH01,2025-01-05,2025-01-13,2025-01-13,50,50,694.78,34739.19
PO0004294,S006,P0025,WH04,2025-01-05,2025-01-10,2025-01-11,192,189,1458.21,279976.49
PO0004295,S012,P0026,WH01,2025-01-05,2025-01-16,2025-01-18,174,167,2333.72,406067.94
PO0004296,S012,P0026,WH03,2025-01-05,2025-01-17,2025-01-17,431,418,2146.46,925122.58
PO0004297,S004,P0029,WH01,2025-01-05,2025-01-09,2025-01-09,271,260,3558.24,964284.38
PO0004298,S004,P0029,WH05,2025-01-05,2025-01-12,2025-01-12,318,302,3533.71,1123721.03
PO0004299,S004,P0031,WH04,2025-01-05,2025-01-13,2025-01-13,50,49,459.99,22999.31
PO0004300,S006,P0034,WH01,2025-01-05,2025-01-13,2025-01-14,50,50,2865.13,143256.4
PO0004301,S006,P0034,WH02,2025-01-05,2025-01-12,2025-01-15,50,48,3001.73,150086.27
PO0004302,S009,P0035,WH01,2025-01-05,2025-01-16,2025-01-16,129,125,1527.91,197100.73
PO0004303,S002,P0037,WH04,2025-01-05,2025-01-11,2025-01-11,65,61,1477.22,96019.18
PO0004304,S002,P0039,WH04,2025-01-05,2025-01-12,2025-01-12,60,55,486.66,29199.68
PO0004305,S011,P0006,WH04,2025-01-06,2025-01-09,2025-01-09,50,47,3014.7,150735.21
PO0004306,S007,P0010,WH05,2025-01-06,2025-01-10,2025-01-10,94,86,2749.05,258410.81
PO0004307,S011,P0012,WH02,2025-01-06,2025-01-08,2025-01-10,66,65,2453.85,161953.99
PO0004308,S004,P0015,WH05,2025-01-06,2025-01-13,2025-01-16,134,126,254.37,34086.09
PO0004309,S006,P0018,WH02,2025-01-06,2025-01-12,2025-01-12,65,65,1146.28,74508.21
PO0004310,S006,P0020,WH01,2025-01-06,2025-01-15,2025-01-15,135,135,2299.88,310484.02
PO0004311,S009,P0022,WH04,2025-01-06,2025-01-18,2025-01-18,50,46,456.05,22802.36
PO0004312,S006,P0023,WH05,2025-01-06,2025-01-12,2025-01-12,55,55,661.82,36400.06
PO0004313,S006,P0025,WH04,2025-01-06,2025-01-13,2025-01-13,149,147,1456.94,217084.03
PO0004314,S004,P0029,WH02,2025-01-06,2025-01-09,2025-01-14,357,337,3487.77,1245132.23
PO0004315,S009,P0032,WH05,2025-01-06,2025-01-14,2025-01-14,279,267,1688.56,471108.0
PO0004316,S004,P0033,WH01,2025-01-06,2025-01-13,2025-01-16,125,118,2202.11,275263.68
PO0004317,S006,P0034,WH02,2025-01-06,2025-01-12,2025-01-17,50,46,2983.64,149181.83
PO0004318,S008,P0036,WH03,2025-01-06,2025-01-10,2025-01-15,369,349,2178.25,803773.12
PO0004319,S012,P0040,WH01,2025-01-06,2025-01-14,2025-01-14,54,50,740.2,39970.94
PO0004320,S011,P0006,WH04,2025-01-07,2025-01-10,2025-01-11,50,47,3011.63,150581.44
PO0004321,S010,P0009,WH03,2025-01-07,2025-01-18,2025-01-18,99,97,2483.88,245903.72
PO0004322,S007,P0010,WH02,2025-01-07,2025-01-11,2025-01-11,106,102,2755.92,292127.77
PO0004323,S007,P0013,WH04,2025-01-07,2025-01-09,2025-01-10,53,53,2706.28,143432.92
PO0004324,S004,P0015,WH05,2025-01-07,2025-01-13,2025-01-13,101,97,238.1,24048.45
PO0004325,S006,P0018,WH02,2025-01-07,2025-01-13,2025-01-14,57,55,1049.83,59840.27
PO0004326,S006,P0023,WH05,2025-01-07,2025-01-13,2025-01-15,62,61,726.3,45030.62
PO0004327,S006,P0025,WH04,2025-01-07,2025-01-16,2025-01-16,200,194,1498.81,299762.79
PO0004328,S004,P0029,WH01,2025-01-07,2025-01-14,2025-01-15,229,219,3228.8,739395.06
PO0004329,S009,P0032,WH05,2025-01-07,2025-01-15,2025-01-20,274,262,1708.53,468137.58
PO0004330,S004,P0033,WH01,2025-01-07,2025-01-15,2025-01-15,75,71,2163.3,162247.79
PO0004331,S008,P0038,WH01,2025-01-07,2025-01-11,2025-01-12,157,150,1901.25,298495.58
PO0004332,S002,P0039,WH04,2025-01-07,2025-01-14,2025-01-14,77,73,478.01,36806.83
PO0004333,S012,P0040,WH01,2025-01-07,2025-01-17,2025-01-18,50,48,702.14,35106.89
PO0004334,S009,P0001,WH01,2025-01-08,2025-01-16,2025-01-18,107,99,1433.63,153398.06
PO0004335,S007,P0013,WH04,2025-01-08,2025-01-13,2025-01-13,57,55,2803.07,159775.07
PO0004336,S010,P0014,WH03,2025-01-08,2025-01-14,2025-01-17,211,210,1888.74,398525.15
PO0004337,S006,P0024,WH01,2025-01-08,2025-01-14,2025-01-14,50,50,623.78,31189.19
PO0004338,S006,P0028,WH04,2025-01-08,2025-01-16,2025-01-18,168,167,3237.22,543853.56
PO0004339,S008,P0036,WH03,2025-01-08,2025-01-11,2025-01-11,376,350,2216.55,833422.62
PO0004340,S008,P0038,WH01,2025-01-08,2025-01-12,2025-01-12,110,100,1904.62,209508.15
PO0004341,S006,P0003,WH05,2025-01-09,2025-01-15,2025-01-15,195,192,917.83,178977.13
PO0004342,S010,P0008,WH02,2025-01-09,2025-01-17,2025-01-17,110,110,829.35,91228.74
PO0004343,S010,P0009,WH03,2025-01-09,2025-01-16,2025-01-16,56,55,2366.51,132524.73
PO0004344,S007,P0011,WH01,2025-01-09,2025-01-14,2025-01-19,74,70,624.33,46200.47
PO0004345,S007,P0013,WH04,2025-01-09,2025-01-14,2025-01-14,50,49,2685.3,134265.02
PO0004346,S010,P0014,WH05,2025-01-09,2025-01-19,2025-01-19,277,271,1962.61,543643.2
PO0004347,S008,P0019,WH02,2025-01-09,2025-01-12,2025-01-12,269,245,2132.53,573650.92
PO0004348,S006,P0025,WH04,2025-01-09,2025-01-14,2025-01-14,184,179,1407.13,258912.52
PO0004349,S004,P0033,WH01,2025-01-09,2025-01-16,2025-01-16,96,93,2151.76,206568.51
PO0004350,S004,P0033,WH05,2025-01-09,2025-01-14,2025-01-14,128,123,1979.7,253401.67
PO0004351,S008,P0036,WH02,2025-01-09,2025-01-11,2025-01-13,199,183,2192.16,436240.46
PO0004352,S008,P0038,WH02,2025-01-09,2025-01-13,2025-01-18,170,158,1756.57,298616.9
PO0004353,S008,P0038,WH04,2025-01-09,2025-01-15,2025-01-15,116,113,1789.9,207628.2
PO0004354,S012,P0040,WH04,2025-01-09,2025-01-18,2025-01-23,50,50,754.12,37706.2
PO0004355,S009,P0001,WH01,2025-01-10,2025-01-20,2025-01-25,138,127,1411.25,194752.83
PO0004356,S011,P0006,WH02,2025-01-10,2025-01-13,2025-01-15,50,48,2676.62,133830.85
PO0004357,S010,P0009,WH03,2025-01-10,2025-01-18,2025-01-21,74,74,2455.95,181740.49
PO0004358,S010,P0014,WH05,2025-01-10,2025-01-18,2025-01-21,218,217,1984.05,432522.9
PO0004359,S008,P0019,WH02,2025-01-10,2025-01-13,2025-01-14,186,173,2031.39,377837.61
PO0004360,S006,P0023,WH02,2025-01-10,2025-01-18,2025-01-18,88,87,659.23,58012.33
PO0004361,S012,P0026,WH01,2025-01-10,2025-01-22,2025-01-22,275,268,2160.91,594251.52
PO0004362,S009,P0032,WH05,2025-01-10,2025-01-20,2025-01-20,286,276,1692.89,484165.65
PO0004363,S004,P0033,WH03,2025-01-10,2025-01-16,2025-01-16,116,110,1966.17,228076.03
PO0004364,S008,P0038,WH01,2025-01-10,2025-01-13,2025-01-13,147,136,1718.69,252647.53
PO0004365,S010,P0008,WH01,2025-01-11,2025-01-19,2025-01-20,71,69,824.24,58520.88
PO0004366,S007,P0010,WH03,2025-01-11,2025-01-16,2025-01-16,68,66,2742.52,186491.37
PO0004367,S006,P0020,WH01,2025-01-11,2025-01-19,2025-01-24,99,98,2276.36,225359.28
PO0004368,S006,P0023,WH02,2025-01-11,2025-01-18,2025-01-19,104,102,695.13,72293.7
PO0004369,S012,P0026,WH01,2025-01-11,2025-01-22,2025-01-22,155,152,2235.46,346496.4
PO0004370,S004,P0033,WH01,2025-01-11,2025-01-16,2025-01-16,75,74,1973.8,148035.0
PO0004371,S009,P0035,WH02,2025-01-11,2025-01-19,2025-01-20,185,176,1674.7,309820.33
PO0004372,S002,P0039,WH02,2025-01-11,2025-01-19,2025-01-22,86,79,500.21,43018.28
PO0004373,S012,P0040,WH04,2025-01-11,2025-01-22,2025-01-27,50,46,720.78,36039.06
PO0004374,S009,P0001,WH01,2025-01-12,2025-01-21,2025-01-21,161,153,1317.79,212164.26
PO0004375,S010,P0009,WH01,2025-01-12,2025-01-22,2025-01-22,60,60,2334.36,140061.89
PO0004376,S010,P0009,WH03,2025-01-12,2025-01-22,2025-01-25,78,77,2353.83,183598.95
PO0004377,S008,P0019,WH04,2025-01-12,2025-01-14,2025-01-19,142,133,1932.26,274381.13
PO0004378,S006,P0020,WH01,2025-01-12,2025-01-16,2025-01-19,127,126,2484.21,315494.49
PO0004379,S006,P0024,WH02,2025-01-12,2025-01-19,2025-01-19,56,56,624.21,34955.97
PO0004380,S006,P0024,WH04,2025-01-12,2025-01-19,2025-01-19,50,49,680.28,34013.83
PO0004381,S006,P0028,WH05,2025-01-12,2025-01-20,2025-01-20,152,151,3207.16,487488.94
PO0004382,S004,P0029,WH02,2025-01-12,2025-01-18,2025-01-19,306,284,3484.79,1066346.1
PO0004383,S009,P0030,WH01,2025-01-12,2025-01-22,2025-01-22,203,194,2596.65,527119.42
PO0004384,S009,P0032,WH05,2025-01-12,2025-01-19,2025-01-19,277,254,1700.26,470971.2
PO0004385,S002,P0037,WH03,2025-01-12,2025-01-19,2025-01-19,103,99,1611.73,166007.87
PO0004386,S008,P0038,WH05,2025-01-12,2025-01-16,2025-01-16,165,152,1896.31,312890.69
PO0004387,S012,P0040,WH04,2025-01-12,2025-01-22,2025-01-25,50,50,714.63,35731.46
PO0004388,S010,P0008,WH01,2025-01-13,2025-01-21,2025-01-26,101,101,843.3,85173.34
PO0004389,S011,P0017,WH04,2025-01-13,2025-01-17,2025-01-17,256,242,883.78,226247.04
PO0004390,S009,P0022,WH05,2025-01-13,2025-01-22,2025-01-23,50,44,446.6,22329.92
PO0004391,S006,P0023,WH03,2025-01-13,2025-01-19,2025-01-20,75,75,723.76,54282.3
PO0004392,S009,P0030,WH01,2025-01-13,2025-01-21,2025-01-22,128,121,2615.83,334825.64
PO0004393,S004,P0033,WH01,2025-01-13,2025-01-19,2025-01-19,119,113,2162.91,257386.66
PO0004394,S009,P0035,WH02,2025-01-13,2025-01-23,2025-01-23,125,119,1523.09,190386.52
PO0004395,S009,P0035,WH05,2025-01-13,2025-01-21,2025-01-26,134,123,1556.68,208595.49
PO0004396,S002,P0037,WH03,2025-01-13,2025-01-19,2025-01-20,133,127,1506.53,200368.15
PO0004397,S008,P0038,WH02,2025-01-13,2025-01-17,2025-01-18,165,160,1729.75,285409.28
PO0004398,S002,P0039,WH02,2025-01-13,2025-01-20,2025-01-20,83,79,513.21,42596.4
PO0004399,S006,P0003,WH05,2025-01-14,2025-01-19,2025-01-20,238,235,964.52,229556.14
PO0004400,S010,P0009,WH01,2025-01-14,2025-01-24,2025-01-25,67,65,2481.57,166265.01
PO0004401,S010,P0014,WH05,2025-01-14,2025-01-24,2025-01-25,267,262,1992.14,531901.33
PO0004402,S011,P0017,WH01,2025-01-14,2025-01-16,2025-01-16,227,214,915.65,207852.02
PO0004403,S008,P0019,WH04,2025-01-14,2025-01-17,2025-01-17,136,126,2131.47,289879.68
PO0004404,S006,P0023,WH03,2025-01-14,2025-01-19,2025-01-20,85,84,695.58,59124.6
PO0004405,S006,P0024,WH04,2025-01-14,2025-01-19,2025-01-19,50,49,646.2,32309.94
PO0004406,S002,P0027,WH02,2025-01-14,2025-01-20,2025-01-20,200,190,520.55,104110.21
PO0004407,S007,P0011,WH01,2025-01-15,2025-01-21,2025-01-22,96,93,616.8,59212.78
PO0004408,S011,P0012,WH01,2025-01-15,2025-01-17,2025-01-18,50,50,2318.79,115939.33
PO0004409,S011,P0012,WH04,2025-01-15,2025-01-21,2025-01-22,50,46,2462.55,123127.64
PO0004410,S007,P0013,WH02,2025-01-15,2025-01-19,2025-01-21,70,66,2781.42,194699.13
PO0004411,S006,P0023,WH03,2025-01-15,2025-01-21,2025-01-21,108,106,660.17,71298.61
PO0004412,S006,P0025,WH01,2025-01-15,2025-01-23,2025-01-24,115,115,1386.16,159408.21
PO0004413,S002,P0027,WH02,2025-01-15,2025-01-23,2025-01-23,252,240,565.42,142486.54
PO0004414,S009,P0030,WH01,2025-01-15,2025-01-25,2025-01-25,181,171,2699.47,488603.76
PO0004415,S006,P0034,WH04,2025-01-15,2025-01-22,2025-01-23,50,50,2923.54,146176.87
PO0004416,S002,P0037,WH03,2025-01-15,2025-01-20,2025-01-20,86,83,1594.3,137110.0
PO0004417,S010,P0008,WH01,2025-01-16,2025-01-24,2025-01-25,122,121,775.93,94663.56
PO0004418,S011,P0012,WH01,2025-01-16,2025-01-21,2025-01-21,52,47,2509.58,130498.19
PO0004419,S011,P0012,WH04,2025-01-16,2025-01-19,2025-01-19,50,46,2499.42,124971.14
PO0004420,S010,P0014,WH05,2025-01-16,2025-01-25,2025-01-28,264,262,1965.59,518916.13
PO0004421,S008,P0019,WH04,2025-01-16,2025-01-19,2025-01-19,154,138,2076.54,319786.6
PO0004422,S012,P0026,WH05,2025-01-16,2025-01-25,2025-01-30,322,310,2305.03,742220.26
PO0004423,S009,P0030,WH01,2025-01-16,2025-01-25,2025-01-26,118,109,2414.53,284914.87
PO0004424,S009,P0030,WH04,2025-01-16,2025-01-25,2025-01-25,148,143,2465.52,364896.37
PO0004425,S009,P0032,WH02,2025-01-16,2025-01-25,2025-01-25,352,334,1687.25,593913.47
PO0004426,S006,P0034,WH04,2025-01-16,2025-01-21,2025-01-21,50,50,2983.36,149167.84
PO0004427,S002,P0039,WH05,2025-01-16,2025-01-22,2025-01-24,52,50,500.51,26026.61
PO0004428,S009,P0005,WH04,2025-01-17,2025-01-25,2025-01-26,56,52,1245.06,69723.53
PO0004429,S011,P0006,WH01,2025-01-17,2025-01-21,2025-01-21,50,47,2799.41,139970.45
PO0004430,S011,P0017,WH03,2025-01-17,2025-01-19,2025-01-20,331,316,927.12,306875.52
PO0004431,S008,P0019,WH01,2025-01-17,2025-01-22,2025-01-22,122,114,1968.18,240118.14
PO0004432,S009,P0022,WH01,2025-01-17,2025-01-24,2025-01-27,54,46,449.12,24252.39
PO0004433,S006,P0024,WH02,2025-01-17,2025-01-23,2025-01-23,64,64,643.59,41189.59
PO0004434,S006,P0025,WH01,2025-01-17,2025-01-24,2025-01-25,164,161,1477.18,242257.18
PO0004435,S002,P0027,WH02,2025-01-17,2025-01-26,2025-01-26,206,201,559.49,115253.96
PO0004436,S006,P0028,WH05,2025-01-17,2025-01-23,2025-01-23,141,138,3199.73,451161.98
PO0004437,S009,P0030,WH01,2025-01-17,2025-01-25,2025-01-25,149,137,2404.21,358227.11
PO0004438,S002,P0037,WH03,2025-01-17,2025-01-24,2025-01-27,142,133,1537.01,218255.08
PO0004439,S002,P0039,WH03,2025-01-17,2025-01-25,2025-01-25,73,66,468.52,34201.64
PO0004440,S011,P0006,WH01,2025-01-18,2025-01-22,2025-01-24,50,43,2733.09,136654.6
PO0004441,S009,P0022,WH01,2025-01-18,2025-01-28,2025-01-28,57,51,434.78,24782.71
PO0004442,S006,P0024,WH02,2025-01-18,2025-01-23,2025-01-23,79,77,641.09,50646.13
PO0004443,S006,P0024,WH04,2025-01-18,2025-01-24,2025-01-24,56,56,635.02,35560.98
PO0004444,S002,P0039,WH02,2025-01-18,2025-01-24,2025-01-24,108,101,501.78,54192.33
PO0004445,S002,P0039,WH05,2025-01-18,2025-01-26,2025-01-29,89,86,470.23,41850.51
PO0004446,S012,P0040,WH02,2025-01-18,2025-01-29,2025-01-29,50,47,720.03,36001.25
PO0004447,S010,P0008,WH01,2025-01-19,2025-01-27,2025-01-30,96,96,803.06,77093.83
PO0004448,S007,P0013,WH02,2025-01-19,2025-01-23,2025-01-24,50,48,2567.73,128386.28
PO0004449,S009,P0022,WH02,2025-01-19,2025-01-28,2025-01-28,50,46,451.65,22582.45
PO0004450,S009,P0022,WH05,2025-01-19,2025-01-27,2025-01-29,51,49,472.37,24090.63
PO0004451,S006,P0023,WH03,2025-01-19,2025-01-25,2025-01-25,119,118,688.61,81944.55
PO0004452,S004,P0029,WH04,2025-01-19,2025-01-26,2025-01-26,191,184,3340.22,637982.69
PO0004453,S009,P0035,WH02,2025-01-19,2025-01-28,2025-01-31,238,224,1514.31,360406.62
PO0004454,S002,P0039,WH03,2025-01-19,2025-01-25,2025-01-28,65,61,492.96,32042.6
PO0004455,S012,P0040,WH02,2025-01-19,2025-01-30,2025-02-01,61,61,705.89,43058.99
PO0004456,S010,P0009,WH04,2025-01-20,2025-01-28,2025-01-28,50,49,2472.99,123649.65
PO0004457,S007,P0013,WH05,2025-01-20,2025-01-24,2025-01-24,52,48,2565.77,133419.92
PO0004458,S004,P0015,WH02,2025-01-20,2025-01-26,2025-01-26,142,136,238.7,33895.86
PO0004459,S011,P0017,WH05,2025-01-20,2025-01-25,2025-01-26,243,226,896.2,217775.48
PO0004460,S009,P0022,WH01,2025-01-20,2025-01-29,2025-01-30,62,58,477.66,29615.09
PO0004461,S009,P0022,WH02,2025-01-20,2025-01-29,2025-01-29,61,60,425.17,25935.48
PO0004462,S009,P0022,WH05,2025-01-20,2025-01-30,2025-01-30,50,48,471.15,23557.26
PO0004463,S004,P0029,WH04,2025-01-20,2025-01-26,2025-01-26,174,166,3404.14,592321.03
PO0004464,S009,P0032,WH02,2025-01-20,2025-01-26,2025-01-31,306,290,1665.22,509556.3
PO0004465,S006,P0034,WH04,2025-01-20,2025-01-26,2025-01-27,50,50,3129.98,156499.04
PO0004466,S012,P0040,WH02,2025-01-20,2025-02-01,2025-02-01,57,55,723.75,41253.85
PO0004467,S009,P0001,WH04,2025-01-21,2025-01-30,2025-01-31,207,201,1317.61,272744.48
PO0004468,S008,P0004,WH04,2025-01-21,2025-01-23,2025-01-23,192,176,1575.42,302480.8
PO0004469,S009,P0005,WH04,2025-01-21,2025-01-30,2025-01-30,58,56,1247.03,72327.71
PO0004470,S007,P0010,WH03,2025-01-21,2025-01-26,2025-01-26,67,60,2891.26,193714.47
PO0004471,S007,P0010,WH04,2025-01-21,2025-01-27,2025-01-27,65,62,2822.87,183486.4
PO0004472,S004,P0015,WH02,2025-01-21,2025-01-29,2025-01-29,101,96,240.03,24242.81
PO0004473,S011,P0017,WH05,2025-01-21,2025-01-25,2025-01-25,181,172,988.53,178923.6
PO0004474,S008,P0019,WH05,2025-01-21,2025-01-23,2025-01-26,202,184,2090.88,422358.68
PO0004475,S010,P0021,WH03,2025-01-21,2025-01-29,2025-01-30,287,285,710.18,203820.64
PO0004476,S009,P0022,WH02,2025-01-21,2025-01-31,2025-01-31,74,72,428.87,31736.09
PO0004477,S006,P0024,WH05,2025-01-21,2025-01-28,2025-01-28,50,50,684.65,34232.35
PO0004478,S002,P0027,WH04,2025-01-21,2025-01-29,2025-01-30,204,194,557.99,113829.03
PO0004479,S009,P0030,WH04,2025-01-21,2025-01-29,2025-01-29,197,190,2547.3,501818.0
PO0004480,S009,P0032,WH02,2025-01-21,2025-01-28,2025-01-31,339,321,1591.79,539616.06
PO0004481,S008,P0036,WH02,2025-01-21,2025-01-23,2025-01-23,261,239,2196.7,573337.7
PO0004482,S012,P0040,WH04,2025-01-21,2025-01-30,2025-02-02,50,49,757.63,37881.45
PO0004483,S009,P0001,WH03,2025-01-22,2025-01-29,2025-01-29,180,168,1324.66,238438.32
PO0004484,S008,P0004,WH04,2025-01-22,2025-01-27,2025-01-28,138,127,1599.49,220729.09
PO0004485,S004,P0007,WH02,2025-01-22,2025-01-28,2025-01-28,245,238,2554.73,625908.14
PO0004486,S007,P0013,WH05,2025-01-22,2025-01-27,2025-01-27,50,49,2702.88,135144.06
PO0004487,S010,P0021,WH03,2025-01-22,2025-01-31,2025-02-02,276,273,682.68,188420.35
PO0004488,S009,P0022,WH05,2025-01-22,2025-01-31,2025-01-31,65,63,434.61,28249.92
PO0004489,S006,P0025,WH01,2025-01-22,2025-01-27,2025-01-28,132,131,1344.71,177502.05
PO0004490,S004,P0031,WH05,2025-01-22,2025-01-28,2025-01-31,50,47,474.14,23707.23
PO0004491,S009,P0035,WH05,2025-01-22,2025-01-30,2025-02-01,145,141,1649.41,239164.46
PO0004492,S012,P0040,WH04,2025-01-22,2025-02-01,2025-02-03,50,49,729.16,36458.05
PO0004493,S009,P0005,WH04,2025-01-23,2025-02-01,2025-02-01,86,84,1147.95,98724.12
PO0004494,S007,P0013,WH01,2025-01-23,2025-01-28,2025-01-28,54,51,2757.98,148931.08
PO0004495,S009,P0022,WH02,2025-01-23,2025-02-01,2025-02-01,53,49,439.94,23317.07
PO0004496,S009,P0022,WH03,2025-01-23,2025-02-03,2025-02-05,71,70,441.79,31367.19
PO0004497,S006,P0025,WH01,2025-01-23,2025-01-28,2025-01-28,130,128,1359.85,176780.99
PO0004498,S008,P0036,WH05,2025-01-23,2025-01-28,2025-01-28,162,154,2169.07,351388.55
PO0004499,S008,P0038,WH04,2025-01-23,2025-01-27,2025-01-27,134,124,1909.67,255895.9
PO0004500,S009,P0002,WH05,2025-01-24,2025-01-31,2025-01-31,188,176,741.42,139386.47
PO0004501,S004,P0007,WH02,2025-01-24,2025-01-28,2025-01-28,239,225,2576.67,615823.25
PO0004502,S007,P0010,WH03,2025-01-24,2025-01-31,2025-01-31,83,79,2701.7,224241.15
PO0004503,S011,P0012,WH03,2025-01-24,2025-01-26,2025-01-27,76,73,2358.5,179245.92
PO0004504,S012,P0016,WH05,2025-01-24,2025-01-30,2025-01-30,259,248,916.94,237488.19
PO0004505,S011,P0017,WH05,2025-01-24,2025-01-28,2025-01-28,219,211,929.12,203477.73
PO0004506,S009,P0022,WH01,2025-01-24,2025-02-01,2025-02-01,50,45,450.63,22531.62
PO0004507,S012,P0026,WH04,2025-01-24,2025-02-02,2025-02-04,162,156,2143.55,347255.01
PO0004508,S009,P0032,WH01,2025-01-24,2025-02-03,2025-02-03,202,191,1727.41,348936.3
PO0004509,S009,P0032,WH03,2025-01-24,2025-02-03,2025-02-04,229,217,1650.97,378073.12
PO0004510,S009,P0032,WH04,2025-01-24,2025-02-02,2025-02-03,188,174,1632.12,306838.09
PO0004511,S008,P0036,WH05,2025-01-24,2025-01-27,2025-01-27,282,266,1994.88,562556.0
PO0004512,S008,P0038,WH03,2025-01-24,2025-01-27,2025-01-27,169,161,1895.57,320351.69
PO0004513,S008,P0038,WH04,2025-01-24,2025-01-29,2025-01-29,164,151,1704.69,279568.73
PO0004514,S009,P0001,WH04,2025-01-25,2025-02-01,2025-02-01,134,128,1336.55,179098.16
PO0004515,S009,P0002,WH02,2025-01-25,2025-02-03,2025-02-05,206,185,783.14,161327.46
PO0004516,S009,P0002,WH05,2025-01-25,2025-02-03,2025-02-06,144,133,783.93,112886.06
PO0004517,S007,P0011,WH02,2025-01-25,2025-01-31,2025-02-02,176,169,627.81,110495.18
PO0004518,S004,P0015,WH02,2025-01-25,2025-02-02,2025-02-04,108,103,258.42,27909.19
PO0004519,S012,P0016,WH04,2025-01-25,2025-02-06,2025-02-07,166,163,885.4,146975.7
PO0004520,S006,P0018,WH01,2025-01-25,2025-01-30,2025-01-31,53,53,1041.12,55179.36
PO0004521,S010,P0021,WH03,2025-01-25,2025-02-02,2025-02-02,250,248,671.12,167780.06
PO0004522,S009,P0022,WH01,2025-01-25,2025-02-02,2025-02-02,50,49,431.96,21597.79
PO0004523,S006,P0023,WH04,2025-01-25,2025-01-29,2025-01-29,64,63,696.78,44593.93
PO0004524,S006,P0024,WH05,2025-01-25,2025-02-01,2025-02-03,50,50,652.72,32635.99
PO0004525,S009,P0030,WH03,2025-01-25,2025-02-02,2025-02-02,257,242,2456.21,631245.16
PO0004526,S004,P0033,WH03,2025-01-25,2025-02-02,2025-02-02,101,94,2130.26,215156.1
PO0004527,S008,P0036,WH05,2025-01-25,2025-01-27,2025-01-27,308,298,2228.85,686487.14
PO0004528,S008,P0038,WH03,2025-01-25,2025-01-29,2025-01-29,173,164,1825.1,315742.44
PO0004529,S009,P0001,WH03,2025-01-26,2025-02-01,2025-02-01,209,196,1416.78,296106.09
PO0004530,S004,P0007,WH02,2025-01-26,2025-02-01,2025-02-06,176,170,2431.31,427909.97
PO0004531,S007,P0010,WH02,2025-01-26,2025-01-31,2025-02-01,118,106,2711.46,319952.41
PO0004532,S012,P0016,WH05,2025-01-26,2025-02-05,2025-02-07,310,298,901.3,279403.66
PO0004533,S011,P0017,WH02,2025-01-26,2025-01-29,2025-01-31,344,327,929.1,319608.93
PO0004534,S006,P0024,WH05,2025-01-26,2025-02-01,2025-02-02,50,50,641.48,32074.06
PO0004535,S012,P0026,WH04,2025-01-26,2025-02-05,2025-02-05,254,243,2288.76,581344.76
PO0004536,S002,P0027,WH03,2025-01-26,2025-02-01,2025-02-06,203,190,556.19,112905.64
PO0004537,S006,P0028,WH03,2025-01-26,2025-02-01,2025-02-01,316,311,3341.63,1055954.32
PO0004538,S004,P0031,WH05,2025-01-26,2025-02-01,2025-02-03,50,50,454.59,22729.46
PO0004539,S009,P0032,WH03,2025-01-26,2025-02-03,2025-02-03,384,359,1608.48,617655.67
PO0004540,S008,P0038,WH04,2025-01-26,2025-01-28,2025-01-28,111,106,1822.15,202258.3
PO0004541,S009,P0002,WH05,2025-01-27,2025-02-06,2025-02-09,193,184,809.82,156294.35
PO0004542,S004,P0007,WH02,2025-01-27,2025-02-02,2025-02-04,171,162,2412.91,412607.65
PO0004543,S007,P0011,WH02,2025-01-27,2025-02-01,2025-02-01,133,128,642.27,85421.69
PO0004544,S011,P0012,WH02,2025-01-27,2025-02-01,2025-02-01,79,73,2254.98,178143.69
PO0004545,S007,P0013,WH03,2025-01-27,2025-02-02,2025-02-03,65,64,2873.38,186769.75
PO0004546,S008,P0019,WH01,2025-01-27,2025-02-01,2025-02-01,214,202,2028.89,434182.14
PO0004547,S010,P0021,WH03,2025-01-27,2025-02-03,2025-02-03,234,233,745.2,174377.08
PO0004548,S009,P0022,WH03,2025-01-27,2025-02-04,2025-02-04,85,78,469.16,39878.62
PO0004549,S012,P0026,WH04,2025-01-27,2025-02-08,2025-02-11,305,293,2352.25,717436.73
PO0004550,S002,P0037,WH01,2025-01-27,2025-02-02,2025-02-02,55,52,1502.14,82617.83
PO0004551,S009,P0001,WH03,2025-01-28,2025-02-07,2025-02-08,195,189,1450.61,282868.62
PO0004552,S009,P0001,WH04,2025-01-28,2025-02-05,2025-02-05,174,160,1318.34,229391.49
PO0004553,S010,P0008,WH03,2025-01-28,2025-02-06,2025-02-09,190,188,781.39,148463.3
PO0004554,S012,P0016,WH04,2025-01-28,2025-02-07,2025-02-08,215,209,846.43,181982.26
PO0004555,S012,P0016,WH05,2025-01-28,2025-02-08,2025-02-08,289,280,861.51,248975.25
PO0004556,S008,P0019,WH01,2025-01-28,2025-02-02,2025-02-02,213,200,1978.76,421475.08
PO0004557,S010,P0021,WH03,2025-01-28,2025-02-05,2025-02-06,177,176,721.87,127771.15
PO0004558,S006,P0023,WH04,2025-01-28,2025-02-04,2025-02-05,50,50,698.73,34936.58
PO0004559,S002,P0027,WH03,2025-01-28,2025-02-05,2025-02-05,171,163,515.62,88170.22
PO0004560,S004,P0031,WH05,2025-01-28,2025-02-05,2025-02-10,50,46,493.1,24654.94
PO0004561,S009,P0032,WH03,2025-01-28,2025-02-07,2025-02-07,314,298,1733.03,544171.47
PO0004562,S004,P0033,WH03,2025-01-28,2025-02-02,2025-02-02,180,172,2106.69,379204.13
PO0004563,S012,P0040,WH02,2025-01-28,2025-02-08,2025-02-09,63,60,738.43,46521.36
PO0004564,S009,P0002,WH02,2025-01-29,2025-02-07,2025-02-10,187,178,831.71,155529.0
PO0004565,S009,P0002,WH04,2025-01-29,2025-02-05,2025-02-05,231,217,746.78,172505.4
PO0004566,S007,P0013,WH03,2025-01-29,2025-02-04,2025-02-07,50,48,2627.92,131396.11
PO0004567,S012,P0016,WH04,2025-01-29,2025-02-09,2025-02-12,231,228,839.71,193974.01
PO0004568,S012,P0016,WH05,2025-01-29,2025-02-07,2025-02-07,264,257,909.49,240106.61
PO0004569,S011,P0017,WH04,2025-01-29,2025-02-02,2025-02-02,270,243,892.06,240855.31
PO0004570,S006,P0020,WH04,2025-01-29,2025-02-05,2025-02-05,167,164,2430.93,405965.47
PO0004571,S010,P0021,WH03,2025-01-29,2025-02-08,2025-02-11,232,229,695.71,161405.16
PO0004572,S012,P0026,WH04,2025-01-29,2025-02-08,2025-02-08,245,232,2368.5,580281.81
PO0004573,S006,P0028,WH04,2025-01-29,2025-02-06,2025-02-06,182,180,3153.1,573864.48
PO0004574,S004,P0031,WH05,2025-01-29,2025-02-05,2025-02-10,52,48,491.95,25581.65
PO0004575,S004,P0033,WH02,2025-01-29,2025-02-02,2025-02-02,175,160,2086.94,365214.76
PO0004576,S002,P0037,WH04,2025-01-29,2025-02-05,2025-02-05,60,57,1453.07,87184.32
PO0004577,S007,P0010,WH05,2025-01-30,2025-02-03,2025-02-03,99,95,2846.0,281754.31
PO0004578,S011,P0012,WH02,2025-01-30,2025-02-01,2025-02-03,54,54,2276.76,122945.1
PO0004579,S011,P0017,WH04,2025-01-30,2025-02-04,2025-02-04,164,154,915.98,150220.75
PO0004580,S006,P0028,WH03,2025-01-30,2025-02-07,2025-02-08,195,189,3166.24,617416.67
PO0004581,S004,P0033,WH03,2025-01-30,2025-02-06,2025-02-06,102,95,2080.21,212181.12
PO0004582,S009,P0002,WH04,2025-01-31,2025-02-08,2025-02-08,140,134,821.16,114962.94
PO0004583,S008,P0004,WH01,2025-01-31,2025-02-04,2025-02-04,250,235,1526.79,381698.21
PO0004584,S008,P0004,WH05,2025-01-31,2025-02-04,2025-02-04,224,215,1582.73,354532.23
PO0004585,S011,P0006,WH02,2025-01-31,2025-02-03,2025-02-06,53,53,2852.95,151206.17
PO0004586,S007,P0011,WH03,2025-01-31,2025-02-07,2025-02-07,102,96,589.44,60123.1
PO0004587,S010,P0014,WH03,2025-01-31,2025-02-07,2025-02-07,220,217,1938.94,426566.17
PO0004588,S004,P0015,WH03,2025-01-31,2025-02-06,2025-02-07,117,112,251.15,29384.06
PO0004589,S008,P0019,WH03,2025-01-31,2025-02-06,2025-02-11,266,252,1911.66,508501.25
PO0004590,S009,P0022,WH03,2025-01-31,2025-02-08,2025-02-08,83,76,445.49,36976.03
PO0004591,S006,P0023,WH01,2025-01-31,2025-02-06,2025-02-09,87,86,664.3,57794.1
PO0004592,S006,P0025,WH05,2025-01-31,2025-02-09,2025-02-09,217,212,1407.96,305527.45
PO0004593,S012,P0026,WH04,2025-01-31,2025-02-09,2025-02-09,226,222,2178.59,492362.15
PO0004594,S002,P0037,WH01,2025-01-31,2025-02-06,2025-02-06,105,98,1596.23,167603.87
PO0004595,S008,P0038,WH05,2025-01-31,2025-02-02,2025-02-03,157,149,1791.71,281297.74
PO0004596,S012,P0040,WH03,2025-01-31,2025-02-11,2025-02-11,75,71,695.95,52196.03
PO0004597,S009,P0002,WH02,2025-02-01,2025-02-08,2025-02-08,262,243,787.51,206327.96
PO0004598,S009,P0002,WH04,2025-02-01,2025-02-10,2025-02-10,167,158,798.05,133273.77
PO0004599,S011,P0006,WH03,2025-02-01,2025-02-05,2025-02-05,50,46,2883.19,144159.65
PO0004600,S004,P0007,WH04,2025-02-01,2025-02-07,2025-02-07,105,100,2453.09,257574.14
PO0004601,S007,P0011,WH04,2025-02-01,2025-02-06,2025-02-06,82,80,652.32,53489.95
PO0004602,S010,P0014,WH03,2025-02-01,2025-02-12,2025-02-12,268,265,2012.17,539261.42
PO0004603,S011,P0017,WH01,2025-02-01,2025-02-05,2025-02-05,261,249,886.33,231333.28
PO0004604,S011,P0017,WH04,2025-02-01,2025-02-04,2025-02-06,255,243,919.62,234504.14
PO0004605,S006,P0020,WH02,2025-02-01,2025-02-07,2025-02-08,191,191,2416.15,461484.1
PO0004606,S009,P0022,WH03,2025-02-01,2025-02-09,2025-02-12,86,82,436.15,37509.12
PO0004607,S006,P0023,WH01,2025-02-01,2025-02-08,2025-02-08,76,75,700.11,53208.34
PO0004608,S006,P0025,WH03,2025-02-01,2025-02-05,2025-02-06,253,249,1419.61,359160.34
PO0004609,S012,P0026,WH04,2025-02-01,2025-02-12,2025-02-17,247,243,2127.25,525429.72
PO0004610,S002,P0027,WH03,2025-02-01,2025-02-06,2025-02-06,162,153,539.51,87399.84
PO0004611,S006,P0028,WH04,2025-02-01,2025-02-06,2025-02-09,208,203,3320.71,690707.3
PO0004612,S009,P0032,WH03,2025-02-01,2025-02-07,2025-02-07,341,320,1597.68,544807.25
PO0004613,S002,P0037,WH04,2025-02-01,2025-02-07,2025-02-07,68,64,1606.16,109218.73
PO0004614,S011,P0006,WH02,2025-02-02,2025-02-08,2025-02-08,50,47,2814.33,140716.51
PO0004615,S010,P0008,WH03,2025-02-02,2025-02-11,2025-02-11,161,158,815.15,131239.43
PO0004616,S007,P0011,WH03,2025-02-02,2025-02-05,2025-02-05,185,179,590.24,109193.85
PO0004617,S007,P0011,WH04,2025-02-02,2025-02-07,2025-02-08,85,81,620.63,52753.92
PO0004618,S004,P0015,WH03,2025-02-02,2025-02-08,2025-02-13,132,125,264.56,34922.3
PO0004619,S011,P0017,WH01,2025-02-02,2025-02-05,2025-02-05,277,270,892.43,247203.48
PO0004620,S008,P0019,WH03,2025-02-02,2025-02-04,2025-02-04,325,305,1932.68,628121.9
PO0004621,S002,P0027,WH05,2025-02-02,2025-02-09,2025-02-09,228,217,513.25,117022.03
PO0004622,S006,P0028,WH01,2025-02-02,2025-02-08,2025-02-08,121,120,3310.42,400560.24
PO0004623,S006,P0028,WH04,2025-02-02,2025-02-10,2025-02-10,229,226,3354.37,768150.49
PO0004624,S009,P0032,WH03,2025-02-02,2025-02-11,2025-02-12,208,199,1711.7,356032.9
PO0004625,S012,P0040,WH03,2025-02-02,2025-02-12,2025-02-12,50,49,713.72,35686.01
PO0004626,S006,P0003,WH01,2025-02-03,2025-02-10,2025-02-10,118,117,933.41,110142.45
PO0004627,S008,P0004,WH03,2025-02-03,2025-02-07,2025-02-08,366,344,1600.48,585775.14
PO0004628,S004,P0007,WH01,2025-02-03,2025-02-08,2025-02-09,178,170,2488.81,443008.01
PO0004629,S004,P0007,WH05,2025-02-03,2025-02-06,2025-02-11,206,195,2453.25,505369.86
PO0004630,S007,P0011,WH03,2025-02-03,2025-02-08,2025-02-08,152,147,599.24,91084.53
PO0004631,S010,P0014,WH03,2025-02-03,2025-02-14,2025-02-15,223,222,2056.64,458629.73
PO0004632,S006,P0023,WH01,2025-02-03,2025-02-09,2025-02-09,60,60,665.32,39919.17
PO0004633,S006,P0025,WH05,2025-02-03,2025-02-08,2025-02-08,119,119,1416.84,168604.02
PO0004634,S009,P0030,WH02,2025-02-03,2025-02-13,2025-02-13,171,163,2655.87,454153.08
PO0004635,S004,P0031,WH01,2025-02-03,2025-02-10,2025-02-13,50,45,450.03,22501.52
PO0004636,S004,P0031,WH03,2025-02-03,2025-02-10,2025-02-10,52,49,463.59,24106.67
PO0004637,S008,P0036,WH02,2025-02-03,2025-02-07,2025-02-07,384,356,2108.3,809587.23
PO0004638,S012,P0040,WH03,2025-02-03,2025-02-14,2025-02-15,60,55,687.18,41230.57
PO0004639,S009,P0002,WH02,2025-02-04,2025-02-14,2025-02-14,298,278,801.41,238819.81
PO0004640,S011,P0006,WH03,2025-02-04,2025-02-08,2025-02-08,50,48,2993.73,149686.26
PO0004641,S004,P0007,WH04,2025-02-04,2025-02-08,2025-02-09,175,164,2577.21,451012.01
PO0004642,S004,P0007,WH05,2025-02-04,2025-02-09,2025-02-09,194,182,2334.64,452920.79
PO0004643,S004,P0015,WH04,2025-02-04,2025-02-12,2025-02-12,121,117,241.1,29172.65
PO0004644,S012,P0016,WH02,2025-02-04,2025-02-13,2025-02-13,256,247,906.87,232158.55
PO0004645,S008,P0019,WH02,2025-02-04,2025-02-07,2025-02-07,164,152,1921.5,315125.44
PO0004646,S006,P0024,WH03,2025-02-04,2025-02-11,2025-02-13,66,65,661.08,43631.15
PO0004647,S002,P0027,WH03,2025-02-04,2025-02-10,2025-02-11,279,258,520.49,145218.0
PO0004648,S006,P0028,WH04,2025-02-04,2025-02-12,2025-02-15,128,124,3123.98,399869.77
PO0004649,S009,P0030,WH02,2025-02-04,2025-02-11,2025-02-16,283,268,2431.05,687988.54
PO0004650,S004,P0033,WH04,2025-02-04,2025-02-14,2025-02-14,117,111,2101.09,245827.55
PO0004651,S002,P0037,WH04,2025-02-04,2025-02-10,2025-02-10,102,97,1524.23,155471.42
PO0004652,S012,P0040,WH03,2025-02-04,2025-02-13,2025-02-18,63,61,722.08,45490.84
PO0004653,S004,P0007,WH01,2025-02-05,2025-02-12,2025-02-12,135,129,2337.49,315560.55
PO0004654,S010,P0008,WH03,2025-02-05,2025-02-16,2025-02-16,118,116,820.7,96842.07
PO0004655,S010,P0008,WH04,2025-02-05,2025-02-13,2025-02-13,128,125,791.4,101298.64
PO0004656,S006,P0018,WH05,2025-02-05,2025-02-11,2025-02-11,53,51,1140.82,60463.36
PO0004657,S006,P0020,WH05,2025-02-05,2025-02-10,2025-02-15,197,195,2250.27,443302.72
PO0004658,S006,P0024,WH03,2025-02-05,2025-02-12,2025-02-12,70,67,661.46,46302.41
PO0004659,S004,P0029,WH03,2025-02-05,2025-02-11,2025-02-12,397,377,3414.63,1355607.45
PO0004660,S008,P0004,WH03,2025-02-06,2025-02-10,2025-02-10,385,360,1663.82,640569.8
PO0004661,S006,P0018,WH02,2025-02-06,2025-02-12,2025-02-14,61,60,1134.61,69211.3
PO0004662,S006,P0018,WH05,2025-02-06,2025-02-13,2025-02-13,56,55,1087.57,60904.06
PO0004663,S008,P0019,WH02,2025-02-06,2025-02-10,2025-02-10,171,160,1928.53,329779.29
PO0004664,S006,P0020,WH03,2025-02-06,2025-02-14,2025-02-14,178,176,2273.04,404600.28
PO0004665,S010,P0021,WH02,2025-02-06,2025-02-13,2025-02-13,234,230,740.54,173285.78
PO0004666,S006,P0028,WH01,2025-02-06,2025-02-11,2025-02-13,189,186,3371.93,637295.06
PO0004667,S009,P0030,WH02,2025-02-06,2025-02-15,2025-02-18,273,258,2687.74,733752.18
PO0004668,S004,P0033,WH04,2025-02-06,2025-02-15,2025-02-20,88,86,2150.09,189208.06
PO0004669,S008,P0036,WH02,2025-02-06,2025-02-11,2025-02-11,295,278,1989.53,586911.24
PO0004670,S004,P0007,WH01,2025-02-07,2025-02-15,2025-02-18,160,152,2303.43,368548.32
PO0004671,S010,P0009,WH04,2025-02-07,2025-02-13,2025-02-13,59,58,2380.65,140458.29
PO0004672,S007,P0010,WH04,2025-02-07,2025-02-12,2025-02-12,82,75,2629.84,215646.54
PO0004673,S004,P0015,WH01,2025-02-07,2025-02-12,2025-02-12,69,66,246.68,17020.77
PO0004674,S011,P0017,WH03,2025-02-07,2025-02-12,2025-02-15,308,295,900.34,277305.26
PO0004675,S006,P0018,WH05,2025-02-07,2025-02-11,2025-02-11,66,66,1067.93,70483.27
PO0004676,S006,P0020,WH02,2025-02-07,2025-02-13,2025-02-16,243,240,2476.07,601684.52
PO0004677,S006,P0020,WH03,2025-02-07,2025-02-14,2025-02-17,286,282,2236.56,639656.38
PO0004678,S006,P0025,WH05,2025-02-07,2025-02-13,2025-02-16,164,164,1365.22,223895.59
PO0004679,S004,P0029,WH03,2025-02-07,2025-02-16,2025-02-16,278,263,3321.71,923435.33
PO0004680,S004,P0031,WH03,2025-02-07,2025-02-13,2025-02-13,61,59,468.71,28591.09
PO0004681,S004,P0033,WH04,2025-02-07,2025-02-14,2025-02-14,135,129,2009.78,271320.08
PO0004682,S006,P0003,WH01,2025-02-08,2025-02-14,2025-02-14,116,114,917.01,106372.89
PO0004683,S008,P0004,WH02,2025-02-08,2025-02-13,2025-02-13,329,308,1640.35,539676.2
PO0004684,S004,P0007,WH01,2025-02-08,2025-02-15,2025-02-18,157,145,2532.45,397594.42
PO0004685,S010,P0008,WH03,2025-02-08,2025-02-16,2025-02-17,118,117,818.87,96627.19
PO0004686,S010,P0009,WH04,2025-02-08,2025-02-15,2025-02-15,71,70,2415.72,171516.08
PO0004687,S006,P0020,WH03,2025-02-08,2025-02-16,2025-02-19,164,160,2513.43,412201.72
PO0004688,S010,P0021,WH01,2025-02-08,2025-02-16,2025-02-16,184,184,721.48,132752.02
PO0004689,S010,P0021,WH02,2025-02-08,2025-02-19,2025-02-19,178,175,707.12,125866.92
PO0004690,S002,P0027,WH01,2025-02-08,2025-02-13,2025-02-18,125,123,520.54,65067.07
PO0004691,S004,P0029,WH02,2025-02-08,2025-02-15,2025-02-18,409,383,3229.81,1320990.46
PO0004692,S004,P0031,WH03,2025-02-08,2025-02-15,2025-02-15,50,47,455.69,22784.39
PO0004693,S006,P0003,WH01,2025-02-09,2025-02-15,2025-02-15,132,129,882.61,116504.73
PO0004694,S006,P0003,WH03,2025-02-09,2025-02-15,2025-02-15,207,203,948.52,196343.12
PO0004695,S009,P0005,WH02,2025-02-09,2025-02-16,2025-02-16,86,79,1178.06,101312.87
PO0004696,S011,P0006,WH05,2025-02-09,2025-02-13,2025-02-13,50,46,2756.54,137826.79
PO0004697,S007,P0010,WH04,2025-02-09,2025-02-15,2025-02-16,77,74,2732.91,210433.87
PO0004698,S004,P0015,WH01,2025-02-09,2025-02-16,2025-02-19,64,61,253.51,16224.33
PO0004699,S004,P0015,WH04,2025-02-09,2025-02-15,2025-02-20,90,88,240.62,21655.76
PO0004700,S006,P0020,WH05,2025-02-09,2025-02-15,2025-02-18,162,158,2235.58,362163.4
PO0004701,S004,P0029,WH02,2025-02-09,2025-02-18,2025-02-18,344,322,3517.59,1210051.36
PO0004702,S009,P0030,WH02,2025-02-09,2025-02-18,2025-02-20,157,146,2485.55,390232.0
PO0004703,S004,P0031,WH01,2025-02-09,2025-02-17,2025-02-20,50,48,447.02,22351.0
PO0004704,S004,P0031,WH03,2025-02-09,2025-02-14,2025-02-15,52,50,483.09,25120.65
PO0004705,S008,P0036,WH04,2025-02-09,2025-02-14,2025-02-14,220,206,2070.25,455455.16
PO0004706,S006,P0003,WH03,2025-02-10,2025-02-15,2025-02-15,202,201,957.36,193386.16
PO0004707,S009,P0005,WH02,2025-02-10,2025-02-20,2025-02-20,73,66,1182.93,86353.69
PO0004708,S007,P0010,WH01,2025-02-10,2025-02-14,2025-02-14,53,47,2857.58,151451.57
PO0004709,S007,P0011,WH01,2025-02-10,2025-02-15,2025-02-18,95,91,637.23,60536.61
PO0004710,S004,P0015,WH01,2025-02-10,2025-02-17,2025-02-17,96,90,251.54,24147.74
PO0004711,S004,P0015,WH04,2025-02-10,2025-02-15,2025-02-17,78,77,267.86,20892.83
PO0004712,S006,P0018,WH05,2025-02-10,2025-02-15,2025-02-15,50,49,1082.33,54116.45
PO0004713,S010,P0021,WH02,2025-02-10,2025-02-17,2025-02-17,270,267,702.01,189543.44
PO0004714,S002,P0027,WH01,2025-02-10,2025-02-15,2025-02-15,150,142,541.62,81243.6
PO0004715,S004,P0029,WH03,2025-02-10,2025-02-16,2025-02-16,391,372,3492.34,1365504.01
PO0004716,S004,P0033,WH04,2025-02-10,2025-02-14,2025-02-14,114,106,2122.73,241991.13
PO0004717,S006,P0003,WH03,2025-02-11,2025-02-18,2025-02-19,187,184,877.14,164025.6
PO0004718,S006,P0003,WH04,2025-02-11,2025-02-17,2025-02-20,170,167,926.26,157464.11
PO0004719,S008,P0004,WH04,2025-02-11,2025-02-15,2025-02-16,178,162,1576.55,280626.41
PO0004720,S009,P0005,WH02,2025-02-11,2025-02-21,2025-02-26,98,92,1182.45,115880.34
PO0004721,S011,P0006,WH04,2025-02-11,2025-02-14,2025-02-16,50,48,2934.52,146726.17
PO0004722,S010,P0008,WH04,2025-02-11,2025-02-21,2025-02-21,129,129,788.3,101690.84
PO0004723,S011,P0017,WH03,2025-02-11,2025-02-15,2025-02-15,288,280,890.01,256322.11
PO0004724,S010,P0021,WH02,2025-02-11,2025-02-18,2025-02-18,169,166,748.7,126529.72
PO0004725,S009,P0030,WH03,2025-02-11,2025-02-20,2025-02-20,164,156,2528.32,414643.73
PO0004726,S004,P0031,WH01,2025-02-11,2025-02-18,2025-02-19,50,48,456.7,22835.09
PO0004727,S008,P0036,WH04,2025-02-11,2025-02-15,2025-02-16,257,239,2125.8,546330.84
PO0004728,S002,P0039,WH03,2025-02-11,2025-02-15,2025-02-18,97,96,467.62,45359.44
PO0004729,S009,P0001,WH02,2025-02-12,2025-02-21,2025-02-22,186,177,1394.9,259450.89
PO0004730,S006,P0003,WH03,2025-02-12,2025-02-19,2025-02-19,203,201,883.7,179391.23
PO0004731,S006,P0003,WH04,2025-02-12,2025-02-20,2025-02-20,154,152,915.63,141007.7
PO0004732,S008,P0004,WH04,2025-02-12,2025-02-16,2025-02-18,194,179,1662.82,322587.67
PO0004733,S004,P0007,WH03,2025-02-12,2025-02-20,2025-02-20,258,243,2502.11,645544.37
PO0004734,S008,P0019,WH05,2025-02-12,2025-02-18,2025-02-21,241,222,2056.15,495533.1
PO0004735,S010,P0021,WH01,2025-02-12,2025-02-21,2025-02-21,128,126,744.47,95292.58
PO0004736,S002,P0039,WH03,2025-02-12,2025-02-17,2025-02-17,108,101,494.49,53404.98
PO0004737,S009,P0001,WH02,2025-02-13,2025-02-21,2025-02-21,176,166,1351.88,237930.35
PO0004738,S006,P0003,WH03,2025-02-13,2025-02-18,2025-02-19,197,195,892.89,175899.24
PO0004739,S009,P0005,WH02,2025-02-13,2025-02-22,2025-02-22,90,88,1129.78,101679.96
PO0004740,S004,P0007,WH03,2025-02-13,2025-02-20,2025-02-23,224,207,2368.93,530640.52
PO0004741,S010,P0021,WH01,2025-02-13,2025-02-23,2025-02-23,205,203,712.93,146150.43
PO0004742,S004,P0031,WH02,2025-02-13,2025-02-19,2025-02-19,53,52,486.76,25798.16
PO0004743,S004,P0033,WH02,2025-02-13,2025-02-20,2025-02-20,172,160,2021.86,347759.63
PO0004744,S006,P0034,WH03,2025-02-13,2025-02-20,2025-02-20,50,50,3134.28,156714.16
PO0004745,S008,P0036,WH01,2025-02-13,2025-02-16,2025-02-18,217,198,2220.33,481811.78
PO0004746,S008,P0036,WH04,2025-02-13,2025-02-18,2025-02-18,233,223,2196.98,511896.4
PO0004747,S002,P0037,WH05,2025-02-13,2025-02-21,2025-02-21,108,105,1598.84,172674.97
PO0004748,S009,P0001,WH05,2025-02-14,2025-02-24,2025-02-24,155,148,1420.63,220197.42
PO0004749,S006,P0003,WH03,2025-02-14,2025-02-22,2025-02-22,261,260,939.45,245195.64
PO0004750,S006,P0003,WH05,2025-02-14,2025-02-23,2025-02-23,190,188,887.62,168647.23
PO0004751,S009,P0005,WH02,2025-02-14,2025-02-24,2025-03-01,76,72,1256.67,95507.09
PO0004752,S007,P0010,WH03,2025-02-14,2025-02-17,2025-02-17,85,82,2766.71,235170.01
PO0004753,S011,P0017,WH03,2025-02-14,2025-02-17,2025-02-19,287,270,925.35,265574.56
PO0004754,S006,P0028,WH05,2025-02-14,2025-02-21,2025-02-21,241,235,3272.62,788702.08
PO0004755,S004,P0031,WH02,2025-02-14,2025-02-20,2025-02-20,50,49,496.41,24820.58
PO0004756,S006,P0034,WH03,2025-02-14,2025-02-21,2025-02-21,50,50,2857.8,142890.18
PO0004757,S008,P0038,WH02,2025-02-14,2025-02-17,2025-02-20,180,173,1710.49,307887.36
PO0004758,S002,P0039,WH03,2025-02-14,2025-02-21,2025-02-21,101,94,515.2,52034.87
PO0004759,S009,P0002,WH01,2025-02-15,2025-02-24,2025-02-24,186,177,797.47,148329.25
PO0004760,S009,P0002,WH03,2025-02-15,2025-02-20,2025-02-20,224,215,790.75,177127.61
PO0004761,S006,P0003,WH04,2025-02-15,2025-02-22,2025-02-23,118,118,909.64,107337.09
PO0004762,S006,P0003,WH05,2025-02-15,2025-02-22,2025-02-22,168,168,864.76,145279.05
PO0004763,S010,P0008,WH02,2025-02-15,2025-02-22,2025-02-22,152,150,851.98,129501.27
PO0004764,S007,P0011,WH05,2025-02-15,2025-02-19,2025-02-19,138,132,599.26,82697.87
PO0004765,S010,P0014,WH04,2025-02-15,2025-02-23,2025-02-26,163,162,1917.25,312512.56
PO0004766,S006,P0018,WH01,2025-02-15,2025-02-19,2025-02-24,69,68,1156.57,79803.57
PO0004767,S009,P0030,WH03,2025-02-15,2025-02-23,2025-02-28,307,288,2626.47,806327.8
PO0004768,S009,P0032,WH04,2025-02-15,2025-02-23,2025-02-24,195,185,1724.77,336329.66
PO0004769,S008,P0036,WH01,2025-02-15,2025-02-18,2025-02-23,168,162,2045.84,343700.59
PO0004770,S008,P0036,WH03,2025-02-15,2025-02-21,2025-02-22,287,271,2190.44,628656.61
PO0004771,S002,P0037,WH02,2025-02-15,2025-02-22,2025-02-22,81,75,1555.73,126013.76
PO0004772,S008,P0038,WH02,2025-02-15,2025-02-17,2025-02-18,121,107,1854.04,224338.72
PO0004773,S002,P0039,WH03,2025-02-15,2025-02-22,2025-02-22,67,62,474.24,31774.19
PO0004774,S008,P0004,WH05,2025-02-16,2025-02-20,2025-02-20,185,171,1711.22,316575.64
PO0004775,S004,P0007,WH03,2025-02-16,2025-02-24,2025-02-25,198,187,2457.88,486659.27
PO0004776,S011,P0012,WH03,2025-02-16,2025-02-18,2025-02-18,50,50,2389.9,119495.2
PO0004777,S007,P0013,WH01,2025-02-16,2025-02-21,2025-02-21,50,49,2737.74,136886.81
PO0004778,S006,P0018,WH01,2025-02-16,2025-02-21,2025-02-21,63,62,1119.79,70546.98
PO0004779,S008,P0019,WH05,2025-02-16,2025-02-20,2025-02-20,144,136,2046.51,294696.98
PO0004780,S006,P0020,WH04,2025-02-16,2025-02-23,2025-02-25,156,153,2448.5,381966.64
PO0004781,S006,P0028,WH05,2025-02-16,2025-02-23,2025-02-23,210,206,3257.94,684168.43
PO0004782,S008,P0036,WH01,2025-02-16,2025-02-18,2025-02-18,253,240,1995.01,504737.02
PO0004783,S002,P0037,WH02,2025-02-16,2025-02-21,2025-02-21,97,90,1626.57,157776.92
PO0004784,S002,P0039,WH03,2025-02-16,2025-02-22,2025-02-23,66,61,490.94,32402.2
PO0004785,S012,P0040,WH05,2025-02-16,2025-02-26,2025-02-27,56,56,753.72,42208.46
PO0004786,S010,P0009,WH05,2025-02-17,2025-02-25,2025-02-27,50,49,2394.26,119713.17
PO0004787,S011,P0012,WH03,2025-02-17,2025-02-20,2025-02-21,77,74,2347.92,180790.09
PO0004788,S011,P0012,WH04,2025-02-17,2025-02-21,2025-02-22,52,47,2358.64,122649.22
PO0004789,S002,P0037,WH05,2025-02-17,2025-02-22,2025-02-22,106,100,1487.65,157691.35
PO0004790,S008,P0038,WH02,2025-02-17,2025-02-19,2025-02-19,212,201,1885.88,399806.74
PO0004791,S012,P0040,WH05,2025-02-17,2025-02-27,2025-02-28,58,56,703.52,40804.29
PO0004792,S009,P0002,WH03,2025-02-18,2025-02-26,2025-02-26,241,231,775.46,186886.18
PO0004793,S008,P0004,WH05,2025-02-18,2025-02-21,2025-02-23,189,170,1580.35,298686.36
PO0004794,S004,P0007,WH03,2025-02-18,2025-02-26,2025-02-28,222,211,2521.34,559736.66
PO0004795,S010,P0008,WH02,2025-02-18,2025-02-28,2025-02-28,175,173,850.48,148834.28
PO0004796,S011,P0012,WH01,2025-02-18,2025-02-23,2025-02-24,50,46,2280.75,114037.28
PO0004797,S011,P0012,WH04,2025-02-18,2025-02-22,2025-02-22,52,49,2471.94,128540.65
PO0004798,S011,P0017,WH02,2025-02-18,2025-02-22,2025-02-22,288,270,889.81,256264.81
PO0004799,S006,P0018,WH03,2025-02-18,2025-02-27,2025-02-27,84,82,1139.17,95690.49
PO0004800,S002,P0037,WH05,2025-02-18,2025-02-24,2025-02-24,100,98,1633.45,163344.53
PO0004801,S010,P0009,WH05,2025-02-19,2025-02-26,2025-02-26,60,60,2419.52,145171.12
PO0004802,S011,P0012,WH01,2025-02-19,2025-02-25,2025-02-25,53,50,2476.88,131274.45
PO0004803,S012,P0016,WH02,2025-02-19,2025-03-03,2025-03-04,366,354,877.36,321113.44
PO0004804,S012,P0016,WH03,2025-02-19,2025-02-27,2025-02-27,269,262,896.66,241201.9
PO0004805,S006,P0023,WH04,2025-02-19,2025-02-25,2025-02-27,50,49,689.9,34495.1
PO0004806,S012,P0026,WH05,2025-02-19,2025-03-01,2025-03-03,293,290,2206.99,646648.76
PO0004807,S002,P0027,WH04,2025-02-19,2025-02-25,2025-02-26,212,198,545.55,115656.73
PO0004808,S009,P0030,WH03,2025-02-19,2025-02-27,2025-02-27,303,292,2549.4,772469.02
PO0004809,S004,P0033,WH05,2025-02-19,2025-02-24,2025-02-27,82,77,2125.28,174273.27
PO0004810,S002,P0037,WH02,2025-02-19,2025-02-28,2025-02-28,117,111,1623.69,189971.98
PO0004811,S009,P0001,WH02,2025-02-20,2025-02-27,2025-02-27,186,172,1340.35,249305.15
PO0004812,S008,P0004,WH01,2025-02-20,2025-02-25,2025-02-25,153,145,1544.95,236377.32
PO0004813,S009,P0005,WH03,2025-02-20,2025-03-03,2025-03-03,73,64,1222.63,89252.2
PO0004814,S011,P0012,WH01,2025-02-20,2025-02-26,2025-03-01,50,49,2245.99,112299.57
PO0004815,S011,P0012,WH04,2025-02-20,2025-02-22,2025-02-22,50,49,2372.41,118620.49
PO0004816,S007,P0013,WH01,2025-02-20,2025-02-25,2025-02-25,53,50,2817.47,149326.08
PO0004817,S007,P0013,WH02,2025-02-20,2025-02-23,2025-02-23,68,64,2651.09,180274.43
PO0004818,S006,P0018,WH04,2025-02-20,2025-02-27,2025-02-27,50,49,1100.63,55031.61
PO0004819,S006,P0020,WH04,2025-02-20,2025-02-26,2025-02-27,159,154,2422.93,385246.66
PO0004820,S002,P0027,WH04,2025-02-20,2025-02-27,2025-02-27,169,164,571.16,96526.73
PO0004821,S004,P0033,WH05,2025-02-20,2025-02-26,2025-02-28,106,103,2136.11,226428.06
PO0004822,S008,P0038,WH05,2025-02-20,2025-02-25,2025-02-25,108,97,1775.74,191779.44
PO0004823,S009,P0001,WH01,2025-02-21,2025-03-02,2025-03-03,173,166,1464.78,253406.45
PO0004824,S009,P0001,WH05,2025-02-21,2025-03-01,2025-03-01,174,164,1445.03,251434.9
PO0004825,S009,P0002,WH01,2025-02-21,2025-03-03,2025-03-03,151,143,767.83,115942.56
PO0004826,S010,P0009,WH05,2025-02-21,2025-03-01,2025-03-02,69,68,2453.83,169314.47
PO0004827,S011,P0012,WH04,2025-02-21,2025-02-24,2025-02-24,50,43,2375.01,118750.56
PO0004828,S010,P0021,WH04,2025-02-21,2025-02-28,2025-03-01,185,183,741.61,137198.04
PO0004829,S006,P0023,WH02,2025-02-21,2025-02-26,2025-02-26,105,104,726.19,76249.92
PO0004830,S006,P0025,WH03,2025-02-21,2025-02-27,2025-02-27,158,157,1433.36,226471.36
PO0004831,S004,P0029,WH04,2025-02-21,2025-02-27,2025-03-04,172,167,3386.56,582488.54
PO0004832,S009,P0030,WH04,2025-02-21,2025-03-02,2025-03-05,201,191,2638.19,530275.97
PO0004833,S009,P0032,WH04,2025-02-21,2025-03-01,2025-03-01,228,215,1730.5,394553.66
PO0004834,S008,P0036,WH03,2025-02-21,2025-02-27,2025-02-27,234,222,2094.64,490146.68
PO0004835,S008,P0038,WH03,2025-02-21,2025-02-26,2025-02-26,243,229,1820.46,442370.99
PO0004836,S007,P0010,WH05,2025-02-22,2025-02-25,2025-02-27,58,55,2723.14,157942.25
PO0004837,S010,P0014,WH04,2025-02-22,2025-03-04,2025-03-04,289,283,1901.9,549647.7
PO0004838,S006,P0018,WH03,2025-02-22,2025-03-01,2025-03-04,105,103,1145.4,120267.16
PO0004839,S006,P0023,WH02,2025-02-22,2025-02-28,2025-02-28,109,108,664.86,72469.35
PO0004840,S012,P0026,WH02,2025-02-22,2025-03-05,2025-03-05,409,396,2164.86,885429.13
PO0004841,S009,P0032,WH04,2025-02-22,2025-03-02,2025-03-05,248,235,1594.17,395353.99
PO0004842,S012,P0040,WH05,2025-02-22,2025-03-06,2025-03-07,50,46,706.11,35305.74
PO0004843,S010,P0009,WH01,2025-02-23,2025-03-05,2025-03-05,51,50,2503.39,127672.84
PO0004844,S007,P0010,WH01,2025-02-23,2025-02-28,2025-03-02,50,48,2866.9,143345.0
PO0004845,S007,P0010,WH05,2025-02-23,2025-03-01,2025-03-01,82,81,2848.87,233607.46
PO0004846,S010,P0014,WH04,2025-02-23,2025-03-03,2025-03-03,187,183,1978.18,369920.42
PO0004847,S006,P0018,WH03,2025-02-23,2025-03-01,2025-03-02,94,94,1152.25,108311.42
PO0004848,S006,P0020,WH04,2025-02-23,2025-03-02,2025-03-07,141,141,2442.6,344406.89
PO0004849,S012,P0026,WH05,2025-02-23,2025-03-04,2025-03-06,227,217,2284.6,518604.83
PO0004850,S002,P0027,WH04,2025-02-23,2025-03-03,2025-03-03,177,164,560.58,99222.72
PO0004851,S004,P0033,WH05,2025-02-23,2025-03-04,2025-03-07,108,102,1977.23,213541.08
PO0004852,S009,P0035,WH03,2025-02-23,2025-03-03,2025-03-04,151,135,1552.64,234448.97
PO0004853,S009,P0035,WH05,2025-02-23,2025-03-02,2025-03-02,103,95,1573.54,162074.95
PO0004854,S002,P0039,WH01,2025-02-23,2025-03-03,2025-03-05,84,75,500.39,42032.51
PO0004855,S009,P0001,WH01,2025-02-24,2025-03-07,2025-03-10,128,118,1336.07,171017.21
PO0004856,S011,P0006,WH05,2025-02-24,2025-02-26,2025-03-03,50,48,2982.54,149127.07
PO0004857,S006,P0018,WH02,2025-02-24,2025-03-03,2025-03-03,72,68,1043.83,75155.86
PO0004858,S006,P0023,WH04,2025-02-24,2025-03-03,2025-03-03,87,85,688.19,59872.52
PO0004859,S006,P0025,WH03,2025-02-24,2025-03-01,2025-03-01,240,236,1368.39,328413.86
PO0004860,S006,P0028,WH02,2025-02-24,2025-03-04,2025-03-06,222,218,3153.97,700182.22
PO0004861,S009,P0030,WH03,2025-02-24,2025-03-02,2025-03-03,195,185,2563.19,499822.74
PO0004862,S009,P0035,WH03,2025-02-24,2025-03-05,2025-03-07,213,202,1679.11,357649.8
PO0004863,S008,P0038,WH01,2025-02-24,2025-02-26,2025-02-26,144,136,1718.94,247527.84
PO0004864,S008,P0038,WH03,2025-02-24,2025-02-28,2025-03-01,213,200,1887.37,402010.03
PO0004865,S008,P0038,WH05,2025-02-24,2025-02-27,2025-02-27,155,145,1710.93,265194.56
PO0004866,S009,P0001,WH01,2025-02-25,2025-03-04,2025-03-09,182,173,1318.13,239899.15
PO0004867,S009,P0005,WH03,2025-02-25,2025-03-05,2025-03-05,67,61,1182.71,79241.7
PO0004868,S010,P0009,WH02,2025-02-25,2025-03-06,2025-03-06,69,68,2257.96,155799.1
PO0004869,S012,P0016,WH03,2025-02-25,2025-03-08,2025-03-08,374,360,848.72,317422.98
PO0004870,S006,P0018,WH04,2025-02-25,2025-03-05,2025-03-07,73,72,1101.15,80383.91
PO0004871,S010,P0021,WH04,2025-02-25,2025-03-03,2025-03-03,184,183,739.78,136120.3
PO0004872,S006,P0023,WH02,2025-02-25,2025-03-03,2025-03-06,94,92,711.82,66911.14
PO0004873,S012,P0026,WH05,2025-02-25,2025-03-08,2025-03-11,326,310,2292.46,747341.71
PO0004874,S002,P0027,WH04,2025-02-25,2025-03-03,2025-03-03,213,200,548.88,116911.16
PO0004875,S002,P0027,WH05,2025-02-25,2025-03-05,2025-03-05,225,213,571.41,128566.37
PO0004876,S004,P0029,WH04,2025-02-25,2025-03-03,2025-03-03,177,165,3309.67,585811.57
PO0004877,S009,P0030,WH03,2025-02-25,2025-03-03,2025-03-05,315,283,2698.12,849906.51
PO0004878,S006,P0034,WH01,2025-02-25,2025-03-04,2025-03-04,50,50,3024.8,151240.03
PO0004879,S002,P0037,WH01,2025-02-25,2025-03-01,2025-03-02,55,53,1459.07,80248.64
PO0004880,S008,P0038,WH01,2025-02-25,2025-03-01,2025-03-02,134,123,1843.54,247034.94
PO0004881,S009,P0001,WH01,2025-02-26,2025-03-06,2025-03-09,152,144,1336.05,203079.4
PO0004882,S010,P0009,WH02,2025-02-26,2025-03-04,2025-03-05,62,60,2511.35,155703.61
PO0004883,S011,P0012,WH02,2025-02-26,2025-03-03,2025-03-04,54,54,2297.38,124058.52
PO0004884,S007,P0013,WH03,2025-02-26,2025-03-01,2025-03-01,50,48,2691.19,134559.64
PO0004885,S012,P0016,WH02,2025-02-26,2025-03-07,2025-03-07,369,354,865.07,319211.09
PO0004886,S012,P0016,WH03,2025-02-26,2025-03-09,2025-03-09,227,220,853.77,193806.37
PO0004887,S006,P0025,WH03,2025-02-26,2025-03-03,2025-03-06,248,246,1430.88,354859.07
PO0004888,S012,P0026,WH02,2025-02-26,2025-03-09,2025-03-09,225,217,2142.62,482089.57
PO0004889,S012,P0040,WH05,2025-02-26,2025-03-08,2025-03-08,50,48,747.13,37356.35
PO0004890,S004,P0007,WH04,2025-02-27,2025-03-05,2025-03-06,179,172,2296.12,411004.76
PO0004891,S010,P0009,WH01,2025-02-27,2025-03-06,2025-03-07,62,62,2248.61,139413.76
PO0004892,S012,P0016,WH02,2025-02-27,2025-03-09,2025-03-09,298,291,852.83,254143.32
PO0004893,S008,P0019,WH04,2025-02-27,2025-03-05,2025-03-05,199,178,2055.17,408979.05
PO0004894,S012,P0026,WH02,2025-02-27,2025-03-08,2025-03-08,392,379,2213.56,867717.03
PO0004895,S012,P0026,WH05,2025-02-27,2025-03-11,2025-03-11,309,296,2238.49,691693.42
PO0004896,S009,P0030,WH04,2025-02-27,2025-03-07,2025-03-08,136,127,2508.75,341190.59
PO0004897,S011,P0006,WH05,2025-02-28,2025-03-04,2025-03-04,50,49,2870.33,143516.69
PO0004898,S004,P0007,WH04,2025-02-28,2025-03-05,2025-03-05,105,104,2373.32,249198.15
PO0004899,S010,P0009,WH01,2025-02-28,2025-03-07,2025-03-07,63,63,2416.35,152230.09
PO0004900,S010,P0009,WH02,2025-02-28,2025-03-09,2025-03-10,85,85,2256.51,191803.26
PO0004901,S007,P0010,WH01,2025-02-28,2025-03-02,2025-03-02,73,71,2601.77,189928.91
PO0004902,S007,P0010,WH03,2025-02-28,2025-03-06,2025-03-07,82,77,2841.83,233029.67
PO0004903,S011,P0012,WH02,2025-02-28,2025-03-04,2025-03-04,74,72,2248.63,166398.33
PO0004904,S011,P0012,WH05,2025-02-28,2025-03-05,2025-03-05,50,48,2506.72,125336.24
PO0004905,S007,P0013,WH03,2025-02-28,2025-03-04,2025-03-05,74,71,2824.54,209015.68
PO0004906,S010,P0021,WH04,2025-02-28,2025-03-08,2025-03-08,194,192,740.33,143624.07
PO0004907,S002,P0027,WH05,2025-02-28,2025-03-06,2025-03-08,194,180,527.2,102277.65
PO0004908,S009,P0032,WH01,2025-02-28,2025-03-10,2025-03-11,259,243,1718.48,445085.45
PO0004909,S009,P0035,WH05,2025-02-28,2025-03-10,2025-03-10,147,136,1548.87,227684.06
PO0004910,S009,P0005,WH05,2025-03-01,2025-03-10,2025-03-10,67,65,1223.58,81979.9
PO0004911,S004,P0007,WH04,2025-03-01,2025-03-06,2025-03-06,161,153,2378.45,382929.72
PO0004912,S010,P0008,WH05,2025-03-01,2025-03-10,2025-03-12,103,103,861.65,88749.95
PO0004913,S007,P0010,WH03,2025-03-01,2025-03-06,2025-03-07,81,78,2817.51,228217.99
PO0004914,S011,P0012,WH02,2025-03-01,2025-03-06,2025-03-08,79,75,2518.81,198986.35
PO0004915,S012,P0016,WH02,2025-03-01,2025-03-13,2025-03-15,329,317,916.11,301398.56
PO0004916,S006,P0020,WH01,2025-03-01,2025-03-08,2025-03-08,183,179,2282.01,417607.37
PO0004917,S002,P0027,WH02,2025-03-01,2025-03-08,2025-03-09,159,152,540.2,85891.1
PO0004918,S006,P0034,WH01,2025-03-01,2025-03-09,2025-03-09,50,50,3100.46,155023.17
PO0004919,S009,P0035,WH02,2025-03-01,2025-03-08,2025-03-11,182,176,1624.0,295568.51
PO0004920,S009,P0035,WH03,2025-03-01,2025-03-09,2025-03-09,228,213,1633.56,372452.28
PO0004921,S009,P0001,WH01,2025-03-02,2025-03-12,2025-03-12,169,159,1384.02,233899.1
PO0004922,S009,P0002,WH05,2025-03-02,2025-03-11,2025-03-11,141,130,812.39,114546.54
PO0004923,S008,P0004,WH01,2025-03-02,2025-03-06,2025-03-08,260,244,1600.6,416156.7
PO0004924,S009,P0005,WH05,2025-03-02,2025-03-11,2025-03-12,97,94,1144.94,111058.97
PO0004925,S011,P0006,WH03,2025-03-02,2025-03-05,2025-03-05,52,51,2743.86,142680.93
PO0004926,S010,P0008,WH05,2025-03-02,2025-03-06,2025-03-06,87,87,829.18,72138.62
PO0004927,S007,P0011,WH04,2025-03-02,2025-03-07,2025-03-09,70,67,611.46,42802.44
PO0004928,S008,P0019,WH04,2025-03-02,2025-03-08,2025-03-11,180,166,1993.96,358912.0
PO0004929,S012,P0026,WH03,2025-03-02,2025-03-13,2025-03-13,307,299,2336.75,717382.49
PO0004930,S002,P0027,WH05,2025-03-02,2025-03-09,2025-03-09,235,223,528.66,124235.66
PO0004931,S004,P0029,WH05,2025-03-02,2025-03-07,2025-03-07,236,224,3235.49,763575.91
PO0004932,S009,P0030,WH04,2025-03-02,2025-03-10,2025-03-15,126,119,2448.22,308476.19
PO0004933,S009,P0032,WH01,2025-03-02,2025-03-10,2025-03-13,179,159,1719.33,307759.97
PO0004934,S006,P0034,WH01,2025-03-02,2025-03-10,2025-03-10,50,47,2879.14,143956.99
PO0004935,S002,P0039,WH01,2025-03-02,2025-03-07,2025-03-09,58,56,480.29,27857.1
PO0004936,S002,P0039,WH05,2025-03-02,2025-03-10,2025-03-10,50,48,522.56,26127.87
PO0004937,S007,P0011,WH02,2025-03-03,2025-03-06,2025-03-06,142,135,637.26,90490.32
PO0004938,S004,P0015,WH03,2025-03-03,2025-03-09,2025-03-12,163,153,247.62,40361.96
PO0004939,S006,P0024,WH02,2025-03-03,2025-03-11,2025-03-11,50,50,629.28,31463.87
PO0004940,S009,P0032,WH01,2025-03-03,2025-03-12,2025-03-13,182,176,1761.32,320560.56
PO0004941,S002,P0039,WH05,2025-03-03,2025-03-11,2025-03-11,75,69,524.17,39312.42
PO0004942,S009,P0001,WH03,2025-03-04,2025-03-14,2025-03-14,221,209,1420.84,314006.68
PO0004943,S004,P0007,WH04,2025-03-04,2025-03-10,2025-03-10,200,194,2500.74,500147.94
PO0004944,S007,P0010,WH02,2025-03-04,2025-03-08,2025-03-10,70,66,2879.19,201543.03
PO0004945,S007,P0011,WH04,2025-03-04,2025-03-09,2025-03-09,76,74,620.16,47132.28
PO0004946,S007,P0013,WH02,2025-03-04,2025-03-08,2025-03-13,71,69,2711.85,192541.32
PO0004947,S004,P0015,WH03,2025-03-04,2025-03-10,2025-03-10,112,109,263.84,29550.12
PO0004948,S002,P0039,WH01,2025-03-04,2025-03-09,2025-03-14,84,80,492.79,41394.51
PO0004949,S002,P0039,WH05,2025-03-04,2025-03-11,2025-03-12,70,65,506.72,35470.4
PO0004950,S008,P0004,WH01,2025-03-05,2025-03-07,2025-03-07,165,156,1619.75,267258.18
PO0004951,S011,P0006,WH01,2025-03-05,2025-03-07,2025-03-07,50,48,2885.4,144270.17
PO0004952,S007,P0011,WH01,2025-03-05,2025-03-11,2025-03-13,68,65,622.15,42306.37
PO0004953,S007,P0011,WH02,2025-03-05,2025-03-10,2025-03-10,131,126,608.54,79719.38
PO0004954,S007,P0013,WH04,2025-03-05,2025-03-09,2025-03-11,56,56,2730.73,152920.76
PO0004955,S010,P0021,WH05,2025-03-05,2025-03-14,2025-03-14,231,230,716.98,165621.47
PO0004956,S006,P0024,WH02,2025-03-05,2025-03-13,2025-03-15,50,50,687.91,34395.41
PO0004957,S006,P0028,WH01,2025-03-05,2025-03-13,2025-03-14,166,164,3006.85,499136.61
PO0004958,S009,P0035,WH02,2025-03-05,2025-03-14,2025-03-15,208,199,1653.16,343857.74
PO0004959,S009,P0001,WH03,2025-03-06,2025-03-13,2025-03-14,290,272,1363.75,395487.76
PO0004960,S009,P0002,WH05,2025-03-06,2025-03-13,2025-03-13,137,129,801.74,109838.95
PO0004961,S011,P0006,WH01,2025-03-06,2025-03-08,2025-03-08,50,48,2988.41,149420.27
PO0004962,S007,P0013,WH05,2025-03-06,2025-03-11,2025-03-13,60,55,2861.9,171713.96
PO0004963,S010,P0014,WH03,2025-03-06,2025-03-14,2025-03-15,284,281,2085.02,592146.94
PO0004964,S010,P0021,WH05,2025-03-06,2025-03-15,2025-03-15,185,183,705.93,130597.1
PO0004965,S012,P0026,WH03,2025-03-06,2025-03-17,2025-03-17,381,374,2207.89,841205.05
PO0004966,S004,P0031,WH04,2025-03-06,2025-03-13,2025-03-13,50,48,494.85,24742.45
PO0004967,S004,P0033,WH02,2025-03-06,2025-03-14,2025-03-14,142,135,1976.32,280637.37
PO0004968,S004,P0033,WH03,2025-03-06,2025-03-14,2025-03-14,189,181,1972.04,372716.2
PO0004969,S009,P0005,WH05,2025-03-07,2025-03-15,2025-03-15,59,59,1217.15,71811.9
PO0004970,S007,P0011,WH01,2025-03-07,2025-03-12,2025-03-14,111,105,627.62,69665.61
PO0004971,S004,P0015,WH02,2025-03-07,2025-03-16,2025-03-16,152,142,265.85,40408.94
PO0004972,S011,P0017,WH02,2025-03-07,2025-03-10,2025-03-10,332,314,920.97,305763.45
PO0004973,S011,P0017,WH05,2025-03-07,2025-03-11,2025-03-12,260,247,907.46,235938.35
PO0004974,S008,P0019,WH02,2025-03-07,2025-03-11,2025-03-12,246,232,2063.37,507588.63
PO0004975,S008,P0019,WH03,2025-03-07,2025-03-13,2025-03-13,204,191,2000.63,408128.27
PO0004976,S006,P0020,WH01,2025-03-07,2025-03-12,2025-03-17,111,111,2354.56,261356.17
PO0004977,S006,P0023,WH05,2025-03-07,2025-03-13,2025-03-13,76,74,666.5,50654.26
PO0004978,S006,P0024,WH02,2025-03-07,2025-03-11,2025-03-11,77,75,621.76,47875.17
PO0004979,S002,P0027,WH01,2025-03-07,2025-03-14,2025-03-14,195,183,573.18,111770.11
PO0004980,S006,P0028,WH03,2025-03-07,2025-03-13,2025-03-13,281,277,3328.88,935415.96
PO0004981,S009,P0030,WH05,2025-03-07,2025-03-15,2025-03-16,239,220,2625.62,627522.7
PO0004982,S009,P0032,WH01,2025-03-07,2025-03-17,2025-03-17,262,246,1706.25,447037.73
PO0004983,S009,P0035,WH04,2025-03-07,2025-03-14,2025-03-16,137,129,1523.21,208679.51
PO0004984,S002,P0039,WH05,2025-03-07,2025-03-14,2025-03-14,61,57,516.19,31487.46
PO0004985,S009,P0001,WH03,2025-03-08,2025-03-17,2025-03-17,199,190,1444.17,287390.57
PO0004986,S008,P0004,WH02,2025-03-08,2025-03-10,2025-03-10,231,212,1582.73,365609.5
PO0004987,S007,P0010,WH02,2025-03-08,2025-03-11,2025-03-14,72,71,2787.34,200688.42
PO0004988,S007,P0011,WH04,2025-03-08,2025-03-12,2025-03-12,83,81,620.8,51526.59
PO0004989,S008,P0019,WH02,2025-03-08,2025-03-11,2025-03-11,253,236,1938.93,490550.21
PO0004990,S010,P0021,WH05,2025-03-08,2025-03-15,2025-03-17,163,160,734.01,119643.18
PO0004991,S006,P0024,WH02,2025-03-08,2025-03-15,2025-03-15,74,71,671.91,49721.31
PO0004992,S006,P0024,WH05,2025-03-08,2025-03-12,2025-03-12,50,50,653.39,32669.42
PO0004993,S009,P0032,WH01,2025-03-08,2025-03-17,2025-03-18,266,260,1704.85,453491.37
PO0004994,S004,P0033,WH03,2025-03-08,2025-03-14,2025-03-15,176,166,1988.31,349942.83
PO0004995,S009,P0035,WH05,2025-03-08,2025-03-18,2025-03-18,127,120,1601.38,203375.19
PO0004996,S008,P0004,WH04,2025-03-09,2025-03-15,2025-03-16,193,175,1537.05,296651.52
PO0004997,S008,P0004,WH05,2025-03-09,2025-03-13,2025-03-15,230,210,1584.22,364370.33
PO0004998,S009,P0005,WH04,2025-03-09,2025-03-17,2025-03-17,67,62,1135.06,76048.91
PO0004999,S010,P0009,WH04,2025-03-09,2025-03-17,2025-03-20,65,64,2483.68,161439.1
PO0005000,S007,P0011,WH01,2025-03-09,2025-03-15,2025-03-16,99,97,584.96,57910.8
PO0005001,S007,P0013,WH05,2025-03-09,2025-03-13,2025-03-13,53,50,2841.89,150620.13
PO0005002,S011,P0017,WH02,2025-03-09,2025-03-12,2025-03-17,343,318,945.63,324351.18
PO0005003,S011,P0017,WH05,2025-03-09,2025-03-13,2025-03-13,242,230,987.75,239036.07
PO0005004,S008,P0019,WH01,2025-03-09,2025-03-13,2025-03-15,137,121,2112.68,289436.6
PO0005005,S008,P0019,WH02,2025-03-09,2025-03-13,2025-03-16,225,213,1932.62,434840.08
PO0005006,S006,P0020,WH02,2025-03-09,2025-03-13,2025-03-13,181,177,2429.71,439777.68
PO0005007,S006,P0028,WH03,2025-03-09,2025-03-16,2025-03-16,323,315,3338.57,1078358.78
PO0005008,S004,P0029,WH01,2025-03-09,2025-03-16,2025-03-17,201,188,3358.26,675010.66
PO0005009,S004,P0033,WH02,2025-03-09,2025-03-15,2025-03-18,113,107,2146.38,242541.38
PO0005010,S004,P0033,WH03,2025-03-09,2025-03-14,2025-03-14,122,118,2002.63,244320.97
PO0005011,S008,P0036,WH02,2025-03-09,2025-03-12,2025-03-12,295,277,2079.1,613335.9
PO0005012,S009,P0002,WH05,2025-03-10,2025-03-19,2025-03-20,141,136,797.08,112388.03
PO0005013,S011,P0006,WH02,2025-03-10,2025-03-14,2025-03-14,50,49,2738.39,136919.43
PO0005014,S010,P0009,WH03,2025-03-10,2025-03-19,2025-03-20,87,84,2510.24,218390.76
PO0005015,S010,P0009,WH04,2025-03-10,2025-03-19,2025-03-21,50,49,2413.09,120654.73
PO0005016,S011,P0012,WH05,2025-03-10,2025-03-13,2025-03-15,50,49,2508.98,125448.91
PO0005017,S007,P0013,WH05,2025-03-10,2025-03-13,2025-03-13,50,49,2660.65,133032.58
PO0005018,S012,P0016,WH01,2025-03-10,2025-03-21,2025-03-24,255,247,819.52,208977.5
PO0005019,S008,P0019,WH01,2025-03-10,2025-03-14,2025-03-17,123,119,2055.73,252854.45
PO0005020,S006,P0024,WH02,2025-03-10,2025-03-18,2025-03-18,50,50,684.23,34211.49
PO0005021,S006,P0025,WH02,2025-03-10,2025-03-18,2025-03-23,261,256,1472.01,384195.78
PO0005022,S006,P0028,WH01,2025-03-10,2025-03-17,2025-03-18,172,169,3096.96,532677.17
PO0005023,S004,P0031,WH04,2025-03-10,2025-03-16,2025-03-16,50,44,479.05,23952.34
PO0005024,S004,P0033,WH03,2025-03-10,2025-03-15,2025-03-15,113,111,2065.73,233427.9
PO0005025,S009,P0035,WH04,2025-03-10,2025-03-19,2025-03-19,139,132,1563.12,217274.16
PO0005026,S002,P0039,WH04,2025-03-10,2025-03-15,2025-03-15,54,51,523.9,28290.78
PO0005027,S006,P0003,WH01,2025-03-11,2025-03-16,2025-03-19,193,189,900.92,173878.11
PO0005028,S008,P0004,WH05,2025-03-11,2025-03-13,2025-03-13,271,258,1682.4,455930.47
PO0005029,S011,P0012,WH05,2025-03-11,2025-03-16,2025-03-16,50,45,2420.05,121002.4
PO0005030,S007,P0013,WH02,2025-03-11,2025-03-16,2025-03-16,69,67,2869.46,197992.41
PO0005031,S007,P0013,WH05,2025-03-11,2025-03-16,2025-03-18,50,48,2849.2,142460.12
PO0005032,S010,P0014,WH03,2025-03-11,2025-03-20,2025-03-21,274,273,1895.33,519319.85
PO0005033,S011,P0017,WH01,2025-03-11,2025-03-14,2025-03-15,239,230,878.49,209957.99
PO0005034,S011,P0017,WH04,2025-03-11,2025-03-16,2025-03-16,160,157,959.62,153539.78
PO0005035,S006,P0018,WH02,2025-03-11,2025-03-18,2025-03-19,68,68,1108.45,75374.54
PO0005036,S012,P0026,WH03,2025-03-11,2025-03-22,2025-03-22,332,319,2388.04,792828.74
PO0005037,S002,P0027,WH01,2025-03-11,2025-03-18,2025-03-19,108,103,532.84,57546.95
PO0005038,S006,P0028,WH01,2025-03-11,2025-03-17,2025-03-19,197,194,3284.14,646975.74
PO0005039,S006,P0028,WH03,2025-03-11,2025-03-19,2025-03-22,249,244,3052.34,760033.75
PO0005040,S009,P0035,WH01,2025-03-11,2025-03-19,2025-03-21,101,97,1637.46,165383.79
PO0005041,S009,P0005,WH04,2025-03-12,2025-03-22,2025-03-22,63,61,1141.25,71898.55
PO0005042,S007,P0011,WH01,2025-03-12,2025-03-17,2025-03-17,90,86,639.57,57561.67
PO0005043,S011,P0017,WH01,2025-03-12,2025-03-15,2025-03-16,277,264,943.43,261331.05
PO0005044,S006,P0018,WH02,2025-03-12,2025-03-18,2025-03-18,65,65,1039.87,67591.58
PO0005045,S009,P0022,WH02,2025-03-12,2025-03-19,2025-03-19,71,65,433.97,30811.58
PO0005046,S009,P0022,WH04,2025-03-12,2025-03-22,2025-03-23,51,45,455.7,23240.89
PO0005047,S006,P0023,WH05,2025-03-12,2025-03-18,2025-03-19,82,82,655.25,53730.19
PO0005048,S006,P0024,WH03,2025-03-12,2025-03-18,2025-03-18,67,67,658.87,44144.14
PO0005049,S006,P0024,WH04,2025-03-12,2025-03-18,2025-03-20,50,48,660.3,33014.76
PO0005050,S006,P0025,WH02,2025-03-12,2025-03-19,2025-03-20,215,214,1476.73,317497.82
PO0005051,S009,P0035,WH04,2025-03-12,2025-03-22,2025-03-22,148,143,1654.35,244843.74
PO0005052,S008,P0036,WH03,2025-03-12,2025-03-15,2025-03-18,329,301,2230.74,733913.18
PO0005053,S002,P0037,WH03,2025-03-12,2025-03-20,2025-03-20,96,93,1464.31,140574.13
PO0005054,S002,P0039,WH02,2025-03-12,2025-03-18,2025-03-18,90,83,488.54,43968.7
PO0005055,S002,P0039,WH04,2025-03-12,2025-03-16,2025-03-17,62,56,470.74,29185.7
PO0005056,S009,P0002,WH03,2025-03-13,2025-03-21,2025-03-23,234,217,752.91,176181.83
PO0005057,S011,P0006,WH04,2025-03-13,2025-03-18,2025-03-18,50,48,2835.76,141788.04
PO0005058,S004,P0007,WH05,2025-03-13,2025-03-20,2025-03-20,156,148,2539.84,396215.75
PO0005059,S007,P0011,WH05,2025-03-13,2025-03-17,2025-03-19,93,89,634.93,59048.74
PO0005060,S011,P0017,WH01,2025-03-13,2025-03-16,2025-03-16,227,216,879.47,199640.8
PO0005061,S011,P0017,WH04,2025-03-13,2025-03-16,2025-03-19,238,224,946.9,225361.54
PO0005062,S009,P0022,WH02,2025-03-13,2025-03-21,2025-03-24,63,58,429.99,27089.09
PO0005063,S006,P0028,WH01,2025-03-13,2025-03-21,2025-03-21,162,161,3310.82,536352.09
PO0005064,S004,P0033,WH02,2025-03-13,2025-03-20,2025-03-21,153,144,1982.23,303281.81
PO0005065,S004,P0033,WH03,2025-03-13,2025-03-21,2025-03-21,145,141,1994.14,289149.83
PO0005066,S008,P0036,WH03,2025-03-13,2025-03-17,2025-03-17,379,357,2224.75,843181.38
PO0005067,S002,P0037,WH03,2025-03-13,2025-03-19,2025-03-20,86,82,1487.37,127914.23
PO0005068,S002,P0039,WH02,2025-03-13,2025-03-19,2025-03-20,61,58,501.2,30573.2
PO0005069,S002,P0039,WH04,2025-03-13,2025-03-17,2025-03-18,60,58,499.26,29955.34
PO0005070,S009,P0001,WH04,2025-03-14,2025-03-25,2025-03-26,123,115,1328.15,163361.95
PO0005071,S006,P0003,WH01,2025-03-14,2025-03-19,2025-03-19,156,155,930.14,145102.2
PO0005072,S004,P0007,WH05,2025-03-14,2025-03-20,2025-03-20,199,191,2555.49,508542.81
PO0005073,S010,P0008,WH01,2025-03-14,2025-03-23,2025-03-23,124,123,788.83,97815.05
PO0005074,S011,P0012,WH03,2025-03-14,2025-03-17,2025-03-20,75,71,2481.36,186101.73
PO0005075,S011,P0012,WH05,2025-03-14,2025-03-18,2025-03-18,50,45,2489.83,124491.68
PO0005076,S012,P0016,WH04,2025-03-14,2025-03-27,2025-03-28,173,170,865.58,149744.59
PO0005077,S006,P0023,WH03,2025-03-14,2025-03-21,2025-03-22,85,84,664.35,56469.39
PO0005078,S006,P0024,WH04,2025-03-14,2025-03-20,2025-03-20,50,49,644.31,32215.42
PO0005079,S002,P0027,WH02,2025-03-14,2025-03-19,2025-03-19,214,204,568.51,121662.15
PO0005080,S004,P0029,WH05,2025-03-14,2025-03-18,2025-03-18,176,171,3210.48,565044.09
PO0005081,S008,P0036,WH03,2025-03-14,2025-03-18,2025-03-18,283,271,2205.75,624227.09
PO0005082,S008,P0036,WH05,2025-03-14,2025-03-17,2025-03-18,232,217,2225.69,516360.76
PO0005083,S002,P0039,WH02,2025-03-14,2025-03-18,2025-03-21,90,84,499.69,44972.49
PO0005084,S002,P0039,WH04,2025-03-14,2025-03-22,2025-03-22,82,78,466.99,38293.22
PO0005085,S009,P0005,WH04,2025-03-15,2025-03-25,2025-03-28,88,85,1249.99,109999.37
PO0005086,S011,P0006,WH04,2025-03-15,2025-03-17,2025-03-17,50,50,2734.91,136745.61
PO0005087,S007,P0011,WH03,2025-03-15,2025-03-20,2025-03-20,156,148,611.74,95431.73
PO0005088,S009,P0022,WH04,2025-03-15,2025-03-22,2025-03-22,57,57,442.8,25239.73
PO0005089,S009,P0022,WH05,2025-03-15,2025-03-24,2025-03-24,64,59,449.21,28749.15
PO0005090,S006,P0023,WH03,2025-03-15,2025-03-22,2025-03-22,76,75,718.64,54616.56
PO0005091,S006,P0024,WH03,2025-03-15,2025-03-21,2025-03-21,50,49,677.44,33872.01
PO0005092,S006,P0028,WH02,2025-03-15,2025-03-20,2025-03-23,211,209,3051.4,643845.05
PO0005093,S004,P0029,WH01,2025-03-15,2025-03-22,2025-03-22,232,220,3373.33,782613.47
PO0005094,S006,P0034,WH02,2025-03-15,2025-03-21,2025-03-21,55,54,2921.87,160702.95
PO0005095,S006,P0034,WH03,2025-03-15,2025-03-23,2025-03-23,50,50,2994.49,149724.43
PO0005096,S006,P0034,WH05,2025-03-15,2025-03-23,2025-03-23,50,50,2916.28,145813.95
PO0005097,S008,P0036,WH03,2025-03-15,2025-03-19,2025-03-22,328,313,2020.05,662576.91
PO0005098,S008,P0036,WH05,2025-03-15,2025-03-20,2025-03-21,161,147,2028.33,326561.26
PO0005099,S002,P0037,WH01,2025-03-15,2025-03-22,2025-03-22,65,64,1533.32,99665.99
PO0005100,S002,P0037,WH04,2025-03-15,2025-03-21,2025-03-21,60,56,1460.46,87627.7
PO0005101,S002,P0039,WH02,2025-03-15,2025-03-21,2025-03-23,116,110,506.49,58753.19
PO0005102,S009,P0005,WH03,2025-03-16,2025-03-24,2025-03-26,91,84,1260.65,114719.43
PO0005103,S011,P0006,WH04,2025-03-16,2025-03-20,2025-03-20,50,47,2952.5,147625.01
PO0005104,S007,P0010,WH04,2025-03-16,2025-03-19,2025-03-19,77,75,2677.85,206194.18
PO0005105,S011,P0012,WH03,2025-03-16,2025-03-18,2025-03-18,66,64,2457.88,162220.16
PO0005106,S006,P0023,WH03,2025-03-16,2025-03-21,2025-03-21,129,126,690.05,89015.87
PO0005107,S009,P0032,WH02,2025-03-16,2025-03-26,2025-03-27,228,210,1768.08,403122.31
PO0005108,S008,P0036,WH03,2025-03-16,2025-03-22,2025-03-22,331,308,2165.24,716694.8
PO0005109,S008,P0036,WH05,2025-03-16,2025-03-20,2025-03-20,264,247,2141.65,565395.5
PO0005110,S002,P0037,WH01,2025-03-16,2025-03-23,2025-03-24,57,56,1563.91,89143.07
PO0005111,S002,P0039,WH02,2025-03-16,2025-03-22,2025-03-22,75,72,472.55,35441.59
PO0005112,S010,P0008,WH01,2025-03-17,2025-03-25,2025-03-25,74,74,776.59,57467.37
PO0005113,S010,P0008,WH04,2025-03-17,2025-03-25,2025-03-30,117,114,811.54,94950.76
PO0005114,S007,P0011,WH03,2025-03-17,2025-03-20,2025-03-20,99,88,653.11,64657.79
PO0005115,S007,P0013,WH01,2025-03-17,2025-03-19,2025-03-19,50,47,2744.51,137225.47
PO0005116,S004,P0015,WH01,2025-03-17,2025-03-24,2025-03-25,85,83,243.07,20660.89
PO0005117,S012,P0016,WH01,2025-03-17,2025-03-27,2025-03-27,222,215,841.16,186736.5
PO0005118,S006,P0018,WH02,2025-03-17,2025-03-22,2025-03-23,66,66,1047.12,69110.25
PO0005119,S006,P0020,WH05,2025-03-17,2025-03-24,2025-03-24,218,216,2313.24,504285.87
PO0005120,S009,P0022,WH04,2025-03-17,2025-03-24,2025-03-24,50,48,477.89,23894.58
PO0005121,S006,P0024,WH03,2025-03-17,2025-03-25,2025-03-25,68,65,644.02,43793.18
PO0005122,S006,P0024,WH04,2025-03-17,2025-03-24,2025-03-25,50,50,653.94,32696.76
PO0005123,S006,P0025,WH02,2025-03-17,2025-03-22,2025-03-22,188,186,1424.64,267831.77
PO0005124,S002,P0027,WH02,2025-03-17,2025-03-27,2025-03-30,187,173,570.54,106691.72
PO0005125,S009,P0032,WH02,2025-03-17,2025-03-26,2025-03-26,340,322,1736.65,590460.61
PO0005126,S006,P0034,WH04,2025-03-17,2025-03-23,2025-03-24,50,49,3048.59,152429.55
PO0005127,S010,P0008,WH01,2025-03-18,2025-03-26,2025-03-26,112,111,851.47,95364.21
PO0005128,S007,P0011,WH03,2025-03-18,2025-03-23,2025-03-24,97,88,627.49,60866.94
PO0005129,S004,P0015,WH01,2025-03-18,2025-03-23,2025-03-23,119,113,240.16,28578.64
PO0005130,S004,P0015,WH05,2025-03-18,2025-03-22,2025-03-25,76,70,262.02,19913.21
PO0005131,S006,P0024,WH01,2025-03-18,2025-03-23,2025-03-28,50,50,653.02,32651.12
PO0005132,S006,P0034,WH04,2025-03-18,2025-03-25,2025-03-26,50,50,2971.73,148586.74
PO0005133,S009,P0001,WH04,2025-03-19,2025-03-28,2025-04-02,146,136,1354.91,197816.45
PO0005134,S006,P0003,WH05,2025-03-19,2025-03-27,2025-03-30,167,165,856.11,142970.06
PO0005135,S008,P0004,WH03,2025-03-19,2025-03-24,2025-03-27,305,279,1611.8,491598.97
PO0005136,S004,P0015,WH05,2025-03-19,2025-03-24,2025-03-25,134,125,252.6,33847.85
PO0005137,S006,P0020,WH05,2025-03-19,2025-03-25,2025-03-30,120,118,2315.97,277916.45
PO0005138,S006,P0024,WH01,2025-03-19,2025-03-24,2025-03-27,50,49,653.61,32680.44
PO0005139,S009,P0032,WH02,2025-03-19,2025-03-27,2025-03-27,318,306,1765.41,561400.5
PO0005140,S006,P0034,WH04,2025-03-19,2025-03-27,2025-03-27,50,49,3135.48,156774.01
PO0005141,S009,P0035,WH01,2025-03-19,2025-03-26,2025-03-26,158,149,1583.18,250142.53
PO0005142,S009,P0001,WH04,2025-03-20,2025-03-28,2025-03-30,119,115,1448.83,172411.2
PO0005143,S009,P0002,WH04,2025-03-20,2025-03-25,2025-03-25,218,205,824.39,179716.33
PO0005144,S006,P0003,WH02,2025-03-20,2025-03-28,2025-03-31,277,273,861.48,238629.71
PO0005145,S006,P0003,WH05,2025-03-20,2025-03-27,2025-03-27,248,244,914.4,226770.04
PO0005146,S010,P0014,WH02,2025-03-20,2025-03-26,2025-03-27,388,384,2094.16,812535.08
PO0005147,S004,P0015,WH05,2025-03-20,2025-03-26,2025-03-28,131,123,266.62,34927.25
PO0005148,S012,P0016,WH04,2025-03-20,2025-03-29,2025-03-29,244,239,861.09,210105.36
PO0005149,S008,P0019,WH05,2025-03-20,2025-03-23,2025-03-23,130,123,2029.99,263898.78
PO0005150,S006,P0023,WH03,2025-03-20,2025-03-26,2025-03-27,97,96,669.7,64961.03
PO0005151,S004,P0029,WH04,2025-03-20,2025-03-26,2025-03-28,251,237,3467.67,870385.08
PO0005152,S006,P0034,WH04,2025-03-20,2025-03-26,2025-03-28,50,50,3049.69,152484.66
PO0005153,S008,P0038,WH04,2025-03-20,2025-03-24,2025-03-24,120,103,1790.0,214799.89
PO0005154,S009,P0005,WH03,2025-03-21,2025-03-27,2025-03-27,66,63,1155.62,76270.68
PO0005155,S010,P0008,WH04,2025-03-21,2025-03-27,2025-03-28,119,118,867.62,103246.85
PO0005156,S012,P0016,WH04,2025-03-21,2025-04-03,2025-04-03,219,216,908.36,198930.29
PO0005157,S006,P0025,WH01,2025-03-21,2025-03-27,2025-03-29,148,145,1403.56,207726.71
PO0005158,S002,P0027,WH03,2025-03-21,2025-03-26,2025-03-29,275,255,575.33,158216.8
PO0005159,S006,P0034,WH04,2025-03-21,2025-03-31,2025-03-31,50,50,3066.68,153334.11
PO0005160,S002,P0037,WH02,2025-03-21,2025-03-27,2025-03-27,127,119,1468.84,186542.8
PO0005161,S008,P0038,WH04,2025-03-21,2025-03-26,2025-03-28,126,121,1811.79,228285.77
PO0005162,S008,P0038,WH05,2025-03-21,2025-03-25,2025-03-25,166,149,1897.32,314955.92
PO0005163,S012,P0040,WH02,2025-03-21,2025-04-01,2025-04-02,50,47,719.02,35950.89
PO0005164,S009,P0002,WH01,2025-03-22,2025-03-31,2025-04-02,205,193,798.83,163759.33
PO0005165,S008,P0004,WH03,2025-03-22,2025-03-24,2025-03-24,353,329,1648.42,581891.45
PO0005166,S008,P0004,WH04,2025-03-22,2025-03-27,2025-03-27,149,133,1521.07,226638.88
PO0005167,S009,P0005,WH03,2025-03-22,2025-03-31,2025-03-31,127,122,1135.22,144173.46
PO0005168,S010,P0008,WH04,2025-03-22,2025-04-02,2025-04-03,113,110,830.25,93818.33
PO0005169,S010,P0014,WH02,2025-03-22,2025-03-30,2025-04-04,294,290,1938.81,570010.55
PO0005170,S010,P0014,WH05,2025-03-22,2025-03-29,2025-03-29,193,188,2039.68,393657.37
PO0005171,S004,P0015,WH01,2025-03-22,2025-03-30,2025-03-30,104,97,249.25,25922.5
PO0005172,S006,P0018,WH01,2025-03-22,2025-03-29,2025-03-30,50,49,1109.09,55454.36
PO0005173,S006,P0018,WH04,2025-03-22,2025-03-27,2025-03-27,64,64,1142.97,73149.87
PO0005174,S006,P0020,WH02,2025-03-22,2025-03-29,2025-03-29,211,209,2393.32,504990.76
PO0005175,S006,P0020,WH05,2025-03-22,2025-03-28,2025-03-28,124,122,2298.85,285057.36
PO0005176,S006,P0024,WH05,2025-03-22,2025-03-29,2025-03-29,65,65,622.05,40433.14
PO0005177,S009,P0001,WH04,2025-03-23,2025-04-01,2025-04-01,138,127,1313.79,181303.14
PO0005178,S008,P0004,WH02,2025-03-23,2025-03-26,2025-03-26,199,184,1693.4,336986.2
PO0005179,S011,P0006,WH02,2025-03-23,2025-03-28,2025-03-30,50,48,2777.66,138882.76
PO0005180,S011,P0017,WH03,2025-03-23,2025-03-25,2025-03-25,349,329,884.32,308625.99
PO0005181,S006,P0018,WH04,2025-03-23,2025-03-29,2025-03-29,63,62,1127.14,71009.55
PO0005182,S008,P0019,WH03,2025-03-23,2025-03-26,2025-03-26,281,261,2099.89,590067.7
PO0005183,S006,P0023,WH01,2025-03-23,2025-03-30,2025-03-30,71,69,662.84,47061.56
PO0005184,S006,P0023,WH04,2025-03-23,2025-03-29,2025-03-29,87,86,687.57,59818.7
PO0005185,S006,P0024,WH05,2025-03-23,2025-03-31,2025-04-02,50,50,667.81,33390.25
PO0005186,S006,P0034,WH04,2025-03-23,2025-03-30,2025-03-30,50,50,3028.91,151445.7
PO0005187,S002,P0037,WH02,2025-03-23,2025-03-28,2025-03-28,102,97,1478.21,150776.99
PO0005188,S009,P0001,WH02,2025-03-24,2025-04-04,2025-04-04,163,151,1367.94,222973.84
PO0005189,S009,P0001,WH05,2025-03-24,2025-03-31,2025-04-01,177,169,1453.66,257297.18
PO0005190,S006,P0003,WH05,2025-03-24,2025-04-02,2025-04-05,145,145,896.12,129937.78
PO0005191,S008,P0004,WH02,2025-03-24,2025-03-29,2025-03-29,191,177,1680.39,320953.88
PO0005192,S008,P0004,WH04,2025-03-24,2025-03-26,2025-03-26,187,172,1553.02,290415.57
PO0005193,S009,P0005,WH03,2025-03-24,2025-03-31,2025-04-02,74,70,1201.49,88910.49
PO0005194,S007,P0010,WH03,2025-03-24,2025-03-28,2025-03-28,96,96,2683.15,257581.94
PO0005195,S007,P0010,WH05,2025-03-24,2025-03-27,2025-03-27,64,61,2648.54,169506.42
PO0005196,S007,P0013,WH04,2025-03-24,2025-03-30,2025-03-30,50,45,2580.64,129032.04
PO0005197,S010,P0014,WH05,2025-03-24,2025-04-03,2025-04-03,245,239,1898.61,465159.85
PO0005198,S004,P0015,WH04,2025-03-24,2025-03-28,2025-03-30,109,97,256.9,28001.57
PO0005199,S004,P0015,WH05,2025-03-24,2025-04-01,2025-04-01,78,76,267.61,20873.76
PO0005200,S011,P0017,WH03,2025-03-24,2025-03-28,2025-03-30,215,198,900.87,193687.58
PO0005201,S008,P0019,WH03,2025-03-24,2025-03-28,2025-03-28,203,183,2136.85,433779.74
PO0005202,S006,P0023,WH04,2025-03-24,2025-03-30,2025-03-31,79,79,691.06,54593.52
PO0005203,S002,P0027,WH03,2025-03-24,2025-03-29,2025-03-29,172,160,515.75,88709.63
PO0005204,S004,P0029,WH02,2025-03-24,2025-03-31,2025-04-02,208,191,3310.26,688534.34
PO0005205,S009,P0032,WH05,2025-03-24,2025-04-01,2025-04-01,277,262,1712.62,474394.96
PO0005206,S008,P0036,WH02,2025-03-24,2025-03-30,2025-04-04,276,254,2182.64,602408.15
PO0005207,S008,P0038,WH02,2025-03-24,2025-03-26,2025-03-29,124,113,1898.41,235403.22
PO0005208,S009,P0001,WH04,2025-03-25,2025-04-02,2025-04-03,114,104,1369.43,156115.56
PO0005209,S008,P0004,WH02,2025-03-25,2025-03-27,2025-03-27,248,226,1548.44,384013.54
PO0005210,S008,P0004,WH04,2025-03-25,2025-03-27,2025-03-27,178,171,1582.45,281676.73
PO0005211,S009,P0005,WH03,2025-03-25,2025-04-02,2025-04-02,85,80,1192.3,101345.54
PO0005212,S007,P0010,WH05,2025-03-25,2025-03-28,2025-03-29,99,95,2600.61,257460.88
PO0005213,S010,P0014,WH02,2025-03-25,2025-04-03,2025-04-04,215,212,1950.35,419325.57
PO0005214,S006,P0018,WH04,2025-03-25,2025-04-01,2025-04-01,50,48,1047.86,52392.87
PO0005215,S006,P0020,WH02,2025-03-25,2025-03-30,2025-03-30,262,258,2355.5,617140.27
PO0005216,S006,P0020,WH03,2025-03-25,2025-03-31,2025-04-02,188,185,2376.11,446708.57
PO0005217,S006,P0024,WH01,2025-03-25,2025-04-02,2025-04-02,58,56,641.42,37202.5
PO0005218,S006,P0028,WH05,2025-03-25,2025-04-02,2025-04-02,130,129,3222.4,418912.04
PO0005219,S004,P0029,WH05,2025-03-25,2025-04-02,2025-04-03,217,203,3325.26,721580.39
PO0005220,S012,P0040,WH02,2025-03-25,2025-04-06,2025-04-06,61,60,755.58,46090.58
PO0005221,S006,P0003,WH05,2025-03-26,2025-04-02,2025-04-02,167,163,943.91,157632.93
PO0005222,S011,P0006,WH03,2025-03-26,2025-03-29,2025-03-29,50,49,2981.86,149092.87
PO0005223,S010,P0008,WH05,2025-03-26,2025-04-04,2025-04-05,143,139,818.45,117038.29
PO0005224,S010,P0014,WH02,2025-03-26,2025-04-05,2025-04-05,333,327,2002.21,666735.45
PO0005225,S010,P0014,WH05,2025-03-26,2025-04-06,2025-04-07,303,299,1897.94,575075.2
PO0005226,S006,P0018,WH01,2025-03-26,2025-04-01,2025-04-01,59,58,1105.4,65218.62
PO0005227,S006,P0020,WH02,2025-03-26,2025-04-02,2025-04-02,162,159,2319.3,375727.15
PO0005228,S006,P0023,WH01,2025-03-26,2025-03-31,2025-04-01,71,71,699.48,49663.41
PO0005229,S002,P0027,WH03,2025-03-26,2025-04-01,2025-04-02,245,233,548.11,134287.26
PO0005230,S002,P0037,WH02,2025-03-26,2025-04-03,2025-04-06,106,99,1576.33,167091.48
PO0005231,S008,P0038,WH03,2025-03-26,2025-03-30,2025-04-01,239,218,1878.88,449051.42
PO0005232,S009,P0001,WH02,2025-03-27,2025-04-05,2025-04-05,285,270,1429.18,407315.66
PO0005233,S009,P0002,WH01,2025-03-27,2025-04-04,2025-04-04,116,109,753.06,87354.79
PO0005234,S006,P0003,WH02,2025-03-27,2025-04-05,2025-04-08,231,225,928.22,214418.99
PO0005235,S011,P0006,WH03,2025-03-27,2025-03-31,2025-03-31,50,49,3007.95,150397.47
PO0005236,S004,P0007,WH02,2025-03-27,2025-04-03,2025-04-03,150,141,2516.09,377413.09
PO0005237,S007,P0010,WH01,2025-03-27,2025-04-01,2025-04-02,55,53,2895.7,159263.5
PO0005238,S006,P0025,WH05,2025-03-27,2025-04-04,2025-04-06,138,136,1480.43,204299.56
PO0005239,S012,P0026,WH01,2025-03-27,2025-04-06,2025-04-06,294,288,2252.9,662352.98
PO0005240,S006,P0028,WH05,2025-03-27,2025-04-01,2025-04-04,150,148,3097.56,464634.13
PO0005241,S004,P0029,WH02,2025-03-27,2025-04-03,2025-04-03,404,386,3479.9,1405880.56
PO0005242,S004,P0031,WH02,2025-03-27,2025-04-02,2025-04-05,50,48,453.96,22698.12
PO0005243,S008,P0036,WH01,2025-03-27,2025-04-02,2025-04-05,215,199,2230.03,479456.37
PO0005244,S008,P0038,WH01,2025-03-27,2025-03-30,2025-03-30,123,115,1779.82,218917.33
PO0005245,S008,P0038,WH03,2025-03-27,2025-03-31,2025-04-03,130,122,1755.3,228188.46
PO0005246,S012,P0040,WH02,2025-03-27,2025-04-06,2025-04-06,50,50,759.98,37998.87
PO0005247,S009,P0001,WH02,2025-03-28,2025-04-08,2025-04-11,259,246,1385.18,358762.0
PO0005248,S006,P0003,WH02,2025-03-28,2025-04-03,2025-04-05,201,197,960.71,193102.33
PO0005249,S011,P0006,WH02,2025-03-28,2025-03-31,2025-04-02,50,48,2934.59,146729.39
PO0005250,S010,P0008,WH02,2025-03-28,2025-04-06,2025-04-06,146,144,797.95,116500.48
PO0005251,S010,P0014,WH05,2025-03-28,2025-04-05,2025-04-07,211,208,2077.05,438257.02
PO0005252,S006,P0024,WH05,2025-03-28,2025-04-04,2025-04-04,50,50,623.73,31186.33
PO0005253,S006,P0025,WH04,2025-03-28,2025-04-04,2025-04-04,158,153,1375.03,217255.35
PO0005254,S002,P0027,WH03,2025-03-28,2025-04-05,2025-04-05,192,175,570.16,109469.83
PO0005255,S006,P0028,WH05,2025-03-28,2025-04-05,2025-04-05,171,164,3329.65,569369.72
PO0005256,S004,P0029,WH02,2025-03-28,2025-04-05,2025-04-06,392,376,3328.54,1304787.72
PO0005257,S004,P0031,WH02,2025-03-28,2025-04-02,2025-04-02,50,47,468.75,23437.26
PO0005258,S008,P0036,WH02,2025-03-28,2025-03-30,2025-03-30,378,346,2164.56,818203.29
PO0005259,S002,P0037,WH04,2025-03-28,2025-04-04,2025-04-07,67,64,1575.98,105590.55
PO0005260,S008,P0038,WH01,2025-03-28,2025-04-01,2025-04-01,168,159,1807.31,303628.27
PO0005261,S008,P0038,WH03,2025-03-28,2025-03-30,2025-03-30,225,204,1719.53,386895.2
PO0005262,S009,P0002,WH02,2025-03-29,2025-04-06,2025-04-06,264,252,815.47,215284.84
PO0005263,S010,P0008,WH02,2025-03-29,2025-04-06,2025-04-07,174,173,850.31,147953.71
PO0005264,S007,P0010,WH01,2025-03-29,2025-04-03,2025-04-03,58,57,2852.26,165431.07
PO0005265,S007,P0010,WH02,2025-03-29,2025-04-04,2025-04-04,97,92,2821.29,273664.87
PO0005266,S006,P0018,WH01,2025-03-29,2025-04-02,2025-04-02,56,55,1155.68,64718.02
PO0005267,S008,P0019,WH04,2025-03-29,2025-03-31,2025-04-05,124,116,2014.61,249811.33
PO0005268,S004,P0029,WH02,2025-03-29,2025-04-04,2025-04-05,234,226,3198.41,748428.84
PO0005269,S008,P0036,WH01,2025-03-29,2025-04-02,2025-04-04,241,217,2074.07,499850.17
PO0005270,S009,P0001,WH02,2025-03-30,2025-04-07,2025-04-10,233,221,1421.67,331249.24
PO0005271,S006,P0003,WH04,2025-03-30,2025-04-06,2025-04-07,196,194,914.29,179200.55
PO0005272,S009,P0005,WH01,2025-03-30,2025-04-09,2025-04-09,65,60,1205.4,78351.28
PO0005273,S010,P0008,WH05,2025-03-30,2025-04-08,2025-04-10,122,121,856.38,104478.45
PO0005274,S007,P0013,WH03,2025-03-30,2025-04-03,2025-04-03,53,51,2674.01,141722.65
PO0005275,S004,P0015,WH02,2025-03-30,2025-04-05,2025-04-07,159,148,252.69,40177.95
PO0005276,S008,P0019,WH04,2025-03-30,2025-04-04,2025-04-04,233,219,2124.52,495013.98
PO0005277,S004,P0029,WH02,2025-03-30,2025-04-07,2025-04-10,231,222,3439.61,794549.64
PO0005278,S009,P0030,WH05,2025-03-30,2025-04-12,2025-04-13,165,155,2638.21,435305.22
PO0005279,S006,P0034,WH05,2025-03-30,2025-04-07,2025-04-07,50,50,2859.49,142974.38
PO0005280,S008,P0036,WH01,2025-03-30,2025-04-02,2025-04-04,167,159,2050.76,342477.38
PO0005281,S002,P0037,WH04,2025-03-30,2025-04-06,2025-04-09,95,90,1528.99,145254.04
PO0005282,S009,P0001,WH05,2025-03-31,2025-04-09,2025-04-09,144,137,1327.9,191217.45
PO0005283,S009,P0002,WH02,2025-03-31,2025-04-11,2025-04-13,221,209,804.61,177819.37
PO0005284,S009,P0002,WH03,2025-03-31,2025-04-11,2025-04-11,278,266,739.09,205467.41
PO0005285,S009,P0005,WH01,2025-03-31,2025-04-07,2025-04-12,50,47,1189.9,59495.18
PO0005286,S004,P0007,WH02,2025-03-31,2025-04-05,2025-04-06,204,198,2547.4,519669.47
PO0005287,S010,P0008,WH05,2025-03-31,2025-04-09,2025-04-11,75,75,793.07,59480.4
PO0005288,S007,P0010,WH01,2025-03-31,2025-04-04,2025-04-09,50,45,2785.65,139282.44
PO0005289,S008,P0019,WH01,2025-03-31,2025-04-03,2025-04-03,199,187,1927.29,383530.19
PO0005290,S006,P0025,WH05,2025-03-31,2025-04-08,2025-04-08,157,155,1450.62,227747.8
PO0005291,S006,P0028,WH02,2025-03-31,2025-04-07,2025-04-07,218,215,3081.22,671706.74
PO0005292,S004,P0033,WH01,2025-03-31,2025-04-08,2025-04-10,95,90,2180.87,207182.54
PO0005293,S008,P0036,WH01,2025-03-31,2025-04-02,2025-04-02,183,172,2199.92,402584.95
PO0005294,S012,P0040,WH02,2025-03-31,2025-04-11,2025-04-11,53,51,695.87,36880.93
PO0005295,S009,P0002,WH03,2025-04-01,2025-04-08,2025-04-10,296,280,739.19,218800.17
PO0005296,S004,P0007,WH02,2025-04-01,2025-04-05,2025-04-08,251,245,2572.66,645737.2
PO0005297,S007,P0011,WH02,2025-04-01,2025-04-05,2025-04-05,160,151,601.76,96281.35
PO0005298,S007,P0013,WH03,2025-04-01,2025-04-05,2025-04-05,66,65,2718.09,179393.91
PO0005299,S012,P0016,WH03,2025-04-01,2025-04-12,2025-04-14,299,290,846.41,253076.25
PO0005300,S008,P0019,WH01,2025-04-01,2025-04-04,2025-04-09,118,106,2061.08,243206.94
PO0005301,S010,P0021,WH01,2025-04-01,2025-04-12,2025-04-12,149,147,751.5,111973.65
PO0005302,S009,P0022,WH05,2025-04-01,2025-04-09,2025-04-10,51,48,429.45,21901.95
PO0005303,S006,P0025,WH04,2025-04-01,2025-04-05,2025-04-05,158,155,1343.83,212324.38
PO0005304,S006,P0028,WH05,2025-04-01,2025-04-07,2025-04-07,161,158,3311.01,533072.45
PO0005305,S004,P0033,WH05,2025-04-01,2025-04-07,2025-04-09,88,83,2004.55,176400.61
PO0005306,S006,P0034,WH02,2025-04-01,2025-04-07,2025-04-10,50,50,2890.48,144524.03
PO0005307,S008,P0036,WH04,2025-04-01,2025-04-05,2025-04-07,229,210,2185.9,500570.05
PO0005308,S009,P0002,WH05,2025-04-02,2025-04-08,2025-04-08,212,203,831.59,176298.01
PO0005309,S009,P0005,WH01,2025-04-02,2025-04-13,2025-04-13,82,78,1179.22,96695.76
PO0005310,S012,P0016,WH03,2025-04-02,2025-04-12,2025-04-14,300,289,891.56,267468.77
PO0005311,S006,P0018,WH05,2025-04-02,2025-04-10,2025-04-15,76,76,1099.99,83599.35
PO0005312,S008,P0019,WH05,2025-04-02,2025-04-07,2025-04-07,155,141,2042.5,316586.94
PO0005313,S006,P0025,WH05,2025-04-02,2025-04-09,2025-04-09,150,147,1389.71,208455.82
PO0005314,S004,P0029,WH03,2025-04-02,2025-04-07,2025-04-07,290,273,3453.78,1001596.89
PO0005315,S004,P0029,WH05,2025-04-02,2025-04-08,2025-04-08,187,178,3577.78,669045.79
PO0005316,S009,P0030,WH05,2025-04-02,2025-04-11,2025-04-12,226,211,2449.38,553560.36
PO0005317,S004,P0031,WH03,2025-04-02,2025-04-10,2025-04-13,60,58,445.05,26702.77
PO0005318,S004,P0031,WH05,2025-04-02,2025-04-08,2025-04-10,53,48,446.05,23640.57
PO0005319,S004,P0033,WH05,2025-04-02,2025-04-09,2025-04-09,90,85,2022.86,182057.29
PO0005320,S008,P0036,WH04,2025-04-02,2025-04-05,2025-04-05,168,157,1998.41,335733.47
PO0005321,S012,P0040,WH01,2025-04-02,2025-04-13,2025-04-13,50,46,730.51,36525.3
PO0005322,S010,P0008,WH05,2025-04-03,2025-04-10,2025-04-13,86,84,787.97,67765.47
PO0005323,S010,P0009,WH03,2025-04-03,2025-04-12,2025-04-12,86,84,2486.25,213817.45
PO0005324,S007,P0011,WH02,2025-04-03,2025-04-08,2025-04-08,170,162,648.12,110180.89
PO0005325,S007,P0011,WH04,2025-04-03,2025-04-09,2025-04-10,79,79,582.46,46014.19
PO0005326,S011,P0017,WH05,2025-04-03,2025-04-05,2025-04-05,315,302,921.16,290166.88
PO0005327,S008,P0019,WH05,2025-04-03,2025-04-08,2025-04-08,234,221,2108.25,493329.41
PO0005328,S009,P0022,WH03,2025-04-03,2025-04-11,2025-04-11,88,84,435.63,38335.58
PO0005329,S006,P0025,WH04,2025-04-03,2025-04-07,2025-04-09,152,151,1446.39,219850.66
PO0005330,S004,P0029,WH03,2025-04-03,2025-04-11,2025-04-11,355,336,3595.9,1276545.35
PO0005331,S004,P0031,WH03,2025-04-03,2025-04-10,2025-04-10,50,46,449.04,22452.14
PO0005332,S004,P0033,WH01,2025-04-03,2025-04-08,2025-04-08,129,124,2053.27,264872.04
PO0005333,S012,P0040,WH01,2025-04-03,2025-04-14,2025-04-14,52,50,730.21,37971.18
PO0005334,S009,P0002,WH04,2025-04-04,2025-04-12,2025-04-12,206,195,817.47,168399.27
PO0005335,S009,P0002,WH05,2025-04-04,2025-04-11,2025-04-13,202,191,746.39,150771.6
PO0005336,S008,P0004,WH01,2025-04-04,2025-04-08,2025-04-08,180,167,1671.67,300900.18
PO0005337,S010,P0008,WH03,2025-04-04,2025-04-14,2025-04-14,152,151,794.22,120721.71
PO0005338,S010,P0008,WH05,2025-04-04,2025-04-13,2025-04-13,138,137,798.74,110226.2
PO0005339,S006,P0018,WH05,2025-04-04,2025-04-12,2025-04-17,50,48,1057.48,52873.96
PO0005340,S008,P0019,WH05,2025-04-04,2025-04-07,2025-04-10,150,135,1937.87,290680.51
PO0005341,S009,P0022,WH05,2025-04-04,2025-04-11,2025-04-14,60,58,435.31,26118.31
PO0005342,S012,P0026,WH01,2025-04-04,2025-04-14,2025-04-17,158,156,2244.33,354604.02
PO0005343,S002,P0027,WH01,2025-04-04,2025-04-10,2025-04-11,122,114,531.06,64789.73
PO0005344,S009,P0030,WH05,2025-04-04,2025-04-13,2025-04-13,132,125,2499.16,329889.49
PO0005345,S004,P0031,WH05,2025-04-04,2025-04-12,2025-04-15,56,52,466.43,26120.01
PO0005346,S009,P0035,WH02,2025-04-04,2025-04-09,2025-04-11,193,186,1580.8,305094.42
PO0005347,S009,P0005,WH01,2025-04-05,2025-04-13,2025-04-15,67,64,1168.5,78289.59
PO0005348,S010,P0008,WH03,2025-04-05,2025-04-14,2025-04-15,131,128,861.95,112915.23
PO0005349,S010,P0009,WH05,2025-04-05,2025-04-12,2025-04-12,52,52,2472.4,128565.0
PO0005350,S007,P0010,WH04,2025-04-05,2025-04-07,2025-04-08,67,62,2683.86,179818.44
PO0005351,S011,P0017,WH02,2025-04-05,2025-04-07,2025-04-07,377,365,927.54,349681.76
PO0005352,S008,P0019,WH05,2025-04-05,2025-04-09,2025-04-11,226,213,2082.82,470718.04
PO0005353,S006,P0020,WH01,2025-04-05,2025-04-11,2025-04-11,130,129,2254.64,293102.6
PO0005354,S004,P0029,WH03,2025-04-05,2025-04-10,2025-04-10,293,289,3563.84,1044205.25
PO0005355,S009,P0030,WH02,2025-04-05,2025-04-13,2025-04-13,159,150,2680.04,426127.08
PO0005356,S004,P0033,WH05,2025-04-05,2025-04-11,2025-04-12,136,130,2076.03,282339.72
PO0005357,S006,P0034,WH02,2025-04-05,2025-04-11,2025-04-11,50,48,3184.14,159207.18
PO0005358,S006,P0034,WH03,2025-04-05,2025-04-13,2025-04-14,58,58,3017.86,175035.74
PO0005359,S008,P0038,WH05,2025-04-05,2025-04-08,2025-04-08,139,126,1812.04,251873.13
PO0005360,S009,P0002,WH04,2025-04-06,2025-04-14,2025-04-14,175,163,766.34,134108.85
PO0005361,S006,P0003,WH04,2025-04-06,2025-04-12,2025-04-17,163,163,923.25,150490.01
PO0005362,S008,P0004,WH01,2025-04-06,2025-04-08,2025-04-08,134,126,1620.99,217212.64
PO0005363,S010,P0008,WH03,2025-04-06,2025-04-14,2025-04-14,110,109,814.95,89644.61
PO0005364,S007,P0011,WH04,2025-04-06,2025-04-09,2025-04-09,89,84,589.08,52428.46
PO0005365,S007,P0011,WH05,2025-04-06,2025-04-10,2025-04-10,113,104,589.18,66577.54
PO0005366,S007,P0013,WH01,2025-04-06,2025-04-11,2025-04-11,50,45,2587.3,129365.2
PO0005367,S007,P0013,WH04,2025-04-06,2025-04-09,2025-04-09,50,49,2704.37,135218.73
PO0005368,S010,P0014,WH01,2025-04-06,2025-04-14,2025-04-14,212,210,2091.72,443444.6
PO0005369,S012,P0016,WH05,2025-04-06,2025-04-16,2025-04-17,303,292,832.49,252243.75
PO0005370,S011,P0017,WH04,2025-04-06,2025-04-10,2025-04-11,261,247,911.43,237882.89
PO0005371,S006,P0018,WH05,2025-04-06,2025-04-13,2025-04-13,72,72,1132.9,81568.78
PO0005372,S004,P0031,WH05,2025-04-06,2025-04-11,2025-04-14,51,47,485.01,24735.36
PO0005373,S004,P0033,WH01,2025-04-06,2025-04-14,2025-04-14,130,123,2120.28,275636.27
PO0005374,S006,P0034,WH03,2025-04-06,2025-04-14,2025-04-14,50,49,2953.9,147695.05
PO0005375,S006,P0034,WH05,2025-04-06,2025-04-13,2025-04-13,50,48,2841.41,142070.31
PO0005376,S002,P0037,WH04,2025-04-06,2025-04-12,2025-04-13,110,103,1609.13,177003.96
PO0005377,S009,P0002,WH04,2025-04-07,2025-04-17,2025-04-17,134,126,769.71,103140.96
PO0005378,S009,P0002,WH05,2025-04-07,2025-04-16,2025-04-16,137,128,766.64,105029.56
PO0005379,S011,P0006,WH05,2025-04-07,2025-04-09,2025-04-10,50,48,2898.05,144902.54
PO0005380,S010,P0008,WH03,2025-04-07,2025-04-15,2025-04-15,108,108,843.19,91064.46
PO0005381,S007,P0010,WH04,2025-04-07,2025-04-10,2025-04-10,91,88,2717.61,247302.74
PO0005382,S011,P0012,WH01,2025-04-07,2025-04-11,2025-04-11,50,48,2322.03,116101.66
PO0005383,S011,P0012,WH03,2025-04-07,2025-04-12,2025-04-12,56,55,2294.02,128465.19
PO0005384,S007,P0013,WH01,2025-04-07,2025-04-11,2025-04-13,50,47,2662.56,133127.92
PO0005385,S010,P0014,WH01,2025-04-07,2025-04-15,2025-04-15,279,279,1913.47,533857.65
PO0005386,S010,P0014,WH04,2025-04-07,2025-04-13,2025-04-15,251,245,2066.25,518627.55
PO0005387,S011,P0017,WH04,2025-04-07,2025-04-09,2025-04-09,267,255,879.55,234839.39
PO0005388,S006,P0018,WH05,2025-04-07,2025-04-15,2025-04-17,55,55,1034.72,56909.52
PO0005389,S006,P0020,WH03,2025-04-07,2025-04-12,2025-04-13,183,178,2326.98,425838.21
PO0005390,S006,P0020,WH04,2025-04-07,2025-04-13,2025-04-13,131,130,2402.76,314761.2
PO0005391,S006,P0028,WH04,2025-04-07,2025-04-13,2025-04-13,234,231,3247.47,759907.76
PO0005392,S004,P0029,WH04,2025-04-07,2025-04-13,2025-04-13,212,204,3434.69,728154.75
PO0005393,S009,P0030,WH05,2025-04-07,2025-04-17,2025-04-17,224,210,2593.44,580931.22
PO0005394,S002,P0037,WH03,2025-04-07,2025-04-13,2025-04-13,107,101,1506.65,161211.73
PO0005395,S008,P0038,WH02,2025-04-07,2025-04-11,2025-04-11,163,154,1731.01,282154.29
PO0005396,S008,P0038,WH05,2025-04-07,2025-04-11,2025-04-11,126,112,1857.51,234046.6
PO0005397,S010,P0009,WH03,2025-04-08,2025-04-16,2025-04-16,103,101,2362.22,243308.53
PO0005398,S007,P0010,WH03,2025-04-08,2025-04-14,2025-04-15,102,99,2776.41,283193.67
PO0005399,S007,P0013,WH04,2025-04-08,2025-04-14,2025-04-14,54,50,2619.21,141437.46
PO0005400,S006,P0020,WH01,2025-04-08,2025-04-15,2025-04-17,131,127,2380.66,311866.04
PO0005401,S006,P0020,WH04,2025-04-08,2025-04-14,2025-04-14,113,111,2312.93,261360.91
PO0005402,S009,P0022,WH05,2025-04-08,2025-04-16,2025-04-16,55,52,460.84,25346.15
PO0005403,S006,P0023,WH02,2025-04-08,2025-04-16,2025-04-21,101,101,670.46,67716.21
PO0005404,S009,P0030,WH01,2025-04-08,2025-04-18,2025-04-21,169,160,2593.02,438220.04
PO0005405,S004,P0031,WH01,2025-04-08,2025-04-12,2025-04-14,50,46,496.97,24848.38
PO0005406,S009,P0035,WH02,2025-04-08,2025-04-16,2025-04-17,212,204,1575.18,333938.78
PO0005407,S010,P0008,WH03,2025-04-09,2025-04-16,2025-04-16,116,114,813.43,94358.36
PO0005408,S007,P0010,WH03,2025-04-09,2025-04-18,2025-04-18,101,96,2922.58,295180.49
PO0005409,S012,P0016,WH03,2025-04-09,2025-04-19,2025-04-19,296,288,861.83,255100.29
PO0005410,S009,P0022,WH02,2025-04-09,2025-04-17,2025-04-17,52,50,474.77,24688.18
PO0005411,S009,P0030,WH02,2025-04-09,2025-04-18,2025-04-18,182,174,2633.46,479289.16
PO0005412,S004,P0031,WH01,2025-04-09,2025-04-15,2025-04-16,50,49,479.76,23987.78
PO0005413,S004,P0031,WH05,2025-04-09,2025-04-15,2025-04-17,50,50,491.64,24582.05
PO0005414,S008,P0038,WH02,2025-04-09,2025-04-11,2025-04-11,214,199,1700.07,363815.65
PO0005415,S012,P0040,WH03,2025-04-09,2025-04-20,2025-04-20,52,51,729.6,37939.21
PO0005416,S007,P0010,WH03,2025-04-10,2025-04-14,2025-04-14,112,108,2879.02,322450.67
PO0005417,S010,P0014,WH03,2025-04-10,2025-04-19,2025-04-19,308,302,1999.55,615862.37
PO0005418,S004,P0015,WH03,2025-04-10,2025-04-16,2025-04-17,89,84,245.31,21832.52
PO0005419,S012,P0016,WH05,2025-04-10,2025-04-22,2025-04-22,268,257,823.04,220576.0
PO0005420,S006,P0018,WH05,2025-04-10,2025-04-16,2025-04-16,60,59,1108.13,66487.88
PO0005421,S010,P0021,WH02,2025-04-10,2025-04-18,2025-04-18,269,263,706.92,190161.84
PO0005422,S006,P0025,WH03,2025-04-10,2025-04-17,2025-04-17,289,285,1354.35,391408.19
PO0005423,S002,P0027,WH02,2025-04-10,2025-04-15,2025-04-15,196,179,569.07,111538.38
PO0005424,S006,P0028,WH04,2025-04-10,2025-04-17,2025-04-20,204,202,3223.73,657641.52
PO0005425,S009,P0030,WH02,2025-04-10,2025-04-19,2025-04-19,262,251,2572.18,673910.96
PO0005426,S004,P0031,WH01,2025-04-10,2025-04-16,2025-04-16,50,48,450.44,22521.95
PO0005427,S002,P0037,WH03,2025-04-10,2025-04-17,2025-04-19,98,92,1510.12,147991.71
PO0005428,S008,P0038,WH02,2025-04-10,2025-04-13,2025-04-15,215,201,1808.44,388813.93
PO0005429,S012,P0040,WH01,2025-04-10,2025-04-21,2025-04-24,50,49,704.21,35210.67
PO0005430,S012,P0040,WH03,2025-04-10,2025-04-21,2025-04-22,71,68,689.67,48966.52
PO0005431,S004,P0007,WH05,2025-04-11,2025-04-19,2025-04-19,219,213,2565.48,561840.19
PO0005432,S010,P0009,WH05,2025-04-11,2025-04-20,2025-04-20,79,78,2342.19,185033.3
PO0005433,S004,P0015,WH04,2025-04-11,2025-04-20,2025-04-21,100,95,247.77,24776.86
PO0005434,S012,P0016,WH05,2025-04-11,2025-04-25,2025-04-27,313,307,862.01,269809.77
PO0005435,S006,P0018,WH03,2025-04-11,2025-04-18,2025-04-23,94,90,1087.08,102185.95
PO0005436,S006,P0020,WH04,2025-04-11,2025-04-17,2025-04-17,136,134,2400.88,326519.56
PO0005437,S006,P0023,WH02,2025-04-11,2025-04-18,2025-04-19,124,120,729.31,90434.06
PO0005438,S009,P0030,WH05,2025-04-11,2025-04-18,2025-04-19,191,178,2607.19,497974.22
PO0005439,S004,P0031,WH04,2025-04-11,2025-04-19,2025-04-19,50,48,464.64,23231.92
PO0005440,S009,P0032,WH03,2025-04-11,2025-04-21,2025-04-21,198,188,1586.0,314028.16
PO0005441,S009,P0032,WH04,2025-04-11,2025-04-20,2025-04-20,265,244,1607.23,425915.51
PO0005442,S002,P0037,WH01,2025-04-11,2025-04-18,2025-04-18,70,65,1542.42,107969.36
PO0005443,S012,P0040,WH04,2025-04-11,2025-04-22,2025-04-22,55,53,689.79,37938.41
PO0005444,S004,P0007,WH03,2025-04-12,2025-04-17,2025-04-17,168,161,2535.92,426034.99
PO0005445,S010,P0009,WH02,2025-04-12,2025-04-22,2025-04-22,66,66,2416.0,159456.28
PO0005446,S010,P0009,WH04,2025-04-12,2025-04-22,2025-04-25,56,55,2336.62,130850.98
PO0005447,S010,P0014,WH01,2025-04-12,2025-04-20,2025-04-20,279,275,1904.66,531399.54
PO0005448,S010,P0014,WH04,2025-04-12,2025-04-22,2025-04-22,208,208,2120.09,440978.97
PO0005449,S012,P0016,WH03,2025-04-12,2025-04-21,2025-04-21,367,354,913.2,335144.5
PO0005450,S009,P0022,WH02,2025-04-12,2025-04-21,2025-04-21,64,55,471.26,30160.37
PO0005451,S006,P0023,WH05,2025-04-12,2025-04-19,2025-04-19,66,63,715.87,47247.75
PO0005452,S009,P0030,WH01,2025-04-12,2025-04-22,2025-04-22,178,172,2549.0,453722.06
PO0005453,S009,P0030,WH04,2025-04-12,2025-04-20,2025-04-20,176,170,2664.76,468997.15
PO0005454,S008,P0004,WH05,2025-04-13,2025-04-19,2025-04-19,179,162,1543.19,276230.73
PO0005455,S010,P0009,WH04,2025-04-13,2025-04-21,2025-04-22,50,50,2242.75,112137.72
PO0005456,S007,P0010,WH02,2025-04-13,2025-04-18,2025-04-20,83,77,2662.94,221024.33
PO0005457,S007,P0013,WH02,2025-04-13,2025-04-18,2025-04-19,56,52,2649.8,148388.85
PO0005458,S010,P0014,WH01,2025-04-13,2025-04-22,2025-04-22,164,159,2099.9,344383.31
PO0005459,S004,P0015,WH03,2025-04-13,2025-04-17,2025-04-17,148,142,254.49,37665.13
PO0005460,S012,P0016,WH05,2025-04-13,2025-04-21,2025-04-21,285,279,825.62,235302.74
PO0005461,S006,P0018,WH03,2025-04-13,2025-04-18,2025-04-20,96,95,1103.77,105961.77
PO0005462,S010,P0021,WH02,2025-04-13,2025-04-20,2025-04-20,182,180,685.81,124817.77
PO0005463,S009,P0022,WH01,2025-04-13,2025-04-22,2025-04-22,50,47,471.79,23589.58
PO0005464,S006,P0023,WH02,2025-04-13,2025-04-18,2025-04-18,109,107,694.05,75651.52
PO0005465,S006,P0025,WH03,2025-04-13,2025-04-21,2025-04-22,212,207,1425.83,302275.91
PO0005466,S002,P0027,WH02,2025-04-13,2025-04-20,2025-04-20,175,158,545.71,95499.3
PO0005467,S009,P0030,WH04,2025-04-13,2025-04-22,2025-04-23,138,132,2646.9,365272.68
PO0005468,S009,P0032,WH03,2025-04-13,2025-04-22,2025-04-22,309,291,1657.3,512104.33
PO0005469,S004,P0033,WH04,2025-04-13,2025-04-20,2025-04-21,130,125,1995.98,259477.07
PO0005470,S002,P0037,WH01,2025-04-13,2025-04-22,2025-04-22,71,66,1511.38,107308.11
PO0005471,S002,P0037,WH05,2025-04-13,2025-04-19,2025-04-19,86,82,1578.67,135765.61
PO0005472,S008,P0038,WH04,2025-04-13,2025-04-16,2025-04-17,115,110,1788.55,205683.8
PO0005473,S002,P0039,WH01,2025-04-13,2025-04-19,2025-04-19,74,70,467.53,34597.12
PO0005474,S012,P0040,WH03,2025-04-13,2025-04-24,2025-04-26,55,51,707.61,38918.77
PO0005475,S008,P0004,WH05,2025-04-14,2025-04-17,2025-04-17,173,155,1592.89,275570.74
PO0005476,S010,P0009,WH01,2025-04-14,2025-04-24,2025-04-26,50,50,2328.62,116431.02
PO0005477,S010,P0014,WH03,2025-04-14,2025-04-22,2025-04-25,402,398,1969.63,791792.76
PO0005478,S010,P0014,WH04,2025-04-14,2025-04-22,2025-04-23,233,229,2008.75,468037.87
PO0005479,S010,P0021,WH04,2025-04-14,2025-04-21,2025-04-21,164,160,707.27,115991.57
PO0005480,S009,P0022,WH01,2025-04-14,2025-04-24,2025-04-26,50,46,477.27,23863.75
PO0005481,S009,P0022,WH02,2025-04-14,2025-04-22,2025-04-22,87,82,460.71,40081.91
PO0005482,S006,P0023,WH02,2025-04-14,2025-04-22,2025-04-24,86,86,719.46,61873.45
PO0005483,S009,P0030,WH01,2025-04-14,2025-04-21,2025-04-21,139,131,2560.15,355861.33
PO0005484,S009,P0032,WH05,2025-04-14,2025-04-23,2025-04-24,261,239,1672.14,436428.97
PO0005485,S009,P0035,WH03,2025-04-14,2025-04-20,2025-04-23,203,187,1539.66,312551.18
PO0005486,S002,P0037,WH01,2025-04-14,2025-04-22,2025-04-24,90,84,1504.41,135397.34
PO0005487,S008,P0004,WH05,2025-04-15,2025-04-17,2025-04-17,156,146,1619.36,252620.4
PO0005488,S009,P0005,WH05,2025-04-15,2025-04-24,2025-04-25,53,48,1199.27,63561.25
PO0005489,S007,P0010,WH02,2025-04-15,2025-04-21,2025-04-21,64,62,2746.7,175788.61
PO0005490,S007,P0013,WH02,2025-04-15,2025-04-18,2025-04-19,55,53,2596.15,142788.37
PO0005491,S004,P0015,WH04,2025-04-15,2025-04-23,2025-04-25,90,86,238.36,21452.04
PO0005492,S012,P0016,WH05,2025-04-15,2025-04-26,2025-04-26,228,223,886.23,202061.0
PO0005493,S008,P0019,WH03,2025-04-15,2025-04-19,2025-04-20,232,216,1949.95,452388.58
PO0005494,S009,P0022,WH02,2025-04-15,2025-04-22,2025-04-25,53,52,427.09,22635.96
PO0005495,S006,P0025,WH01,2025-04-15,2025-04-21,2025-04-21,191,188,1403.25,268021.48
PO0005496,S006,P0025,WH03,2025-04-15,2025-04-21,2025-04-21,178,174,1447.47,257649.2
PO0005497,S006,P0028,WH02,2025-04-15,2025-04-18,2025-04-18,222,217,3356.16,745067.4
PO0005498,S009,P0030,WH04,2025-04-15,2025-04-22,2025-04-24,192,183,2518.39,483530.45
PO0005499,S002,P0037,WH01,2025-04-15,2025-04-22,2025-04-22,98,95,1572.61,154115.43
PO0005500,S012,P0040,WH04,2025-04-15,2025-04-28,2025-04-28,50,47,759.47,37973.53
PO0005501,S009,P0005,WH05,2025-04-16,2025-04-26,2025-04-28,75,72,1189.49,89211.68
PO0005502,S010,P0009,WH02,2025-04-16,2025-04-24,2025-04-24,65,62,2352.33,152901.35
PO0005503,S004,P0015,WH03,2025-04-16,2025-04-21,2025-04-21,137,131,241.2,33044.02
PO0005504,S011,P0017,WH03,2025-04-16,2025-04-20,2025-04-20,324,299,923.59,299244.72
PO0005505,S009,P0022,WH01,2025-04-16,2025-04-23,2025-04-23,50,46,427.67,21383.38
PO0005506,S006,P0025,WH01,2025-04-16,2025-04-23,2025-04-23,179,174,1462.99,261875.87
PO0005507,S002,P0027,WH01,2025-04-16,2025-04-24,2025-04-25,150,134,573.28,85991.85
PO0005508,S006,P0028,WH02,2025-04-16,2025-04-24,2025-04-24,189,187,3096.7,585275.37
PO0005509,S004,P0029,WH01,2025-04-16,2025-04-20,2025-04-20,282,270,3277.8,924338.49
PO0005510,S009,P0030,WH01,2025-04-16,2025-04-24,2025-04-27,126,119,2486.43,313289.62
PO0005511,S009,P0035,WH01,2025-04-16,2025-04-25,2025-04-25,157,147,1508.53,236839.63
PO0005512,S009,P0035,WH05,2025-04-16,2025-04-24,2025-04-25,118,108,1561.26,184228.86
PO0005513,S009,P0005,WH02,2025-04-17,2025-04-27,2025-04-30,66,60,1178.71,77794.89
PO0005514,S009,P0005,WH05,2025-04-17,2025-04-25,2025-04-25,73,66,1130.69,82540.15
PO0005515,S010,P0009,WH01,2025-04-17,2025-04-27,2025-04-28,58,58,2272.47,131803.17
PO0005516,S010,P0009,WH02,2025-04-17,2025-04-26,2025-04-28,72,72,2451.8,176529.36
PO0005517,S007,P0013,WH02,2025-04-17,2025-04-23,2025-04-23,52,47,2789.88,145073.89
PO0005518,S011,P0017,WH03,2025-04-17,2025-04-24,2025-04-24,411,394,954.49,392295.11
PO0005519,S010,P0021,WH04,2025-04-17,2025-04-27,2025-04-29,171,168,751.78,128554.36
PO0005520,S009,P0022,WH01,2025-04-17,2025-04-23,2025-04-23,64,61,427.87,27383.65
PO0005521,S006,P0025,WH01,2025-04-17,2025-04-24,2025-04-29,154,153,1489.59,229397.34
PO0005522,S002,P0027,WH01,2025-04-17,2025-04-25,2025-04-25,203,191,565.8,114856.48
PO0005523,S006,P0028,WH02,2025-04-17,2025-04-24,2025-04-24,213,208,3305.18,704003.18
PO0005524,S009,P0030,WH01,2025-04-17,2025-04-25,2025-04-28,214,202,2614.04,559404.32
PO0005525,S004,P0033,WH04,2025-04-17,2025-04-23,2025-04-26,81,81,2174.31,176118.91
PO0005526,S012,P0040,WH04,2025-04-17,2025-04-29,2025-05-01,50,49,701.97,35098.43
PO0005527,S004,P0007,WH01,2025-04-18,2025-04-25,2025-04-25,115,107,2304.99,265073.28
PO0005528,S004,P0007,WH05,2025-04-18,2025-04-24,2025-04-24,179,169,2497.49,447050.05
PO0005529,S007,P0011,WH03,2025-04-18,2025-04-23,2025-04-24,155,148,617.43,95701.09
PO0005530,S011,P0012,WH03,2025-04-18,2025-04-23,2025-04-25,80,78,2336.77,186941.73
PO0005531,S006,P0025,WH01,2025-04-18,2025-04-25,2025-04-25,168,167,1351.55,227060.39
PO0005532,S002,P0027,WH05,2025-04-18,2025-04-26,2025-04-26,197,186,566.59,111617.85
PO0005533,S004,P0029,WH01,2025-04-18,2025-04-26,2025-04-27,238,224,3223.18,767117.81
PO0005534,S004,P0033,WH04,2025-04-18,2025-04-23,2025-04-25,135,130,2065.56,278850.56
PO0005535,S008,P0036,WH05,2025-04-18,2025-04-21,2025-04-22,288,269,2171.32,625338.81
PO0005536,S002,P0037,WH05,2025-04-18,2025-04-22,2025-04-22,85,81,1547.68,131552.42
PO0005537,S008,P0004,WH03,2025-04-19,2025-04-23,2025-04-28,199,185,1525.23,303520.54
PO0005538,S009,P0005,WH04,2025-04-19,2025-04-25,2025-04-25,50,46,1165.12,58256.06
PO0005539,S010,P0009,WH01,2025-04-19,2025-04-30,2025-04-30,52,52,2372.03,123345.8
PO0005540,S010,P0009,WH05,2025-04-19,2025-04-29,2025-04-30,80,79,2408.58,192686.03
PO0005541,S007,P0010,WH02,2025-04-19,2025-04-24,2025-04-24,90,82,2713.2,244188.36
PO0005542,S007,P0011,WH03,2025-04-19,2025-04-25,2025-04-28,142,134,641.49,91091.56
PO0005543,S007,P0011,WH05,2025-04-19,2025-04-23,2025-04-24,136,129,625.99,85135.12
PO0005544,S011,P0012,WH03,2025-04-19,2025-04-22,2025-04-22,78,75,2410.47,188016.34
PO0005545,S004,P0015,WH04,2025-04-19,2025-04-25,2025-04-25,75,72,264.16,19812.06
PO0005546,S010,P0021,WH04,2025-04-19,2025-04-29,2025-04-29,125,124,693.06,86632.59
PO0005547,S004,P0029,WH01,2025-04-19,2025-04-22,2025-04-27,253,237,3247.17,821534.69
PO0005548,S009,P0035,WH05,2025-04-19,2025-04-29,2025-04-29,156,149,1506.61,235031.73
PO0005549,S008,P0036,WH05,2025-04-19,2025-04-25,2025-04-26,265,240,2158.35,571961.82
PO0005550,S012,P0040,WH03,2025-04-19,2025-04-29,2025-04-30,67,65,740.9,49640.6
PO0005551,S012,P0040,WH04,2025-04-19,2025-04-29,2025-04-29,50,49,715.16,35758.15
PO0005552,S008,P0004,WH03,2025-04-20,2025-04-23,2025-04-25,328,302,1659.91,544449.16
PO0005553,S010,P0009,WH04,2025-04-20,2025-04-29,2025-04-29,50,50,2400.34,120017.19
PO0005554,S007,P0011,WH05,2025-04-20,2025-04-24,2025-04-24,108,106,593.42,64089.17
PO0005555,S011,P0012,WH04,2025-04-20,2025-04-24,2025-04-24,50,45,2300.4,115020.06
PO0005556,S004,P0015,WH04,2025-04-20,2025-04-26,2025-04-26,115,110,254.06,29217.05
PO0005557,S012,P0016,WH01,2025-04-20,2025-05-01,2025-05-01,185,183,841.76,155725.71
PO0005558,S006,P0020,WH03,2025-04-20,2025-04-27,2025-04-27,263,258,2282.29,600242.48
PO0005559,S010,P0021,WH04,2025-04-20,2025-04-28,2025-05-03,197,196,698.71,137646.26
PO0005560,S009,P0022,WH01,2025-04-20,2025-04-30,2025-04-30,50,46,469.47,23473.68
PO0005561,S009,P0035,WH01,2025-04-20,2025-04-28,2025-04-28,143,133,1647.04,235526.85
PO0005562,S008,P0036,WH05,2025-04-20,2025-04-25,2025-04-25,245,229,2163.24,529993.22
PO0005563,S009,P0005,WH02,2025-04-21,2025-05-01,2025-05-02,74,73,1129.86,83609.4
PO0005564,S010,P0009,WH04,2025-04-21,2025-04-30,2025-04-30,72,72,2470.64,177885.98
PO0005565,S004,P0015,WH02,2025-04-21,2025-04-28,2025-04-28,158,153,262.84,41528.31
PO0005566,S012,P0016,WH01,2025-04-21,2025-05-02,2025-05-03,193,183,896.55,173034.96
PO0005567,S011,P0017,WH02,2025-04-21,2025-04-24,2025-04-25,220,208,970.79,213574.25
PO0005568,S006,P0020,WH03,2025-04-21,2025-04-28,2025-04-28,153,151,2466.05,377305.06
PO0005569,S006,P0023,WH01,2025-04-21,2025-04-26,2025-04-27,61,61,726.2,44297.97
PO0005570,S012,P0026,WH02,2025-04-21,2025-05-01,2025-05-02,321,308,2253.69,723433.41
PO0005571,S012,P0026,WH03,2025-04-21,2025-05-02,2025-05-04,273,264,2259.84,616936.78
PO0005572,S012,P0040,WH04,2025-04-21,2025-04-28,2025-04-29,50,50,697.03,34851.49
PO0005573,S012,P0040,WH05,2025-04-21,2025-05-05,2025-05-06,50,50,703.02,35151.06
PO0005574,S009,P0001,WH03,2025-04-22,2025-05-01,2025-05-02,251,241,1439.06,361203.34
PO0005575,S008,P0004,WH02,2025-04-22,2025-04-24,2025-04-24,273,255,1591.94,434598.31
PO0005576,S004,P0007,WH01,2025-04-22,2025-04-30,2025-05-02,124,121,2311.01,286565.14
PO0005577,S010,P0009,WH01,2025-04-22,2025-05-01,2025-05-01,56,54,2451.34,137275.22
PO0005578,S011,P0012,WH05,2025-04-22,2025-04-28,2025-04-29,56,54,2382.1,133397.87
PO0005579,S004,P0015,WH02,2025-04-22,2025-04-30,2025-04-30,84,82,251.79,21150.32
PO0005580,S011,P0017,WH02,2025-04-22,2025-04-24,2025-04-24,337,314,984.77,331866.46
PO0005581,S006,P0018,WH02,2025-04-22,2025-04-29,2025-04-29,97,97,1147.59,111315.94
PO0005582,S010,P0021,WH05,2025-04-22,2025-05-03,2025-05-03,146,143,698.98,102050.99
PO0005583,S002,P0027,WH05,2025-04-22,2025-04-30,2025-05-02,195,183,576.51,112419.12
PO0005584,S004,P0031,WH02,2025-04-22,2025-04-29,2025-04-29,50,44,492.52,24626.02
PO0005585,S009,P0035,WH05,2025-04-22,2025-04-28,2025-04-29,164,155,1650.55,270690.15
PO0005586,S002,P0039,WH03,2025-04-22,2025-04-28,2025-04-28,73,68,475.17,34687.53
PO0005587,S006,P0003,WH01,2025-04-23,2025-04-28,2025-04-28,176,172,927.38,163219.14
PO0005588,S008,P0004,WH02,2025-04-23,2025-04-27,2025-04-28,189,176,1575.3,297732.43
PO0005589,S009,P0005,WH04,2025-04-23,2025-05-03,2025-05-03,62,57,1127.01,69874.77
PO0005590,S009,P0005,WH05,2025-04-23,2025-04-30,2025-05-02,69,68,1199.21,82745.54
PO0005591,S010,P0009,WH01,2025-04-23,2025-05-05,2025-05-05,50,48,2329.18,116459.02
PO0005592,S011,P0017,WH02,2025-04-23,2025-04-25,2025-04-25,216,208,957.2,206754.17
PO0005593,S009,P0022,WH03,2025-04-23,2025-05-02,2025-05-02,86,79,439.15,37766.71
PO0005594,S002,P0027,WH05,2025-04-23,2025-04-30,2025-04-30,161,149,568.57,91540.4
PO0005595,S004,P0029,WH04,2025-04-23,2025-05-02,2025-05-04,305,286,3346.05,1020543.9
PO0005596,S004,P0029,WH05,2025-04-23,2025-04-30,2025-04-30,275,265,3371.53,927171.81
PO0005597,S004,P0033,WH02,2025-04-23,2025-04-29,2025-04-29,168,161,2170.26,364603.93
PO0005598,S008,P0036,WH02,2025-04-23,2025-04-26,2025-04-26,303,278,2120.38,642474.63
PO0005599,S009,P0005,WH05,2025-04-24,2025-05-03,2025-05-03,84,81,1155.44,97056.59
PO0005600,S004,P0007,WH01,2025-04-24,2025-04-29,2025-04-29,114,107,2529.04,288311.05
PO0005601,S004,P0007,WH03,2025-04-24,2025-05-01,2025-05-02,245,231,2468.51,604785.01
PO0005602,S004,P0015,WH02,2025-04-24,2025-05-01,2025-05-01,160,153,249.27,39883.82
PO0005603,S011,P0017,WH01,2025-04-24,2025-04-30,2025-05-03,213,199,938.66,199933.9
PO0005604,S011,P0017,WH05,2025-04-24,2025-04-27,2025-04-27,244,231,894.98,218375.45
PO0005605,S008,P0019,WH04,2025-04-24,2025-04-28,2025-04-29,175,162,2098.12,367171.6
PO0005606,S009,P0022,WH03,2025-04-24,2025-05-02,2025-05-02,85,80,453.8,38572.81
PO0005607,S006,P0023,WH01,2025-04-24,2025-05-03,2025-05-03,78,77,690.34,53846.45
PO0005608,S006,P0023,WH05,2025-04-24,2025-05-02,2025-05-02,80,79,668.6,53488.11
PO0005609,S006,P0024,WH03,2025-04-24,2025-05-02,2025-05-03,53,53,684.72,36290.24
PO0005610,S012,P0026,WH02,2025-04-24,2025-05-05,2025-05-07,298,288,2230.77,664768.84
PO0005611,S002,P0027,WH01,2025-04-24,2025-04-30,2025-05-03,182,170,548.25,99781.66
PO0005612,S004,P0029,WH05,2025-04-24,2025-05-03,2025-05-04,255,246,3345.3,853051.19
PO0005613,S004,P0031,WH02,2025-04-24,2025-04-29,2025-04-29,57,55,450.31,25667.91
PO0005614,S009,P0035,WH01,2025-04-24,2025-05-02,2025-05-04,125,116,1514.73,189341.75
PO0005615,S009,P0035,WH04,2025-04-24,2025-05-04,2025-05-09,159,151,1547.87,246112.12
PO0005616,S002,P0039,WH03,2025-04-24,2025-05-02,2025-05-02,108,101,486.52,52543.95
PO0005617,S012,P0040,WH05,2025-04-24,2025-05-05,2025-05-06,50,50,714.27,35713.73
PO0005618,S009,P0005,WH02,2025-04-25,2025-05-04,2025-05-04,98,96,1248.87,122388.86
PO0005619,S004,P0007,WH03,2025-04-25,2025-05-01,2025-05-01,263,249,2504.41,658658.54
PO0005620,S011,P0012,WH02,2025-04-25,2025-04-29,2025-04-29,50,46,2346.48,117324.18
PO0005621,S011,P0017,WH01,2025-04-25,2025-04-29,2025-04-29,257,234,964.88,247973.15
PO0005622,S011,P0017,WH05,2025-04-25,2025-05-02,2025-05-02,173,163,879.36,152129.15
PO0005623,S006,P0020,WH03,2025-04-25,2025-05-01,2025-05-02,184,180,2504.43,460814.31
PO0005624,S009,P0022,WH03,2025-04-25,2025-05-05,2025-05-08,67,62,462.07,30958.57
PO0005625,S012,P0026,WH02,2025-04-25,2025-05-06,2025-05-06,228,224,2339.39,533380.18
PO0005626,S012,P0026,WH03,2025-04-25,2025-05-05,2025-05-05,308,296,2313.08,712429.48
PO0005627,S004,P0029,WH04,2025-04-25,2025-04-30,2025-04-30,293,283,3587.56,1051154.27
PO0005628,S009,P0035,WH04,2025-04-25,2025-05-02,2025-05-03,143,139,1656.44,236871.2
PO0005629,S006,P0003,WH01,2025-04-26,2025-04-30,2025-04-30,157,155,890.79,139854.63
PO0005630,S008,P0004,WH04,2025-04-26,2025-05-01,2025-05-01,196,181,1544.5,302721.21
PO0005631,S007,P0010,WH05,2025-04-26,2025-05-03,2025-05-03,69,65,2917.88,201333.81
PO0005632,S012,P0016,WH01,2025-04-26,2025-05-05,2025-05-05,261,255,916.76,239273.93
PO0005633,S011,P0017,WH05,2025-04-26,2025-04-30,2025-04-30,307,290,889.37,273035.45
PO0005634,S006,P0018,WH02,2025-04-26,2025-05-04,2025-05-04,100,98,1085.28,108528.4
PO0005635,S008,P0019,WH01,2025-04-26,2025-05-02,2025-05-02,210,193,1931.29,405570.9
PO0005636,S008,P0019,WH04,2025-04-26,2025-04-28,2025-04-28,137,131,1932.33,264729.81
PO0005637,S006,P0020,WH03,2025-04-26,2025-05-01,2025-05-01,255,253,2360.8,602002.77
PO0005638,S010,P0021,WH05,2025-04-26,2025-05-06,2025-05-06,175,174,713.53,124868.12
PO0005639,S004,P0029,WH04,2025-04-26,2025-05-01,2025-05-01,214,199,3387.08,724834.34
PO0005640,S008,P0004,WH04,2025-04-27,2025-05-01,2025-05-01,187,173,1607.8,300658.68
PO0005641,S011,P0012,WH02,2025-04-27,2025-04-29,2025-04-29,50,46,2424.28,121213.78
PO0005642,S008,P0019,WH04,2025-04-27,2025-05-01,2025-05-01,171,157,2129.13,364081.09
PO0005643,S006,P0020,WH05,2025-04-27,2025-05-04,2025-05-04,204,202,2434.0,496536.41
PO0005644,S010,P0021,WH01,2025-04-27,2025-05-05,2025-05-05,160,160,696.43,111429.18
PO0005645,S006,P0024,WH03,2025-04-27,2025-05-03,2025-05-03,58,55,689.34,39981.81
PO0005646,S012,P0026,WH03,2025-04-27,2025-05-08,2025-05-10,237,232,2258.68,535307.72
PO0005647,S004,P0031,WH02,2025-04-27,2025-05-03,2025-05-06,50,48,486.93,24346.57
PO0005648,S002,P0039,WH03,2025-04-27,2025-05-04,2025-05-04,115,107,476.02,54742.43
PO0005649,S009,P0001,WH05,2025-04-28,2025-05-08,2025-05-08,138,127,1440.93,198848.49
PO0005650,S011,P0006,WH03,2025-04-28,2025-05-04,2025-05-07,50,46,2938.66,146932.97
PO0005651,S011,P0012,WH04,2025-04-28,2025-05-01,2025-05-01,57,54,2484.83,141635.37
PO0005652,S011,P0012,WH05,2025-04-28,2025-05-01,2025-05-01,56,56,2528.83,141614.33
PO0005653,S007,P0013,WH03,2025-04-28,2025-05-01,2025-05-02,67,62,2843.8,190534.7
PO0005654,S012,P0016,WH01,2025-04-28,2025-05-10,2025-05-12,206,202,876.97,180655.42
PO0005655,S011,P0017,WH01,2025-04-28,2025-05-03,2025-05-05,207,198,986.33,204171.15
PO0005656,S009,P0022,WH03,2025-04-28,2025-05-08,2025-05-08,52,51,450.01,23400.78
PO0005657,S009,P0022,WH04,2025-04-28,2025-05-08,2025-05-08,50,48,450.34,22516.99
PO0005658,S012,P0026,WH02,2025-04-28,2025-05-07,2025-05-07,393,390,2359.16,927148.72
PO0005659,S006,P0028,WH03,2025-04-28,2025-05-06,2025-05-07,220,219,3275.24,720553.73
PO0005660,S008,P0038,WH01,2025-04-28,2025-05-01,2025-05-01,141,130,1732.68,244308.22
PO0005661,S009,P0001,WH03,2025-04-29,2025-05-07,2025-05-07,231,215,1434.64,331400.76
PO0005662,S009,P0002,WH02,2025-04-29,2025-05-07,2025-05-07,224,208,748.36,167632.46
PO0005663,S011,P0006,WH01,2025-04-29,2025-05-01,2025-05-02,50,46,2846.51,142325.74
PO0005664,S011,P0006,WH03,2025-04-29,2025-05-04,2025-05-04,58,56,2988.47,173331.25
PO0005665,S004,P0007,WH03,2025-04-29,2025-05-02,2025-05-03,262,251,2573.77,674327.87
PO0005666,S011,P0012,WH04,2025-04-29,2025-05-03,2025-05-03,50,44,2499.94,124997.05
PO0005667,S012,P0016,WH01,2025-04-29,2025-05-09,2025-05-12,233,225,872.3,203246.35
PO0005668,S008,P0019,WH01,2025-04-29,2025-05-02,2025-05-02,192,180,1973.4,378892.12
PO0005669,S008,P0019,WH02,2025-04-29,2025-05-04,2025-05-04,269,254,1946.27,523546.76
PO0005670,S008,P0019,WH03,2025-04-29,2025-05-03,2025-05-04,169,159,2088.27,352917.61
PO0005671,S012,P0026,WH02,2025-04-29,2025-05-10,2025-05-10,389,376,2395.15,931712.2
PO0005672,S006,P0028,WH03,2025-04-29,2025-05-05,2025-05-05,308,306,3102.07,955436.57
PO0005673,S004,P0029,WH04,2025-04-29,2025-05-05,2025-05-05,267,253,3301.82,881585.57
PO0005674,S004,P0029,WH05,2025-04-29,2025-05-05,2025-05-08,247,230,3465.74,856037.93
PO0005675,S004,P0031,WH04,2025-04-29,2025-05-06,2025-05-07,50,49,495.9,24794.84
PO0005676,S008,P0038,WH01,2025-04-29,2025-05-01,2025-05-01,151,139,1792.63,270687.78
PO0005677,S009,P0001,WH05,2025-04-30,2025-05-07,2025-05-07,144,137,1317.38,189702.06
PO0005678,S006,P0003,WH03,2025-04-30,2025-05-06,2025-05-06,252,250,962.41,242527.01
PO0005679,S008,P0004,WH01,2025-04-30,2025-05-04,2025-05-04,198,188,1674.52,331555.66
PO0005680,S008,P0004,WH04,2025-04-30,2025-05-03,2025-05-08,188,179,1695.36,318727.82
PO0005681,S011,P0006,WH01,2025-04-30,2025-05-03,2025-05-05,50,48,2967.75,148387.51
PO0005682,S011,P0006,WH03,2025-04-30,2025-05-03,2025-05-03,50,50,2859.85,142992.7
PO0005683,S011,P0006,WH05,2025-04-30,2025-05-05,2025-05-05,50,49,2913.85,145692.4
PO0005684,S012,P0016,WH01,2025-04-30,2025-05-09,2025-05-09,207,203,913.39,189071.21
PO0005685,S012,P0016,WH02,2025-04-30,2025-05-09,2025-05-10,290,284,915.09,265377.23
PO0005686,S008,P0019,WH02,2025-04-30,2025-05-04,2025-05-06,299,276,2036.43,608893.41
PO0005687,S008,P0019,WH03,2025-04-30,2025-05-04,2025-05-05,317,296,2104.22,667038.79
PO0005688,S006,P0020,WH05,2025-04-30,2025-05-06,2025-05-08,216,212,2500.78,540167.95
PO0005689,S012,P0026,WH01,2025-04-30,2025-05-08,2025-05-10,291,282,2284.67,664839.19
PO0005690,S008,P0038,WH04,2025-04-30,2025-05-02,2025-05-02,152,144,1872.49,284618.48
PO0005691,S002,P0039,WH05,2025-04-30,2025-05-07,2025-05-07,51,49,476.11,24281.68
PO0005692,S009,P0001,WH03,2025-05-01,2025-05-11,2025-05-11,290,276,1388.74,402733.67
PO0005693,S011,P0012,WH01,2025-05-01,2025-05-05,2025-05-08,50,46,2511.76,125588.19
PO0005694,S007,P0013,WH03,2025-05-01,2025-05-05,2025-05-05,56,54,2655.5,148708.02
PO0005695,S012,P0016,WH02,2025-05-01,2025-05-12,2025-05-13,349,327,865.25,301972.65
PO0005696,S006,P0024,WH04,2025-05-01,2025-05-07,2025-05-07,50,50,694.94,34747.21
PO0005697,S006,P0028,WH03,2025-05-01,2025-05-07,2025-05-07,181,180,3157.23,571457.94
PO0005698,S002,P0037,WH03,2025-05-01,2025-05-08,2025-05-10,98,96,1582.35,155070.49
PO0005699,S008,P0038,WH05,2025-05-01,2025-05-03,2025-05-03,100,97,1906.11,190610.95
PO0005700,S002,P0039,WH01,2025-05-01,2025-05-06,2025-05-06,82,79,520.24,42659.33
PO0005701,S009,P0002,WH01,2025-05-02,2025-05-10,2025-05-11,145,138,813.5,117957.44
PO0005702,S011,P0006,WH05,2025-05-02,2025-05-06,2025-05-06,50,49,2944.74,147236.87
PO0005703,S004,P0007,WH04,2025-05-02,2025-05-09,2025-05-09,150,140,2580.29,387043.97
PO0005704,S012,P0016,WH02,2025-05-02,2025-05-14,2025-05-16,244,240,829.19,202323.21
PO0005705,S010,P0021,WH01,2025-05-02,2025-05-07,2025-05-07,120,118,745.77,89492.64
PO0005706,S010,P0021,WH03,2025-05-02,2025-05-09,2025-05-10,164,162,743.77,121978.69
PO0005707,S010,P0021,WH05,2025-05-02,2025-05-09,2025-05-09,230,226,751.62,172871.62
PO0005708,S009,P0022,WH04,2025-05-02,2025-05-06,2025-05-06,50,50,451.85,22592.63
PO0005709,S002,P0027,WH02,2025-05-02,2025-05-09,2025-05-10,224,210,565.47,126664.51
PO0005710,S006,P0028,WH03,2025-05-02,2025-05-09,2025-05-09,201,201,3274.0,658074.21
PO0005711,S009,P0032,WH05,2025-05-02,2025-05-12,2025-05-12,151,136,1737.13,262306.91
PO0005712,S002,P0039,WH05,2025-05-02,2025-05-07,2025-05-08,57,53,473.27,26976.37
PO0005713,S009,P0002,WH02,2025-05-03,2025-05-13,2025-05-14,200,188,755.46,151092.43
PO0005714,S011,P0006,WH05,2025-05-03,2025-05-05,2025-05-10,50,46,2855.45,142772.75
PO0005715,S007,P0011,WH04,2025-05-03,2025-05-07,2025-05-07,74,71,611.86,45277.62
PO0005716,S008,P0019,WH03,2025-05-03,2025-05-07,2025-05-07,257,239,2084.86,535808.2
PO0005717,S009,P0022,WH04,2025-05-03,2025-05-12,2025-05-17,50,47,442.79,22139.47
PO0005718,S012,P0026,WH05,2025-05-03,2025-05-14,2025-05-14,307,296,2169.3,665976.33
PO0005719,S002,P0027,WH04,2025-05-03,2025-05-07,2025-05-07,134,124,532.92,71411.05
PO0005720,S009,P0032,WH04,2025-05-03,2025-05-12,2025-05-13,235,224,1759.65,413517.1
PO0005721,S009,P0035,WH03,2025-05-03,2025-05-10,2025-05-10,179,173,1648.04,295000.05
PO0005722,S002,P0039,WH01,2025-05-03,2025-05-08,2025-05-08,85,81,495.47,42115.1
PO0005723,S002,P0039,WH05,2025-05-03,2025-05-11,2025-05-11,79,75,470.56,37173.96
PO0005724,S009,P0002,WH01,2025-05-04,2025-05-13,2025-05-18,206,198,811.68,167206.93
PO0005725,S006,P0003,WH04,2025-05-04,2025-05-11,2025-05-11,205,203,905.21,185567.96
PO0005726,S011,P0006,WH02,2025-05-04,2025-05-08,2025-05-10,50,46,2960.3,148014.76
PO0005727,S011,P0006,WH05,2025-05-04,2025-05-09,2025-05-09,50,46,2693.03,134651.65
PO0005728,S011,P0012,WH01,2025-05-04,2025-05-06,2025-05-06,50,44,2260.17,113008.35
PO0005729,S012,P0016,WH04,2025-05-04,2025-05-16,2025-05-16,274,266,912.32,249976.5
PO0005730,S009,P0022,WH04,2025-05-04,2025-05-13,2025-05-13,62,57,439.87,27271.84
PO0005731,S012,P0026,WH04,2025-05-04,2025-05-13,2025-05-14,195,183,2293.71,447273.81
PO0005732,S002,P0027,WH04,2025-05-04,2025-05-09,2025-05-09,224,207,520.01,116481.74
PO0005733,S004,P0031,WH04,2025-05-04,2025-05-11,2025-05-11,50,49,460.98,23048.78
PO0005734,S009,P0032,WH04,2025-05-04,2025-05-13,2025-05-13,271,253,1733.77,469851.64
PO0005735,S009,P0032,WH05,2025-05-04,2025-05-12,2025-05-12,152,139,1607.33,244314.33
PO0005736,S008,P0036,WH04,2025-05-04,2025-05-09,2025-05-09,150,139,2030.77,304615.74
PO0005737,S012,P0040,WH05,2025-05-04,2025-05-15,2025-05-17,62,62,752.58,46660.01
PO0005738,S009,P0001,WH05,2025-05-05,2025-05-12,2025-05-12,130,121,1333.21,173317.49
PO0005739,S009,P0002,WH01,2025-05-05,2025-05-14,2025-05-16,181,167,806.62,145998.2
PO0005740,S004,P0007,WH04,2025-05-05,2025-05-12,2025-05-13,146,140,2502.9,365422.71
PO0005741,S007,P0011,WH04,2025-05-05,2025-05-10,2025-05-11,127,120,591.56,75128.26
PO0005742,S006,P0020,WH01,2025-05-05,2025-05-10,2025-05-11,174,174,2366.49,411770.08
PO0005743,S002,P0027,WH02,2025-05-05,2025-05-09,2025-05-09,272,254,556.29,151311.1
PO0005744,S004,P0031,WH03,2025-05-05,2025-05-12,2025-05-13,50,48,462.36,23118.23
PO0005745,S002,P0039,WH04,2025-05-05,2025-05-12,2025-05-17,88,83,479.57,42201.87
PO0005746,S009,P0002,WH02,2025-05-06,2025-05-17,2025-05-18,171,167,795.05,135953.36
PO0005747,S006,P0003,WH04,2025-05-06,2025-05-13,2025-05-14,120,119,876.45,105174.18
PO0005748,S010,P0008,WH02,2025-05-06,2025-05-13,2025-05-13,166,164,772.65,128259.14
PO0005749,S012,P0016,WH02,2025-05-06,2025-05-17,2025-05-19,379,368,854.41,323819.59
PO0005750,S010,P0021,WH03,2025-05-06,2025-05-15,2025-05-15,186,183,677.29,125976.71
PO0005751,S006,P0024,WH04,2025-05-06,2025-05-11,2025-05-11,50,50,658.65,32932.29
PO0005752,S006,P0025,WH02,2025-05-06,2025-05-13,2025-05-13,167,163,1508.72,251956.29
PO0005753,S012,P0026,WH01,2025-05-06,2025-05-15,2025-05-20,193,188,2258.04,435802.11
PO0005754,S009,P0030,WH03,2025-05-06,2025-05-13,2025-05-13,183,171,2487.03,455125.81
PO0005755,S004,P0031,WH03,2025-05-06,2025-05-11,2025-05-11,50,47,479.29,23964.7
PO0005756,S009,P0032,WH05,2025-05-06,2025-05-14,2025-05-14,271,255,1617.95,438465.25
PO0005757,S002,P0037,WH03,2025-05-06,2025-05-12,2025-05-15,83,78,1558.3,129339.14
PO0005758,S002,P0039,WH04,2025-05-06,2025-05-14,2025-05-14,50,48,525.29,26264.49
PO0005759,S002,P0039,WH05,2025-05-06,2025-05-10,2025-05-12,59,55,516.19,30455.19
PO0005760,S006,P0003,WH04,2025-05-07,2025-05-12,2025-05-17,120,117,917.51,110101.28
PO0005761,S004,P0007,WH04,2025-05-07,2025-05-14,2025-05-14,190,178,2472.49,469773.01
PO0005762,S007,P0010,WH01,2025-05-07,2025-05-09,2025-05-09,50,49,2893.76,144687.95
PO0005763,S011,P0017,WH04,2025-05-07,2025-05-10,2025-05-11,232,222,984.87,228488.91
PO0005764,S012,P0026,WH05,2025-05-07,2025-05-18,2025-05-18,225,219,2293.08,515943.7
PO0005765,S009,P0032,WH02,2025-05-07,2025-05-14,2025-05-16,221,211,1598.99,353375.82
PO0005766,S011,P0006,WH02,2025-05-08,2025-05-12,2025-05-14,50,46,2818.03,140901.37
PO0005767,S010,P0008,WH02,2025-05-08,2025-05-15,2025-05-17,149,147,846.34,126105.16
PO0005768,S007,P0011,WH01,2025-05-08,2025-05-10,2025-05-10,63,58,592.92,37354.09
PO0005769,S011,P0017,WH04,2025-05-08,2025-05-10,2025-05-13,179,172,939.81,168226.07
PO0005770,S010,P0021,WH03,2025-05-08,2025-05-17,2025-05-20,243,242,707.63,171953.75
PO0005771,S006,P0023,WH04,2025-05-08,2025-05-16,2025-05-16,59,58,675.92,39879.39
PO0005772,S006,P0024,WH01,2025-05-08,2025-05-16,2025-05-16,50,49,687.79,34389.32
PO0005773,S009,P0032,WH02,2025-05-08,2025-05-15,2025-05-17,321,302,1591.46,510858.73
PO0005774,S006,P0034,WH02,2025-05-08,2025-05-15,2025-05-15,50,49,2859.98,142999.21
PO0005775,S009,P0035,WH02,2025-05-08,2025-05-17,2025-05-17,232,217,1662.89,385791.62
PO0005776,S002,P0037,WH03,2025-05-08,2025-05-15,2025-05-15,112,105,1603.6,179603.26
PO0005777,S008,P0038,WH03,2025-05-08,2025-05-11,2025-05-11,142,131,1793.55,254684.78
PO0005778,S009,P0002,WH03,2025-05-09,2025-05-19,2025-05-19,330,302,779.25,257150.95
PO0005779,S012,P0016,WH02,2025-05-09,2025-05-18,2025-05-18,230,223,875.41,201345.23
PO0005780,S006,P0023,WH04,2025-05-09,2025-05-18,2025-05-23,55,55,690.16,37958.89
PO0005781,S006,P0025,WH02,2025-05-09,2025-05-14,2025-05-15,178,175,1505.33,267947.85
PO0005782,S012,P0026,WH01,2025-05-09,2025-05-20,2025-05-22,211,203,2333.37,492340.31
PO0005783,S012,P0026,WH05,2025-05-09,2025-05-19,2025-05-19,188,185,2384.92,448364.73
PO0005784,S004,P0031,WH03,2025-05-09,2025-05-13,2025-05-13,63,61,447.34,28182.27
PO0005785,S009,P0032,WH02,2025-05-09,2025-05-18,2025-05-18,290,270,1634.64,474044.87
PO0005786,S006,P0034,WH02,2025-05-09,2025-05-13,2025-05-16,53,53,2879.87,152633.07
PO0005787,S009,P0002,WH03,2025-05-10,2025-05-20,2025-05-20,334,308,796.51,266035.88
PO0005788,S010,P0008,WH02,2025-05-10,2025-05-19,2025-05-19,101,99,827.02,83529.38
PO0005789,S007,P0010,WH04,2025-05-10,2025-05-17,2025-05-17,76,75,2607.45,198166.22
PO0005790,S007,P0013,WH05,2025-05-10,2025-05-15,2025-05-15,50,49,2626.29,131314.71
PO0005791,S006,P0018,WH01,2025-05-10,2025-05-17,2025-05-20,66,65,1113.03,73460.19
PO0005792,S010,P0021,WH02,2025-05-10,2025-05-17,2025-05-17,166,166,734.76,121969.52
PO0005793,S006,P0023,WH04,2025-05-10,2025-05-16,2025-05-16,67,66,695.75,46615.2
PO0005794,S009,P0030,WH03,2025-05-10,2025-05-17,2025-05-19,200,183,2607.74,521547.98
PO0005795,S002,P0037,WH05,2025-05-10,2025-05-16,2025-05-16,115,105,1491.6,171534.04
PO0005796,S002,P0039,WH04,2025-05-10,2025-05-16,2025-05-18,87,85,503.83,43833.17
PO0005797,S009,P0002,WH03,2025-05-11,2025-05-18,2025-05-20,202,191,738.75,149226.78
PO0005798,S008,P0004,WH05,2025-05-11,2025-05-14,2025-05-15,221,208,1553.17,343249.84
PO0005799,S007,P0010,WH05,2025-05-11,2025-05-15,2025-05-15,81,79,2660.34,215487.26
PO0005800,S007,P0013,WH05,2025-05-11,2025-05-17,2025-05-17,50,49,2770.84,138541.89
PO0005801,S004,P0015,WH01,2025-05-11,2025-05-15,2025-05-15,110,105,266.64,29330.93
PO0005802,S006,P0023,WH04,2025-05-11,2025-05-16,2025-05-16,57,57,683.79,38975.9
PO0005803,S006,P0025,WH02,2025-05-11,2025-05-19,2025-05-20,207,204,1483.47,307077.69
PO0005804,S006,P0025,WH05,2025-05-11,2025-05-17,2025-05-17,194,191,1386.32,268946.08
PO0005805,S012,P0026,WH04,2025-05-11,2025-05-25,2025-05-26,203,200,2181.12,442766.61
PO0005806,S006,P0034,WH01,2025-05-11,2025-05-18,2025-05-19,50,50,2926.07,146303.46
PO0005807,S006,P0034,WH02,2025-05-11,2025-05-18,2025-05-18,50,49,2929.04,146452.22
PO0005808,S006,P0003,WH02,2025-05-12,2025-05-17,2025-05-17,223,221,884.64,197274.64
PO0005809,S009,P0005,WH04,2025-05-12,2025-05-20,2025-05-20,91,86,1206.45,109786.69
PO0005810,S010,P0008,WH01,2025-05-12,2025-05-24,2025-05-25,112,107,773.16,86594.19
PO0005811,S007,P0010,WH04,2025-05-12,2025-05-17,2025-05-17,71,70,2822.0,200362.03
PO0005812,S007,P0011,WH02,2025-05-12,2025-05-15,2025-05-15,125,118,612.27,76534.05
PO0005813,S012,P0016,WH04,2025-05-12,2025-05-22,2025-05-23,294,287,861.79,253365.87
PO0005814,S006,P0024,WH02,2025-05-12,2025-05-18,2025-05-18,80,78,665.31,53224.79
PO0005815,S009,P0002,WH05,2025-05-13,2025-05-21,2025-05-21,155,146,770.8,119474.24
PO0005816,S006,P0003,WH02,2025-05-13,2025-05-19,2025-05-19,299,296,929.75,277996.0
PO0005817,S008,P0004,WH05,2025-05-13,2025-05-16,2025-05-18,273,256,1552.21,423752.04
PO0005818,S010,P0008,WH04,2025-05-13,2025-05-23,2025-05-24,71,68,837.11,59435.14
PO0005819,S010,P0009,WH03,2025-05-13,2025-05-21,2025-05-23,85,83,2330.76,198114.41
PO0005820,S007,P0011,WH02,2025-05-13,2025-05-17,2025-05-17,165,155,602.29,99377.54
PO0005821,S006,P0018,WH04,2025-05-13,2025-05-19,2025-05-22,62,61,1153.04,71488.48
PO0005822,S006,P0020,WH02,2025-05-13,2025-05-20,2025-05-25,201,200,2252.65,452782.49
PO0005823,S006,P0024,WH05,2025-05-13,2025-05-21,2025-05-26,55,55,697.5,38362.51
PO0005824,S012,P0026,WH04,2025-05-13,2025-05-22,2025-05-22,251,245,2321.47,582689.53
PO0005825,S009,P0032,WH03,2025-05-13,2025-05-20,2025-05-20,281,266,1670.71,469470.13
PO0005826,S004,P0033,WH02,2025-05-13,2025-05-21,2025-05-26,103,100,2073.64,213584.98
PO0005827,S008,P0036,WH04,2025-05-13,2025-05-17,2025-05-17,186,174,2134.42,397001.88
PO0005828,S008,P0038,WH05,2025-05-13,2025-05-16,2025-05-16,96,89,1863.68,178913.06
PO0005829,S006,P0003,WH02,2025-05-14,2025-05-21,2025-05-21,249,245,876.62,218278.37
PO0005830,S007,P0010,WH01,2025-05-14,2025-05-19,2025-05-24,88,81,2662.97,234341.68
PO0005831,S006,P0020,WH04,2025-05-14,2025-05-20,2025-05-20,187,187,2485.7,464825.92
PO0005832,S010,P0021,WH02,2025-05-14,2025-05-23,2025-05-25,268,262,737.51,197653.65
PO0005833,S009,P0022,WH05,2025-05-14,2025-05-24,2025-05-24,57,54,438.37,24987.12
PO0005834,S006,P0024,WH02,2025-05-14,2025-05-22,2025-05-22,61,61,648.26,39544.06
PO0005835,S004,P0029,WH03,2025-05-14,2025-05-20,2025-05-23,258,244,3322.67,857249.72
PO0005836,S004,P0033,WH02,2025-05-14,2025-05-19,2025-05-20,104,95,2054.16,213632.85
PO0005837,S008,P0038,WH05,2025-05-14,2025-05-19,2025-05-19,158,154,1709.79,270147.04
PO0005838,S009,P0002,WH03,2025-05-15,2025-05-21,2025-05-22,309,290,814.64,251724.04
PO0005839,S006,P0003,WH03,2025-05-15,2025-05-22,2025-05-27,277,274,924.55,256099.83
PO0005840,S010,P0008,WH04,2025-05-15,2025-05-25,2025-05-25,95,94,792.99,75334.13
PO0005841,S007,P0010,WH01,2025-05-15,2025-05-21,2025-05-21,53,48,2614.14,138549.33
PO0005842,S007,P0011,WH01,2025-05-15,2025-05-19,2025-05-19,98,92,625.99,61346.71
PO0005843,S004,P0033,WH02,2025-05-15,2025-05-23,2025-05-23,153,146,2026.12,309996.97
PO0005844,S008,P0036,WH02,2025-05-15,2025-05-19,2025-05-19,385,361,2075.23,798961.76
PO0005845,S008,P0038,WH04,2025-05-15,2025-05-17,2025-05-17,98,94,1813.64,177736.73
PO0005846,S008,P0004,WH01,2025-05-16,2025-05-21,2025-05-22,174,157,1653.14,287645.7
PO0005847,S008,P0004,WH02,2025-05-16,2025-05-20,2025-05-20,220,205,1542.36,339318.93
PO0005848,S011,P0006,WH04,2025-05-16,2025-05-22,2025-05-23,50,48,2960.63,148031.7
PO0005849,S004,P0007,WH02,2025-05-16,2025-05-23,2025-05-23,252,242,2302.37,580196.03
PO0005850,S010,P0008,WH01,2025-05-16,2025-05-26,2025-05-26,83,83,857.05,71134.99
PO0005851,S007,P0013,WH01,2025-05-16,2025-05-20,2025-05-20,50,49,2651.17,132558.5
PO0005852,S004,P0015,WH05,2025-05-16,2025-05-23,2025-05-23,70,65,260.19,18213.17
PO0005853,S006,P0023,WH05,2025-05-16,2025-05-23,2025-05-23,71,71,675.71,47975.37
PO0005854,S002,P0027,WH03,2025-05-16,2025-05-20,2025-05-23,293,278,544.21,159453.16
PO0005855,S008,P0038,WH04,2025-05-16,2025-05-20,2025-05-20,173,160,1800.3,311452.69
PO0005856,S008,P0004,WH01,2025-05-17,2025-05-20,2025-05-20,189,174,1710.26,323239.71
PO0005857,S007,P0010,WH01,2025-05-17,2025-05-21,2025-05-21,52,50,2873.08,149400.34
PO0005858,S007,P0011,WH01,2025-05-17,2025-05-21,2025-05-24,77,69,627.61,48325.61
PO0005859,S011,P0012,WH02,2025-05-17,2025-05-21,2025-05-22,50,49,2275.47,113773.74
PO0005860,S006,P0020,WH04,2025-05-17,2025-05-23,2025-05-23,163,163,2407.07,392352.21
PO0005861,S006,P0025,WH04,2025-05-17,2025-05-24,2025-05-24,180,176,1381.2,248616.37
PO0005862,S009,P0030,WH02,2025-05-17,2025-05-25,2025-05-25,223,206,2632.57,587063.15
PO0005863,S009,P0030,WH03,2025-05-17,2025-05-24,2025-05-25,274,258,2657.08,728040.55
PO0005864,S009,P0001,WH01,2025-05-18,2025-05-28,2025-05-28,188,178,1463.33,275106.14
PO0005865,S009,P0002,WH05,2025-05-18,2025-05-25,2025-05-26,241,229,751.84,181192.7
PO0005866,S008,P0004,WH01,2025-05-18,2025-05-20,2025-05-22,243,228,1531.8,372226.93
PO0005867,S009,P0005,WH04,2025-05-18,2025-05-26,2025-05-26,56,53,1264.23,70796.81
PO0005868,S004,P0007,WH02,2025-05-18,2025-05-23,2025-05-23,230,223,2336.84,537473.38
PO0005869,S004,P0007,WH05,2025-05-18,2025-05-23,2025-05-23,187,180,2407.77,450252.66
PO0005870,S011,P0017,WH03,2025-05-18,2025-05-20,2025-05-20,221,202,947.67,209435.4
PO0005871,S006,P0020,WH04,2025-05-18,2025-05-24,2025-05-24,185,182,2242.02,414773.58
PO0005872,S006,P0025,WH04,2025-05-18,2025-05-24,2025-05-24,132,130,1439.83,190058.02
PO0005873,S002,P0027,WH03,2025-05-18,2025-05-25,2025-05-30,197,186,552.54,108850.64
PO0005874,S006,P0028,WH01,2025-05-18,2025-05-25,2025-05-26,169,167,3279.23,554189.56
PO0005875,S009,P0032,WH03,2025-05-18,2025-05-25,2025-05-28,225,214,1626.96,366067.01
PO0005876,S002,P0037,WH02,2025-05-18,2025-05-25,2025-05-25,115,108,1572.41,180827.63
PO0005877,S002,P0037,WH04,2025-05-18,2025-05-24,2025-05-25,100,96,1520.37,152036.95
PO0005878,S009,P0001,WH01,2025-05-19,2025-05-31,2025-05-31,150,143,1316.36,197454.21
PO0005879,S009,P0002,WH05,2025-05-19,2025-05-29,2025-06-01,138,129,823.4,113628.76
PO0005880,S006,P0003,WH03,2025-05-19,2025-05-23,2025-05-24,331,326,856.86,283621.25
PO0005881,S008,P0004,WH02,2025-05-19,2025-05-24,2025-05-25,306,292,1592.26,487230.27
PO0005882,S010,P0014,WH03,2025-05-19,2025-05-27,2025-05-28,354,346,2010.13,711585.1
PO0005883,S009,P0022,WH05,2025-05-19,2025-05-27,2025-05-27,50,47,444.78,22238.84
PO0005884,S006,P0023,WH03,2025-05-19,2025-05-25,2025-05-25,66,64,681.19,44958.37
PO0005885,S006,P0023,WH05,2025-05-19,2025-05-26,2025-05-29,76,75,685.19,52074.69
PO0005886,S006,P0025,WH04,2025-05-19,2025-05-25,2025-05-27,113,112,1402.06,158433.11
PO0005887,S012,P0026,WH04,2025-05-19,2025-05-30,2025-05-31,198,185,2394.92,474194.71
PO0005888,S004,P0029,WH03,2025-05-19,2025-05-26,2025-05-27,383,367,3358.37,1286257.0
PO0005889,S009,P0032,WH03,2025-05-19,2025-05-27,2025-05-27,384,362,1672.73,642327.08
PO0005890,S004,P0033,WH02,2025-05-19,2025-05-25,2025-05-25,149,136,2199.86,327779.1
PO0005891,S002,P0037,WH02,2025-05-19,2025-05-26,2025-05-26,76,68,1464.61,111310.54
PO0005892,S006,P0003,WH03,2025-05-20,2025-05-26,2025-05-28,213,211,901.26,191969.34
PO0005893,S006,P0003,WH05,2025-05-20,2025-05-25,2025-05-30,197,195,868.18,171031.16
PO0005894,S008,P0004,WH03,2025-05-20,2025-05-23,2025-05-23,250,227,1613.64,403409.52
PO0005895,S004,P0007,WH02,2025-05-20,2025-05-29,2025-05-29,173,162,2500.94,432661.82
PO0005896,S007,P0010,WH01,2025-05-20,2025-05-26,2025-05-27,86,80,2900.47,249440.48
PO0005897,S004,P0015,WH05,2025-05-20,2025-05-27,2025-05-27,127,125,251.46,31935.82
PO0005898,S009,P0022,WH05,2025-05-20,2025-05-27,2025-05-27,50,46,460.79,23039.74
PO0005899,S006,P0023,WH05,2025-05-20,2025-05-26,2025-05-26,65,63,713.06,46349.06
PO0005900,S012,P0026,WH04,2025-05-20,2025-05-27,2025-05-30,215,212,2276.45,489435.72
PO0005901,S002,P0027,WH03,2025-05-20,2025-05-27,2025-05-28,168,158,532.13,89398.6
PO0005902,S004,P0033,WH03,2025-05-20,2025-05-25,2025-05-30,115,106,2058.34,236709.05
PO0005903,S009,P0035,WH03,2025-05-20,2025-05-30,2025-06-02,196,187,1687.69,330787.66
PO0005904,S002,P0037,WH02,2025-05-20,2025-05-26,2025-05-26,142,136,1589.36,225688.46
PO0005905,S008,P0004,WH03,2025-05-21,2025-05-26,2025-05-26,292,275,1631.33,476347.14
PO0005906,S004,P0007,WH01,2025-05-21,2025-05-29,2025-05-29,142,139,2397.82,340490.12
PO0005907,S004,P0007,WH02,2025-05-21,2025-05-27,2025-05-27,233,220,2370.28,552276.08
PO0005908,S011,P0012,WH02,2025-05-21,2025-05-25,2025-05-26,50,50,2506.73,125336.57
PO0005909,S011,P0012,WH03,2025-05-21,2025-05-28,2025-05-28,80,75,2326.94,186154.81
PO0005910,S007,P0013,WH04,2025-05-21,2025-05-24,2025-05-24,50,47,2741.53,137076.53
PO0005911,S004,P0015,WH05,2025-05-21,2025-05-30,2025-06-02,131,126,243.71,31925.93
PO0005912,S006,P0018,WH03,2025-05-21,2025-05-27,2025-05-29,76,74,1136.28,86356.92
PO0005913,S006,P0018,WH04,2025-05-21,2025-05-31,2025-05-31,50,50,1039.87,51993.43
PO0005914,S006,P0020,WH02,2025-05-21,2025-05-27,2025-05-28,268,261,2303.31,617286.38
PO0005915,S006,P0028,WH04,2025-05-21,2025-05-29,2025-05-31,149,147,3347.79,498820.89
PO0005916,S009,P0030,WH02,2025-05-21,2025-05-27,2025-05-29,197,190,2447.07,482073.63
PO0005917,S008,P0036,WH01,2025-05-21,2025-05-25,2025-05-25,204,186,2217.25,452318.28
PO0005918,S009,P0001,WH01,2025-05-22,2025-05-30,2025-05-31,162,156,1373.98,222585.11
PO0005919,S006,P0003,WH03,2025-05-22,2025-05-29,2025-05-29,303,298,886.62,268646.21
PO0005920,S008,P0004,WH03,2025-05-22,2025-05-26,2025-05-26,259,244,1621.58,419989.88
PO0005921,S011,P0006,WH04,2025-05-22,2025-05-28,2025-05-28,50,44,2676.19,133809.56
PO0005922,S007,P0011,WH03,2025-05-22,2025-05-26,2025-05-26,154,147,636.74,98057.82
PO0005923,S004,P0015,WH05,2025-05-22,2025-05-29,2025-05-29,80,75,249.42,19953.26
PO0005924,S006,P0023,WH03,2025-05-22,2025-05-25,2025-05-25,93,92,728.32,67734.05
PO0005925,S006,P0024,WH05,2025-05-22,2025-05-29,2025-06-01,50,49,670.7,33534.85
PO0005926,S004,P0033,WH05,2025-05-22,2025-05-28,2025-05-28,82,80,2142.04,175647.46
PO0005927,S006,P0034,WH03,2025-05-22,2025-05-29,2025-05-31,54,53,3186.19,172054.3
PO0005928,S002,P0037,WH04,2025-05-22,2025-05-29,2025-06-01,101,99,1496.47,151143.3
PO0005929,S008,P0038,WH03,2025-05-22,2025-05-27,2025-05-27,144,138,1701.98,245084.95
PO0005930,S006,P0023,WH03,2025-05-23,2025-05-29,2025-05-30,112,109,694.21,77751.37
PO0005931,S009,P0035,WH03,2025-05-23,2025-06-01,2025-06-01,207,201,1523.32,315327.56
PO0005932,S008,P0038,WH02,2025-05-23,2025-05-26,2025-05-26,225,214,1803.27,405735.94
PO0005933,S002,P0039,WH02,2025-05-23,2025-05-30,2025-05-30,90,85,503.79,45341.54
PO0005934,S009,P0001,WH01,2025-05-24,2025-06-02,2025-06-02,125,118,1320.63,165078.8
PO0005935,S006,P0003,WH01,2025-05-24,2025-05-30,2025-06-04,142,139,909.33,129124.88
PO0005936,S011,P0012,WH03,2025-05-24,2025-05-27,2025-05-27,53,51,2287.48,121236.56
PO0005937,S006,P0023,WH01,2025-05-24,2025-05-27,2025-05-29,51,51,673.77,34362.23
PO0005938,S006,P0028,WH04,2025-05-24,2025-05-29,2025-05-30,171,171,3056.84,522719.15
PO0005939,S004,P0033,WH03,2025-05-24,2025-06-01,2025-06-06,190,185,1972.09,374696.33
PO0005940,S002,P0037,WH04,2025-05-24,2025-05-31,2025-05-31,57,54,1473.45,83986.89
PO0005941,S008,P0038,WH03,2025-05-24,2025-05-29,2025-05-29,137,129,1839.55,252018.43
PO0005942,S009,P0001,WH04,2025-05-25,2025-06-05,2025-06-07,116,110,1391.43,161406.17
PO0005943,S006,P0003,WH01,2025-05-25,2025-06-01,2025-06-01,167,166,873.87,145936.91
PO0005944,S009,P0005,WH03,2025-05-25,2025-06-02,2025-06-02,68,67,1131.02,76909.58
PO0005945,S004,P0007,WH01,2025-05-25,2025-06-01,2025-06-03,179,167,2571.96,460380.85
PO0005946,S007,P0011,WH03,2025-05-25,2025-05-30,2025-05-31,178,174,634.45,112932.58
PO0005947,S007,P0013,WH02,2025-05-25,2025-05-29,2025-06-01,63,54,2568.49,161815.17
PO0005948,S006,P0024,WH03,2025-05-25,2025-05-30,2025-05-31,50,48,655.19,32759.41
PO0005949,S004,P0033,WH01,2025-05-25,2025-05-31,2025-06-03,104,96,2121.11,220595.62
PO0005950,S012,P0040,WH02,2025-05-25,2025-06-05,2025-06-05,72,69,681.77,49087.43
PO0005951,S009,P0001,WH04,2025-05-26,2025-06-05,2025-06-05,213,200,1425.09,303544.56
PO0005952,S006,P0003,WH01,2025-05-26,2025-06-01,2025-06-02,146,142,953.73,139244.06
PO0005953,S010,P0009,WH02,2025-05-26,2025-06-03,2025-06-03,81,80,2510.91,203383.54
PO0005954,S011,P0012,WH03,2025-05-26,2025-05-30,2025-06-01,69,63,2311.41,159487.5
PO0005955,S010,P0014,WH03,2025-05-26,2025-06-03,2025-06-03,237,229,2083.46,493780.01
PO0005956,S006,P0020,WH01,2025-05-26,2025-05-31,2025-06-01,111,109,2366.04,262630.54
PO0005957,S010,P0021,WH01,2025-05-26,2025-06-01,2025-06-01,163,160,734.45,119714.8
PO0005958,S006,P0028,WH02,2025-05-26,2025-05-31,2025-05-31,200,199,3092.71,618542.29
PO0005959,S004,P0033,WH01,2025-05-26,2025-06-01,2025-06-01,131,125,2172.74,284629.49
PO0005960,S008,P0038,WH03,2025-05-26,2025-05-30,2025-05-30,168,155,1881.87,316153.71
PO0005961,S009,P0005,WH03,2025-05-27,2025-06-06,2025-06-06,104,99,1253.73,130388.33
PO0005962,S007,P0010,WH03,2025-05-27,2025-06-02,2025-06-03,130,124,2734.02,355422.31
PO0005963,S007,P0010,WH05,2025-05-27,2025-05-31,2025-06-03,85,81,2851.92,242413.05
PO0005964,S010,P0014,WH03,2025-05-27,2025-06-04,2025-06-05,252,250,1947.51,490773.46
PO0005965,S004,P0015,WH01,2025-05-27,2025-06-03,2025-06-03,118,113,256.33,30246.37
PO0005966,S006,P0018,WH03,2025-05-27,2025-06-01,2025-06-01,66,65,1071.49,70718.13
PO0005967,S006,P0024,WH04,2025-05-27,2025-06-03,2025-06-03,55,54,681.12,37461.8
PO0005968,S009,P0032,WH01,2025-05-27,2025-06-05,2025-06-05,227,214,1678.78,381083.01
PO0005969,S006,P0034,WH05,2025-05-27,2025-06-03,2025-06-03,50,50,3113.56,155677.99
PO0005970,S009,P0035,WH03,2025-05-27,2025-06-04,2025-06-04,195,182,1535.95,299510.2
PO0005971,S008,P0036,WH04,2025-05-27,2025-05-31,2025-05-31,230,214,2101.12,483256.76
PO0005972,S006,P0003,WH01,2025-05-28,2025-06-03,2025-06-06,135,132,870.59,117529.04
PO0005973,S009,P0005,WH01,2025-05-28,2025-06-05,2025-06-06,56,55,1228.15,68776.14
PO0005974,S004,P0007,WH01,2025-05-28,2025-06-05,2025-06-05,106,101,2414.62,255949.67
PO0005975,S011,P0012,WH01,2025-05-28,2025-06-02,2025-06-02,51,49,2311.7,117896.51
PO0005976,S007,P0013,WH02,2025-05-28,2025-06-02,2025-06-02,61,60,2807.19,171238.65
PO0005977,S011,P0017,WH02,2025-05-28,2025-06-02,2025-06-07,341,323,973.98,332128.36
PO0005978,S006,P0024,WH01,2025-05-28,2025-06-04,2025-06-04,55,54,635.52,34953.38
PO0005979,S006,P0034,WH03,2025-05-28,2025-06-03,2025-06-03,60,60,2869.99,172199.66
PO0005980,S008,P0036,WH04,2025-05-28,2025-05-31,2025-05-31,163,151,2183.08,355842.62
PO0005981,S002,P0039,WH02,2025-05-28,2025-06-04,2025-06-05,109,105,473.86,51651.24
PO0005982,S009,P0001,WH02,2025-05-29,2025-06-05,2025-06-07,165,157,1345.7,222040.17
PO0005983,S009,P0005,WH03,2025-05-29,2025-06-06,2025-06-06,87,81,1264.74,110032.26
PO0005984,S007,P0010,WH02,2025-05-29,2025-06-02,2025-06-02,77,76,2878.25,221625.4
PO0005985,S007,P0010,WH05,2025-05-29,2025-06-03,2025-06-03,90,83,2922.09,262988.07
PO0005986,S007,P0011,WH05,2025-05-29,2025-06-04,2025-06-05,121,112,646.34,78206.95
PO0005987,S007,P0013,WH03,2025-05-29,2025-06-01,2025-06-01,56,54,2576.97,144310.26
PO0005988,S010,P0014,WH05,2025-05-29,2025-06-07,2025-06-07,172,167,2021.09,347627.69
PO0005989,S006,P0020,WH01,2025-05-29,2025-06-04,2025-06-06,188,186,2299.4,432286.45
PO0005990,S010,P0021,WH01,2025-05-29,2025-06-05,2025-06-05,135,133,732.95,98947.59
PO0005991,S006,P0024,WH04,2025-05-29,2025-06-02,2025-06-02,58,58,629.19,36493.1
PO0005992,S006,P0025,WH03,2025-05-29,2025-06-05,2025-06-06,261,256,1364.58,356155.13
PO0005993,S004,P0031,WH01,2025-05-29,2025-06-03,2025-06-05,50,48,453.43,22671.33
PO0005994,S009,P0035,WH03,2025-05-29,2025-06-07,2025-06-08,221,201,1661.28,367143.91
PO0005995,S009,P0035,WH04,2025-05-29,2025-06-05,2025-06-05,96,88,1635.18,156976.98
PO0005996,S008,P0036,WH04,2025-05-29,2025-06-01,2025-06-03,295,275,2213.9,653101.25
PO0005997,S002,P0039,WH02,2025-05-29,2025-06-03,2025-06-03,80,76,504.67,40373.78
PO0005998,S009,P0001,WH04,2025-05-30,2025-06-09,2025-06-09,145,137,1365.87,198051.32
PO0005999,S009,P0005,WH01,2025-05-30,2025-06-05,2025-06-05,69,63,1148.35,79235.88
PO0006000,S007,P0010,WH05,2025-05-30,2025-06-03,2025-06-03,55,53,2749.72,151234.69
PO0006001,S011,P0012,WH04,2025-05-30,2025-06-04,2025-06-04,50,49,2374.65,118732.62
PO0006002,S007,P0013,WH03,2025-05-30,2025-06-03,2025-06-03,68,64,2707.41,184104.01
PO0006003,S011,P0017,WH03,2025-05-30,2025-06-02,2025-06-02,303,289,974.24,295193.78
PO0006004,S006,P0020,WH01,2025-05-30,2025-06-04,2025-06-04,110,105,2480.2,272822.42
PO0006005,S010,P0021,WH01,2025-05-30,2025-06-07,2025-06-07,141,141,678.54,95674.11
PO0006006,S006,P0024,WH01,2025-05-30,2025-06-05,2025-06-06,53,50,627.08,33234.98
PO0006007,S006,P0024,WH03,2025-05-30,2025-06-06,2025-06-06,57,56,683.73,38972.76
PO0006008,S006,P0028,WH02,2025-05-30,2025-06-06,2025-06-06,219,215,3195.94,699911.9
PO0006009,S006,P0034,WH05,2025-05-30,2025-06-05,2025-06-05,50,49,3043.48,152174.12
PO0006010,S009,P0035,WH02,2025-05-30,2025-06-08,2025-06-08,142,136,1633.74,231991.34
PO0006011,S009,P0035,WH04,2025-05-30,2025-06-06,2025-06-07,117,108,1575.92,184382.33
PO0006012,S012,P0040,WH01,2025-05-30,2025-06-08,2025-06-08,50,47,692.6,34630.1
PO0006013,S009,P0002,WH04,2025-05-31,2025-06-09,2025-06-12,200,183,747.55,149509.48
PO0006014,S009,P0005,WH03,2025-05-31,2025-06-09,2025-06-10,71,67,1217.85,86467.38
PO0006015,S010,P0009,WH03,2025-05-31,2025-06-08,2025-06-09,81,80,2309.79,187093.24
PO0006016,S011,P0012,WH05,2025-05-31,2025-06-06,2025-06-07,50,48,2416.21,120810.3
PO0006017,S010,P0014,WH02,2025-05-31,2025-06-09,2025-06-10,360,356,1920.71,691454.03
PO0006018,S004,P0015,WH03,2025-05-31,2025-06-07,2025-06-07,171,156,243.22,41590.42
PO0006019,S011,P0017,WH02,2025-05-31,2025-06-02,2025-06-02,392,374,983.79,385647.22
PO0006020,S008,P0019,WH01,2025-05-31,2025-06-04,2025-06-05,129,120,1927.96,248706.81
PO0006021,S006,P0024,WH01,2025-05-31,2025-06-10,2025-06-15,50,50,644.53,32226.46
PO0006022,S004,P0031,WH02,2025-05-31,2025-06-06,2025-06-06,50,47,447.67,22383.28
PO0006023,S004,P0033,WH01,2025-05-31,2025-06-10,2025-06-13,101,96,2015.59,203574.93
PO0006024,S008,P0036,WH02,2025-05-31,2025-06-05,2025-06-06,263,246,1998.93,525718.16
PO0006025,S008,P0036,WH03,2025-05-31,2025-06-03,2025-06-03,259,238,2042.6,529034.57
PO0006026,S002,P0037,WH05,2025-05-31,2025-06-07,2025-06-08,94,90,1630.9,153304.5
PO0006027,S012,P0040,WH01,2025-05-31,2025-06-12,2025-06-12,50,49,731.74,36587.24
PO0006028,S009,P0002,WH04,2025-06-01,2025-06-07,2025-06-08,128,121,822.12,105231.09
PO0006029,S009,P0005,WH03,2025-06-01,2025-06-07,2025-06-07,95,92,1234.31,117259.85
PO0006030,S010,P0009,WH05,2025-06-01,2025-06-09,2025-06-10,58,58,2350.66,136338.08
PO0006031,S011,P0012,WH04,2025-06-01,2025-06-04,2025-06-04,50,47,2413.51,120675.65
PO0006032,S011,P0012,WH05,2025-06-01,2025-06-03,2025-06-03,63,59,2250.58,141786.47
PO0006033,S011,P0017,WH03,2025-06-01,2025-06-03,2025-06-03,391,370,900.26,351999.71
PO0006034,S006,P0018,WH02,2025-06-01,2025-06-07,2025-06-12,95,94,1122.84,106670.17
PO0006035,S006,P0024,WH01,2025-06-01,2025-06-06,2025-06-06,50,49,629.22,31461.12
PO0006036,S009,P0030,WH04,2025-06-01,2025-06-12,2025-06-15,201,191,2517.68,506053.72
PO0006037,S004,P0031,WH01,2025-06-01,2025-06-04,2025-06-04,50,48,457.74,22887.06
PO0006038,S012,P0040,WH02,2025-06-01,2025-06-11,2025-06-11,50,50,745.4,37270.17
PO0006039,S009,P0001,WH02,2025-06-02,2025-06-11,2025-06-11,165,158,1378.62,227472.95
PO0006040,S011,P0006,WH02,2025-06-02,2025-06-06,2025-06-08,50,46,2983.42,149171.24
PO0006041,S010,P0009,WH03,2025-06-02,2025-06-10,2025-06-12,98,97,2333.53,228685.49
PO0006042,S010,P0009,WH05,2025-06-02,2025-06-10,2025-06-13,60,59,2355.65,141338.9
PO0006043,S011,P0012,WH04,2025-06-02,2025-06-06,2025-06-07,50,48,2359.39,117969.34
PO0006044,S010,P0014,WH02,2025-06-02,2025-06-11,2025-06-11,218,214,2017.19,439746.95
PO0006045,S006,P0018,WH02,2025-06-02,2025-06-09,2025-06-09,67,67,1074.78,72010.36
PO0006046,S008,P0019,WH05,2025-06-02,2025-06-07,2025-06-07,181,165,2019.69,365564.65
PO0006047,S006,P0025,WH03,2025-06-02,2025-06-08,2025-06-13,173,171,1429.93,247377.74
PO0006048,S002,P0027,WH01,2025-06-02,2025-06-10,2025-06-10,187,177,569.68,106530.11
PO0006049,S006,P0028,WH05,2025-06-02,2025-06-07,2025-06-08,244,242,3109.2,758644.31
PO0006050,S009,P0030,WH04,2025-06-02,2025-06-10,2025-06-11,184,167,2436.79,448369.55
PO0006051,S004,P0031,WH02,2025-06-02,2025-06-08,2025-06-08,50,47,466.76,23337.82
PO0006052,S009,P0032,WH01,2025-06-02,2025-06-09,2025-06-12,196,189,1579.94,309668.24
PO0006053,S006,P0034,WH05,2025-06-02,2025-06-09,2025-06-12,50,50,3142.76,157138.16
PO0006054,S009,P0035,WH02,2025-06-02,2025-06-10,2025-06-10,209,201,1665.78,348148.85
PO0006055,S009,P0035,WH05,2025-06-02,2025-06-10,2025-06-10,193,185,1552.6,299651.15
PO0006056,S008,P0036,WH02,2025-06-02,2025-06-05,2025-06-05,337,313,2062.52,695070.74
PO0006057,S012,P0040,WH01,2025-06-02,2025-06-13,2025-06-13,50,49,727.07,36353.34
PO0006058,S011,P0006,WH02,2025-06-03,2025-06-08,2025-06-08,50,49,2799.0,139950.09
PO0006059,S010,P0014,WH04,2025-06-03,2025-06-11,2025-06-11,166,165,1999.54,331923.79
PO0006060,S010,P0014,WH05,2025-06-03,2025-06-13,2025-06-13,287,282,2118.15,607908.53
PO0006061,S004,P0015,WH03,2025-06-03,2025-06-09,2025-06-09,153,142,263.3,40284.46
PO0006062,S008,P0019,WH01,2025-06-03,2025-06-06,2025-06-09,128,119,2100.09,268811.31
PO0006063,S008,P0019,WH05,2025-06-03,2025-06-06,2025-06-06,208,191,1957.04,407064.83
PO0006064,S006,P0025,WH03,2025-06-03,2025-06-11,2025-06-13,149,147,1430.93,213208.62
PO0006065,S002,P0027,WH01,2025-06-03,2025-06-11,2025-06-11,215,206,561.01,120617.14
PO0006066,S004,P0031,WH02,2025-06-03,2025-06-08,2025-06-09,58,55,482.85,28005.29
PO0006067,S006,P0034,WH01,2025-06-03,2025-06-09,2025-06-09,50,49,3134.68,156733.77
PO0006068,S009,P0035,WH01,2025-06-03,2025-06-11,2025-06-16,158,141,1625.81,256877.25
PO0006069,S009,P0035,WH02,2025-06-03,2025-06-09,2025-06-09,143,137,1502.71,214888.11
PO0006070,S009,P0035,WH04,2025-06-03,2025-06-14,2025-06-16,101,95,1635.19,165154.18
PO0006071,S012,P0040,WH02,2025-06-03,2025-06-13,2025-06-13,72,69,752.71,54194.81
PO0006072,S009,P0001,WH04,2025-06-04,2025-06-13,2025-06-13,150,140,1418.44,212765.72
PO0006073,S007,P0013,WH04,2025-06-04,2025-06-10,2025-06-11,50,48,2833.65,141682.37
PO0006074,S010,P0014,WH05,2025-06-04,2025-06-13,2025-06-16,244,241,2019.42,492739.54
PO0006075,S006,P0018,WH02,2025-06-04,2025-06-12,2025-06-12,104,104,1066.04,110868.46
PO0006076,S008,P0019,WH01,2025-06-04,2025-06-07,2025-06-09,145,134,1934.82,280548.22
PO0006077,S008,P0019,WH05,2025-06-04,2025-06-10,2025-06-10,236,222,2041.93,481896.2
PO0006078,S002,P0027,WH01,2025-06-04,2025-06-12,2025-06-12,111,105,571.22,63405.16
PO0006079,S009,P0035,WH04,2025-06-04,2025-06-14,2025-06-14,132,122,1531.26,202126.82
PO0006080,S002,P0037,WH05,2025-06-04,2025-06-11,2025-06-16,67,65,1488.97,99760.76
PO0006081,S012,P0040,WH02,2025-06-04,2025-06-14,2025-06-14,62,61,717.76,44501.39
PO0006082,S009,P0001,WH02,2025-06-05,2025-06-16,2025-06-16,152,143,1419.57,215775.27
PO0006083,S010,P0009,WH05,2025-06-05,2025-06-13,2025-06-13,61,61,2267.84,138337.95
PO0006084,S007,P0013,WH04,2025-06-05,2025-06-10,2025-06-11,50,47,2837.97,141898.37
PO0006085,S011,P0017,WH04,2025-06-05,2025-06-09,2025-06-12,257,242,929.26,238819.06
PO0006086,S008,P0019,WH05,2025-06-05,2025-06-11,2025-06-11,234,220,1950.88,456506.86
PO0006087,S004,P0033,WH04,2025-06-05,2025-06-11,2025-06-12,122,116,1972.55,240650.71
PO0006088,S009,P0035,WH02,2025-06-05,2025-06-12,2025-06-12,224,212,1613.58,361442.36
PO0006089,S009,P0001,WH05,2025-06-06,2025-06-17,2025-06-18,136,126,1452.66,197562.44
PO0006090,S008,P0004,WH04,2025-06-06,2025-06-10,2025-06-10,183,164,1696.83,310519.84
PO0006091,S009,P0005,WH02,2025-06-06,2025-06-13,2025-06-16,102,97,1202.24,122628.7
PO0006092,S004,P0007,WH05,2025-06-06,2025-06-12,2025-06-13,151,144,2461.26,371650.99
PO0006093,S010,P0014,WH04,2025-06-06,2025-06-14,2025-06-14,201,195,2093.65,420824.2
PO0006094,S010,P0014,WH05,2025-06-06,2025-06-13,2025-06-16,261,259,1887.35,492598.32
PO0006095,S011,P0017,WH04,2025-06-06,2025-06-08,2025-06-13,264,254,899.78,237541.61
PO0006096,S006,P0020,WH05,2025-06-06,2025-06-12,2025-06-13,189,185,2410.17,455522.18
PO0006097,S006,P0025,WH05,2025-06-06,2025-06-13,2025-06-14,222,219,1361.13,302170.7
PO0006098,S002,P0027,WH04,2025-06-06,2025-06-15,2025-06-15,150,141,546.89,82033.58
PO0006099,S002,P0027,WH05,2025-06-06,2025-06-15,2025-06-15,242,228,529.61,128166.73
PO0006100,S004,P0029,WH02,2025-06-06,2025-06-15,2025-06-15,305,290,3492.7,1065274.28
PO0006101,S009,P0030,WH04,2025-06-06,2025-06-13,2025-06-13,219,204,2488.26,544928.4
PO0006102,S009,P0035,WH02,2025-06-06,2025-06-14,2025-06-14,155,146,1514.72,234780.97
PO0006103,S009,P0035,WH05,2025-06-06,2025-06-14,2025-06-15,120,110,1527.55,183306.32
PO0006104,S008,P0036,WH05,2025-06-06,2025-06-11,2025-06-11,252,235,2131.89,537235.22
PO0006105,S008,P0004,WH04,2025-06-07,2025-06-12,2025-06-15,201,188,1687.69,339224.81
PO0006106,S004,P0007,WH05,2025-06-07,2025-06-15,2025-06-15,162,156,2422.21,392397.54
PO0006107,S007,P0011,WH04,2025-06-07,2025-06-14,2025-06-14,116,108,644.52,74764.49
PO0006108,S011,P0017,WH05,2025-06-07,2025-06-12,2025-06-15,257,248,939.09,241345.04
PO0006109,S008,P0019,WH02,2025-06-07,2025-06-09,2025-06-09,238,220,2026.3,482259.95
PO0006110,S008,P0019,WH04,2025-06-07,2025-06-10,2025-06-10,175,161,1925.88,337029.09
PO0006111,S006,P0020,WH05,2025-06-07,2025-06-12,2025-06-12,211,208,2423.97,511457.73
PO0006112,S004,P0029,WH01,2025-06-07,2025-06-14,2025-06-14,155,145,3293.59,510507.07
PO0006113,S004,P0029,WH05,2025-06-07,2025-06-14,2025-06-17,249,237,3522.39,877074.47
PO0006114,S004,P0033,WH05,2025-06-07,2025-06-14,2025-06-15,123,117,2105.96,259033.43
PO0006115,S006,P0034,WH01,2025-06-07,2025-06-14,2025-06-16,50,50,3138.56,156927.9
PO0006116,S008,P0036,WH05,2025-06-07,2025-06-10,2025-06-11,255,229,2131.57,543551.57
PO0006117,S006,P0003,WH05,2025-06-08,2025-06-13,2025-06-13,143,142,891.18,127438.29
PO0006118,S009,P0005,WH02,2025-06-08,2025-06-17,2025-06-17,68,67,1130.37,76865.24
PO0006119,S010,P0009,WH03,2025-06-08,2025-06-16,2025-06-21,61,61,2358.11,143844.87
PO0006120,S010,P0009,WH04,2025-06-08,2025-06-16,2025-06-17,62,59,2397.25,148629.38
PO0006121,S007,P0013,WH01,2025-06-08,2025-06-12,2025-06-12,50,47,2839.41,141970.53
PO0006122,S011,P0017,WH04,2025-06-08,2025-06-13,2025-06-13,209,204,961.43,200938.37
PO0006123,S008,P0019,WH02,2025-06-08,2025-06-15,2025-06-15,192,180,1958.07,375949.07
PO0006124,S006,P0025,WH05,2025-06-08,2025-06-14,2025-06-15,174,173,1412.57,245786.58
PO0006125,S006,P0028,WH01,2025-06-08,2025-06-13,2025-06-13,194,193,3190.96,619045.36
PO0006126,S004,P0029,WH02,2025-06-08,2025-06-15,2025-06-15,287,268,3443.56,988300.8
PO0006127,S004,P0033,WH04,2025-06-08,2025-06-13,2025-06-13,70,67,2038.58,142700.26
PO0006128,S009,P0002,WH02,2025-06-09,2025-06-18,2025-06-18,294,278,796.99,234314.54
PO0006129,S006,P0003,WH04,2025-06-09,2025-06-18,2025-06-21,191,187,938.83,179317.22
PO0006130,S008,P0004,WH04,2025-06-09,2025-06-11,2025-06-11,271,244,1704.13,461819.52
PO0006131,S009,P0005,WH02,2025-06-09,2025-06-18,2025-06-19,76,73,1259.99,95759.42
PO0006132,S010,P0009,WH04,2025-06-09,2025-06-17,2025-06-17,50,50,2500.82,125041.08
PO0006133,S010,P0009,WH05,2025-06-09,2025-06-17,2025-06-17,54,53,2418.05,130574.53
PO0006134,S007,P0013,WH01,2025-06-09,2025-06-12,2025-06-13,50,49,2714.31,135715.39
PO0006135,S011,P0017,WH05,2025-06-09,2025-06-11,2025-06-14,190,175,886.26,168389.96
PO0006136,S009,P0022,WH02,2025-06-09,2025-06-18,2025-06-21,85,80,456.0,38760.28
PO0006137,S006,P0025,WH05,2025-06-09,2025-06-13,2025-06-13,215,212,1490.56,320469.55
PO0006138,S004,P0029,WH05,2025-06-09,2025-06-16,2025-06-21,293,281,3466.41,1015656.92
PO0006139,S009,P0001,WH05,2025-06-10,2025-06-17,2025-06-18,131,124,1452.17,190234.38
PO0006140,S006,P0003,WH04,2025-06-10,2025-06-16,2025-06-18,227,222,940.75,213549.62
PO0006141,S007,P0010,WH02,2025-06-10,2025-06-15,2025-06-15,96,92,2699.31,259133.51
PO0006142,S007,P0013,WH01,2025-06-10,2025-06-13,2025-06-16,53,51,2773.73,147007.59
PO0006143,S007,P0013,WH04,2025-06-10,2025-06-14,2025-06-14,50,48,2727.41,136370.52
PO0006144,S011,P0017,WH05,2025-06-10,2025-06-14,2025-06-16,181,172,961.0,173940.46
PO0006145,S010,P0021,WH02,2025-06-10,2025-06-19,2025-06-20,263,260,734.93,193286.89
PO0006146,S006,P0023,WH01,2025-06-10,2025-06-16,2025-06-21,65,65,669.83,43539.18
PO0006147,S002,P0027,WH04,2025-06-10,2025-06-16,2025-06-17,138,129,556.99,76864.55
PO0006148,S009,P0030,WH04,2025-06-10,2025-06-19,2025-06-21,142,129,2609.52,370552.46
PO0006149,S008,P0036,WH01,2025-06-10,2025-06-17,2025-06-19,275,262,2170.9,596997.84
PO0006150,S009,P0001,WH05,2025-06-11,2025-06-20,2025-06-23,226,219,1464.8,331044.94
PO0006151,S009,P0002,WH02,2025-06-11,2025-06-21,2025-06-26,286,269,804.26,230017.4
PO0006152,S009,P0005,WH02,2025-06-11,2025-06-20,2025-06-20,87,81,1192.45,103743.2
PO0006153,S010,P0008,WH03,2025-06-11,2025-06-19,2025-06-19,144,142,833.45,120017.08
PO0006154,S004,P0015,WH02,2025-06-11,2025-06-18,2025-06-18,126,123,259.65,32716.34
PO0006155,S011,P0017,WH01,2025-06-11,2025-06-15,2025-06-18,156,150,971.96,151626.01
PO0006156,S011,P0017,WH05,2025-06-11,2025-06-16,2025-06-16,176,170,959.81,168925.98
PO0006157,S006,P0020,WH05,2025-06-11,2025-06-18,2025-06-18,153,148,2396.87,366721.34
PO0006158,S006,P0025,WH05,2025-06-11,2025-06-18,2025-06-18,129,125,1348.27,173926.63
PO0006159,S004,P0029,WH05,2025-06-11,2025-06-17,2025-06-17,259,246,3359.15,870019.37
PO0006160,S004,P0031,WH04,2025-06-11,2025-06-16,2025-06-17,51,47,460.2,23470.01
PO0006161,S004,P0033,WH04,2025-06-11,2025-06-18,2025-06-19,118,108,2080.19,245462.96
PO0006162,S002,P0037,WH03,2025-06-11,2025-06-18,2025-06-18,113,107,1573.79,177838.04
PO0006163,S009,P0001,WH05,2025-06-12,2025-06-20,2025-06-25,170,157,1369.19,232762.71
PO0006164,S009,P0002,WH02,2025-06-12,2025-06-22,2025-06-22,234,213,760.28,177904.92
PO0006165,S006,P0003,WH04,2025-06-12,2025-06-19,2025-06-22,196,190,912.38,178825.51
PO0006166,S009,P0005,WH04,2025-06-12,2025-06-20,2025-06-22,64,61,1222.64,78248.87
PO0006167,S010,P0009,WH04,2025-06-12,2025-06-19,2025-06-21,70,69,2432.51,170275.83
PO0006168,S007,P0013,WH05,2025-06-12,2025-06-17,2025-06-17,50,49,2684.13,134206.42
PO0006169,S010,P0014,WH05,2025-06-12,2025-06-20,2025-06-21,255,252,2093.96,533960.4
PO0006170,S006,P0018,WH01,2025-06-12,2025-06-17,2025-06-17,62,59,1086.17,67342.77
PO0006171,S008,P0019,WH03,2025-06-12,2025-06-17,2025-06-17,299,281,2060.61,616123.53
PO0006172,S002,P0027,WH04,2025-06-12,2025-06-18,2025-06-19,168,159,535.61,89983.14
PO0006173,S004,P0029,WH02,2025-06-12,2025-06-17,2025-06-17,346,325,3285.73,1136862.98
PO0006174,S006,P0003,WH04,2025-06-13,2025-06-18,2025-06-19,204,201,950.34,193869.24
PO0006175,S010,P0009,WH02,2025-06-13,2025-06-22,2025-06-22,68,68,2352.52,159971.18
PO0006176,S007,P0011,WH04,2025-06-13,2025-06-16,2025-06-16,92,86,637.28,58629.95
PO0006177,S004,P0015,WH02,2025-06-13,2025-06-20,2025-06-20,93,90,240.65,22380.1
PO0006178,S002,P0027,WH05,2025-06-13,2025-06-19,2025-06-21,231,220,554.35,128053.97
PO0006179,S009,P0035,WH01,2025-06-13,2025-06-23,2025-06-25,105,100,1643.77,172595.85
PO0006180,S002,P0039,WH03,2025-06-13,2025-06-18,2025-06-18,100,94,479.03,47903.13
PO0006181,S009,P0001,WH05,2025-06-14,2025-06-24,2025-06-27,158,154,1426.7,225418.39
PO0006182,S010,P0009,WH02,2025-06-14,2025-06-22,2025-06-23,50,49,2451.75,122587.62
PO0006183,S010,P0009,WH04,2025-06-14,2025-06-24,2025-06-24,54,54,2379.55,128495.9
PO0006184,S007,P0011,WH01,2025-06-14,2025-06-18,2025-06-19,85,81,613.86,52177.81
PO0006185,S011,P0012,WH02,2025-06-14,2025-06-16,2025-06-16,62,59,2367.68,146795.95
PO0006186,S004,P0015,WH02,2025-06-14,2025-06-21,2025-06-22,144,139,256.87,36989.51
PO0006187,S006,P0018,WH01,2025-06-14,2025-06-21,2025-06-21,56,56,1136.12,63622.56
PO0006188,S009,P0022,WH02,2025-06-14,2025-06-23,2025-06-23,89,81,440.62,39214.91
PO0006189,S012,P0026,WH03,2025-06-14,2025-06-23,2025-06-23,359,346,2339.22,839780.9
PO0006190,S004,P0031,WH04,2025-06-14,2025-06-20,2025-06-20,50,49,500.57,25028.55
PO0006191,S002,P0037,WH01,2025-06-14,2025-06-19,2025-06-22,87,85,1563.76,136046.94
PO0006192,S002,P0037,WH03,2025-06-14,2025-06-21,2025-06-21,91,89,1452.76,132201.21
PO0006193,S002,P0039,WH03,2025-06-14,2025-06-19,2025-06-20,120,111,497.79,59734.71
PO0006194,S006,P0003,WH04,2025-06-15,2025-06-22,2025-06-23,142,138,962.5,136675.68
PO0006195,S008,P0004,WH02,2025-06-15,2025-06-17,2025-06-17,211,200,1644.3,346947.03
PO0006196,S010,P0008,WH05,2025-06-15,2025-06-24,2025-06-25,94,94,801.51,75342.09
PO0006197,S010,P0009,WH02,2025-06-15,2025-06-23,2025-06-24,62,61,2276.65,141152.55
PO0006198,S012,P0016,WH03,2025-06-15,2025-06-26,2025-06-29,298,292,818.08,243787.11
PO0006199,S006,P0024,WH02,2025-06-15,2025-06-23,2025-06-26,66,64,623.55,41154.19
PO0006200,S009,P0030,WH02,2025-06-15,2025-06-26,2025-06-26,175,164,2433.76,425908.85
PO0006201,S009,P0032,WH05,2025-06-15,2025-06-26,2025-07-01,240,229,1635.11,392425.35
PO0006202,S008,P0038,WH02,2025-06-15,2025-06-22,2025-06-22,206,191,1745.34,359539.99
PO0006203,S008,P0038,WH04,2025-06-15,2025-06-18,2025-06-23,157,147,1758.97,276158.83
PO0006204,S012,P0040,WH03,2025-06-15,2025-06-23,2025-06-23,50,46,707.67,35383.35
PO0006205,S011,P0006,WH01,2025-06-16,2025-06-20,2025-06-20,50,50,2783.53,139176.71
PO0006206,S010,P0008,WH03,2025-06-16,2025-06-27,2025-06-28,184,182,839.76,154514.93
PO0006207,S007,P0011,WH01,2025-06-16,2025-06-20,2025-06-20,126,120,615.33,77531.01
PO0006208,S007,P0013,WH05,2025-06-16,2025-06-22,2025-06-22,50,49,2738.16,136908.0
PO0006209,S004,P0015,WH04,2025-06-16,2025-06-23,2025-06-28,90,88,252.42,22717.67
PO0006210,S010,P0021,WH03,2025-06-16,2025-06-26,2025-06-26,164,162,732.68,120158.97
PO0006211,S010,P0021,WH05,2025-06-16,2025-06-21,2025-06-26,224,221,672.84,150717.18
PO0006212,S009,P0022,WH02,2025-06-16,2025-06-24,2025-06-24,69,69,477.34,32936.66
PO0006213,S002,P0027,WH02,2025-06-16,2025-06-23,2025-06-26,171,165,559.32,95644.47
PO0006214,S009,P0030,WH03,2025-06-16,2025-06-23,2025-06-24,236,224,2614.74,617078.44
PO0006215,S004,P0031,WH03,2025-06-16,2025-06-21,2025-06-21,73,68,468.24,34181.51
PO0006216,S002,P0037,WH01,2025-06-16,2025-06-20,2025-06-20,77,71,1478.83,113869.78
PO0006217,S009,P0005,WH04,2025-06-17,2025-06-25,2025-06-27,65,61,1174.9,76368.52
PO0006218,S011,P0006,WH01,2025-06-17,2025-06-20,2025-06-21,50,46,2745.71,137285.51
PO0006219,S011,P0006,WH03,2025-06-17,2025-06-19,2025-06-19,50,49,2993.03,149651.69
PO0006220,S004,P0007,WH03,2025-06-17,2025-06-20,2025-06-20,271,258,2331.57,631854.4
PO0006221,S007,P0011,WH02,2025-06-17,2025-06-20,2025-06-21,102,94,629.69,64228.89
PO0006222,S007,P0011,WH05,2025-06-17,2025-06-24,2025-06-24,100,92,604.4,60440.42
PO0006223,S010,P0021,WH05,2025-06-17,2025-06-28,2025-06-28,164,163,707.46,116022.85
PO0006224,S006,P0023,WH01,2025-06-17,2025-06-22,2025-06-22,83,81,720.76,59823.05
PO0006225,S006,P0025,WH02,2025-06-17,2025-06-23,2025-06-24,178,174,1496.81,266432.79
PO0006226,S008,P0036,WH01,2025-06-17,2025-06-20,2025-06-21,210,195,1989.33,417760.17
PO0006227,S008,P0038,WH04,2025-06-17,2025-06-21,2025-06-21,166,150,1846.11,306454.12
PO0006228,S008,P0038,WH05,2025-06-17,2025-06-22,2025-06-22,127,121,1770.53,224857.61
PO0006229,S009,P0005,WH04,2025-06-18,2025-06-25,2025-06-25,50,49,1217.76,60888.01
PO0006230,S007,P0010,WH03,2025-06-18,2025-06-25,2025-06-28,96,93,2635.52,253009.77
PO0006231,S007,P0011,WH05,2025-06-18,2025-06-21,2025-06-21,92,87,627.59,57738.62
PO0006232,S010,P0014,WH01,2025-06-18,2025-06-28,2025-06-28,171,167,2101.45,359348.74
PO0006233,S006,P0018,WH03,2025-06-18,2025-06-25,2025-06-25,72,70,1045.81,75298.17
PO0006234,S006,P0018,WH04,2025-06-18,2025-06-24,2025-06-24,69,67,1112.59,76768.79
PO0006235,S006,P0024,WH02,2025-06-18,2025-06-27,2025-06-28,62,61,672.39,41688.01
PO0006236,S009,P0032,WH04,2025-06-18,2025-06-27,2025-06-27,197,190,1587.36,312710.86
PO0006237,S008,P0036,WH03,2025-06-18,2025-06-22,2025-06-22,321,298,2017.32,647560.78
PO0006238,S008,P0038,WH02,2025-06-18,2025-06-20,2025-06-22,199,182,1839.18,365997.58
PO0006239,S008,P0038,WH05,2025-06-18,2025-06-22,2025-06-23,125,118,1779.29,222411.59
PO0006240,S012,P0040,WH03,2025-06-18,2025-06-28,2025-06-28,72,71,751.02,54073.52
PO0006241,S010,P0008,WH05,2025-06-19,2025-06-28,2025-06-28,106,102,770.89,81714.02
PO0006242,S007,P0010,WH04,2025-06-19,2025-06-23,2025-06-28,59,58,2815.69,166125.68
PO0006243,S011,P0012,WH01,2025-06-19,2025-06-24,2025-06-26,50,47,2313.02,115650.92
PO0006244,S010,P0021,WH02,2025-06-19,2025-06-26,2025-06-29,277,277,745.15,206406.31
PO0006245,S010,P0021,WH03,2025-06-19,2025-06-29,2025-06-29,222,217,739.78,164230.49
PO0006246,S006,P0023,WH01,2025-06-19,2025-06-27,2025-06-28,73,71,666.95,48687.69
PO0006247,S002,P0027,WH02,2025-06-19,2025-06-25,2025-06-27,245,233,573.88,140599.69
PO0006248,S009,P0030,WH03,2025-06-19,2025-06-28,2025-06-28,231,223,2661.49,614804.73
PO0006249,S009,P0030,WH05,2025-06-19,2025-06-28,2025-06-28,181,168,2525.08,457040.19
PO0006250,S009,P0001,WH03,2025-06-20,2025-06-28,2025-07-01,283,263,1348.03,381493.74
PO0006251,S009,P0002,WH01,2025-06-20,2025-06-27,2025-06-29,202,188,819.71,165580.99
PO0006252,S008,P0004,WH05,2025-06-20,2025-06-24,2025-06-29,269,247,1633.98,439540.67
PO0006253,S004,P0007,WH04,2025-06-20,2025-06-28,2025-07-03,162,153,2459.72,398475.04
PO0006254,S010,P0009,WH02,2025-06-20,2025-06-28,2025-06-30,64,63,2401.87,153719.94
PO0006255,S007,P0010,WH03,2025-06-20,2025-06-24,2025-06-24,106,97,2626.0,278355.59
PO0006256,S011,P0012,WH01,2025-06-20,2025-06-25,2025-06-27,50,48,2340.92,117046.07
PO0006257,S004,P0015,WH04,2025-06-20,2025-06-25,2025-06-25,119,112,251.7,29952.48
PO0006258,S006,P0018,WH05,2025-06-20,2025-06-26,2025-06-26,52,52,1086.16,56480.23
PO0006259,S009,P0022,WH02,2025-06-20,2025-06-29,2025-06-29,62,55,473.27,29343.02
PO0006260,S006,P0023,WH01,2025-06-20,2025-06-27,2025-07-02,65,64,727.04,47257.68
PO0006261,S012,P0026,WH01,2025-06-20,2025-06-29,2025-06-30,276,267,2187.58,603771.33
PO0006262,S012,P0026,WH05,2025-06-20,2025-06-29,2025-06-30,291,282,2200.55,640360.07
PO0006263,S002,P0027,WH02,2025-06-20,2025-06-28,2025-06-28,218,201,514.61,112185.08
PO0006264,S004,P0029,WH01,2025-06-20,2025-06-26,2025-06-28,175,163,3530.77,617885.17
PO0006265,S009,P0030,WH05,2025-06-20,2025-06-27,2025-06-27,192,181,2666.42,511951.71
PO0006266,S008,P0038,WH04,2025-06-20,2025-06-23,2025-06-28,112,105,1730.61,193828.06
PO0006267,S010,P0008,WH01,2025-06-21,2025-06-28,2025-07-01,75,75,801.68,60126.26
PO0006268,S010,P0014,WH01,2025-06-21,2025-06-28,2025-06-29,177,174,1884.93,333631.86
PO0006269,S004,P0015,WH04,2025-06-21,2025-06-27,2025-06-30,89,84,255.52,22740.94
PO0006270,S012,P0016,WH04,2025-06-21,2025-07-04,2025-07-04,163,159,875.88,142768.09
PO0006271,S006,P0018,WH03,2025-06-21,2025-06-25,2025-06-25,93,91,1152.25,107159.11
PO0006272,S006,P0018,WH04,2025-06-21,2025-06-24,2025-06-27,50,49,1067.41,53370.55
PO0006273,S012,P0026,WH03,2025-06-21,2025-07-04,2025-07-04,255,245,2313.18,589861.01
PO0006274,S006,P0028,WH04,2025-06-21,2025-06-29,2025-07-01,201,200,3104.96,624097.88
PO0006275,S004,P0029,WH03,2025-06-21,2025-06-29,2025-06-30,384,362,3416.27,1311846.08
PO0006276,S009,P0030,WH03,2025-06-21,2025-06-29,2025-06-29,301,290,2399.51,722252.25
PO0006277,S008,P0036,WH03,2025-06-21,2025-06-25,2025-06-28,374,339,2207.77,825707.16
PO0006278,S008,P0038,WH02,2025-06-21,2025-06-26,2025-06-26,122,113,1722.75,210175.41
PO0006279,S002,P0039,WH01,2025-06-21,2025-06-27,2025-06-27,69,66,520.75,35931.87
PO0006280,S012,P0040,WH03,2025-06-21,2025-07-03,2025-07-08,52,52,678.37,35275.02
PO0006281,S012,P0040,WH05,2025-06-21,2025-07-01,2025-07-02,51,49,693.83,35385.53
PO0006282,S009,P0002,WH01,2025-06-22,2025-06-30,2025-07-05,200,193,826.97,165394.87
PO0006283,S008,P0004,WH05,2025-06-22,2025-06-25,2025-06-25,222,205,1569.13,348346.17
PO0006284,S004,P0007,WH04,2025-06-22,2025-06-30,2025-06-30,186,176,2404.78,447288.24
PO0006285,S004,P0015,WH01,2025-06-22,2025-07-01,2025-07-01,61,56,256.59,15651.92
PO0006286,S006,P0018,WH04,2025-06-22,2025-06-28,2025-06-28,63,63,1088.06,68547.48
PO0006287,S010,P0021,WH03,2025-06-22,2025-07-02,2025-07-05,303,296,707.78,214458.14
PO0006288,S006,P0024,WH05,2025-06-22,2025-06-30,2025-06-30,61,59,664.38,40527.0
PO0006289,S004,P0029,WH03,2025-06-22,2025-06-27,2025-06-28,276,266,3268.6,902134.82
PO0006290,S009,P0030,WH03,2025-06-22,2025-06-30,2025-06-30,211,197,2579.64,544304.27
PO0006291,S008,P0038,WH01,2025-06-22,2025-06-24,2025-06-26,107,103,1865.26,199583.09
PO0006292,S006,P0003,WH05,2025-06-23,2025-06-29,2025-06-30,150,148,909.51,136426.82
PO0006293,S010,P0008,WH01,2025-06-23,2025-06-29,2025-07-02,101,99,867.65,87632.82
PO0006294,S010,P0008,WH04,2025-06-23,2025-07-02,2025-07-02,79,79,857.21,67719.42
PO0006295,S010,P0014,WH01,2025-06-23,2025-07-02,2025-07-03,236,236,2065.92,487557.22
PO0006296,S004,P0015,WH01,2025-06-23,2025-06-30,2025-06-30,73,68,265.26,19363.87
PO0006297,S012,P0016,WH03,2025-06-23,2025-07-04,2025-07-05,344,331,864.84,297504.81
PO0006298,S011,P0017,WH01,2025-06-23,2025-06-28,2025-07-03,200,184,970.89,194178.86
PO0006299,S010,P0021,WH04,2025-06-23,2025-06-30,2025-07-01,214,211,749.31,160351.85
PO0006300,S006,P0024,WH02,2025-06-23,2025-06-30,2025-06-30,57,55,641.14,36545.1
PO0006301,S012,P0026,WH01,2025-06-23,2025-07-01,2025-07-04,288,278,2260.97,651158.61
PO0006302,S004,P0029,WH03,2025-06-23,2025-07-01,2025-07-01,249,238,3267.9,813706.71
PO0006303,S009,P0030,WH03,2025-06-23,2025-06-30,2025-07-01,207,197,2556.33,529160.28
PO0006304,S009,P0001,WH03,2025-06-24,2025-07-01,2025-07-02,238,225,1320.43,314261.72
PO0006305,S010,P0008,WH05,2025-06-24,2025-07-01,2025-07-01,129,126,795.51,102620.88
PO0006306,S007,P0013,WH02,2025-06-24,2025-06-28,2025-06-29,60,59,2618.35,157100.95
PO0006307,S006,P0018,WH03,2025-06-24,2025-07-01,2025-07-01,112,111,1136.88,127330.19
PO0006308,S008,P0019,WH04,2025-06-24,2025-06-27,2025-06-30,152,141,2129.79,323728.02
PO0006309,S010,P0021,WH05,2025-06-24,2025-07-02,2025-07-02,134,132,694.52,93065.16
PO0006310,S006,P0024,WH02,2025-06-24,2025-07-01,2025-07-01,64,64,668.16,42761.94
PO0006311,S012,P0026,WH01,2025-06-24,2025-07-03,2025-07-04,255,245,2131.76,543597.53
PO0006312,S006,P0028,WH01,2025-06-24,2025-07-02,2025-07-04,205,202,3356.1,687999.9
PO0006313,S006,P0028,WH04,2025-06-24,2025-06-29,2025-06-29,213,211,3307.61,704520.79
PO0006314,S006,P0028,WH05,2025-06-24,2025-07-01,2025-07-01,180,178,3194.79,575062.62
PO0006315,S004,P0031,WH05,2025-06-24,2025-06-29,2025-06-30,50,48,493.26,24663.21
PO0006316,S009,P0032,WH02,2025-06-24,2025-07-02,2025-07-02,349,331,1582.67,552351.54
PO0006317,S012,P0040,WH05,2025-06-24,2025-07-05,2025-07-05,50,49,748.51,37425.73
PO0006318,S008,P0019,WH04,2025-06-25,2025-06-28,2025-06-28,153,146,1906.32,291666.42
PO0006319,S006,P0020,WH02,2025-06-25,2025-06-30,2025-07-03,192,190,2269.95,435830.62
PO0006320,S010,P0021,WH05,2025-06-25,2025-07-03,2025-07-04,135,133,691.71,93381.24
PO0006321,S006,P0024,WH03,2025-06-25,2025-07-02,2025-07-02,76,76,632.62,48078.95
PO0006322,S002,P0027,WH02,2025-06-25,2025-07-01,2025-07-01,260,246,561.4,145963.21
PO0006323,S006,P0028,WH04,2025-06-25,2025-07-02,2025-07-05,160,159,3096.05,495368.35
PO0006324,S009,P0030,WH05,2025-06-25,2025-07-05,2025-07-05,211,201,2646.6,558432.13
PO0006325,S006,P0003,WH05,2025-06-26,2025-07-03,2025-07-05,243,240,908.62,220793.75
PO0006326,S007,P0011,WH03,2025-06-26,2025-06-28,2025-07-01,98,93,581.4,56977.09
PO0006327,S004,P0015,WH01,2025-06-26,2025-07-01,2025-07-04,65,61,249.74,16233.34
PO0006328,S011,P0017,WH01,2025-06-26,2025-06-29,2025-06-29,212,205,927.46,196620.91
PO0006329,S010,P0021,WH04,2025-06-26,2025-07-05,2025-07-06,222,219,697.11,154758.16
PO0006330,S006,P0024,WH03,2025-06-26,2025-07-05,2025-07-06,78,74,637.51,49726.08
PO0006331,S006,P0028,WH02,2025-06-26,2025-07-01,2025-07-02,274,271,3234.43,886234.13
PO0006332,S006,P0028,WH05,2025-06-26,2025-06-30,2025-06-30,138,137,3200.33,441645.34
PO0006333,S009,P0001,WH03,2025-06-27,2025-07-06,2025-07-09,186,171,1436.22,267136.32
PO0006334,S009,P0002,WH01,2025-06-27,2025-07-06,2025-07-07,136,132,742.55,100986.21
PO0006335,S007,P0013,WH02,2025-06-27,2025-07-04,2025-07-04,50,49,2585.66,129283.16
PO0006336,S004,P0015,WH01,2025-06-27,2025-07-05,2025-07-05,81,77,252.77,20474.01
PO0006337,S006,P0020,WH03,2025-06-27,2025-07-03,2025-07-06,272,267,2401.2,653125.54
PO0006338,S006,P0028,WH01,2025-06-27,2025-07-03,2025-07-03,136,136,3298.57,448605.98
PO0006339,S004,P0033,WH03,2025-06-27,2025-07-07,2025-07-07,170,161,2204.96,374842.91
PO0006340,S012,P0040,WH03,2025-06-27,2025-07-07,2025-07-10,65,61,683.77,44445.15
PO0006341,S012,P0040,WH05,2025-06-27,2025-07-07,2025-07-07,50,47,695.04,34752.05
PO0006342,S009,P0001,WH03,2025-06-28,2025-07-06,2025-07-06,290,279,1329.29,385493.09
PO0006343,S009,P0002,WH05,2025-06-28,2025-07-07,2025-07-08,191,185,769.42,146960.07
PO0006344,S006,P0003,WH05,2025-06-28,2025-07-01,2025-07-06,219,214,920.37,201561.4
PO0006345,S010,P0008,WH01,2025-06-28,2025-07-05,2025-07-05,74,73,829.25,61364.86
PO0006346,S011,P0012,WH02,2025-06-28,2025-07-02,2025-07-02,50,46,2475.1,123755.0
PO0006347,S004,P0015,WH01,2025-06-28,2025-07-05,2025-07-08,104,102,256.7,26697.24
PO0006348,S011,P0017,WH01,2025-06-28,2025-07-02,2025-07-02,253,247,988.37,250058.3
PO0006349,S006,P0020,WH03,2025-06-28,2025-07-05,2025-07-05,201,197,2300.34,462367.62
PO0006350,S006,P0023,WH05,2025-06-28,2025-07-04,2025-07-04,53,53,654.33,34679.26
PO0006351,S006,P0024,WH03,2025-06-28,2025-07-04,2025-07-04,82,81,669.53,54901.51
PO0006352,S006,P0025,WH01,2025-06-28,2025-07-04,2025-07-05,114,112,1372.06,156415.1
PO0006353,S006,P0028,WH04,2025-06-28,2025-07-05,2025-07-08,139,139,3130.34,435116.64
PO0006354,S009,P0032,WH03,2025-06-28,2025-07-04,2025-07-04,383,358,1668.69,639109.22
PO0006355,S004,P0033,WH03,2025-06-28,2025-07-03,2025-07-03,155,144,2192.91,339901.59
PO0006356,S002,P0037,WH05,2025-06-28,2025-07-03,2025-07-03,119,113,1556.22,185190.15
PO0006357,S008,P0038,WH03,2025-06-28,2025-07-02,2025-07-02,241,222,1741.29,419649.8
PO0006358,S009,P0001,WH03,2025-06-29,2025-07-09,2025-07-10,202,188,1388.34,280445.27
PO0006359,S009,P0002,WH04,2025-06-29,2025-07-09,2025-07-09,156,149,794.88,124000.89
PO0006360,S010,P0008,WH01,2025-06-29,2025-07-08,2025-07-10,81,80,865.75,70125.81
PO0006361,S010,P0008,WH04,2025-06-29,2025-07-05,2025-07-06,70,69,798.03,55862.42
PO0006362,S007,P0011,WH02,2025-06-29,2025-07-04,2025-07-04,101,93,650.43,65693.84
PO0006363,S007,P0011,WH03,2025-06-29,2025-07-02,2025-07-04,119,114,623.78,74230.06
PO0006364,S006,P0023,WH05,2025-06-29,2025-07-05,2025-07-05,91,88,651.61,59296.73
PO0006365,S006,P0025,WH01,2025-06-29,2025-07-08,2025-07-08,181,177,1346.91,243790.59
PO0006366,S002,P0027,WH03,2025-06-29,2025-07-04,2025-07-04,278,257,521.65,145020.09
PO0006367,S006,P0028,WH05,2025-06-29,2025-07-06,2025-07-07,185,179,3170.22,586490.12
PO0006368,S004,P0033,WH03,2025-06-29,2025-07-05,2025-07-07,180,169,1965.84,353851.99
PO0006369,S011,P0012,WH02,2025-06-30,2025-07-05,2025-07-07,50,47,2514.86,125742.81
PO0006370,S006,P0020,WH02,2025-06-30,2025-07-06,2025-07-06,201,200,2498.49,502196.47
PO0006371,S009,P0022,WH03,2025-06-30,2025-07-06,2025-07-06,91,87,451.14,41053.88
PO0006372,S002,P0027,WH03,2025-06-30,2025-07-05,2025-07-07,260,249,546.23,142019.39
PO0006373,S009,P0032,WH02,2025-06-30,2025-07-08,2025-07-08,271,257,1581.52,428591.27
PO0006374,S002,P0037,WH05,2025-06-30,2025-07-06,2025-07-08,99,92,1501.31,148629.87
PO0006375,S008,P0004,WH01,2025-07-01,2025-07-04,2025-07-04,200,176,1692.2,338439.6
PO0006376,S008,P0004,WH02,2025-07-01,2025-07-03,2025-07-08,363,342,1581.91,574234.22
PO0006377,S007,P0010,WH02,2025-07-01,2025-07-06,2025-07-06,119,114,2654.21,315851.07
PO0006378,S007,P0011,WH02,2025-07-01,2025-07-06,2025-07-06,104,100,604.0,62816.5
PO0006379,S006,P0020,WH02,2025-07-01,2025-07-08,2025-07-10,162,161,2508.08,406309.26
PO0006380,S009,P0022,WH03,2025-07-01,2025-07-11,2025-07-12,82,76,458.39,37587.67
PO0006381,S006,P0024,WH03,2025-07-01,2025-07-06,2025-07-06,84,82,673.58,56580.78
PO0006382,S002,P0027,WH03,2025-07-01,2025-07-08,2025-07-08,249,234,531.89,132441.82
PO0006383,S009,P0032,WH02,2025-07-01,2025-07-09,2025-07-09,293,277,1730.87,507144.27
PO0006384,S004,P0033,WH03,2025-07-01,2025-07-08,2025-07-13,102,96,1979.33,201891.43
PO0006385,S002,P0039,WH05,2025-07-01,2025-07-07,2025-07-07,92,84,520.07,47846.77
PO0006386,S009,P0005,WH01,2025-07-02,2025-07-10,2025-07-13,73,68,1160.09,84686.8
PO0006387,S007,P0011,WH02,2025-07-02,2025-07-07,2025-07-07,140,132,595.87,83421.11
PO0006388,S011,P0012,WH05,2025-07-02,2025-07-07,2025-07-07,51,48,2365.71,120651.07
PO0006389,S006,P0020,WH03,2025-07-02,2025-07-09,2025-07-09,282,277,2335.73,658675.86
PO0006390,S006,P0023,WH03,2025-07-02,2025-07-07,2025-07-10,122,118,660.96,80637.57
PO0006391,S002,P0039,WH04,2025-07-02,2025-07-11,2025-07-14,61,60,523.75,31948.57
PO0006392,S008,P0004,WH03,2025-07-03,2025-07-07,2025-07-07,360,337,1621.79,583842.95
PO0006393,S009,P0005,WH05,2025-07-03,2025-07-13,2025-07-14,86,78,1236.87,106371.1
PO0006394,S008,P0019,WH02,2025-07-03,2025-07-07,2025-07-07,175,166,1925.58,336976.69
PO0006395,S006,P0023,WH02,2025-07-03,2025-07-09,2025-07-09,92,90,676.98,62282.15
PO0006396,S006,P0024,WH04,2025-07-03,2025-07-09,2025-07-09,54,52,694.36,37495.54
PO0006397,S006,P0028,WH03,2025-07-03,2025-07-12,2025-07-14,322,318,3281.1,1056514.44
PO0006398,S004,P0033,WH05,2025-07-03,2025-07-09,2025-07-09,105,101,2016.64,211746.86
PO0006399,S002,P0039,WH05,2025-07-03,2025-07-09,2025-07-10,55,52,501.18,27565.17
PO0006400,S009,P0005,WH01,2025-07-04,2025-07-10,2025-07-10,59,53,1194.14,70454.04
PO0006401,S011,P0006,WH03,2025-07-04,2025-07-06,2025-07-06,50,49,2752.83,137641.59
PO0006402,S011,P0006,WH04,2025-07-04,2025-07-07,2025-07-07,50,48,2962.77,148138.32
PO0006403,S010,P0014,WH03,2025-07-04,2025-07-12,2025-07-13,320,316,2023.05,647375.23
PO0006404,S011,P0017,WH03,2025-07-04,2025-07-06,2025-07-06,383,356,914.47,350240.46
PO0006405,S006,P0024,WH04,2025-07-04,2025-07-10,2025-07-13,56,55,634.54,35534.09
PO0006406,S006,P0025,WH02,2025-07-04,2025-07-11,2025-07-12,265,262,1501.38,397865.28
PO0006407,S006,P0028,WH03,2025-07-04,2025-07-12,2025-07-12,197,191,3129.66,616542.43
PO0006408,S004,P0033,WH05,2025-07-04,2025-07-11,2025-07-14,143,137,2105.07,301024.79
PO0006409,S002,P0037,WH04,2025-07-04,2025-07-11,2025-07-11,77,71,1522.2,117209.74
PO0006410,S002,P0039,WH05,2025-07-04,2025-07-14,2025-07-14,86,84,499.37,42946.18
PO0006411,S008,P0004,WH03,2025-07-05,2025-07-07,2025-07-09,263,245,1704.12,448183.47
PO0006412,S009,P0005,WH05,2025-07-05,2025-07-14,2025-07-14,65,61,1155.32,75095.73
PO0006413,S011,P0006,WH02,2025-07-05,2025-07-09,2025-07-09,51,49,2944.4,150164.27
PO0006414,S007,P0010,WH04,2025-07-05,2025-07-10,2025-07-11,66,64,2624.11,173191.26
PO0006415,S011,P0017,WH03,2025-07-05,2025-07-09,2025-07-09,323,307,881.53,284734.53
PO0006416,S006,P0018,WH05,2025-07-05,2025-07-12,2025-07-15,50,49,1033.96,51698.08
PO0006417,S006,P0023,WH02,2025-07-05,2025-07-12,2025-07-12,77,77,699.32,53847.68
PO0006418,S006,P0023,WH04,2025-07-05,2025-07-09,2025-07-09,64,63,665.53,42593.94
PO0006419,S006,P0025,WH02,2025-07-05,2025-07-11,2025-07-11,204,200,1486.83,303312.52
PO0006420,S009,P0030,WH02,2025-07-05,2025-07-13,2025-07-14,245,237,2401.17,588287.49
PO0006421,S004,P0033,WH05,2025-07-05,2025-07-10,2025-07-11,83,81,1974.91,163917.55
PO0006422,S006,P0034,WH02,2025-07-05,2025-07-11,2025-07-11,50,50,2962.82,148140.75
PO0006423,S002,P0039,WH01,2025-07-05,2025-07-12,2025-07-12,54,52,508.84,27477.57
PO0006424,S009,P0005,WH01,2025-07-06,2025-07-15,2025-07-15,51,49,1175.48,59949.35
PO0006425,S007,P0013,WH03,2025-07-06,2025-07-10,2025-07-11,78,75,2750.4,214531.03
PO0006426,S011,P0017,WH02,2025-07-06,2025-07-09,2025-07-09,262,251,916.91,240229.43
PO0006427,S008,P0019,WH03,2025-07-06,2025-07-09,2025-07-09,189,182,1908.43,360693.88
PO0006428,S009,P0022,WH05,2025-07-06,2025-07-16,2025-07-19,56,52,436.77,24459.08
PO0006429,S006,P0023,WH03,2025-07-06,2025-07-12,2025-07-14,70,67,717.73,50241.32
PO0006430,S006,P0023,WH04,2025-07-06,2025-07-12,2025-07-12,59,58,662.9,39111.33
PO0006431,S006,P0025,WH04,2025-07-06,2025-07-15,2025-07-17,115,113,1464.94,168467.53
PO0006432,S004,P0033,WH05,2025-07-06,2025-07-12,2025-07-17,151,145,2156.36,325611.08
PO0006433,S009,P0035,WH05,2025-07-06,2025-07-14,2025-07-14,120,116,1686.89,202426.31
PO0006434,S008,P0036,WH02,2025-07-06,2025-07-09,2025-07-10,253,231,2229.01,563939.14
PO0006435,S002,P0037,WH04,2025-07-06,2025-07-12,2025-07-13,92,85,1612.25,148327.18
PO0006436,S008,P0038,WH01,2025-07-06,2025-07-08,2025-07-08,116,109,1740.51,201898.62
PO0006437,S009,P0001,WH02,2025-07-07,2025-07-15,2025-07-15,193,180,1423.28,274693.05
PO0006438,S008,P0004,WH02,2025-07-07,2025-07-10,2025-07-10,220,209,1641.64,361161.56
PO0006439,S007,P0013,WH03,2025-07-07,2025-07-09,2025-07-09,51,47,2847.01,145197.62
PO0006440,S010,P0014,WH02,2025-07-07,2025-07-16,2025-07-16,281,272,2102.49,590798.67
PO0006441,S004,P0015,WH03,2025-07-07,2025-07-11,2025-07-11,174,164,260.97,45408.48
PO0006442,S011,P0017,WH02,2025-07-07,2025-07-14,2025-07-15,317,302,958.93,303980.72
PO0006443,S008,P0019,WH03,2025-07-07,2025-07-10,2025-07-10,319,292,2080.91,663810.55
PO0006444,S006,P0024,WH05,2025-07-07,2025-07-17,2025-07-20,55,55,635.49,34951.91
PO0006445,S006,P0025,WH02,2025-07-07,2025-07-14,2025-07-14,219,219,1482.58,324683.96
PO0006446,S009,P0030,WH01,2025-07-07,2025-07-15,2025-07-15,161,153,2567.49,413366.11
PO0006447,S002,P0039,WH01,2025-07-07,2025-07-14,2025-07-17,76,70,483.21,36724.22
PO0006448,S002,P0039,WH04,2025-07-07,2025-07-14,2025-07-17,53,50,499.76,26487.21
PO0006449,S004,P0007,WH01,2025-07-08,2025-07-13,2025-07-16,153,145,2474.57,378609.61
PO0006450,S004,P0007,WH03,2025-07-08,2025-07-15,2025-07-15,153,150,2484.12,380069.99
PO0006451,S007,P0013,WH03,2025-07-08,2025-07-14,2025-07-16,61,57,2681.15,163549.88
PO0006452,S010,P0014,WH02,2025-07-08,2025-07-15,2025-07-15,306,299,1923.86,588702.44
PO0006453,S010,P0014,WH03,2025-07-08,2025-07-16,2025-07-16,408,399,1967.69,802817.51
PO0006454,S004,P0015,WH03,2025-07-08,2025-07-17,2025-07-17,157,153,240.46,37751.68
PO0006455,S008,P0019,WH01,2025-07-08,2025-07-11,2025-07-11,137,125,2077.26,284584.27
PO0006456,S009,P0022,WH05,2025-07-08,2025-07-18,2025-07-19,67,64,465.07,31159.51
PO0006457,S006,P0025,WH04,2025-07-08,2025-07-11,2025-07-11,119,117,1393.47,165823.52
PO0006458,S004,P0029,WH01,2025-07-08,2025-07-14,2025-07-15,225,209,3386.29,761915.48
PO0006459,S009,P0030,WH01,2025-07-08,2025-07-17,2025-07-17,212,203,2407.86,510467.08
PO0006460,S002,P0039,WH04,2025-07-08,2025-07-16,2025-07-16,76,71,488.29,37109.81
PO0006461,S009,P0001,WH02,2025-07-09,2025-07-18,2025-07-19,162,155,1342.3,217452.65
PO0006462,S009,P0005,WH01,2025-07-09,2025-07-18,2025-07-18,78,77,1184.59,92398.31
PO0006463,S009,P0005,WH05,2025-07-09,2025-07-16,2025-07-18,53,50,1134.37,60121.78
PO0006464,S012,P0016,WH05,2025-07-09,2025-07-20,2025-07-25,333,326,889.6,296236.95
PO0006465,S006,P0018,WH05,2025-07-09,2025-07-17,2025-07-22,67,67,1039.2,69626.22
PO0006466,S009,P0022,WH05,2025-07-09,2025-07-18,2025-07-18,50,47,443.94,22196.87
PO0006467,S006,P0034,WH03,2025-07-09,2025-07-16,2025-07-16,50,49,2905.17,145258.43
PO0006468,S008,P0036,WH05,2025-07-09,2025-07-16,2025-07-17,271,259,2171.44,588459.9
PO0006469,S002,P0037,WH02,2025-07-09,2025-07-19,2025-07-19,131,127,1613.98,211431.13
PO0006470,S002,P0039,WH04,2025-07-09,2025-07-17,2025-07-17,50,45,524.23,26211.72
PO0006471,S004,P0007,WH03,2025-07-10,2025-07-18,2025-07-19,276,265,2378.6,656492.89
PO0006472,S010,P0009,WH01,2025-07-10,2025-07-18,2025-07-20,70,70,2428.64,170004.62
PO0006473,S010,P0014,WH04,2025-07-10,2025-07-17,2025-07-18,173,171,1941.46,335871.98
PO0006474,S004,P0029,WH01,2025-07-10,2025-07-14,2025-07-16,226,214,3252.03,734959.2
PO0006475,S009,P0030,WH01,2025-07-10,2025-07-21,2025-07-23,199,192,2451.99,487945.33
PO0006476,S004,P0031,WH03,2025-07-10,2025-07-18,2025-07-23,50,47,494.84,24742.1
PO0006477,S009,P0032,WH01,2025-07-10,2025-07-21,2025-07-23,223,211,1577.26,351728.89
PO0006478,S009,P0032,WH04,2025-07-10,2025-07-18,2025-07-20,221,208,1649.04,364437.36
PO0006479,S006,P0034,WH02,2025-07-10,2025-07-19,2025-07-19,50,50,2987.22,149361.25
PO0006480,S006,P0034,WH03,2025-07-10,2025-07-17,2025-07-20,50,50,2923.35,146167.5
PO0006481,S002,P0037,WH03,2025-07-10,2025-07-19,2025-07-21,119,109,1572.57,187135.68
PO0006482,S002,P0039,WH04,2025-07-10,2025-07-13,2025-07-14,54,54,484.13,26142.9
PO0006483,S010,P0014,WH02,2025-07-11,2025-07-20,2025-07-20,225,220,1978.64,445194.18
PO0006484,S010,P0014,WH03,2025-07-11,2025-07-17,2025-07-20,270,268,2120.16,572442.92
PO0006485,S006,P0020,WH01,2025-07-11,2025-07-16,2025-07-17,105,103,2401.79,252188.11
PO0006486,S006,P0028,WH03,2025-07-11,2025-07-18,2025-07-18,300,295,3355.8,1006741.09
PO0006487,S009,P0030,WH02,2025-07-11,2025-07-19,2025-07-19,231,215,2467.92,570090.06
PO0006488,S009,P0032,WH05,2025-07-11,2025-07-20,2025-07-20,282,263,1588.32,447906.46
PO0006489,S006,P0034,WH03,2025-07-11,2025-07-18,2025-07-19,50,47,3001.09,150054.3
PO0006490,S009,P0035,WH05,2025-07-11,2025-07-18,2025-07-23,144,135,1572.79,226481.47
PO0006491,S008,P0036,WH05,2025-07-11,2025-07-14,2025-07-14,286,270,2024.42,578982.97
PO0006492,S002,P0037,WH02,2025-07-11,2025-07-17,2025-07-19,136,126,1598.51,217397.15
PO0006493,S002,P0039,WH01,2025-07-11,2025-07-18,2025-07-19,55,50,475.07,26129.05
PO0006494,S012,P0040,WH04,2025-07-11,2025-07-21,2025-07-24,50,49,759.52,37975.93
PO0006495,S004,P0007,WH03,2025-07-12,2025-07-18,2025-07-20,287,278,2500.34,717598.31
PO0006496,S007,P0011,WH04,2025-07-12,2025-07-16,2025-07-17,128,125,643.71,82394.34
PO0006497,S010,P0014,WH02,2025-07-12,2025-07-20,2025-07-22,335,328,2082.54,697651.21
PO0006498,S010,P0014,WH03,2025-07-12,2025-07-22,2025-07-23,274,270,1944.85,532889.19
PO0006499,S006,P0020,WH01,2025-07-12,2025-07-16,2025-07-16,178,175,2434.81,433396.92
PO0006500,S006,P0024,WH05,2025-07-12,2025-07-19,2025-07-19,50,49,629.46,31473.2
PO0006501,S004,P0029,WH01,2025-07-12,2025-07-19,2025-07-19,256,235,3545.89,907747.47
PO0006502,S009,P0030,WH01,2025-07-12,2025-07-21,2025-07-23,191,181,2676.81,511271.25
PO0006503,S008,P0036,WH05,2025-07-12,2025-07-15,2025-07-16,270,256,2180.37,588701.14
PO0006504,S004,P0007,WH01,2025-07-13,2025-07-17,2025-07-17,142,134,2469.31,350641.4
PO0006505,S010,P0014,WH02,2025-07-13,2025-07-22,2025-07-22,314,313,1907.27,598882.43
PO0006506,S012,P0016,WH04,2025-07-13,2025-07-22,2025-07-25,269,259,869.6,233922.19
PO0006507,S006,P0018,WH05,2025-07-13,2025-07-18,2025-07-18,81,79,1104.64,89475.88
PO0006508,S006,P0020,WH04,2025-07-13,2025-07-21,2025-07-22,136,134,2511.08,341507.31
PO0006509,S009,P0022,WH04,2025-07-13,2025-07-20,2025-07-21,57,50,476.38,27153.71
PO0006510,S006,P0024,WH05,2025-07-13,2025-07-20,2025-07-20,63,62,678.65,42754.81
PO0006511,S009,P0030,WH02,2025-07-13,2025-07-25,2025-07-25,193,181,2594.0,500642.19
PO0006512,S004,P0031,WH05,2025-07-13,2025-07-20,2025-07-20,50,47,454.42,22720.94
PO0006513,S009,P0032,WH05,2025-07-13,2025-07-23,2025-07-23,190,180,1705.87,324114.82
PO0006514,S004,P0033,WH02,2025-07-13,2025-07-20,2025-07-20,103,100,1980.62,204004.22
PO0006515,S009,P0035,WH05,2025-07-13,2025-07-21,2025-07-22,190,177,1574.81,299213.82
PO0006516,S008,P0036,WH05,2025-07-13,2025-07-15,2025-07-15,316,297,2023.94,639564.21
PO0006517,S002,P0039,WH04,2025-07-13,2025-07-20,2025-07-22,68,65,496.36,33752.8
PO0006518,S009,P0001,WH02,2025-07-14,2025-07-24,2025-07-24,178,165,1395.43,248387.17
PO0006519,S006,P0018,WH05,2025-07-14,2025-07-22,2025-07-22,54,53,1103.92,59611.44
PO0006520,S006,P0020,WH01,2025-07-14,2025-07-20,2025-07-20,159,159,2433.83,386979.7
PO0006521,S006,P0020,WH04,2025-07-14,2025-07-20,2025-07-20,203,200,2310.41,469012.51
PO0006522,S010,P0021,WH01,2025-07-14,2025-07-23,2025-07-26,204,202,717.18,146303.92
PO0006523,S004,P0029,WH01,2025-07-14,2025-07-21,2025-07-23,163,154,3199.66,521544.7
PO0006524,S002,P0037,WH03,2025-07-14,2025-07-21,2025-07-22,130,123,1497.63,194691.6
PO0006525,S004,P0007,WH05,2025-07-15,2025-07-20,2025-07-20,142,136,2295.49,325959.8
PO0006526,S012,P0016,WH04,2025-07-15,2025-07-26,2025-07-27,302,289,817.53,246894.96
PO0006527,S006,P0020,WH04,2025-07-15,2025-07-21,2025-07-21,189,188,2331.46,440646.37
PO0006528,S009,P0022,WH05,2025-07-15,2025-07-26,2025-07-27,52,50,446.57,23221.59
PO0006529,S004,P0029,WH04,2025-07-15,2025-07-22,2025-07-22,309,295,3568.27,1102594.98
PO0006530,S004,P0031,WH05,2025-07-15,2025-07-20,2025-07-25,50,47,457.8,22890.0
PO0006531,S009,P0032,WH01,2025-07-15,2025-07-22,2025-07-22,240,226,1682.91,403899.3
PO0006532,S004,P0033,WH02,2025-07-15,2025-07-22,2025-07-22,174,168,2206.27,383890.38
PO0006533,S012,P0040,WH04,2025-07-15,2025-07-29,2025-07-29,50,49,732.93,36646.73
PO0006534,S008,P0004,WH01,2025-07-16,2025-07-18,2025-07-18,167,154,1683.0,281061.08
PO0006535,S010,P0009,WH01,2025-07-16,2025-07-24,2025-07-24,50,50,2289.16,114458.22
PO0006536,S012,P0016,WH05,2025-07-16,2025-07-27,2025-07-27,233,228,841.61,196094.0
PO0006537,S006,P0020,WH04,2025-07-16,2025-07-22,2025-07-22,121,118,2497.58,302207.15
PO0006538,S009,P0022,WH01,2025-07-16,2025-07-24,2025-07-24,64,61,426.87,27319.94
PO0006539,S009,P0022,WH04,2025-07-16,2025-07-26,2025-07-26,58,51,433.23,25127.21
PO0006540,S006,P0024,WH05,2025-07-16,2025-07-23,2025-07-23,50,50,688.57,34428.6
PO0006541,S004,P0031,WH01,2025-07-16,2025-07-22,2025-07-25,50,48,489.86,24493.22
PO0006542,S009,P0032,WH01,2025-07-16,2025-07-24,2025-07-25,177,170,1577.87,279282.56
PO0006543,S009,P0032,WH05,2025-07-16,2025-07-24,2025-07-26,152,140,1604.64,243905.58
PO0006544,S002,P0037,WH02,2025-07-16,2025-07-22,2025-07-23,132,121,1485.04,196024.72
PO0006545,S012,P0040,WH04,2025-07-16,2025-07-26,2025-07-29,50,48,714.15,35707.7
PO0006546,S010,P0014,WH04,2025-07-17,2025-07-26,2025-07-27,186,185,2096.88,390019.29
PO0006547,S006,P0018,WH01,2025-07-17,2025-07-25,2025-07-25,70,68,1081.58,75710.3
PO0006548,S010,P0021,WH01,2025-07-17,2025-07-25,2025-07-30,147,146,716.33,105299.86
PO0006549,S004,P0031,WH03,2025-07-17,2025-07-26,2025-07-27,65,65,456.52,29673.54
PO0006550,S004,P0007,WH05,2025-07-18,2025-07-26,2025-07-26,132,127,2545.35,335986.57
PO0006551,S010,P0009,WH01,2025-07-18,2025-07-27,2025-07-27,59,57,2310.75,136334.53
PO0006552,S012,P0016,WH02,2025-07-18,2025-07-30,2025-07-30,318,304,905.52,287956.76
PO0006553,S008,P0019,WH04,2025-07-18,2025-07-21,2025-07-24,138,130,2086.66,287959.7
PO0006554,S010,P0021,WH01,2025-07-18,2025-07-27,2025-07-29,168,168,687.81,115551.26
PO0006555,S006,P0025,WH03,2025-07-18,2025-07-22,2025-07-22,275,268,1504.83,413828.23
PO0006556,S004,P0031,WH04,2025-07-18,2025-07-26,2025-07-26,50,46,493.35,24667.71
PO0006557,S004,P0031,WH05,2025-07-18,2025-07-26,2025-07-27,50,48,471.44,23571.76
PO0006558,S009,P0035,WH01,2025-07-18,2025-07-27,2025-07-29,145,134,1636.01,237221.34
PO0006559,S008,P0036,WH02,2025-07-18,2025-07-22,2025-07-25,287,274,1999.14,573753.75
PO0006560,S008,P0036,WH04,2025-07-18,2025-07-22,2025-07-25,251,235,2049.3,514373.93
PO0006561,S009,P0002,WH05,2025-07-19,2025-07-29,2025-07-30,187,180,802.54,150075.22
PO0006562,S010,P0009,WH01,2025-07-19,2025-07-27,2025-07-27,50,50,2328.23,116411.53
PO0006563,S007,P0010,WH05,2025-07-19,2025-07-24,2025-07-27,67,60,2756.84,184708.55
PO0006564,S011,P0012,WH03,2025-07-19,2025-07-24,2025-07-25,54,53,2499.27,134960.56
PO0006565,S012,P0016,WH05,2025-07-19,2025-07-27,2025-07-27,209,204,890.33,186079.41
PO0006566,S006,P0018,WH01,2025-07-19,2025-07-26,2025-07-27,50,50,1099.06,54952.91
PO0006567,S009,P0022,WH01,2025-07-19,2025-07-27,2025-07-27,50,49,452.4,22619.88
PO0006568,S012,P0026,WH05,2025-07-19,2025-07-31,2025-07-31,169,166,2250.25,380292.02
PO0006569,S004,P0029,WH04,2025-07-19,2025-07-27,2025-07-27,283,264,3289.29,930869.67
PO0006570,S004,P0031,WH03,2025-07-19,2025-07-27,2025-07-29,60,58,474.22,28453.37
PO0006571,S009,P0032,WH04,2025-07-19,2025-07-27,2025-07-30,244,229,1594.79,389127.9
PO0006572,S009,P0032,WH05,2025-07-19,2025-07-29,2025-08-01,252,235,1711.14,431207.42
PO0006573,S009,P0035,WH01,2025-07-19,2025-07-27,2025-07-28,94,88,1509.5,141892.6
PO0006574,S009,P0035,WH04,2025-07-19,2025-07-27,2025-08-01,129,123,1690.15,218029.33
PO0006575,S006,P0003,WH02,2025-07-20,2025-07-26,2025-07-27,260,258,905.44,235414.11
PO0006576,S011,P0006,WH02,2025-07-20,2025-07-22,2025-07-24,50,47,3002.0,150100.24
PO0006577,S010,P0008,WH02,2025-07-20,2025-07-28,2025-07-28,106,105,843.3,89389.55
PO0006578,S007,P0010,WH03,2025-07-20,2025-07-26,2025-07-27,124,121,2893.2,358756.5
PO0006579,S007,P0011,WH01,2025-07-20,2025-07-25,2025-07-25,77,74,598.66,46096.91
PO0006580,S007,P0013,WH05,2025-07-20,2025-07-24,2025-07-27,50,46,2821.2,141060.16
PO0006581,S004,P0015,WH05,2025-07-20,2025-07-26,2025-07-26,94,90,255.08,23977.51
PO0006582,S008,P0019,WH01,2025-07-20,2025-07-23,2025-07-23,167,152,2036.99,340177.97
PO0006583,S006,P0025,WH03,2025-07-20,2025-07-27,2025-07-27,264,260,1402.53,370268.17
PO0006584,S012,P0026,WH05,2025-07-20,2025-07-30,2025-07-30,314,304,2294.92,720603.57
PO0006585,S004,P0029,WH04,2025-07-20,2025-07-26,2025-07-26,275,260,3343.03,919333.75
PO0006586,S004,P0031,WH01,2025-07-20,2025-07-28,2025-07-29,50,47,461.38,23068.94
PO0006587,S004,P0031,WH04,2025-07-20,2025-07-29,2025-07-31,50,48,457.46,22872.82
PO0006588,S004,P0033,WH04,2025-07-20,2025-07-27,2025-07-28,77,73,2177.6,167675.51
PO0006589,S009,P0035,WH01,2025-07-20,2025-07-27,2025-07-30,126,123,1549.83,195279.07
PO0006590,S008,P0036,WH03,2025-07-20,2025-07-23,2025-07-23,356,325,2168.6,772022.52
PO0006591,S002,P0039,WH02,2025-07-20,2025-07-25,2025-07-27,69,68,512.23,35343.88
PO0006592,S002,P0039,WH03,2025-07-20,2025-07-27,2025-07-27,102,91,482.51,49216.47
PO0006593,S011,P0006,WH02,2025-07-21,2025-07-23,2025-07-24,50,49,2683.25,134162.31
PO0006594,S007,P0010,WH03,2025-07-21,2025-07-26,2025-07-26,67,65,2756.75,184702.53
PO0006595,S007,P0011,WH01,2025-07-21,2025-07-25,2025-07-26,63,62,620.3,39079.07
PO0006596,S011,P0012,WH04,2025-07-21,2025-07-25,2025-07-26,50,47,2439.26,121963.0
PO0006597,S011,P0012,WH05,2025-07-21,2025-07-24,2025-07-24,60,56,2509.27,150555.96
PO0006598,S012,P0016,WH04,2025-07-21,2025-08-02,2025-08-03,189,182,846.44,159976.5
PO0006599,S006,P0018,WH01,2025-07-21,2025-07-27,2025-07-29,62,61,1114.81,69118.15
PO0006600,S008,P0019,WH04,2025-07-21,2025-07-23,2025-07-23,156,144,1912.53,298354.31
PO0006601,S012,P0026,WH02,2025-07-21,2025-08-01,2025-08-01,237,227,2354.97,558127.82
PO0006602,S004,P0031,WH03,2025-07-21,2025-07-29,2025-07-29,70,68,466.31,32641.8
PO0006603,S008,P0036,WH04,2025-07-21,2025-07-25,2025-07-25,201,187,2220.13,446245.71
PO0006604,S002,P0037,WH01,2025-07-21,2025-07-26,2025-07-28,67,61,1567.87,105047.39
PO0006605,S008,P0038,WH03,2025-07-21,2025-07-25,2025-07-27,144,139,1698.38,244566.58
PO0006606,S008,P0038,WH05,2025-07-21,2025-07-26,2025-07-26,135,127,1825.57,246452.09
PO0006607,S010,P0008,WH02,2025-07-22,2025-08-01,2025-08-01,118,116,771.16,90997.38
PO0006608,S010,P0008,WH03,2025-07-22,2025-07-28,2025-07-29,162,161,798.19,129306.62
PO0006609,S010,P0008,WH04,2025-07-22,2025-08-01,2025-08-01,94,92,787.94,74066.36
PO0006610,S011,P0012,WH04,2025-07-22,2025-07-27,2025-07-29,50,49,2519.21,125960.71
PO0006611,S007,P0013,WH05,2025-07-22,2025-07-26,2025-07-28,55,53,2768.55,152270.07
PO0006612,S004,P0015,WH05,2025-07-22,2025-07-29,2025-07-31,71,69,262.31,18623.85
PO0006613,S008,P0019,WH04,2025-07-22,2025-07-24,2025-07-27,228,215,2120.8,483542.19
PO0006614,S009,P0022,WH01,2025-07-22,2025-07-31,2025-08-01,56,53,434.21,24315.61
PO0006615,S006,P0028,WH02,2025-07-22,2025-07-27,2025-07-29,277,273,3195.74,885219.63
PO0006616,S004,P0031,WH02,2025-07-22,2025-07-29,2025-07-30,50,49,487.72,24386.14
PO0006617,S004,P0033,WH04,2025-07-22,2025-07-29,2025-07-29,124,115,1983.08,245901.74
PO0006618,S009,P0035,WH01,2025-07-22,2025-07-31,2025-08-01,105,98,1519.23,159519.13
PO0006619,S008,P0036,WH04,2025-07-22,2025-07-26,2025-07-29,161,150,1996.51,321438.86
PO0006620,S008,P0038,WH01,2025-07-22,2025-07-26,2025-07-26,111,99,1855.26,205934.07
PO0006621,S002,P0039,WH03,2025-07-22,2025-07-29,2025-07-31,91,89,508.7,46291.87
PO0006622,S011,P0006,WH02,2025-07-23,2025-07-25,2025-07-25,50,49,2818.01,140900.7
PO0006623,S007,P0010,WH03,2025-07-23,2025-07-28,2025-07-28,103,96,2668.12,274816.23
PO0006624,S007,P0011,WH01,2025-07-23,2025-07-25,2025-07-25,74,70,632.19,46782.08
PO0006625,S007,P0011,WH05,2025-07-23,2025-07-27,2025-07-27,93,89,653.29,60755.71
PO0006626,S012,P0016,WH04,2025-07-23,2025-08-04,2025-08-04,290,282,851.93,247060.53
PO0006627,S012,P0026,WH04,2025-07-23,2025-08-02,2025-08-02,277,272,2197.25,608637.88
PO0006628,S006,P0028,WH02,2025-07-23,2025-07-27,2025-07-30,259,258,3152.83,816583.97
PO0006629,S004,P0031,WH02,2025-07-23,2025-07-30,2025-08-01,50,47,491.16,24557.81
PO0006630,S004,P0031,WH04,2025-07-23,2025-07-31,2025-08-01,50,49,470.41,23520.53
PO0006631,S002,P0037,WH01,2025-07-23,2025-07-31,2025-08-05,68,68,1484.58,100951.71
PO0006632,S008,P0038,WH05,2025-07-23,2025-07-26,2025-07-26,142,128,1763.78,250456.37
PO0006633,S002,P0039,WH02,2025-07-23,2025-07-30,2025-07-30,73,68,494.86,36125.07
PO0006634,S009,P0001,WH01,2025-07-24,2025-08-02,2025-08-05,149,144,1374.29,204769.19
PO0006635,S010,P0008,WH04,2025-07-24,2025-07-31,2025-07-31,113,112,864.82,97724.4
PO0006636,S007,P0010,WH03,2025-07-24,2025-07-30,2025-07-31,124,116,2636.34,326906.53
PO0006637,S007,P0010,WH04,2025-07-24,2025-07-26,2025-07-26,71,71,2688.47,190881.59
PO0006638,S007,P0011,WH05,2025-07-24,2025-07-31,2025-07-31,141,135,624.34,88031.36
PO0006639,S011,P0012,WH03,2025-07-24,2025-07-27,2025-07-29,65,62,2304.2,149773.14
PO0006640,S012,P0016,WH02,2025-07-24,2025-08-04,2025-08-04,370,359,839.64,310668.45
PO0006641,S012,P0016,WH05,2025-07-24,2025-08-04,2025-08-06,279,268,818.48,228354.76
PO0006642,S012,P0026,WH04,2025-07-24,2025-08-04,2025-08-04,176,173,2210.99,389134.64
PO0006643,S012,P0026,WH05,2025-07-24,2025-08-03,2025-08-04,209,202,2229.29,465922.23
PO0006644,S002,P0027,WH04,2025-07-24,2025-07-31,2025-08-01,195,182,526.03,102576.51
PO0006645,S002,P0027,WH05,2025-07-24,2025-07-30,2025-07-30,149,144,547.81,81624.29
PO0006646,S009,P0032,WH03,2025-07-24,2025-07-31,2025-08-01,265,246,1678.31,444752.94
PO0006647,S004,P0033,WH01,2025-07-24,2025-07-31,2025-08-02,88,84,2169.64,190928.15
PO0006648,S004,P0033,WH04,2025-07-24,2025-08-02,2025-08-07,130,121,2070.23,269130.29
PO0006649,S006,P0034,WH01,2025-07-24,2025-08-01,2025-08-03,50,49,3151.96,157597.89
PO0006650,S002,P0037,WH01,2025-07-24,2025-07-31,2025-07-31,79,73,1554.29,122789.21
PO0006651,S008,P0038,WH01,2025-07-24,2025-07-27,2025-07-27,97,87,1851.43,179588.59
PO0006652,S002,P0039,WH02,2025-07-24,2025-07-31,2025-07-31,60,57,518.66,31119.59
PO0006653,S011,P0006,WH03,2025-07-25,2025-07-27,2025-07-27,50,49,2981.98,149098.94
PO0006654,S007,P0010,WH01,2025-07-25,2025-08-01,2025-08-01,80,75,2677.94,214235.03
PO0006655,S007,P0010,WH04,2025-07-25,2025-07-30,2025-07-30,56,54,2721.86,152424.0
PO0006656,S007,P0013,WH02,2025-07-25,2025-07-30,2025-07-30,58,58,2742.57,159069.15
PO0006657,S010,P0014,WH04,2025-07-25,2025-08-03,2025-08-03,270,266,2037.26,550060.97
PO0006658,S004,P0015,WH05,2025-07-25,2025-07-30,2025-07-30,107,103,247.03,26432.02
PO0006659,S012,P0016,WH02,2025-07-25,2025-08-04,2025-08-04,387,371,862.15,333651.45
PO0006660,S010,P0021,WH02,2025-07-25,2025-08-02,2025-08-03,239,238,736.42,176005.36
PO0006661,S012,P0026,WH03,2025-07-25,2025-08-04,2025-08-04,284,271,2316.63,657922.86
PO0006662,S012,P0026,WH05,2025-07-25,2025-08-05,2025-08-06,252,245,2185.98,550866.06
PO0006663,S006,P0028,WH02,2025-07-25,2025-08-02,2025-08-02,172,171,3081.72,530055.02
PO0006664,S004,P0031,WH04,2025-07-25,2025-08-03,2025-08-03,50,49,495.29,24764.43
PO0006665,S002,P0039,WH02,2025-07-25,2025-07-29,2025-07-29,69,64,504.57,34815.52
PO0006666,S002,P0039,WH03,2025-07-25,2025-07-31,2025-07-31,93,88,518.47,48217.92
PO0006667,S009,P0002,WH03,2025-07-26,2025-08-05,2025-08-05,332,317,751.46,249485.69
PO0006668,S009,P0002,WH04,2025-07-26,2025-08-04,2025-08-07,204,192,791.23,161410.29
PO0006669,S011,P0006,WH05,2025-07-26,2025-07-31,2025-08-01,50,45,3000.95,150047.48
PO0006670,S007,P0011,WH05,2025-07-26,2025-07-30,2025-07-30,116,112,617.53,71633.91
PO0006671,S004,P0033,WH01,2025-07-26,2025-08-02,2025-08-07,82,82,2177.26,178535.71
PO0006672,S004,P0033,WH04,2025-07-26,2025-08-03,2025-08-05,113,109,2099.75,237271.38
PO0006673,S008,P0038,WH03,2025-07-26,2025-07-29,2025-07-29,198,182,1889.27,374075.73
PO0006674,S009,P0002,WH04,2025-07-27,2025-08-04,2025-08-07,221,208,799.22,176627.83
PO0006675,S006,P0003,WH01,2025-07-27,2025-08-01,2025-08-01,188,185,890.13,167345.36
PO0006676,S008,P0004,WH04,2025-07-27,2025-07-31,2025-08-01,257,248,1531.7,393645.71
PO0006677,S008,P0004,WH05,2025-07-27,2025-07-31,2025-08-01,252,235,1537.43,387432.71
PO0006678,S007,P0010,WH01,2025-07-27,2025-07-30,2025-07-30,66,62,2847.74,187950.85
PO0006679,S007,P0010,WH02,2025-07-27,2025-08-02,2025-08-03,115,107,2929.61,336905.38
PO0006680,S012,P0026,WH03,2025-07-27,2025-08-07,2025-08-09,229,224,2217.61,507832.64
PO0006681,S006,P0028,WH02,2025-07-27,2025-08-05,2025-08-07,254,250,3021.97,767580.9
PO0006682,S006,P0034,WH01,2025-07-27,2025-08-05,2025-08-05,50,50,3063.23,153161.63
PO0006683,S009,P0035,WH04,2025-07-27,2025-08-04,2025-08-05,113,109,1563.51,176676.26
PO0006684,S002,P0037,WH01,2025-07-27,2025-08-01,2025-08-02,90,83,1454.71,130923.66
PO0006685,S009,P0001,WH01,2025-07-28,2025-08-07,2025-08-07,179,174,1405.42,251570.5
PO0006686,S009,P0002,WH04,2025-07-28,2025-08-06,2025-08-11,178,169,775.94,138117.36
PO0006687,S011,P0006,WH05,2025-07-28,2025-08-01,2025-08-01,50,48,2799.92,139995.86
PO0006688,S010,P0008,WH04,2025-07-28,2025-08-07,2025-08-07,112,109,826.43,92560.43
PO0006689,S007,P0011,WH03,2025-07-28,2025-08-03,2025-08-06,124,122,654.05,81102.37
PO0006690,S012,P0016,WH02,2025-07-28,2025-08-07,2025-08-08,406,387,861.2,349648.82
PO0006691,S011,P0017,WH04,2025-07-28,2025-08-02,2025-08-02,273,258,887.33,242241.45
PO0006692,S010,P0009,WH03,2025-07-29,2025-08-06,2025-08-07,69,68,2308.63,159295.22
PO0006693,S012,P0026,WH04,2025-07-29,2025-08-11,2025-08-11,268,262,2333.31,625328.25
PO0006694,S006,P0003,WH01,2025-07-30,2025-08-07,2025-08-12,215,211,895.35,192500.25
PO0006695,S008,P0004,WH05,2025-07-30,2025-08-04,2025-08-04,273,244,1610.37,439632.14
PO0006696,S011,P0012,WH02,2025-07-30,2025-08-05,2025-08-06,50,49,2444.64,122231.78
PO0006697,S004,P0015,WH02,2025-07-30,2025-08-04,2025-08-04,90,81,257.62,23185.99
PO0006698,S012,P0026,WH03,2025-07-30,2025-08-10,2025-08-10,230,222,2248.53,517161.97
PO0006699,S004,P0029,WH02,2025-07-30,2025-08-04,2025-08-04,249,236,3566.39,888032.35
PO0006700,S009,P0001,WH01,2025-07-31,2025-08-08,2025-08-08,134,128,1457.33,195281.61
PO0006701,S009,P0001,WH04,2025-07-31,2025-08-07,2025-08-08,128,122,1385.84,177387.75
PO0006702,S009,P0002,WH03,2025-07-31,2025-08-06,2025-08-06,248,236,764.58,189615.89
PO0006703,S009,P0002,WH04,2025-07-31,2025-08-06,2025-08-06,230,214,792.07,182175.77
PO0006704,S006,P0003,WH01,2025-07-31,2025-08-07,2025-08-07,204,200,948.96,193586.98
PO0006705,S008,P0004,WH04,2025-07-31,2025-08-03,2025-08-04,184,170,1655.74,304656.88
PO0006706,S007,P0011,WH03,2025-07-31,2025-08-04,2025-08-04,186,178,632.49,117643.79
PO0006707,S011,P0012,WH01,2025-07-31,2025-08-02,2025-08-07,50,48,2251.48,112573.9
PO0006708,S011,P0012,WH02,2025-07-31,2025-08-02,2025-08-02,60,57,2426.68,145600.95
PO0006709,S012,P0016,WH03,2025-07-31,2025-08-11,2025-08-14,394,379,830.25,327116.79
PO0006710,S006,P0018,WH02,2025-07-31,2025-08-07,2025-08-07,81,78,1124.66,91097.21
PO0006711,S010,P0021,WH02,2025-07-31,2025-08-06,2025-08-06,262,260,691.69,181223.27
PO0006712,S006,P0025,WH04,2025-07-31,2025-08-06,2025-08-06,146,141,1348.83,196929.06
PO0006713,S002,P0027,WH04,2025-07-31,2025-08-08,2025-08-08,186,174,526.41,97911.58
PO0006714,S010,P0009,WH05,2025-08-01,2025-08-09,2025-08-09,51,51,2362.28,120476.2
PO0006715,S006,P0018,WH02,2025-08-01,2025-08-08,2025-08-08,74,73,1033.0,76441.74
PO0006716,S012,P0026,WH03,2025-08-01,2025-08-10,2025-08-10,228,219,2370.91,540566.76
PO0006717,S012,P0026,WH04,2025-08-01,2025-08-11,2025-08-11,234,226,2191.96,512918.58
PO0006718,S006,P0034,WH01,2025-08-01,2025-08-08,2025-08-13,50,50,3015.85,150792.27
PO0006719,S008,P0036,WH01,2025-08-01,2025-08-04,2025-08-07,176,154,2201.84,387524.55
PO0006720,S010,P0009,WH03,2025-08-02,2025-08-11,2025-08-12,88,88,2291.22,201627.71
PO0006721,S010,P0009,WH05,2025-08-02,2025-08-09,2025-08-12,61,59,2410.8,147059.04
PO0006722,S004,P0015,WH02,2025-08-02,2025-08-06,2025-08-06,110,101,239.91,26390.38
PO0006723,S012,P0016,WH03,2025-08-02,2025-08-15,2025-08-15,380,368,879.37,334160.16
PO0006724,S006,P0025,WH04,2025-08-02,2025-08-08,2025-08-08,138,133,1461.83,201732.46
PO0006725,S006,P0028,WH01,2025-08-02,2025-08-08,2025-08-08,173,169,3145.26,544130.65
PO0006726,S009,P0035,WH03,2025-08-02,2025-08-09,2025-08-09,224,216,1607.21,360015.22
PO0006727,S009,P0001,WH01,2025-08-03,2025-08-11,2025-08-12,180,170,1379.58,248325.14
PO0006728,S009,P0002,WH03,2025-08-03,2025-08-11,2025-08-12,295,280,798.55,235571.3
PO0006729,S009,P0002,WH04,2025-08-03,2025-08-14,2025-08-14,217,193,770.7,167242.5
PO0006730,S009,P0005,WH04,2025-08-03,2025-08-14,2025-08-14,60,55,1159.13,69547.98
PO0006731,S004,P0007,WH02,2025-08-03,2025-08-09,2025-08-09,207,194,2557.13,529326.01
PO0006732,S007,P0013,WH01,2025-08-03,2025-08-07,2025-08-07,50,49,2710.51,135525.41
PO0006733,S006,P0018,WH04,2025-08-03,2025-08-10,2025-08-10,50,50,1050.09,52504.26
PO0006734,S006,P0003,WH03,2025-08-04,2025-08-09,2025-08-12,258,253,873.99,225489.15
PO0006735,S011,P0006,WH03,2025-08-04,2025-08-06,2025-08-07,50,46,2897.89,144894.29
PO0006736,S004,P0007,WH02,2025-08-04,2025-08-09,2025-08-12,152,137,2307.54,350746.43
PO0006737,S012,P0016,WH03,2025-08-04,2025-08-15,2025-08-15,277,269,859.99,238216.34
PO0006738,S008,P0019,WH02,2025-08-04,2025-08-08,2025-08-08,271,258,1917.57,519660.15
PO0006739,S006,P0025,WH01,2025-08-04,2025-08-09,2025-08-10,128,127,1432.38,183344.18
PO0006740,S006,P0025,WH04,2025-08-04,2025-08-10,2025-08-10,205,200,1437.65,294717.4
PO0006741,S008,P0036,WH01,2025-08-04,2025-08-07,2025-08-10,160,139,2123.78,339804.03
PO0006742,S009,P0001,WH04,2025-08-05,2025-08-13,2025-08-13,204,194,1390.64,283690.55
PO0006743,S008,P0004,WH03,2025-08-05,2025-08-09,2025-08-09,273,257,1702.47,464774.95
PO0006744,S010,P0009,WH03,2025-08-05,2025-08-14,2025-08-19,90,90,2420.54,217848.38
PO0006745,S007,P0010,WH05,2025-08-05,2025-08-10,2025-08-13,71,66,2650.28,188170.16
PO0006746,S007,P0011,WH04,2025-08-05,2025-08-08,2025-08-08,112,110,597.24,66890.72
PO0006747,S007,P0013,WH04,2025-08-05,2025-08-10,2025-08-12,50,45,2795.11,139755.29
PO0006748,S008,P0019,WH01,2025-08-05,2025-08-09,2025-08-11,116,107,1990.76,230928.22
PO0006749,S006,P0028,WH01,2025-08-05,2025-08-13,2025-08-15,128,127,3162.21,404763.07
PO0006750,S008,P0036,WH01,2025-08-05,2025-08-09,2025-08-09,190,177,2098.24,398666.05
PO0006751,S008,P0038,WH04,2025-08-05,2025-08-10,2025-08-10,124,119,1833.59,227365.27
PO0006752,S009,P0002,WH02,2025-08-06,2025-08-14,2025-08-14,321,303,825.62,265024.48
PO0006753,S008,P0004,WH02,2025-08-06,2025-08-11,2025-08-11,291,269,1551.18,451393.85
PO0006754,S008,P0004,WH03,2025-08-06,2025-08-10,2025-08-10,206,193,1646.65,339210.37
PO0006755,S010,P0009,WH05,2025-08-06,2025-08-13,2025-08-13,73,72,2460.99,179651.95
PO0006756,S011,P0012,WH01,2025-08-06,2025-08-10,2025-08-10,50,47,2495.19,124759.4
PO0006757,S011,P0012,WH05,2025-08-06,2025-08-08,2025-08-10,50,47,2397.57,119878.53
PO0006758,S007,P0013,WH04,2025-08-06,2025-08-09,2025-08-11,50,48,2777.82,138890.98
PO0006759,S006,P0018,WH02,2025-08-06,2025-08-11,2025-08-16,102,100,1090.08,111187.87
PO0006760,S008,P0019,WH01,2025-08-06,2025-08-11,2025-08-13,144,138,2094.61,301624.21
PO0006761,S006,P0025,WH01,2025-08-06,2025-08-13,2025-08-14,136,133,1490.55,202714.31
PO0006762,S006,P0028,WH01,2025-08-06,2025-08-15,2025-08-15,164,163,3002.75,492451.35
PO0006763,S004,P0029,WH03,2025-08-06,2025-08-13,2025-08-15,290,277,3264.14,946601.94
PO0006764,S008,P0036,WH02,2025-08-06,2025-08-12,2025-08-13,228,212,1989.02,453496.94
PO0006765,S008,P0038,WH04,2025-08-06,2025-08-11,2025-08-14,109,96,1907.8,207950.25
PO0006766,S012,P0040,WH01,2025-08-06,2025-08-17,2025-08-19,50,49,725.25,36262.6
PO0006767,S009,P0002,WH02,2025-08-07,2025-08-18,2025-08-18,225,211,752.44,169298.96
PO0006768,S006,P0003,WH03,2025-08-07,2025-08-14,2025-08-14,258,256,960.81,247888.21
PO0006769,S004,P0007,WH02,2025-08-07,2025-08-11,2025-08-12,225,216,2389.76,537697.05
PO0006770,S010,P0009,WH05,2025-08-07,2025-08-15,2025-08-15,56,56,2361.5,132244.02
PO0006771,S007,P0013,WH04,2025-08-07,2025-08-11,2025-08-13,50,50,2690.79,134539.53
PO0006772,S006,P0020,WH05,2025-08-07,2025-08-14,2025-08-16,125,124,2461.74,307716.91
PO0006773,S010,P0021,WH03,2025-08-07,2025-08-13,2025-08-13,189,185,668.33,126315.31
PO0006774,S006,P0025,WH01,2025-08-07,2025-08-13,2025-08-15,129,127,1504.37,194063.44
PO0006775,S002,P0027,WH05,2025-08-07,2025-08-16,2025-08-19,138,131,525.56,72527.03
PO0006776,S004,P0029,WH03,2025-08-07,2025-08-15,2025-08-17,293,278,3391.15,993605.98
PO0006777,S009,P0035,WH03,2025-08-07,2025-08-14,2025-08-14,191,183,1554.27,296866.17
PO0006778,S008,P0038,WH04,2025-08-07,2025-08-10,2025-08-10,118,110,1718.17,202743.49
PO0006779,S010,P0008,WH05,2025-08-08,2025-08-18,2025-08-18,104,100,815.43,84805.11
PO0006780,S010,P0009,WH05,2025-08-08,2025-08-17,2025-08-19,58,57,2406.86,139598.05
PO0006781,S011,P0017,WH02,2025-08-08,2025-08-13,2025-08-13,402,385,882.5,354766.39
PO0006782,S008,P0019,WH01,2025-08-08,2025-08-11,2025-08-11,219,205,1949.19,426873.56
PO0006783,S009,P0022,WH03,2025-08-08,2025-08-16,2025-08-16,80,75,459.01,36720.94
PO0006784,S006,P0023,WH02,2025-08-08,2025-08-16,2025-08-18,124,122,708.05,87798.18
PO0006785,S002,P0027,WH05,2025-08-08,2025-08-15,2025-08-15,160,153,562.14,89941.78
PO0006786,S009,P0002,WH02,2025-08-09,2025-08-17,2025-08-17,219,213,761.76,166824.56
PO0006787,S006,P0003,WH03,2025-08-09,2025-08-15,2025-08-18,188,185,888.68,167072.27
PO0006788,S008,P0004,WH01,2025-08-09,2025-08-13,2025-08-16,174,167,1548.32,269407.09
PO0006789,S011,P0006,WH04,2025-08-09,2025-08-12,2025-08-12,50,48,2903.71,145185.5
PO0006790,S006,P0023,WH02,2025-08-09,2025-08-18,2025-08-19,72,72,678.26,48834.89
PO0006791,S006,P0023,WH05,2025-08-09,2025-08-16,2025-08-16,96,95,682.2,65491.53
PO0006792,S012,P0026,WH02,2025-08-09,2025-08-17,2025-08-17,345,336,2299.83,793443.07
PO0006793,S004,P0029,WH05,2025-08-09,2025-08-17,2025-08-17,176,172,3503.18,616559.19
PO0006794,S008,P0036,WH02,2025-08-09,2025-08-13,2025-08-15,331,313,2002.78,662919.18
PO0006795,S008,P0038,WH02,2025-08-09,2025-08-12,2025-08-12,134,125,1751.49,234699.55
PO0006796,S009,P0002,WH02,2025-08-10,2025-08-19,2025-08-19,241,225,809.64,195122.74
PO0006797,S009,P0002,WH05,2025-08-10,2025-08-17,2025-08-17,228,218,797.36,181797.31
PO0006798,S008,P0004,WH02,2025-08-10,2025-08-14,2025-08-14,322,293,1590.41,512113.48
PO0006799,S004,P0015,WH04,2025-08-10,2025-08-17,2025-08-18,64,60,244.47,15646.04
PO0006800,S012,P0016,WH01,2025-08-10,2025-08-21,2025-08-21,180,175,913.6,164447.63
PO0006801,S008,P0019,WH03,2025-08-10,2025-08-13,2025-08-13,191,184,2124.19,405720.88
PO0006802,S009,P0022,WH03,2025-08-10,2025-08-18,2025-08-18,74,71,451.77,33431.22
PO0006803,S008,P0036,WH02,2025-08-10,2025-08-13,2025-08-13,329,310,2080.48,684479.0
PO0006804,S008,P0036,WH03,2025-08-10,2025-08-15,2025-08-20,257,239,2033.3,522558.96
PO0006805,S012,P0040,WH02,2025-08-10,2025-08-20,2025-08-22,50,48,752.77,37638.58
PO0006806,S009,P0002,WH05,2025-08-11,2025-08-20,2025-08-21,146,140,754.54,110162.12
PO0006807,S008,P0004,WH01,2025-08-11,2025-08-14,2025-08-14,197,183,1638.75,322833.58
PO0006808,S009,P0005,WH03,2025-08-11,2025-08-20,2025-08-21,67,65,1208.92,80997.83
PO0006809,S009,P0005,WH04,2025-08-11,2025-08-20,2025-08-20,65,59,1173.1,76251.22
PO0006810,S011,P0006,WH01,2025-08-11,2025-08-16,2025-08-21,50,48,2748.74,137437.22
PO0006811,S010,P0008,WH05,2025-08-11,2025-08-21,2025-08-21,126,125,834.19,105107.56
PO0006812,S007,P0013,WH02,2025-08-11,2025-08-16,2025-08-18,50,48,2727.49,136374.33
PO0006813,S004,P0015,WH04,2025-08-11,2025-08-15,2025-08-15,76,70,245.02,18621.53
PO0006814,S010,P0021,WH03,2025-08-11,2025-08-21,2025-08-21,212,208,668.36,141691.9
PO0006815,S010,P0021,WH04,2025-08-11,2025-08-19,2025-08-22,160,158,743.73,118997.05
PO0006816,S006,P0023,WH03,2025-08-11,2025-08-15,2025-08-15,88,87,697.2,61353.99
PO0006817,S012,P0026,WH02,2025-08-11,2025-08-22,2025-08-23,360,352,2155.82,776095.47
PO0006818,S004,P0029,WH05,2025-08-11,2025-08-18,2025-08-18,213,208,3268.62,696215.99
PO0006819,S008,P0036,WH02,2025-08-11,2025-08-15,2025-08-16,275,252,2022.72,556248.6
PO0006820,S008,P0036,WH03,2025-08-11,2025-08-16,2025-08-16,269,250,2154.76,579629.96
PO0006821,S012,P0040,WH01,2025-08-11,2025-08-23,2025-08-26,50,49,702.67,35133.71
PO0006822,S011,P0006,WH01,2025-08-12,2025-08-16,2025-08-19,50,47,2996.31,149815.32
PO0006823,S010,P0008,WH03,2025-08-12,2025-08-20,2025-08-20,186,184,780.32,145138.84
PO0006824,S011,P0017,WH05,2025-08-12,2025-08-14,2025-08-14,245,235,967.79,237108.85
PO0006825,S006,P0023,WH03,2025-08-12,2025-08-17,2025-08-17,116,116,712.11,82605.09
PO0006826,S006,P0023,WH05,2025-08-12,2025-08-21,2025-08-21,77,77,691.92,53278.2
PO0006827,S002,P0027,WH05,2025-08-12,2025-08-17,2025-08-17,172,161,559.77,96280.58
PO0006828,S004,P0029,WH03,2025-08-12,2025-08-19,2025-08-19,341,317,3390.87,1156288.26
PO0006829,S009,P0030,WH05,2025-08-12,2025-08-20,2025-08-22,146,133,2553.63,372830.07
PO0006830,S012,P0040,WH01,2025-08-12,2025-08-22,2025-08-22,50,49,761.76,38088.19
PO0006831,S009,P0002,WH05,2025-08-13,2025-08-24,2025-08-24,254,245,797.26,202504.84
PO0006832,S009,P0005,WH02,2025-08-13,2025-08-23,2025-08-24,96,91,1258.43,120809.72
PO0006833,S010,P0008,WH05,2025-08-13,2025-08-19,2025-08-20,123,122,821.21,101008.23
PO0006834,S007,P0013,WH02,2025-08-13,2025-08-18,2025-08-18,75,70,2633.89,197541.69
PO0006835,S010,P0014,WH01,2025-08-13,2025-08-22,2025-08-22,154,152,2040.43,314225.91
PO0006836,S012,P0016,WH03,2025-08-13,2025-08-23,2025-08-23,387,378,900.26,348401.73
PO0006837,S006,P0020,WH05,2025-08-13,2025-08-19,2025-08-22,168,167,2440.11,409938.65
PO0006838,S009,P0022,WH03,2025-08-13,2025-08-22,2025-08-25,68,64,442.85,30113.51
PO0006839,S006,P0023,WH02,2025-08-13,2025-08-19,2025-08-22,90,90,730.39,65735.18
PO0006840,S006,P0023,WH03,2025-08-13,2025-08-19,2025-08-19,103,103,712.87,73425.39
PO0006841,S002,P0027,WH05,2025-08-13,2025-08-21,2025-08-23,179,168,573.58,102670.45
PO0006842,S004,P0029,WH03,2025-08-13,2025-08-18,2025-08-20,377,357,3216.02,1212439.02
PO0006843,S009,P0030,WH05,2025-08-13,2025-08-19,2025-08-19,231,216,2687.78,620876.23
PO0006844,S002,P0037,WH05,2025-08-13,2025-08-20,2025-08-20,111,102,1552.65,172344.67
PO0006845,S012,P0040,WH01,2025-08-13,2025-08-23,2025-08-23,52,52,752.45,39127.55
PO0006846,S011,P0006,WH01,2025-08-14,2025-08-16,2025-08-16,50,43,3015.56,150778.11
PO0006847,S011,P0017,WH03,2025-08-14,2025-08-18,2025-08-19,246,229,912.71,224526.28
PO0006848,S006,P0018,WH03,2025-08-14,2025-08-22,2025-08-22,69,69,1031.12,71147.27
PO0006849,S004,P0029,WH02,2025-08-14,2025-08-18,2025-08-18,374,357,3324.22,1243258.05
PO0006850,S009,P0032,WH03,2025-08-14,2025-08-23,2025-08-24,379,355,1742.32,660338.65
PO0006851,S002,P0037,WH04,2025-08-14,2025-08-20,2025-08-23,71,67,1631.13,115810.36
PO0006852,S012,P0040,WH02,2025-08-14,2025-08-22,2025-08-23,58,57,717.34,41605.47
PO0006853,S009,P0002,WH05,2025-08-15,2025-08-26,2025-08-28,189,172,765.44,144667.87
PO0006854,S012,P0016,WH01,2025-08-15,2025-08-25,2025-08-25,284,275,847.08,240571.08
PO0006855,S008,P0019,WH05,2025-08-15,2025-08-20,2025-08-20,139,130,1970.31,273873.56
PO0006856,S006,P0020,WH02,2025-08-15,2025-08-23,2025-08-24,237,234,2416.39,572685.13
PO0006857,S006,P0020,WH05,2025-08-15,2025-08-23,2025-08-24,154,153,2290.56,352746.45
PO0006858,S006,P0023,WH02,2025-08-15,2025-08-20,2025-08-25,114,112,690.1,78670.88
PO0006859,S012,P0026,WH02,2025-08-15,2025-08-29,2025-09-01,308,298,2192.53,675300.01
PO0006860,S002,P0027,WH01,2025-08-15,2025-08-22,2025-08-23,119,111,555.54,66109.18
PO0006861,S006,P0028,WH05,2025-08-15,2025-08-23,2025-08-28,174,174,3354.72,583721.62
PO0006862,S004,P0029,WH02,2025-08-15,2025-08-20,2025-08-20,297,283,3529.98,1048404.87
PO0006863,S009,P0030,WH04,2025-08-15,2025-08-24,2025-08-26,171,162,2475.94,423385.13
PO0006864,S009,P0030,WH05,2025-08-15,2025-08-24,2025-08-24,131,125,2567.62,336357.76
PO0006865,S009,P0032,WH03,2025-08-15,2025-08-22,2025-08-24,243,236,1643.42,399350.8
PO0006866,S002,P0037,WH05,2025-08-15,2025-08-26,2025-08-26,103,96,1528.92,157478.87
PO0006867,S012,P0040,WH02,2025-08-15,2025-08-25,2025-08-25,67,66,756.9,50712.11
PO0006868,S009,P0005,WH02,2025-08-16,2025-08-22,2025-08-27,100,93,1137.0,113699.62
PO0006869,S009,P0005,WH03,2025-08-16,2025-08-25,2025-08-25,94,91,1135.78,106763.53
PO0006870,S010,P0009,WH02,2025-08-16,2025-08-24,2025-08-24,93,91,2379.62,221304.47
PO0006871,S007,P0011,WH02,2025-08-16,2025-08-22,2025-08-27,143,137,652.12,93253.58
PO0006872,S010,P0021,WH04,2025-08-16,2025-08-25,2025-08-25,170,165,729.02,123932.99
PO0006873,S006,P0034,WH05,2025-08-16,2025-08-21,2025-08-23,50,49,3190.54,159526.97
PO0006874,S002,P0037,WH04,2025-08-16,2025-08-25,2025-08-28,92,85,1554.56,143019.37
PO0006875,S009,P0005,WH03,2025-08-17,2025-08-26,2025-08-26,90,87,1130.57,101751.11
PO0006876,S004,P0007,WH01,2025-08-17,2025-08-23,2025-08-26,122,119,2492.2,304048.04
PO0006877,S007,P0013,WH02,2025-08-17,2025-08-22,2025-08-22,50,50,2618.64,130931.84
PO0006878,S010,P0014,WH01,2025-08-17,2025-08-26,2025-08-29,152,150,2059.09,312982.33
PO0006879,S012,P0016,WH01,2025-08-17,2025-08-29,2025-08-31,208,201,821.88,170951.05
PO0006880,S006,P0018,WH03,2025-08-17,2025-08-23,2025-08-25,103,99,1136.08,117016.63
PO0006881,S004,P0029,WH02,2025-08-17,2025-08-24,2025-08-24,333,319,3354.87,1117172.58
PO0006882,S009,P0001,WH02,2025-08-18,2025-08-25,2025-08-25,152,144,1453.83,220981.83
PO0006883,S009,P0005,WH03,2025-08-18,2025-08-26,2025-08-26,67,62,1202.7,80580.84
PO0006884,S004,P0007,WH05,2025-08-18,2025-08-25,2025-08-26,141,136,2540.24,358173.2
PO0006885,S004,P0015,WH03,2025-08-18,2025-08-23,2025-08-23,165,159,260.04,42905.9
PO0006886,S012,P0016,WH01,2025-08-18,2025-08-28,2025-08-28,282,274,869.32,245147.7
PO0006887,S006,P0020,WH02,2025-08-18,2025-08-26,2025-08-26,269,268,2485.51,668602.66
PO0006888,S006,P0023,WH04,2025-08-18,2025-08-25,2025-08-28,65,65,692.05,44983.48
PO0006889,S002,P0027,WH01,2025-08-18,2025-08-25,2025-08-26,137,128,563.24,77163.88
PO0006890,S009,P0032,WH03,2025-08-18,2025-08-25,2025-08-25,386,358,1714.72,661880.26
PO0006891,S008,P0038,WH01,2025-08-18,2025-08-21,2025-08-23,123,118,1850.54,227616.71
PO0006892,S012,P0040,WH01,2025-08-18,2025-08-29,2025-08-29,50,49,678.95,33947.64
PO0006893,S009,P0001,WH02,2025-08-19,2025-08-27,2025-08-27,156,142,1469.71,229274.62
PO0006894,S004,P0007,WH01,2025-08-19,2025-08-25,2025-08-26,124,118,2312.68,286772.72
PO0006895,S002,P0027,WH01,2025-08-19,2025-08-26,2025-08-27,158,153,548.51,86664.34
PO0006896,S009,P0030,WH04,2025-08-19,2025-08-28,2025-08-31,134,127,2482.53,332658.67
PO0006897,S009,P0032,WH03,2025-08-19,2025-08-26,2025-08-26,213,199,1727.62,367983.18
PO0006898,S006,P0034,WH05,2025-08-19,2025-08-25,2025-08-28,50,48,2878.21,143910.54
PO0006899,S002,P0037,WH05,2025-08-19,2025-08-27,2025-08-28,98,95,1509.28,147909.14
PO0006900,S008,P0038,WH01,2025-08-19,2025-08-25,2025-08-28,91,82,1829.19,166456.0
PO0006901,S008,P0038,WH02,2025-08-19,2025-08-25,2025-08-25,229,213,1737.78,397952.45
PO0006902,S009,P0002,WH01,2025-08-20,2025-08-29,2025-08-31,221,199,768.7,169883.66
PO0006903,S006,P0003,WH02,2025-08-20,2025-08-28,2025-08-28,302,296,871.2,263103.34
PO0006904,S009,P0005,WH02,2025-08-20,2025-08-28,2025-08-29,95,90,1261.95,119885.09
PO0006905,S004,P0007,WH05,2025-08-20,2025-08-29,2025-08-31,122,114,2310.53,281884.4
PO0006906,S007,P0011,WH02,2025-08-20,2025-08-24,2025-08-29,136,135,611.81,83205.73
PO0006907,S010,P0014,WH01,2025-08-20,2025-08-29,2025-08-29,157,154,2056.17,322818.08
PO0006908,S012,P0016,WH01,2025-08-20,2025-08-28,2025-08-29,219,213,854.72,187182.62
PO0006909,S006,P0023,WH04,2025-08-20,2025-08-26,2025-08-26,87,85,722.11,62823.65
PO0006910,S002,P0027,WH01,2025-08-20,2025-08-26,2025-08-26,194,181,572.59,111082.27
PO0006911,S006,P0034,WH02,2025-08-20,2025-08-27,2025-08-27,50,50,3024.74,151237.11
PO0006912,S006,P0034,WH05,2025-08-20,2025-08-26,2025-08-26,50,50,2980.18,149009.15
PO0006913,S002,P0037,WH04,2025-08-20,2025-08-25,2025-08-26,75,70,1542.75,115705.89
PO0006914,S012,P0040,WH02,2025-08-20,2025-08-30,2025-08-31,50,49,737.58,36878.96
PO0006915,S012,P0040,WH03,2025-08-20,2025-08-29,2025-08-29,62,59,729.0,45198.29
PO0006916,S006,P0003,WH02,2025-08-21,2025-08-29,2025-08-29,275,271,956.55,263052.54
PO0006917,S006,P0003,WH05,2025-08-21,2025-08-27,2025-09-01,252,244,871.9,219719.72
PO0006918,S009,P0005,WH05,2025-08-21,2025-08-30,2025-08-31,64,60,1253.01,80192.74
PO0006919,S004,P0007,WH04,2025-08-21,2025-08-27,2025-08-29,144,136,2510.59,361524.95
PO0006920,S010,P0009,WH02,2025-08-21,2025-08-31,2025-09-02,69,68,2424.69,167303.64
PO0006921,S007,P0011,WH04,2025-08-21,2025-08-25,2025-08-25,97,91,625.23,60646.95
PO0006922,S010,P0014,WH01,2025-08-21,2025-08-30,2025-08-30,168,167,1992.46,334732.44
PO0006923,S006,P0018,WH04,2025-08-21,2025-08-27,2025-08-28,50,50,1050.73,52536.7
PO0006924,S009,P0022,WH04,2025-08-21,2025-08-29,2025-08-29,50,45,473.07,23653.45
PO0006925,S002,P0037,WH03,2025-08-21,2025-08-28,2025-08-30,128,118,1513.34,193706.98
PO0006926,S012,P0040,WH03,2025-08-21,2025-09-01,2025-09-04,50,48,679.21,33960.63
PO0006927,S009,P0001,WH02,2025-08-22,2025-08-29,2025-08-29,162,153,1420.05,230048.75
PO0006928,S009,P0005,WH05,2025-08-22,2025-08-31,2025-08-31,84,81,1213.15,101904.4
PO0006929,S011,P0012,WH03,2025-08-22,2025-08-24,2025-08-26,50,49,2378.34,118917.1
PO0006930,S004,P0015,WH03,2025-08-22,2025-08-28,2025-08-29,118,110,267.06,31513.1
PO0006931,S011,P0017,WH01,2025-08-22,2025-08-27,2025-09-01,172,165,940.2,161714.38
PO0006932,S006,P0018,WH04,2025-08-22,2025-08-27,2025-08-27,50,49,1030.14,51507.17
PO0006933,S006,P0020,WH02,2025-08-22,2025-08-28,2025-08-30,165,163,2487.02,410359.12
PO0006934,S006,P0024,WH04,2025-08-22,2025-08-28,2025-08-29,50,50,659.52,32975.99
PO0006935,S006,P0034,WH02,2025-08-22,2025-08-28,2025-08-29,53,52,2991.28,158537.91
PO0006936,S006,P0034,WH05,2025-08-22,2025-08-30,2025-09-04,50,49,2904.23,145211.53
PO0006937,S008,P0038,WH05,2025-08-22,2025-08-26,2025-08-26,154,146,1726.14,265825.16
PO0006938,S012,P0040,WH03,2025-08-22,2025-09-02,2025-09-02,50,47,732.91,36645.41
PO0006939,S004,P0007,WH05,2025-08-23,2025-08-29,2025-08-29,181,174,2354.55,426172.88
PO0006940,S007,P0010,WH02,2025-08-23,2025-08-28,2025-08-28,63,58,2657.02,167392.53
PO0006941,S011,P0017,WH01,2025-08-23,2025-08-28,2025-08-30,239,230,904.28,216122.84
PO0006942,S011,P0017,WH05,2025-08-23,2025-08-26,2025-08-29,192,186,973.52,186915.89
PO0006943,S008,P0019,WH02,2025-08-23,2025-08-25,2025-08-25,209,195,1993.3,416598.73
PO0006944,S006,P0024,WH01,2025-08-23,2025-08-30,2025-08-31,50,50,645.42,32270.91
PO0006945,S006,P0034,WH02,2025-08-23,2025-08-29,2025-08-30,50,50,3045.13,152256.41
PO0006946,S006,P0034,WH04,2025-08-23,2025-08-27,2025-08-27,50,49,3069.11,153455.37
PO0006947,S007,P0011,WH02,2025-08-24,2025-08-30,2025-09-01,105,100,616.89,64773.7
PO0006948,S007,P0011,WH04,2025-08-24,2025-08-27,2025-08-27,90,87,635.06,57155.73
PO0006949,S011,P0017,WH05,2025-08-24,2025-08-27,2025-08-28,215,203,976.59,209967.63
PO0006950,S008,P0019,WH02,2025-08-24,2025-08-28,2025-08-31,214,198,1946.17,416481.28
PO0006951,S006,P0024,WH01,2025-08-24,2025-08-31,2025-08-31,50,50,641.18,32059.04
PO0006952,S009,P0032,WH04,2025-08-24,2025-08-31,2025-09-02,235,226,1717.08,403512.96
PO0006953,S008,P0038,WH03,2025-08-24,2025-08-27,2025-08-27,189,178,1772.78,335055.09
PO0006954,S009,P0005,WH05,2025-08-25,2025-09-01,2025-09-02,98,90,1229.72,120512.34
PO0006955,S004,P0007,WH04,2025-08-25,2025-08-31,2025-08-31,108,102,2334.84,252163.15
PO0006956,S004,P0007,WH05,2025-08-25,2025-09-03,2025-09-08,212,201,2438.69,517002.49
PO0006957,S011,P0017,WH05,2025-08-25,2025-08-31,2025-09-05,211,205,951.04,200668.7
PO0006958,S006,P0024,WH04,2025-08-25,2025-08-29,2025-09-03,50,50,624.38,31219.04
PO0006959,S006,P0025,WH05,2025-08-25,2025-08-30,2025-09-01,219,217,1458.97,319514.93
PO0006960,S002,P0027,WH03,2025-08-25,2025-08-30,2025-08-30,312,301,526.22,164180.03
PO0006961,S006,P0028,WH05,2025-08-25,2025-08-30,2025-08-30,148,147,3144.63,465404.59
PO0006962,S009,P0030,WH04,2025-08-25,2025-09-01,2025-09-01,117,109,2453.29,287034.74
PO0006963,S002,P0039,WH05,2025-08-25,2025-09-02,2025-09-02,85,81,517.61,43996.56
PO0006964,S012,P0040,WH05,2025-08-25,2025-09-07,2025-09-07,50,48,682.92,34145.84
PO0006965,S010,P0008,WH01,2025-08-26,2025-09-02,2025-09-05,69,67,834.38,57571.94
PO0006966,S007,P0010,WH02,2025-08-26,2025-08-31,2025-08-31,117,113,2615.75,306042.33
PO0006967,S007,P0010,WH04,2025-08-26,2025-08-29,2025-09-01,57,55,2656.76,151435.18
PO0006968,S007,P0011,WH02,2025-08-26,2025-08-31,2025-08-31,159,147,610.29,97035.8
PO0006969,S011,P0017,WH04,2025-08-26,2025-08-30,2025-09-01,221,206,909.35,200967.34
PO0006970,S006,P0018,WH04,2025-08-26,2025-09-01,2025-09-02,76,76,1075.86,81765.08
PO0006971,S010,P0021,WH05,2025-08-26,2025-09-03,2025-09-04,205,203,674.86,138346.6
PO0006972,S006,P0024,WH01,2025-08-26,2025-09-04,2025-09-06,50,50,654.23,32711.75
PO0006973,S006,P0024,WH02,2025-08-26,2025-09-01,2025-09-01,53,52,630.86,33435.75
PO0006974,S006,P0025,WH05,2025-08-26,2025-08-30,2025-08-30,197,193,1373.2,270520.76
PO0006975,S009,P0032,WH04,2025-08-26,2025-09-05,2025-09-08,216,202,1710.88,369550.14
PO0006976,S006,P0034,WH02,2025-08-26,2025-09-01,2025-09-04,50,49,2902.08,145104.2
PO0006977,S008,P0038,WH03,2025-08-26,2025-08-30,2025-09-02,124,116,1794.25,222487.32
PO0006978,S002,P0039,WH05,2025-08-26,2025-09-02,2025-09-03,69,65,497.74,34343.78
PO0006979,S011,P0006,WH03,2025-08-27,2025-08-29,2025-08-29,50,47,2807.54,140377.0
PO0006980,S010,P0008,WH01,2025-08-27,2025-09-06,2025-09-06,110,109,862.12,94833.43
PO0006981,S007,P0010,WH04,2025-08-27,2025-08-31,2025-08-31,69,68,2670.44,184260.63
PO0006982,S007,P0013,WH01,2025-08-27,2025-09-01,2025-09-01,50,48,2572.85,128642.59
PO0006983,S007,P0013,WH03,2025-08-27,2025-09-02,2025-09-02,50,49,2633.57,131678.69
PO0006984,S011,P0017,WH01,2025-08-27,2025-08-30,2025-08-30,170,166,916.58,155818.86
PO0006985,S011,P0017,WH03,2025-08-27,2025-09-01,2025-09-03,384,368,953.41,366108.84
PO0006986,S010,P0021,WH05,2025-08-27,2025-09-04,2025-09-04,130,129,691.23,89859.44
PO0006987,S009,P0022,WH04,2025-08-27,2025-09-04,2025-09-07,59,57,440.98,26017.85
PO0006988,S006,P0023,WH01,2025-08-27,2025-09-01,2025-09-01,71,70,689.84,48978.91
PO0006989,S006,P0024,WH01,2025-08-27,2025-08-31,2025-09-02,50,49,630.52,31525.84
PO0006990,S009,P0032,WH04,2025-08-27,2025-09-05,2025-09-05,158,148,1657.62,261904.49
PO0006991,S009,P0005,WH05,2025-08-28,2025-09-05,2025-09-05,77,71,1160.32,89344.99
PO0006992,S010,P0008,WH01,2025-08-28,2025-09-06,2025-09-06,78,76,785.02,61231.48
PO0006993,S010,P0009,WH04,2025-08-28,2025-09-04,2025-09-04,73,73,2385.26,174123.99
PO0006994,S010,P0014,WH05,2025-08-28,2025-09-06,2025-09-07,223,222,2065.9,460695.1
PO0006995,S004,P0015,WH02,2025-08-28,2025-09-01,2025-09-02,144,137,262.99,37869.91
PO0006996,S011,P0017,WH04,2025-08-28,2025-08-30,2025-08-30,291,270,880.94,256354.15
PO0006997,S009,P0022,WH04,2025-08-28,2025-09-04,2025-09-05,50,47,441.25,22062.29
PO0006998,S006,P0024,WH02,2025-08-28,2025-09-05,2025-09-05,63,63,675.42,42551.27
PO0006999,S002,P0039,WH05,2025-08-28,2025-09-03,2025-09-03,91,87,502.5,45727.37
PO0007000,S010,P0009,WH04,2025-08-29,2025-09-05,2025-09-08,54,53,2438.56,131682.07
PO0007001,S011,P0012,WH05,2025-08-29,2025-09-01,2025-09-01,50,50,2446.52,122326.24
PO0007002,S007,P0013,WH01,2025-08-29,2025-09-03,2025-09-04,52,48,2864.22,148939.49
PO0007003,S006,P0024,WH01,2025-08-29,2025-09-05,2025-09-05,50,50,666.42,33321.14
PO0007004,S006,P0024,WH02,2025-08-29,2025-09-04,2025-09-05,52,50,692.78,36024.68
PO0007005,S004,P0031,WH02,2025-08-29,2025-09-05,2025-09-07,50,46,463.45,23172.45
PO0007006,S002,P0039,WH05,2025-08-29,2025-09-03,2025-09-08,68,65,467.82,31812.02
PO0007007,S012,P0040,WH05,2025-08-29,2025-09-08,2025-09-08,50,49,702.57,35128.41
PO0007008,S009,P0002,WH01,2025-08-30,2025-09-09,2025-09-09,183,176,816.74,149462.62
PO0007009,S007,P0010,WH01,2025-08-30,2025-09-03,2025-09-05,82,75,2608.49,213895.94
PO0007010,S011,P0017,WH03,2025-08-30,2025-09-01,2025-09-02,263,243,943.88,248240.46
PO0007011,S009,P0032,WH02,2025-08-30,2025-09-09,2025-09-09,209,196,1734.96,362606.5
PO0007012,S009,P0035,WH02,2025-08-30,2025-09-08,2025-09-08,190,185,1524.27,289611.67
PO0007013,S006,P0003,WH05,2025-08-31,2025-09-06,2025-09-07,200,196,906.0,181200.75
PO0007014,S007,P0010,WH05,2025-08-31,2025-09-04,2025-09-06,79,78,2914.66,230258.05
PO0007015,S011,P0017,WH02,2025-08-31,2025-09-03,2025-09-04,387,372,888.09,343691.37
PO0007016,S008,P0019,WH03,2025-08-31,2025-09-03,2025-09-06,209,191,1903.71,397874.82
PO0007017,S008,P0019,WH05,2025-08-31,2025-09-07,2025-09-07,223,210,1997.68,445483.39
PO0007018,S010,P0021,WH05,2025-08-31,2025-09-09,2025-09-10,178,177,674.33,120030.58
PO0007019,S006,P0023,WH01,2025-08-31,2025-09-05,2025-09-07,57,56,707.0,40299.21
PO0007020,S009,P0030,WH02,2025-08-31,2025-09-07,2025-09-07,296,280,2514.4,744261.5
PO0007021,S004,P0031,WH02,2025-08-31,2025-09-06,2025-09-07,66,64,449.55,29670.32
PO0007022,S009,P0032,WH02,2025-08-31,2025-09-07,2025-09-09,267,257,1580.58,422015.89
PO0007023,S010,P0008,WH01,2025-09-01,2025-09-10,2025-09-12,67,65,807.98,54134.82
PO0007024,S010,P0009,WH04,2025-09-01,2025-09-10,2025-09-11,62,62,2489.67,154359.61
PO0007025,S011,P0012,WH02,2025-09-01,2025-09-06,2025-09-09,50,47,2342.29,117114.29
PO0007026,S004,P0015,WH02,2025-09-01,2025-09-07,2025-09-09,86,84,260.98,22444.2
PO0007027,S002,P0027,WH02,2025-09-01,2025-09-08,2025-09-08,218,205,547.02,119249.91
PO0007028,S004,P0031,WH02,2025-09-01,2025-09-05,2025-09-06,50,49,499.57,24978.31
PO0007029,S012,P0040,WH05,2025-09-01,2025-09-12,2025-09-12,62,60,725.48,44979.73
PO0007030,S007,P0010,WH05,2025-09-02,2025-09-07,2025-09-07,60,56,2768.36,166101.54
PO0007031,S007,P0013,WH05,2025-09-02,2025-09-07,2025-09-10,50,44,2696.29,134814.32
PO0007032,S009,P0030,WH02,2025-09-02,2025-09-14,2025-09-14,204,190,2537.99,517750.84
PO0007033,S002,P0039,WH01,2025-09-02,2025-09-06,2025-09-06,60,56,523.16,31389.36
PO0007034,S011,P0012,WH02,2025-09-03,2025-09-07,2025-09-07,57,51,2291.52,130616.73
PO0007035,S007,P0013,WH05,2025-09-03,2025-09-10,2025-09-12,50,46,2633.48,131674.08
PO0007036,S011,P0017,WH02,2025-09-03,2025-09-06,2025-09-06,260,248,966.31,251240.49
PO0007037,S009,P0035,WH02,2025-09-03,2025-09-12,2025-09-12,216,198,1503.94,324850.34
PO0007038,S007,P0010,WH05,2025-09-04,2025-09-09,2025-09-09,86,82,2758.73,237250.86
PO0007039,S011,P0012,WH02,2025-09-04,2025-09-08,2025-09-08,60,57,2268.06,136083.58
PO0007040,S006,P0020,WH01,2025-09-04,2025-09-10,2025-09-10,131,129,2473.97,324089.95
PO0007041,S002,P0027,WH04,2025-09-04,2025-09-11,2025-09-14,198,184,543.35,107583.91
PO0007042,S009,P0032,WH02,2025-09-04,2025-09-12,2025-09-12,190,179,1602.17,304412.74
PO0007043,S004,P0033,WH02,2025-09-04,2025-09-12,2025-09-12,115,110,1981.39,227860.37
PO0007044,S009,P0035,WH02,2025-09-04,2025-09-12,2025-09-12,222,208,1626.1,360994.5
PO0007045,S009,P0035,WH04,2025-09-04,2025-09-11,2025-09-11,136,129,1596.89,217176.43
PO0007046,S008,P0004,WH03,2025-09-05,2025-09-07,2025-09-07,257,240,1591.32,408969.12
PO0007047,S008,P0004,WH04,2025-09-05,2025-09-07,2025-09-07,223,208,1666.55,371640.32
PO0007048,S010,P0008,WH02,2025-09-05,2025-09-12,2025-09-12,150,149,830.32,124548.3
PO0007049,S007,P0010,WH05,2025-09-05,2025-09-09,2025-09-09,87,80,2910.1,253179.0
PO0007050,S007,P0013,WH05,2025-09-05,2025-09-10,2025-09-10,54,50,2703.06,145965.07
PO0007051,S006,P0020,WH03,2025-09-05,2025-09-11,2025-09-16,255,251,2268.34,578426.87
PO0007052,S006,P0025,WH03,2025-09-05,2025-09-09,2025-09-09,162,161,1438.7,233068.76
PO0007053,S006,P0028,WH03,2025-09-05,2025-09-12,2025-09-17,268,262,3315.22,888478.16
PO0007054,S009,P0030,WH02,2025-09-05,2025-09-15,2025-09-15,182,175,2658.98,483935.1
PO0007055,S004,P0031,WH01,2025-09-05,2025-09-13,2025-09-15,50,46,495.67,24783.36
PO0007056,S004,P0031,WH02,2025-09-05,2025-09-12,2025-09-13,50,48,482.11,24105.32
PO0007057,S004,P0033,WH02,2025-09-05,2025-09-10,2025-09-12,158,149,2103.53,332357.01
PO0007058,S009,P0035,WH04,2025-09-05,2025-09-16,2025-09-16,139,134,1526.77,212220.86
PO0007059,S012,P0040,WH05,2025-09-05,2025-09-15,2025-09-20,50,48,759.86,37993.21
PO0007060,S008,P0004,WH04,2025-09-06,2025-09-08,2025-09-09,243,229,1536.67,373410.43
PO0007061,S010,P0008,WH02,2025-09-06,2025-09-15,2025-09-16,154,153,815.84,125639.93
PO0007062,S011,P0012,WH04,2025-09-06,2025-09-09,2025-09-09,53,49,2342.51,124152.88
PO0007063,S010,P0014,WH05,2025-09-06,2025-09-14,2025-09-16,205,202,2122.72,435157.67
PO0007064,S006,P0020,WH01,2025-09-06,2025-09-12,2025-09-14,146,145,2301.17,335970.28
PO0007065,S009,P0022,WH02,2025-09-06,2025-09-14,2025-09-15,53,50,460.33,24397.75
PO0007066,S006,P0025,WH02,2025-09-06,2025-09-11,2025-09-12,196,195,1399.62,274325.95
PO0007067,S002,P0027,WH02,2025-09-06,2025-09-12,2025-09-12,214,202,550.6,117829.37
PO0007068,S002,P0027,WH04,2025-09-06,2025-09-14,2025-09-14,119,115,523.26,62267.96
PO0007069,S006,P0034,WH03,2025-09-06,2025-09-15,2025-09-15,57,56,3014.13,171805.53
PO0007070,S009,P0035,WH02,2025-09-06,2025-09-15,2025-09-15,185,175,1535.71,284106.52
PO0007071,S012,P0040,WH05,2025-09-06,2025-09-14,2025-09-14,53,51,705.87,37411.2
PO0007072,S009,P0001,WH05,2025-09-07,2025-09-15,2025-09-15,142,130,1429.69,203016.03
PO0007073,S008,P0004,WH05,2025-09-07,2025-09-10,2025-09-10,174,159,1560.26,271485.45
PO0007074,S007,P0011,WH03,2025-09-07,2025-09-12,2025-09-12,98,92,612.93,60067.61
PO0007075,S007,P0013,WH05,2025-09-07,2025-09-09,2025-09-10,50,48,2593.23,129661.41
PO0007076,S006,P0020,WH01,2025-09-07,2025-09-14,2025-09-14,195,190,2240.46,436889.34
PO0007077,S006,P0020,WH03,2025-09-07,2025-09-14,2025-09-15,215,212,2331.26,501220.19
PO0007078,S004,P0031,WH01,2025-09-07,2025-09-11,2025-09-11,50,47,501.01,25050.59
PO0007079,S004,P0033,WH01,2025-09-07,2025-09-12,2025-09-12,91,89,2027.39,184492.55
PO0007080,S004,P0033,WH02,2025-09-07,2025-09-12,2025-09-13,176,163,2172.43,382347.11
PO0007081,S009,P0035,WH05,2025-09-07,2025-09-14,2025-09-15,153,142,1515.33,231845.95
PO0007082,S004,P0007,WH03,2025-09-08,2025-09-16,2025-09-18,279,262,2562.83,715029.2
PO0007083,S010,P0008,WH02,2025-09-08,2025-09-16,2025-09-16,160,160,798.04,127686.98
PO0007084,S006,P0020,WH01,2025-09-08,2025-09-13,2025-09-13,126,124,2449.34,308617.35
PO0007085,S009,P0022,WH02,2025-09-08,2025-09-18,2025-09-18,68,67,438.28,29802.84
PO0007086,S004,P0031,WH01,2025-09-08,2025-09-16,2025-09-16,50,48,485.96,24298.1
PO0007087,S004,P0033,WH01,2025-09-08,2025-09-14,2025-09-17,98,94,2086.91,204517.38
PO0007088,S006,P0034,WH03,2025-09-08,2025-09-16,2025-09-16,54,52,2977.29,160773.75
PO0007089,S009,P0035,WH04,2025-09-08,2025-09-18,2025-09-20,172,165,1519.78,261401.95
PO0007090,S009,P0001,WH05,2025-09-09,2025-09-16,2025-09-16,149,140,1326.16,197597.36
PO0007091,S007,P0011,WH01,2025-09-09,2025-09-15,2025-09-15,117,111,641.57,75063.98
PO0007092,S011,P0012,WH01,2025-09-09,2025-09-13,2025-09-14,50,47,2477.05,123852.27
PO0007093,S009,P0022,WH02,2025-09-09,2025-09-16,2025-09-16,70,67,458.31,32081.97
PO0007094,S006,P0028,WH03,2025-09-09,2025-09-14,2025-09-17,317,314,3326.5,1054501.43
PO0007095,S004,P0029,WH05,2025-09-09,2025-09-17,2025-09-17,257,244,3491.72,897372.15
PO0007096,S004,P0033,WH02,2025-09-09,2025-09-15,2025-09-15,153,147,2203.42,337123.94
PO0007097,S009,P0035,WH04,2025-09-09,2025-09-17,2025-09-18,122,113,1506.78,183826.81
PO0007098,S008,P0036,WH03,2025-09-09,2025-09-14,2025-09-15,365,343,2010.29,733756.8
PO0007099,S008,P0036,WH04,2025-09-09,2025-09-16,2025-09-16,216,199,2123.95,458773.14
PO0007100,S007,P0011,WH01,2025-09-10,2025-09-12,2025-09-12,73,70,649.96,47447.2
PO0007101,S009,P0022,WH02,2025-09-10,2025-09-18,2025-09-18,88,83,458.63,40359.59
PO0007102,S006,P0025,WH02,2025-09-10,2025-09-19,2025-09-19,216,211,1377.83,297611.06
PO0007103,S012,P0026,WH01,2025-09-10,2025-09-21,2025-09-21,202,198,2329.11,470480.87
PO0007104,S002,P0027,WH04,2025-09-10,2025-09-15,2025-09-18,114,107,546.36,62284.83
PO0007105,S009,P0005,WH01,2025-09-11,2025-09-20,2025-09-21,78,75,1197.36,93394.24
PO0007106,S011,P0006,WH05,2025-09-11,2025-09-13,2025-09-13,50,46,2783.85,139192.4
PO0007107,S010,P0008,WH03,2025-09-11,2025-09-21,2025-09-24,186,184,860.94,160134.68
PO0007108,S010,P0014,WH04,2025-09-11,2025-09-19,2025-09-20,164,163,1970.27,323123.84
PO0007109,S006,P0018,WH05,2025-09-11,2025-09-18,2025-09-19,51,51,1131.73,57718.2
PO0007110,S010,P0021,WH02,2025-09-11,2025-09-19,2025-09-19,204,199,750.71,153144.62
PO0007111,S006,P0028,WH04,2025-09-11,2025-09-17,2025-09-17,121,118,3304.49,399843.79
PO0007112,S004,P0033,WH01,2025-09-11,2025-09-16,2025-09-19,129,121,2151.65,277562.34
PO0007113,S004,P0033,WH03,2025-09-11,2025-09-21,2025-09-21,150,142,2054.7,308205.37
PO0007114,S004,P0007,WH03,2025-09-12,2025-09-20,2025-09-20,180,174,2373.93,427307.58
PO0007115,S011,P0012,WH01,2025-09-12,2025-09-15,2025-09-17,50,48,2403.36,120167.98
PO0007116,S010,P0021,WH02,2025-09-12,2025-09-20,2025-09-21,266,262,676.25,179882.47
PO0007117,S006,P0028,WH03,2025-09-12,2025-09-17,2025-09-19,304,295,3087.42,938574.33
PO0007118,S009,P0035,WH05,2025-09-12,2025-09-22,2025-09-22,188,174,1601.51,301083.05
PO0007119,S009,P0005,WH01,2025-09-13,2025-09-22,2025-09-22,65,62,1263.55,82130.46
PO0007120,S004,P0015,WH04,2025-09-13,2025-09-19,2025-09-20,88,83,245.11,21569.25
PO0007121,S006,P0034,WH04,2025-09-13,2025-09-19,2025-09-20,50,48,2870.43,143521.71
PO0007122,S002,P0037,WH03,2025-09-13,2025-09-20,2025-09-20,92,83,1563.78,143867.54
PO0007123,S008,P0004,WH01,2025-09-14,2025-09-18,2025-09-20,198,184,1520.73,301104.77
PO0007124,S009,P0005,WH04,2025-09-14,2025-09-22,2025-09-22,87,82,1213.07,105536.99
PO0007125,S011,P0012,WH03,2025-09-14,2025-09-18,2025-09-18,50,49,2345.99,117299.74
PO0007126,S006,P0018,WH05,2025-09-14,2025-09-21,2025-09-21,70,69,1032.19,72253.5
PO0007127,S008,P0019,WH03,2025-09-14,2025-09-17,2025-09-17,277,256,2007.15,555981.38
PO0007128,S004,P0029,WH05,2025-09-14,2025-09-20,2025-09-20,171,161,3460.64,591769.37
PO0007129,S006,P0034,WH03,2025-09-14,2025-09-22,2025-09-24,55,55,3147.27,173100.1
PO0007130,S009,P0035,WH05,2025-09-14,2025-09-22,2025-09-25,99,94,1546.74,153127.51
PO0007131,S002,P0037,WH02,2025-09-14,2025-09-21,2025-09-23,117,112,1551.06,181474.53
PO0007132,S008,P0038,WH02,2025-09-14,2025-09-18,2025-09-18,157,146,1782.55,279859.89
PO0007133,S009,P0001,WH04,2025-09-15,2025-09-27,2025-09-27,116,113,1350.46,156653.32
PO0007134,S009,P0005,WH01,2025-09-15,2025-09-25,2025-09-26,77,72,1256.59,96757.71
PO0007135,S011,P0006,WH04,2025-09-15,2025-09-17,2025-09-17,50,48,2675.66,133782.94
PO0007136,S010,P0008,WH03,2025-09-15,2025-09-25,2025-09-25,155,153,778.17,120616.7
PO0007137,S010,P0014,WH04,2025-09-15,2025-09-25,2025-09-25,178,176,2076.02,369532.4
PO0007138,S009,P0022,WH01,2025-09-15,2025-09-24,2025-09-25,50,47,459.81,22990.68
PO0007139,S006,P0028,WH03,2025-09-15,2025-09-24,2025-09-26,176,174,3058.77,538343.67
PO0007140,S009,P0032,WH01,2025-09-15,2025-09-26,2025-09-29,223,206,1679.45,374516.71
PO0007141,S006,P0034,WH04,2025-09-15,2025-09-20,2025-09-20,50,49,3119.98,155998.85
PO0007142,S002,P0037,WH02,2025-09-15,2025-09-20,2025-09-20,88,83,1591.59,140059.93
PO0007143,S008,P0038,WH05,2025-09-15,2025-09-19,2025-09-19,98,92,1834.88,179818.11
PO0007144,S002,P0039,WH03,2025-09-15,2025-09-19,2025-09-19,98,90,499.44,48945.39
PO0007145,S009,P0005,WH01,2025-09-16,2025-09-25,2025-09-25,68,65,1155.22,78554.92
PO0007146,S009,P0005,WH04,2025-09-16,2025-09-25,2025-09-26,71,66,1147.79,81492.89
PO0007147,S010,P0014,WH04,2025-09-16,2025-09-27,2025-09-28,191,188,1930.08,368645.31
PO0007148,S004,P0015,WH05,2025-09-16,2025-09-23,2025-09-23,75,73,254.32,19074.13
PO0007149,S009,P0022,WH01,2025-09-16,2025-09-26,2025-09-26,50,49,442.54,22127.08
PO0007150,S004,P0029,WH05,2025-09-16,2025-09-24,2025-09-24,248,238,3247.69,805428.18
PO0007151,S002,P0037,WH03,2025-09-16,2025-09-23,2025-09-28,124,120,1479.93,183511.26
PO0007152,S011,P0006,WH03,2025-09-17,2025-09-20,2025-09-20,50,50,2823.28,141164.24
PO0007153,S010,P0014,WH04,2025-09-17,2025-09-26,2025-09-26,281,276,2034.76,571767.81
PO0007154,S006,P0018,WH05,2025-09-17,2025-09-23,2025-09-23,83,82,1061.07,88069.15
PO0007155,S010,P0021,WH03,2025-09-17,2025-09-27,2025-09-29,210,206,747.12,156895.38
PO0007156,S009,P0032,WH01,2025-09-17,2025-09-25,2025-09-25,138,134,1609.11,222057.55
PO0007157,S004,P0033,WH03,2025-09-17,2025-09-25,2025-09-25,126,118,2090.04,263345.36
PO0007158,S009,P0035,WH03,2025-09-17,2025-09-28,2025-09-29,204,189,1540.94,314350.83
PO0007159,S008,P0036,WH01,2025-09-17,2025-09-21,2025-09-21,169,156,2198.04,371468.84
PO0007160,S002,P0039,WH02,2025-09-17,2025-09-25,2025-09-27,96,92,482.18,46289.42
PO0007161,S002,P0039,WH03,2025-09-17,2025-09-25,2025-09-25,64,62,487.23,31182.61
PO0007162,S008,P0004,WH01,2025-09-18,2025-09-23,2025-09-23,165,152,1685.48,278104.59
PO0007163,S004,P0015,WH04,2025-09-18,2025-09-22,2025-09-24,97,87,252.03,24446.59
PO0007164,S008,P0019,WH04,2025-09-18,2025-09-22,2025-09-23,212,198,2018.31,427881.63
PO0007165,S010,P0021,WH02,2025-09-18,2025-09-27,2025-09-27,228,223,701.74,159995.86
PO0007166,S010,P0021,WH03,2025-09-18,2025-09-27,2025-09-27,244,241,672.37,164057.79
PO0007167,S007,P0011,WH03,2025-09-19,2025-09-25,2025-09-25,143,135,638.33,91281.83
PO0007168,S004,P0015,WH04,2025-09-19,2025-09-26,2025-09-26,80,78,265.54,21243.55
PO0007169,S008,P0019,WH04,2025-09-19,2025-09-23,2025-09-26,201,180,2101.75,422451.22
PO0007170,S010,P0021,WH03,2025-09-19,2025-09-27,2025-09-27,215,213,701.88,150905.03
PO0007171,S010,P0021,WH04,2025-09-19,2025-09-28,2025-09-28,186,180,675.99,125733.63
PO0007172,S006,P0025,WH03,2025-09-19,2025-09-23,2025-09-23,252,248,1490.17,375523.36
PO0007173,S012,P0026,WH01,2025-09-19,2025-09-29,2025-10-04,191,188,2232.65,426436.23
PO0007174,S008,P0038,WH01,2025-09-19,2025-09-23,2025-09-23,108,101,1744.01,188353.42
PO0007175,S009,P0001,WH04,2025-09-20,2025-09-28,2025-10-03,212,200,1467.38,311083.95
PO0007176,S008,P0004,WH02,2025-09-20,2025-09-24,2025-09-29,363,339,1573.54,571194.22
PO0007177,S009,P0005,WH01,2025-09-20,2025-09-28,2025-09-29,82,79,1205.76,98872.29
PO0007178,S009,P0005,WH04,2025-09-20,2025-09-26,2025-09-26,52,49,1135.36,59038.65
PO0007179,S004,P0015,WH01,2025-09-20,2025-09-28,2025-09-28,98,91,266.4,26107.03
PO0007180,S008,P0019,WH04,2025-09-20,2025-09-23,2025-09-26,194,179,1942.9,376923.24
PO0007181,S010,P0021,WH03,2025-09-20,2025-09-30,2025-09-30,245,241,694.01,170033.62
PO0007182,S009,P0022,WH01,2025-09-20,2025-09-28,2025-09-28,61,56,430.32,26249.56
PO0007183,S006,P0025,WH03,2025-09-20,2025-09-26,2025-09-28,178,176,1399.98,249195.9
PO0007184,S004,P0031,WH05,2025-09-20,2025-09-29,2025-09-30,50,50,495.73,24786.34
PO0007185,S009,P0035,WH03,2025-09-20,2025-09-30,2025-09-30,147,140,1574.12,231396.0
PO0007186,S008,P0036,WH01,2025-09-20,2025-09-24,2025-09-25,261,246,2112.63,551396.05
PO0007187,S008,P0038,WH01,2025-09-20,2025-09-23,2025-09-23,104,98,1839.26,191283.14
PO0007188,S002,P0039,WH02,2025-09-20,2025-09-26,2025-09-26,102,93,502.65,51270.09
PO0007189,S010,P0008,WH03,2025-09-21,2025-09-30,2025-10-05,122,122,827.27,100927.16
PO0007190,S007,P0011,WH03,2025-09-21,2025-09-26,2025-09-26,179,171,638.78,114341.64
PO0007191,S011,P0012,WH05,2025-09-21,2025-09-25,2025-09-25,65,64,2462.59,160068.44
PO0007192,S008,P0019,WH04,2025-09-21,2025-09-24,2025-09-27,133,128,1980.42,263396.02
PO0007193,S010,P0021,WH03,2025-09-21,2025-09-30,2025-10-03,263,258,726.88,191169.53
PO0007194,S006,P0024,WH03,2025-09-21,2025-09-27,2025-09-27,60,60,669.21,40152.62
PO0007195,S006,P0025,WH03,2025-09-21,2025-10-01,2025-10-01,224,219,1479.09,331316.15
PO0007196,S004,P0031,WH05,2025-09-21,2025-09-27,2025-09-28,56,50,469.52,26293.34
PO0007197,S009,P0032,WH01,2025-09-21,2025-10-03,2025-10-03,164,161,1722.77,282534.66
PO0007198,S009,P0035,WH03,2025-09-21,2025-10-01,2025-10-01,143,136,1636.12,233965.79
PO0007199,S009,P0001,WH04,2025-09-22,2025-10-02,2025-10-02,205,196,1325.68,271765.04
PO0007200,S011,P0012,WH05,2025-09-22,2025-09-26,2025-09-29,51,48,2448.0,124847.8
PO0007201,S007,P0013,WH03,2025-09-22,2025-09-26,2025-09-28,74,69,2705.38,200198.1
PO0007202,S009,P0022,WH01,2025-09-22,2025-09-30,2025-09-30,50,47,458.47,22923.67
PO0007203,S006,P0025,WH03,2025-09-22,2025-09-29,2025-10-01,284,281,1405.38,399126.87
PO0007204,S009,P0032,WH01,2025-09-22,2025-10-03,2025-10-04,172,163,1747.76,300615.5
PO0007205,S002,P0039,WH02,2025-09-22,2025-09-28,2025-09-29,62,58,478.54,29669.34
PO0007206,S006,P0018,WH03,2025-09-23,2025-10-01,2025-10-01,101,100,1055.1,106564.97
PO0007207,S010,P0021,WH04,2025-09-23,2025-09-29,2025-10-02,204,203,702.02,143212.15
PO0007208,S002,P0027,WH03,2025-09-23,2025-09-29,2025-09-29,235,227,541.48,127248.01
PO0007209,S004,P0029,WH01,2025-09-23,2025-10-01,2025-10-02,271,256,3472.44,941031.35
PO0007210,S009,P0030,WH03,2025-09-23,2025-10-01,2025-10-02,231,219,2455.43,567205.33
PO0007211,S009,P0032,WH01,2025-09-23,2025-10-01,2025-10-01,173,163,1703.23,294659.6
PO0007212,S002,P0039,WH01,2025-09-23,2025-09-29,2025-10-02,67,65,466.79,31274.87
PO0007213,S008,P0004,WH02,2025-09-24,2025-09-29,2025-10-02,190,180,1687.92,320704.02
PO0007214,S004,P0007,WH01,2025-09-24,2025-09-30,2025-09-30,160,150,2420.54,387287.02
PO0007215,S007,P0011,WH05,2025-09-24,2025-09-27,2025-09-27,87,83,617.68,53738.07
PO0007216,S006,P0018,WH03,2025-09-24,2025-09-30,2025-10-02,59,58,1080.03,63721.49
PO0007217,S004,P0029,WH01,2025-09-24,2025-09-30,2025-10-01,166,155,3594.1,596620.08
PO0007218,S009,P0030,WH03,2025-09-24,2025-10-03,2025-10-05,233,218,2505.68,583824.43
PO0007219,S004,P0033,WH05,2025-09-24,2025-10-02,2025-10-07,93,91,2069.86,192497.35
PO0007220,S008,P0038,WH04,2025-09-24,2025-09-28,2025-10-01,161,149,1786.33,287599.48
PO0007221,S006,P0003,WH04,2025-09-25,2025-10-01,2025-10-01,168,164,870.25,146201.58
PO0007222,S007,P0010,WH01,2025-09-25,2025-10-01,2025-10-01,50,43,2689.73,134486.56
PO0007223,S006,P0018,WH03,2025-09-25,2025-10-01,2025-10-01,75,75,1072.42,80431.68
PO0007224,S006,P0023,WH05,2025-09-25,2025-10-01,2025-10-01,65,64,729.95,47447.01
PO0007225,S009,P0035,WH03,2025-09-25,2025-10-03,2025-10-03,210,200,1657.31,348035.65
PO0007226,S009,P0001,WH04,2025-09-26,2025-10-05,2025-10-05,155,144,1460.68,226405.95
PO0007227,S008,P0004,WH03,2025-09-26,2025-09-29,2025-09-29,205,195,1616.93,331470.73
PO0007228,S004,P0007,WH01,2025-09-26,2025-10-03,2025-10-05,166,160,2450.6,406799.96
PO0007229,S010,P0008,WH04,2025-09-26,2025-10-04,2025-10-04,138,136,825.96,113982.22
PO0007230,S007,P0011,WH05,2025-09-26,2025-09-30,2025-10-01,80,79,628.97,50317.63
PO0007231,S004,P0015,WH01,2025-09-26,2025-10-02,2025-10-03,110,105,263.94,29033.56
PO0007232,S009,P0022,WH05,2025-09-26,2025-10-05,2025-10-05,50,48,435.35,21767.64
PO0007233,S004,P0031,WH05,2025-09-26,2025-10-02,2025-10-02,50,50,464.08,23203.81
PO0007234,S009,P0032,WH05,2025-09-26,2025-10-03,2025-10-03,235,219,1687.08,396463.69
PO0007235,S004,P0033,WH05,2025-09-26,2025-10-03,2025-10-04,120,115,2179.48,261537.6
PO0007236,S009,P0001,WH03,2025-09-27,2025-10-06,2025-10-09,159,151,1444.44,229665.57
PO0007237,S008,P0004,WH03,2025-09-27,2025-10-03,2025-10-06,232,222,1672.12,387932.36
PO0007238,S008,P0004,WH05,2025-09-27,2025-10-02,2025-10-02,168,154,1532.46,257453.23
PO0007239,S004,P0015,WH03,2025-09-27,2025-10-03,2025-10-03,171,162,240.69,41157.97
PO0007240,S010,P0021,WH04,2025-09-27,2025-10-06,2025-10-06,193,190,714.39,137877.49
PO0007241,S009,P0022,WH05,2025-09-27,2025-10-05,2025-10-06,60,56,428.71,25722.58
PO0007242,S006,P0023,WH05,2025-09-27,2025-10-02,2025-10-02,89,87,711.65,63336.71
PO0007243,S006,P0025,WH01,2025-09-27,2025-10-04,2025-10-04,99,97,1480.24,146543.3
PO0007244,S002,P0027,WH03,2025-09-27,2025-10-03,2025-10-03,192,181,560.05,107530.4
PO0007245,S006,P0028,WH04,2025-09-27,2025-10-05,2025-10-05,171,166,3376.6,577397.76
PO0007246,S004,P0029,WH04,2025-09-27,2025-10-05,2025-10-06,241,227,3401.81,819836.57
PO0007247,S004,P0031,WH05,2025-09-27,2025-10-03,2025-10-05,50,50,495.29,24764.7
PO0007248,S004,P0033,WH05,2025-09-27,2025-10-06,2025-10-06,79,77,2186.29,172717.13
PO0007249,S008,P0036,WH04,2025-09-27,2025-10-01,2025-10-01,280,258,2169.51,607463.31
PO0007250,S008,P0038,WH04,2025-09-27,2025-09-29,2025-09-29,123,110,1814.83,223224.48
PO0007251,S002,P0039,WH01,2025-09-27,2025-10-04,2025-10-06,76,73,523.41,39779.47
PO0007252,S009,P0001,WH03,2025-09-28,2025-10-05,2025-10-06,222,204,1469.51,326231.9
PO0007253,S004,P0007,WH01,2025-09-28,2025-10-05,2025-10-05,134,123,2303.27,308638.54
PO0007254,S011,P0012,WH04,2025-09-28,2025-10-03,2025-10-03,53,52,2323.74,123158.0
PO0007255,S006,P0018,WH03,2025-09-28,2025-10-04,2025-10-04,104,103,1143.68,118942.74
PO0007256,S008,P0019,WH02,2025-09-28,2025-10-01,2025-10-01,303,274,2038.17,617564.29
PO0007257,S012,P0026,WH03,2025-09-28,2025-10-10,2025-10-10,238,227,2263.19,538639.26
PO0007258,S002,P0027,WH03,2025-09-28,2025-10-03,2025-10-04,172,161,518.03,89101.39
PO0007259,S004,P0029,WH01,2025-09-28,2025-10-03,2025-10-03,189,177,3585.59,677676.49
PO0007260,S009,P0030,WH03,2025-09-28,2025-10-06,2025-10-06,238,227,2591.81,616850.23
PO0007261,S004,P0033,WH05,2025-09-28,2025-10-02,2025-10-03,95,85,2177.44,206856.54
PO0007262,S008,P0038,WH04,2025-09-28,2025-10-03,2025-10-05,166,152,1794.12,297823.34
PO0007263,S008,P0038,WH05,2025-09-28,2025-10-03,2025-10-03,181,170,1741.49,315210.06
PO0007264,S011,P0006,WH02,2025-09-29,2025-10-01,2025-10-03,50,47,2699.56,134978.11
PO0007265,S004,P0007,WH01,2025-09-29,2025-10-07,2025-10-07,146,142,2294.61,335012.66
PO0007266,S010,P0014,WH03,2025-09-29,2025-10-11,2025-10-13,322,314,2009.89,647183.64
PO0007267,S004,P0015,WH03,2025-09-29,2025-10-06,2025-10-06,145,139,244.32,35426.13
PO0007268,S006,P0018,WH01,2025-09-29,2025-10-05,2025-10-08,63,62,1028.22,64777.96
PO0007269,S012,P0026,WH03,2025-09-29,2025-10-08,2025-10-11,343,327,2352.21,806808.27
PO0007270,S004,P0029,WH04,2025-09-29,2025-10-06,2025-10-08,244,230,3204.69,781943.15
PO0007271,S009,P0032,WH05,2025-09-29,2025-10-07,2025-10-09,277,261,1745.01,483367.93
PO0007272,S008,P0038,WH02,2025-09-29,2025-10-04,2025-10-04,166,156,1873.0,310917.93
PO0007273,S008,P0038,WH05,2025-09-29,2025-10-01,2025-10-02,184,167,1788.7,329120.56
PO0007274,S012,P0040,WH04,2025-09-29,2025-10-07,2025-10-07,50,50,722.63,36131.52
PO0007275,S008,P0004,WH05,2025-09-30,2025-10-04,2025-10-05,157,141,1526.31,239630.85
PO0007276,S010,P0009,WH03,2025-09-30,2025-10-10,2025-10-10,78,78,2383.99,185951.16
PO0007277,S007,P0013,WH02,2025-09-30,2025-10-05,2025-10-05,73,68,2766.56,201959.06
PO0007278,S004,P0015,WH03,2025-09-30,2025-10-04,2025-10-04,171,158,262.11,44820.87
PO0007279,S010,P0021,WH01,2025-09-30,2025-10-10,2025-10-13,212,211,693.93,147114.04
PO0007280,S006,P0023,WH01,2025-09-30,2025-10-06,2025-10-08,89,87,653.48,58159.76
PO0007281,S006,P0023,WH04,2025-09-30,2025-10-08,2025-10-10,52,52,703.9,36602.86
PO0007282,S009,P0035,WH01,2025-09-30,2025-10-10,2025-10-10,92,85,1536.69,141375.65
PO0007283,S008,P0036,WH04,2025-09-30,2025-10-04,2025-10-06,254,238,2216.13,562897.9
PO0007284,S008,P0038,WH02,2025-09-30,2025-10-04,2025-10-06,228,210,1762.19,401779.03
PO0007285,S008,P0004,WH05,2025-10-01,2025-10-05,2025-10-08,199,184,1664.91,331316.44
PO0007286,S010,P0009,WH03,2025-10-01,2025-10-08,2025-10-08,106,105,2340.71,248115.69
PO0007287,S011,P0012,WH03,2025-10-01,2025-10-06,2025-10-07,75,71,2518.71,188903.16
PO0007288,S007,P0013,WH02,2025-10-01,2025-10-04,2025-10-05,50,46,2555.79,127789.42
PO0007289,S004,P0015,WH03,2025-10-01,2025-10-09,2025-10-10,153,143,241.29,36917.73
PO0007290,S006,P0018,WH01,2025-10-01,2025-10-06,2025-10-09,72,70,1076.75,77526.23
PO0007291,S008,P0019,WH01,2025-10-01,2025-10-05,2025-10-05,211,195,2111.99,445630.32
PO0007292,S008,P0019,WH05,2025-10-01,2025-10-04,2025-10-04,184,171,2121.91,390432.04
PO0007293,S006,P0028,WH04,2025-10-01,2025-10-07,2025-10-07,182,178,3243.53,590321.64
PO0007294,S009,P0032,WH05,2025-10-01,2025-10-09,2025-10-10,192,185,1714.63,329209.87
PO0007295,S008,P0038,WH02,2025-10-01,2025-10-04,2025-10-04,119,107,1708.86,203353.89
PO0007296,S009,P0001,WH02,2025-10-02,2025-10-10,2025-10-10,148,137,1316.73,194875.33
PO0007297,S009,P0001,WH03,2025-10-02,2025-10-12,2025-10-13,192,187,1385.23,265965.07
PO0007298,S010,P0009,WH02,2025-10-02,2025-10-11,2025-10-11,69,68,2365.99,163253.06
PO0007299,S010,P0009,WH03,2025-10-02,2025-10-12,2025-10-12,89,88,2456.29,218610.06
PO0007300,S011,P0012,WH03,2025-10-02,2025-10-06,2025-10-11,77,74,2254.89,173626.63
PO0007301,S011,P0012,WH04,2025-10-02,2025-10-08,2025-10-11,50,45,2313.25,115662.72
PO0007302,S010,P0014,WH03,2025-10-02,2025-10-10,2025-10-13,321,317,2123.86,681759.05
PO0007303,S004,P0015,WH05,2025-10-02,2025-10-10,2025-10-15,107,97,249.18,26662.6
PO0007304,S006,P0018,WH01,2025-10-02,2025-10-09,2025-10-09,71,71,1103.41,78342.23
PO0007305,S008,P0019,WH01,2025-10-02,2025-10-07,2025-10-09,220,205,1896.53,417236.88
PO0007306,S008,P0019,WH05,2025-10-02,2025-10-07,2025-10-07,245,226,1920.44,470507.55
PO0007307,S009,P0022,WH05,2025-10-02,2025-10-13,2025-10-16,68,63,428.75,29155.2
PO0007308,S006,P0028,WH05,2025-10-02,2025-10-08,2025-10-09,131,129,3024.48,396207.21
PO0007309,S002,P0037,WH01,2025-10-02,2025-10-09,2025-10-09,61,58,1603.52,97814.55
PO0007310,S012,P0040,WH04,2025-10-02,2025-10-12,2025-10-13,50,47,744.24,37212.23
PO0007311,S004,P0007,WH02,2025-10-03,2025-10-10,2025-10-10,157,151,2321.74,364513.11
PO0007312,S004,P0007,WH04,2025-10-03,2025-10-09,2025-10-09,167,161,2476.65,413600.34
PO0007313,S010,P0009,WH02,2025-10-03,2025-10-12,2025-10-14,57,57,2281.16,130026.34
PO0007314,S007,P0011,WH04,2025-10-03,2025-10-06,2025-10-06,89,87,584.81,52048.28
PO0007315,S004,P0015,WH02,2025-10-03,2025-10-07,2025-10-07,99,95,247.1,24462.9
PO0007316,S006,P0024,WH05,2025-10-03,2025-10-08,2025-10-08,50,50,676.37,33818.52
PO0007317,S006,P0028,WH04,2025-10-03,2025-10-10,2025-10-13,222,216,3154.89,700386.49
PO0007318,S009,P0035,WH01,2025-10-03,2025-10-12,2025-10-13,94,90,1528.85,143711.81
PO0007319,S009,P0001,WH02,2025-10-04,2025-10-12,2025-10-12,230,220,1317.27,302971.3
PO0007320,S009,P0001,WH03,2025-10-04,2025-10-11,2025-10-11,169,159,1383.16,233753.77
PO0007321,S004,P0007,WH02,2025-10-04,2025-10-11,2025-10-13,257,244,2348.28,603507.83
PO0007322,S010,P0009,WH03,2025-10-04,2025-10-14,2025-10-14,90,89,2445.37,220083.0
PO0007323,S007,P0010,WH02,2025-10-04,2025-10-11,2025-10-13,86,83,2665.58,229240.08
PO0007324,S011,P0017,WH03,2025-10-04,2025-10-08,2025-10-08,328,310,959.55,314733.01
PO0007325,S006,P0020,WH04,2025-10-04,2025-10-13,2025-10-14,183,180,2252.46,412200.56
PO0007326,S006,P0020,WH05,2025-10-04,2025-10-11,2025-10-11,130,130,2455.33,319192.98
PO0007327,S010,P0021,WH01,2025-10-04,2025-10-13,2025-10-13,123,122,706.39,86885.96
PO0007328,S006,P0023,WH04,2025-10-04,2025-10-13,2025-10-15,60,59,691.84,41510.12
PO0007329,S006,P0024,WH04,2025-10-04,2025-10-13,2025-10-13,50,50,627.26,31362.87
PO0007330,S006,P0024,WH05,2025-10-04,2025-10-11,2025-10-11,50,50,650.4,32520.05
PO0007331,S012,P0026,WH03,2025-10-04,2025-10-14,2025-10-19,375,359,2391.49,896807.99
PO0007332,S006,P0028,WH05,2025-10-04,2025-10-10,2025-10-12,129,127,3045.3,392843.4
PO0007333,S002,P0037,WH01,2025-10-04,2025-10-11,2025-10-11,65,63,1454.17,94521.13
PO0007334,S006,P0003,WH01,2025-10-05,2025-10-11,2025-10-11,213,213,877.57,186923.31
PO0007335,S007,P0010,WH04,2025-10-05,2025-10-09,2025-10-09,80,77,2678.94,214315.46
PO0007336,S011,P0012,WH03,2025-10-05,2025-10-09,2025-10-12,83,77,2338.34,194081.91
PO0007337,S012,P0016,WH05,2025-10-05,2025-10-16,2025-10-18,259,248,874.47,226486.94
PO0007338,S010,P0021,WH01,2025-10-05,2025-10-15,2025-10-15,218,214,674.26,146987.8
PO0007339,S006,P0023,WH01,2025-10-05,2025-10-12,2025-10-12,86,85,721.39,62039.76
PO0007340,S012,P0026,WH03,2025-10-05,2025-10-15,2025-10-15,304,300,2179.09,662443.72
PO0007341,S012,P0026,WH05,2025-10-05,2025-10-18,2025-10-18,253,248,2224.2,562722.72
PO0007342,S004,P0029,WH04,2025-10-05,2025-10-13,2025-10-13,217,207,3275.84,710858.11
PO0007343,S009,P0030,WH01,2025-10-05,2025-10-13,2025-10-13,131,124,2509.13,328695.88
PO0007344,S008,P0036,WH03,2025-10-05,2025-10-09,2025-10-09,284,269,2062.53,585758.03
PO0007345,S010,P0009,WH01,2025-10-06,2025-10-13,2025-10-18,70,69,2314.32,162002.35
PO0007346,S010,P0009,WH02,2025-10-06,2025-10-12,2025-10-12,63,61,2247.93,141619.44
PO0007347,S010,P0009,WH03,2025-10-06,2025-10-17,2025-10-19,90,90,2478.57,223071.74
PO0007348,S007,P0010,WH02,2025-10-06,2025-10-11,2025-10-11,120,114,2764.79,331775.06
PO0007349,S007,P0010,WH04,2025-10-06,2025-10-11,2025-10-12,51,49,2753.35,140420.71
PO0007350,S012,P0016,WH05,2025-10-06,2025-10-18,2025-10-18,229,223,856.38,196110.22
PO0007351,S011,P0017,WH03,2025-10-06,2025-10-11,2025-10-16,284,263,956.24,271571.23
PO0007352,S006,P0018,WH01,2025-10-06,2025-10-14,2025-10-14,75,75,1096.8,82260.31
PO0007353,S009,P0022,WH03,2025-10-06,2025-10-14,2025-10-14,66,62,472.14,31161.2
PO0007354,S006,P0024,WH04,2025-10-06,2025-10-12,2025-10-12,53,53,694.4,36802.97
PO0007355,S004,P0031,WH03,2025-10-06,2025-10-11,2025-10-11,54,54,457.65,24712.87
PO0007356,S008,P0036,WH03,2025-10-06,2025-10-12,2025-10-12,391,360,2153.61,842060.61
PO0007357,S002,P0037,WH01,2025-10-06,2025-10-14,2025-10-15,84,80,1498.7,125891.01
PO0007358,S004,P0007,WH02,2025-10-07,2025-10-13,2025-10-13,208,194,2349.98,488794.95
PO0007359,S010,P0009,WH01,2025-10-07,2025-10-16,2025-10-16,50,50,2419.64,120982.24
PO0007360,S007,P0010,WH02,2025-10-07,2025-10-12,2025-10-12,103,95,2789.81,287350.6
PO0007361,S006,P0018,WH02,2025-10-07,2025-10-13,2025-10-13,55,54,1081.58,59487.08
PO0007362,S008,P0019,WH03,2025-10-07,2025-10-10,2025-10-11,280,259,1983.7,555437.28
PO0007363,S009,P0022,WH03,2025-10-07,2025-10-14,2025-10-14,57,55,441.87,25186.51
PO0007364,S006,P0028,WH05,2025-10-07,2025-10-13,2025-10-13,209,206,3179.27,664467.97
PO0007365,S009,P0030,WH05,2025-10-07,2025-10-16,2025-10-16,173,165,2676.43,463021.59
PO0007366,S008,P0036,WH05,2025-10-07,2025-10-11,2025-10-13,269,248,2191.79,589591.27
PO0007367,S002,P0037,WH01,2025-10-07,2025-10-13,2025-10-13,75,72,1544.49,115836.87
PO0007368,S009,P0002,WH01,2025-10-08,2025-10-16,2025-10-17,137,130,823.0,112751.63
PO0007369,S004,P0007,WH02,2025-10-08,2025-10-12,2025-10-15,215,208,2526.73,543246.64
PO0007370,S004,P0007,WH04,2025-10-08,2025-10-14,2025-10-17,170,164,2401.47,408250.24
PO0007371,S008,P0019,WH03,2025-10-08,2025-10-13,2025-10-13,309,280,2009.59,620964.67
PO0007372,S009,P0022,WH03,2025-10-08,2025-10-15,2025-10-15,70,67,430.04,30102.48
PO0007373,S006,P0023,WH04,2025-10-08,2025-10-15,2025-10-16,60,57,723.85,43431.17
PO0007374,S006,P0024,WH04,2025-10-08,2025-10-12,2025-10-12,50,50,660.2,33009.86
PO0007375,S009,P0030,WH04,2025-10-08,2025-10-17,2025-10-20,137,129,2603.43,356669.69
PO0007376,S008,P0036,WH05,2025-10-08,2025-10-12,2025-10-14,207,195,1988.83,411688.62
PO0007377,S009,P0001,WH02,2025-10-09,2025-10-13,2025-10-14,181,176,1387.02,251050.93
PO0007378,S006,P0003,WH03,2025-10-09,2025-10-17,2025-10-20,252,250,878.0,221257.02
PO0007379,S010,P0009,WH01,2025-10-09,2025-10-21,2025-10-23,50,50,2295.3,114764.75
PO0007380,S008,P0019,WH03,2025-10-09,2025-10-11,2025-10-11,236,225,2005.18,473222.83
PO0007381,S006,P0020,WH04,2025-10-09,2025-10-13,2025-10-14,186,183,2304.61,428656.7
PO0007382,S006,P0020,WH05,2025-10-09,2025-10-15,2025-10-15,126,126,2494.11,314257.85
PO0007383,S009,P0022,WH03,2025-10-09,2025-10-18,2025-10-19,65,63,458.74,29817.88
PO0007384,S006,P0023,WH04,2025-10-09,2025-10-15,2025-10-15,72,70,683.57,49217.08
PO0007385,S006,P0024,WH04,2025-10-09,2025-10-16,2025-10-18,50,50,697.47,34873.56
PO0007386,S006,P0028,WH01,2025-10-09,2025-10-14,2025-10-14,183,181,3016.49,552017.0
PO0007387,S009,P0030,WH04,2025-10-09,2025-10-19,2025-10-19,214,198,2607.9,558089.91
PO0007388,S008,P0036,WH05,2025-10-09,2025-10-11,2025-10-12,217,199,2021.81,438732.89
PO0007389,S008,P0038,WH03,2025-10-09,2025-10-15,2025-10-20,198,185,1724.48,341447.03
PO0007390,S010,P0014,WH05,2025-10-10,2025-10-21,2025-10-21,248,245,2100.03,520807.09
PO0007391,S006,P0020,WH05,2025-10-10,2025-10-17,2025-10-17,209,207,2260.43,472430.67
PO0007392,S006,P0025,WH04,2025-10-10,2025-10-16,2025-10-16,165,163,1508.23,248858.43
PO0007393,S009,P0030,WH04,2025-10-10,2025-10-20,2025-10-20,205,187,2601.03,533211.5
PO0007394,S009,P0030,WH05,2025-10-10,2025-10-18,2025-10-19,136,128,2452.74,333572.09
PO0007395,S006,P0003,WH03,2025-10-11,2025-10-17,2025-10-17,291,289,930.35,270732.52
PO0007396,S006,P0003,WH04,2025-10-11,2025-10-17,2025-10-20,234,230,950.46,222408.62
PO0007397,S011,P0006,WH04,2025-10-11,2025-10-16,2025-10-17,50,49,2992.83,149641.73
PO0007398,S010,P0009,WH01,2025-10-11,2025-10-18,2025-10-20,50,50,2314.44,115721.98
PO0007399,S007,P0010,WH03,2025-10-11,2025-10-13,2025-10-15,81,73,2780.0,225179.62
PO0007400,S011,P0017,WH02,2025-10-11,2025-10-17,2025-10-19,218,204,933.78,203564.0
PO0007401,S010,P0021,WH01,2025-10-11,2025-10-20,2025-10-23,182,180,699.0,127218.58
PO0007402,S006,P0025,WH04,2025-10-11,2025-10-17,2025-10-17,151,149,1504.18,227130.76
PO0007403,S012,P0026,WH04,2025-10-11,2025-10-24,2025-10-24,269,258,2189.17,588886.01
PO0007404,S002,P0027,WH02,2025-10-11,2025-10-15,2025-10-15,175,169,520.43,91075.69
PO0007405,S006,P0028,WH01,2025-10-11,2025-10-16,2025-10-16,181,178,3229.78,584589.95
PO0007406,S008,P0038,WH03,2025-10-11,2025-10-17,2025-10-18,169,160,1853.27,313202.21
PO0007407,S006,P0003,WH04,2025-10-12,2025-10-17,2025-10-17,160,158,892.21,142752.86
PO0007408,S009,P0005,WH03,2025-10-12,2025-10-20,2025-10-20,67,62,1250.66,83794.43
PO0007409,S007,P0010,WH01,2025-10-12,2025-10-18,2025-10-23,61,60,2895.41,176620.08
PO0007410,S010,P0014,WH03,2025-10-12,2025-10-19,2025-10-19,365,363,2035.08,742805.28
PO0007411,S010,P0014,WH05,2025-10-12,2025-10-21,2025-10-21,181,179,1923.02,348066.22
PO0007412,S012,P0016,WH05,2025-10-12,2025-10-25,2025-10-25,172,169,838.64,144245.27
PO0007413,S011,P0017,WH02,2025-10-12,2025-10-14,2025-10-19,404,383,923.86,373238.86
PO0007414,S012,P0026,WH05,2025-10-12,2025-10-24,2025-10-25,313,305,2130.89,666969.24
PO0007415,S009,P0002,WH03,2025-10-13,2025-10-22,2025-10-23,198,193,783.45,155122.93
PO0007416,S011,P0006,WH05,2025-10-13,2025-10-16,2025-10-16,50,50,2822.13,141106.42
PO0007417,S012,P0016,WH05,2025-10-13,2025-10-23,2025-10-23,331,320,886.1,293300.48
PO0007418,S006,P0028,WH02,2025-10-13,2025-10-18,2025-10-19,217,214,3209.46,696453.51
PO0007419,S008,P0038,WH03,2025-10-13,2025-10-16,2025-10-18,209,197,1846.83,385987.97
PO0007420,S012,P0040,WH03,2025-10-13,2025-10-24,2025-10-24,56,54,695.68,38957.97
PO0007421,S009,P0001,WH05,2025-10-14,2025-10-26,2025-10-26,203,189,1413.46,286932.39
PO0007422,S009,P0002,WH03,2025-10-14,2025-10-20,2025-10-21,225,210,827.54,186196.26
PO0007423,S006,P0003,WH04,2025-10-14,2025-10-20,2025-10-20,203,201,879.53,178544.62
PO0007424,S009,P0005,WH03,2025-10-14,2025-10-25,2025-10-28,83,77,1206.7,100156.05
PO0007425,S011,P0006,WH04,2025-10-14,2025-10-18,2025-10-18,50,50,2774.43,138721.69
PO0007426,S007,P0013,WH03,2025-10-14,2025-10-19,2025-10-20,59,59,2694.0,158945.96
PO0007427,S011,P0017,WH01,2025-10-14,2025-10-18,2025-10-18,219,206,927.98,203228.03
PO0007428,S011,P0017,WH02,2025-10-14,2025-10-17,2025-10-18,259,248,915.92,237223.0
PO0007429,S011,P0017,WH04,2025-10-14,2025-10-18,2025-10-19,168,165,878.88,147652.16
PO0007430,S006,P0025,WH02,2025-10-14,2025-10-20,2025-10-20,159,157,1384.42,220122.9
PO0007431,S012,P0026,WH05,2025-10-14,2025-10-25,2025-10-27,190,183,2260.04,429406.79
PO0007432,S009,P0030,WH05,2025-10-14,2025-10-24,2025-10-24,182,172,2655.74,483343.78
PO0007433,S004,P0033,WH04,2025-10-14,2025-10-19,2025-10-21,104,101,2023.99,210494.6
PO0007434,S009,P0001,WH01,2025-10-15,2025-10-23,2025-10-24,176,169,1316.53,231709.22
PO0007435,S009,P0001,WH05,2025-10-15,2025-10-23,2025-10-24,152,146,1402.43,213169.0
PO0007436,S006,P0003,WH04,2025-10-15,2025-10-23,2025-10-26,165,163,911.62,150417.83
PO0007437,S011,P0006,WH04,2025-10-15,2025-10-18,2025-10-23,50,49,2898.68,144934.2
PO0007438,S007,P0011,WH01,2025-10-15,2025-10-19,2025-10-21,78,74,587.54,45828.31
PO0007439,S012,P0016,WH04,2025-10-15,2025-10-26,2025-10-26,248,238,831.08,206107.02
PO0007440,S011,P0017,WH01,2025-10-15,2025-10-21,2025-10-21,278,267,909.44,252823.72
PO0007441,S006,P0025,WH02,2025-10-15,2025-10-19,2025-10-19,177,175,1349.55,238870.97
PO0007442,S002,P0027,WH05,2025-10-15,2025-10-21,2025-10-21,144,140,544.72,78439.21
PO0007443,S006,P0003,WH02,2025-10-16,2025-10-22,2025-10-22,239,235,871.09,208189.97
PO0007444,S006,P0003,WH03,2025-10-16,2025-10-22,2025-10-23,211,208,961.0,202770.31
PO0007445,S011,P0006,WH03,2025-10-16,2025-10-18,2025-10-18,58,58,2854.01,165532.76
PO0007446,S007,P0011,WH05,2025-10-16,2025-10-19,2025-10-19,123,115,646.88,79566.75
PO0007447,S012,P0026,WH02,2025-10-16,2025-10-26,2025-10-26,234,227,2205.96,516195.47
PO0007448,S002,P0027,WH05,2025-10-16,2025-10-22,2025-10-24,213,199,540.96,115223.44
PO0007449,S004,P0029,WH02,2025-10-16,2025-10-21,2025-10-22,233,216,3263.59,760417.62
PO0007450,S009,P0030,WH04,2025-10-16,2025-10-25,2025-10-26,190,182,2567.99,487918.33
PO0007451,S004,P0033,WH04,2025-10-16,2025-10-22,2025-10-22,77,71,2099.95,161696.35
PO0007452,S002,P0037,WH04,2025-10-16,2025-10-22,2025-10-22,101,96,1595.25,161119.96
PO0007453,S009,P0002,WH03,2025-10-17,2025-10-25,2025-10-25,218,208,765.56,166892.37
PO0007454,S006,P0003,WH02,2025-10-17,2025-10-25,2025-10-25,310,302,873.57,270806.44
PO0007455,S008,P0004,WH01,2025-10-17,2025-10-21,2025-10-21,237,216,1705.07,404101.31
PO0007456,S011,P0006,WH03,2025-10-17,2025-10-21,2025-10-22,54,50,2794.47,150901.28
PO0007457,S007,P0013,WH03,2025-10-17,2025-10-21,2025-10-24,63,58,2583.27,162746.02
PO0007458,S010,P0014,WH02,2025-10-17,2025-10-26,2025-10-26,381,372,2083.47,793803.74
PO0007459,S010,P0014,WH05,2025-10-17,2025-10-22,2025-10-24,251,248,2017.35,506353.71
PO0007460,S011,P0017,WH04,2025-10-17,2025-10-21,2025-10-22,292,275,924.52,269959.39
PO0007461,S006,P0020,WH02,2025-10-17,2025-10-24,2025-10-26,224,220,2423.22,542800.62
PO0007462,S006,P0024,WH03,2025-10-17,2025-10-22,2025-10-22,50,49,653.91,32695.65
PO0007463,S006,P0025,WH05,2025-10-17,2025-10-27,2025-10-29,169,166,1358.49,229584.51
PO0007464,S012,P0026,WH02,2025-10-17,2025-10-27,2025-10-27,380,367,2305.14,875952.49
PO0007465,S008,P0036,WH02,2025-10-17,2025-10-22,2025-10-23,361,338,2024.29,730768.13
PO0007466,S006,P0003,WH05,2025-10-18,2025-10-25,2025-10-27,211,208,963.06,203205.29
PO0007467,S008,P0004,WH03,2025-10-18,2025-10-20,2025-10-20,215,201,1710.69,367798.88
PO0007468,S007,P0010,WH01,2025-10-18,2025-10-23,2025-10-23,63,60,2630.17,165700.94
PO0007469,S010,P0014,WH01,2025-10-18,2025-10-29,2025-10-29,206,203,1897.09,390799.63
PO0007470,S011,P0017,WH04,2025-10-18,2025-10-22,2025-10-22,249,232,908.13,226124.61
PO0007471,S006,P0018,WH04,2025-10-18,2025-10-23,2025-10-23,65,64,1145.17,74436.01
PO0007472,S006,P0020,WH02,2025-10-18,2025-10-23,2025-10-25,256,252,2318.88,593632.07
PO0007473,S006,P0024,WH02,2025-10-18,2025-10-25,2025-10-25,55,55,689.29,37911.07
PO0007474,S006,P0025,WH05,2025-10-18,2025-10-25,2025-10-25,175,173,1467.06,256734.75
PO0007475,S012,P0026,WH04,2025-10-18,2025-11-01,2025-11-06,209,203,2396.81,500933.57
PO0007476,S009,P0030,WH04,2025-10-18,2025-10-28,2025-10-30,149,141,2599.83,387374.41
PO0007477,S004,P0033,WH04,2025-10-18,2025-10-25,2025-10-25,118,110,1965.57,231937.28
PO0007478,S008,P0036,WH02,2025-10-18,2025-10-20,2025-10-20,316,305,2026.99,640527.37
PO0007479,S002,P0037,WH04,2025-10-18,2025-10-23,2025-10-23,110,109,1454.86,160034.94
PO0007480,S008,P0038,WH01,2025-10-18,2025-10-20,2025-10-25,96,91,1912.62,183612.0
PO0007481,S009,P0002,WH03,2025-10-19,2025-10-29,2025-10-29,329,313,783.09,257635.14
PO0007482,S008,P0004,WH01,2025-10-19,2025-10-22,2025-10-23,224,213,1553.54,347993.86
PO0007483,S008,P0004,WH04,2025-10-19,2025-10-24,2025-10-29,256,241,1672.85,428249.71
PO0007484,S009,P0005,WH02,2025-10-19,2025-10-29,2025-10-29,74,72,1249.31,92448.75
PO0007485,S009,P0005,WH03,2025-10-19,2025-10-26,2025-10-26,127,119,1258.69,159854.03
PO0007486,S011,P0006,WH02,2025-10-19,2025-10-21,2025-10-23,50,47,2784.62,139230.95
PO0007487,S010,P0008,WH05,2025-10-19,2025-10-27,2025-10-27,147,147,863.0,126861.64
PO0007488,S007,P0010,WH01,2025-10-19,2025-10-23,2025-10-23,70,69,2680.39,187627.4
PO0007489,S012,P0016,WH04,2025-10-19,2025-10-29,2025-10-29,265,258,901.21,238819.85
PO0007490,S006,P0018,WH04,2025-10-19,2025-10-22,2025-10-23,51,51,1087.03,55438.73
PO0007491,S006,P0020,WH02,2025-10-19,2025-10-23,2025-10-23,157,153,2375.21,372908.06
PO0007492,S006,P0024,WH02,2025-10-19,2025-10-26,2025-10-26,80,80,666.64,53331.35
PO0007493,S006,P0025,WH01,2025-10-19,2025-10-25,2025-10-25,120,116,1474.89,176986.77
PO0007494,S012,P0026,WH01,2025-10-19,2025-10-30,2025-10-30,235,226,2200.26,517061.33
PO0007495,S004,P0033,WH04,2025-10-19,2025-10-27,2025-11-01,139,134,1991.22,276779.1
PO0007496,S002,P0039,WH04,2025-10-19,2025-10-25,2025-10-25,75,73,522.35,39176.2
PO0007497,S012,P0040,WH03,2025-10-19,2025-10-30,2025-10-30,52,51,739.24,38440.38
PO0007498,S009,P0001,WH01,2025-10-20,2025-10-30,2025-10-30,143,135,1361.13,194641.09
PO0007499,S008,P0004,WH04,2025-10-20,2025-10-24,2025-10-24,198,178,1647.72,326248.35
PO0007500,S010,P0008,WH04,2025-10-20,2025-10-30,2025-10-30,124,124,782.34,97010.61
PO0007501,S007,P0010,WH01,2025-10-20,2025-10-25,2025-10-26,59,55,2930.87,172921.27
PO0007502,S004,P0015,WH02,2025-10-20,2025-10-28,2025-10-28,162,157,262.16,42469.97
PO0007503,S006,P0020,WH03,2025-10-20,2025-10-28,2025-10-28,153,153,2310.8,353552.51
PO0007504,S006,P0025,WH01,2025-10-20,2025-10-25,2025-10-28,164,162,1445.07,236991.2
PO0007505,S012,P0026,WH01,2025-10-20,2025-11-01,2025-11-02,259,253,2288.7,592773.1
PO0007506,S009,P0032,WH02,2025-10-20,2025-10-29,2025-10-29,357,343,1700.77,607175.98
PO0007507,S004,P0033,WH03,2025-10-20,2025-10-27,2025-10-27,172,169,2042.02,351227.56
PO0007508,S004,P0033,WH04,2025-10-20,2025-10-27,2025-10-29,84,80,2102.54,176613.71
PO0007509,S002,P0037,WH05,2025-10-20,2025-10-26,2025-10-27,82,73,1456.97,119471.76
PO0007510,S009,P0001,WH05,2025-10-21,2025-10-30,2025-10-30,118,112,1433.24,169122.87
PO0007511,S009,P0005,WH02,2025-10-21,2025-10-31,2025-10-31,120,113,1202.55,144306.57
PO0007512,S004,P0007,WH03,2025-10-21,2025-10-26,2025-10-26,231,218,2386.68,551322.05
PO0007513,S011,P0012,WH01,2025-10-21,2025-10-25,2025-10-25,50,48,2271.2,113559.8
PO0007514,S010,P0014,WH02,2025-10-21,2025-10-31,2025-11-02,227,227,2100.81,476884.66
PO0007515,S011,P0017,WH05,2025-10-21,2025-10-26,2025-10-27,284,265,938.45,266520.5
PO0007516,S006,P0020,WH02,2025-10-21,2025-10-28,2025-10-28,264,263,2406.13,635219.57
PO0007517,S006,P0020,WH03,2025-10-21,2025-10-28,2025-10-28,215,214,2412.7,518730.21
PO0007518,S006,P0024,WH02,2025-10-21,2025-10-30,2025-10-31,57,57,633.2,36092.22
PO0007519,S006,P0024,WH03,2025-10-21,2025-10-29,2025-10-29,57,55,686.57,39134.62
PO0007520,S012,P0026,WH01,2025-10-21,2025-11-01,2025-11-01,177,171,2226.49,394088.74
PO0007521,S009,P0030,WH01,2025-10-21,2025-10-27,2025-10-28,180,167,2613.58,470444.98
PO0007522,S009,P0032,WH02,2025-10-21,2025-10-29,2025-11-01,273,256,1764.38,481675.86
PO0007523,S004,P0033,WH03,2025-10-21,2025-10-28,2025-10-28,135,129,1982.13,267587.25
PO0007524,S008,P0036,WH01,2025-10-21,2025-10-24,2025-10-26,177,167,2147.0,380018.54
PO0007525,S002,P0037,WH03,2025-10-21,2025-10-27,2025-10-28,95,86,1609.8,152931.02
PO0007526,S002,P0037,WH04,2025-10-21,2025-10-25,2025-10-30,85,82,1532.33,130247.64
PO0007527,S002,P0037,WH05,2025-10-21,2025-10-29,2025-10-29,80,74,1491.83,119346.06
PO0007528,S008,P0038,WH01,2025-10-21,2025-10-24,2025-10-24,86,82,1843.16,158511.98
PO0007529,S009,P0001,WH05,2025-10-22,2025-10-31,2025-10-31,140,131,1323.75,185324.31
PO0007530,S008,P0004,WH04,2025-10-22,2025-10-27,2025-10-27,163,155,1585.0,258354.41
PO0007531,S009,P0005,WH02,2025-10-22,2025-11-01,2025-11-04,93,87,1177.49,109506.13
PO0007532,S007,P0010,WH03,2025-10-22,2025-10-28,2025-10-28,106,101,2730.32,289413.84
PO0007533,S004,P0015,WH02,2025-10-22,2025-10-28,2025-10-29,122,116,241.7,29487.74
PO0007534,S012,P0016,WH04,2025-10-22,2025-11-02,2025-11-04,166,158,879.41,145982.85
PO0007535,S011,P0017,WH05,2025-10-22,2025-10-26,2025-10-29,248,232,977.1,242320.23
PO0007536,S006,P0018,WH04,2025-10-22,2025-10-28,2025-10-30,50,50,1080.51,54025.52
PO0007537,S010,P0021,WH05,2025-10-22,2025-10-29,2025-10-29,227,225,716.78,162709.58
PO0007538,S006,P0023,WH03,2025-10-22,2025-10-29,2025-10-31,114,113,686.59,78271.24
PO0007539,S012,P0026,WH04,2025-10-22,2025-11-01,2025-11-02,184,177,2351.33,432644.27
PO0007540,S002,P0027,WH02,2025-10-22,2025-10-28,2025-10-31,275,260,520.64,143175.52
PO0007541,S004,P0029,WH03,2025-10-22,2025-10-29,2025-10-30,408,390,3531.49,1440847.19
PO0007542,S009,P0032,WH02,2025-10-22,2025-10-30,2025-10-30,352,333,1755.04,617775.49
PO0007543,S002,P0037,WH02,2025-10-22,2025-10-28,2025-10-29,123,119,1544.66,189993.73
PO0007544,S006,P0003,WH05,2025-10-23,2025-10-31,2025-10-31,175,173,899.47,157407.71
PO0007545,S004,P0007,WH03,2025-10-23,2025-10-30,2025-10-31,193,183,2570.66,496137.82
PO0007546,S007,P0010,WH03,2025-10-23,2025-10-27,2025-10-27,65,60,2641.87,171721.66
PO0007547,S007,P0013,WH01,2025-10-23,2025-10-28,2025-10-29,50,47,2841.72,142086.08
PO0007548,S007,P0013,WH04,2025-10-23,2025-10-28,2025-10-29,50,47,2712.13,135606.34
PO0007549,S012,P0016,WH02,2025-10-23,2025-11-03,2025-11-03,355,341,819.09,290776.29
PO0007550,S011,P0017,WH05,2025-10-23,2025-10-25,2025-10-27,176,168,894.87,157497.89
PO0007551,S008,P0019,WH02,2025-10-23,2025-10-26,2025-10-26,166,156,1902.73,315852.78
PO0007552,S009,P0022,WH04,2025-10-23,2025-11-01,2025-11-04,64,59,433.78,27761.83
PO0007553,S006,P0025,WH05,2025-10-23,2025-10-29,2025-10-29,132,130,1353.16,178617.18
PO0007554,S012,P0026,WH01,2025-10-23,2025-11-02,2025-11-02,250,238,2326.52,581630.83
PO0007555,S002,P0027,WH04,2025-10-23,2025-10-31,2025-10-31,132,125,575.78,76003.24
PO0007556,S004,P0031,WH03,2025-10-23,2025-10-28,2025-10-28,50,50,501.01,25050.66
PO0007557,S004,P0033,WH03,2025-10-23,2025-10-29,2025-11-01,124,117,1998.75,247844.82
PO0007558,S010,P0008,WH05,2025-10-24,2025-11-03,2025-11-03,88,87,831.49,73171.26
PO0007559,S010,P0009,WH04,2025-10-24,2025-10-31,2025-11-03,63,62,2260.1,142386.21
PO0007560,S011,P0012,WH01,2025-10-24,2025-10-29,2025-10-29,50,45,2470.75,123537.66
PO0007561,S010,P0014,WH01,2025-10-24,2025-11-02,2025-11-07,179,178,1987.46,355755.4
PO0007562,S006,P0020,WH03,2025-10-24,2025-10-30,2025-10-30,227,221,2319.37,526496.33
PO0007563,S006,P0023,WH03,2025-10-24,2025-10-29,2025-10-31,80,78,672.95,53835.61
PO0007564,S012,P0026,WH01,2025-10-24,2025-11-05,2025-11-05,217,211,2381.86,516863.73
PO0007565,S004,P0031,WH03,2025-10-24,2025-10-30,2025-10-30,54,48,472.04,25489.96
PO0007566,S009,P0032,WH04,2025-10-24,2025-11-01,2025-11-02,227,213,1628.57,369684.59
PO0007567,S008,P0036,WH01,2025-10-24,2025-10-28,2025-10-28,161,147,2073.24,333792.28
PO0007568,S009,P0002,WH01,2025-10-25,2025-11-01,2025-11-06,142,134,738.06,104804.52
PO0007569,S006,P0003,WH05,2025-10-25,2025-11-01,2025-11-01,154,152,908.21,139864.31
PO0007570,S012,P0016,WH02,2025-10-25,2025-11-03,2025-11-05,391,384,906.56,354465.18
PO0007571,S011,P0017,WH05,2025-10-25,2025-10-27,2025-10-27,275,261,986.81,271372.08
PO0007572,S006,P0018,WH02,2025-10-25,2025-11-01,2025-11-02,100,96,1066.92,106692.37
PO0007573,S006,P0020,WH03,2025-10-25,2025-11-01,2025-11-02,267,265,2475.66,661000.2
PO0007574,S009,P0022,WH04,2025-10-25,2025-11-02,2025-11-02,62,59,475.56,29484.96
PO0007575,S004,P0031,WH03,2025-10-25,2025-10-31,2025-10-31,62,59,497.9,30869.83
PO0007576,S009,P0032,WH02,2025-10-25,2025-11-04,2025-11-04,192,180,1661.34,318976.86
PO0007577,S008,P0036,WH01,2025-10-25,2025-10-27,2025-10-27,195,185,2010.71,392089.16
PO0007578,S002,P0037,WH02,2025-10-25,2025-11-01,2025-11-06,87,86,1577.08,137205.83
PO0007579,S002,P0039,WH03,2025-10-25,2025-11-02,2025-11-02,63,57,500.77,31548.23
PO0007580,S009,P0002,WH01,2025-10-26,2025-11-03,2025-11-03,187,175,776.83,145267.64
PO0007581,S006,P0003,WH05,2025-10-26,2025-11-02,2025-11-03,152,151,954.11,145024.61
PO0007582,S008,P0004,WH02,2025-10-26,2025-10-29,2025-10-29,269,254,1562.47,420303.66
PO0007583,S010,P0008,WH04,2025-10-26,2025-11-05,2025-11-05,75,74,819.77,61483.0
PO0007584,S007,P0010,WH03,2025-10-26,2025-10-30,2025-10-30,112,105,2887.67,323418.59
PO0007585,S007,P0011,WH04,2025-10-26,2025-10-30,2025-10-30,87,84,635.81,55315.76
PO0007586,S010,P0021,WH05,2025-10-26,2025-11-03,2025-11-03,134,132,721.62,96696.76
PO0007587,S006,P0023,WH03,2025-10-26,2025-11-01,2025-11-01,109,107,666.75,72675.32
PO0007588,S002,P0027,WH02,2025-10-26,2025-11-02,2025-11-05,262,247,524.02,137294.16
PO0007589,S004,P0031,WH04,2025-10-26,2025-10-31,2025-11-02,50,49,471.51,23575.56
PO0007590,S009,P0032,WH02,2025-10-26,2025-11-03,2025-11-05,217,209,1769.88,384064.46
PO0007591,S002,P0037,WH02,2025-10-26,2025-11-01,2025-11-02,106,100,1554.5,164776.63
PO0007592,S002,P0037,WH03,2025-10-26,2025-11-02,2025-11-02,86,86,1503.77,129324.4
PO0007593,S006,P0003,WH01,2025-10-27,2025-10-31,2025-10-31,194,191,889.18,172500.13
PO0007594,S008,P0004,WH02,2025-10-27,2025-10-31,2025-11-02,215,203,1659.26,356740.31
PO0007595,S010,P0009,WH04,2025-10-27,2025-11-06,2025-11-06,52,51,2252.2,117114.23
PO0007596,S012,P0016,WH02,2025-10-27,2025-11-05,2025-11-06,314,307,893.21,280467.38
PO0007597,S010,P0021,WH05,2025-10-27,2025-11-09,2025-11-09,243,243,683.09,165989.83
PO0007598,S012,P0026,WH01,2025-10-27,2025-11-08,2025-11-08,248,242,2153.1,533968.22
PO0007599,S004,P0031,WH04,2025-10-27,2025-11-01,2025-11-01,50,46,462.28,23114.06
PO0007600,S009,P0035,WH01,2025-10-27,2025-11-04,2025-11-05,95,90,1652.28,156966.73
PO0007601,S002,P0037,WH03,2025-10-27,2025-11-03,2025-11-03,132,127,1525.34,201345.31
PO0007602,S010,P0008,WH04,2025-10-28,2025-11-05,2025-11-07,130,129,815.23,105980.52
PO0007603,S010,P0009,WH04,2025-10-28,2025-11-05,2025-11-06,50,49,2390.17,119508.41
PO0007604,S007,P0011,WH04,2025-10-28,2025-10-31,2025-11-02,75,71,598.33,44874.57
PO0007605,S012,P0016,WH03,2025-10-28,2025-11-08,2025-11-09,286,273,874.26,250037.41
PO0007606,S006,P0024,WH03,2025-10-28,2025-11-04,2025-11-04,76,75,638.99,48563.33
PO0007607,S002,P0027,WH02,2025-10-28,2025-11-04,2025-11-06,211,200,518.93,109495.08
PO0007608,S004,P0029,WH02,2025-10-28,2025-11-05,2025-11-05,272,260,3195.54,869186.66
PO0007609,S004,P0029,WH05,2025-10-28,2025-11-02,2025-11-02,252,241,3592.57,905328.49
PO0007610,S004,P0007,WH05,2025-10-29,2025-11-04,2025-11-07,201,195,2423.1,487042.15
PO0007611,S009,P0022,WH04,2025-10-29,2025-11-06,2025-11-06,64,62,462.54,29602.37
PO0007612,S004,P0031,WH04,2025-10-29,2025-11-04,2025-11-07,50,47,456.17,22808.28
PO0007613,S009,P0032,WH04,2025-10-29,2025-11-06,2025-11-08,241,231,1608.85,387733.9
PO0007614,S009,P0035,WH01,2025-10-29,2025-11-07,2025-11-07,144,137,1627.69,234387.81
PO0007615,S006,P0003,WH01,2025-10-30,2025-11-08,2025-11-09,204,204,934.52,190641.28
PO0007616,S010,P0009,WH04,2025-10-30,2025-11-07,2025-11-07,50,49,2401.77,120088.46
PO0007617,S007,P0011,WH01,2025-10-30,2025-11-05,2025-11-06,93,88,602.56,56038.37
PO0007618,S011,P0012,WH02,2025-10-30,2025-11-03,2025-11-03,68,67,2248.08,152869.2
PO0007619,S002,P0027,WH01,2025-10-30,2025-11-06,2025-11-08,189,182,522.77,98802.98
PO0007620,S006,P0034,WH01,2025-10-30,2025-11-05,2025-11-05,50,50,2900.45,145022.44
PO0007621,S002,P0039,WH03,2025-10-30,2025-11-06,2025-11-06,81,75,487.1,39455.49
PO0007622,S009,P0002,WH02,2025-10-31,2025-11-08,2025-11-08,173,161,761.77,131785.37
PO0007623,S011,P0012,WH02,2025-10-31,2025-11-03,2025-11-03,50,50,2330.83,116541.42
PO0007624,S004,P0015,WH05,2025-10-31,2025-11-07,2025-11-08,112,107,246.27,27582.42
PO0007625,S009,P0022,WH04,2025-10-31,2025-11-10,2025-11-15,53,48,434.3,23017.68
PO0007626,S004,P0031,WH02,2025-10-31,2025-11-06,2025-11-06,50,48,474.75,23737.67
PO0007627,S009,P0035,WH01,2025-10-31,2025-11-10,2025-11-10,141,133,1647.02,232230.49
PO0007628,S002,P0039,WH03,2025-10-31,2025-11-06,2025-11-06,99,95,503.61,49857.6
PO0007629,S009,P0002,WH02,2025-11-01,2025-11-11,2025-11-11,301,279,824.65,248219.0
PO0007630,S008,P0004,WH03,2025-11-01,2025-11-05,2025-11-10,367,341,1613.43,592128.49
PO0007631,S004,P0007,WH05,2025-11-01,2025-11-08,2025-11-09,215,206,2408.68,517866.62
PO0007632,S010,P0009,WH04,2025-11-01,2025-11-09,2025-11-11,62,62,2304.36,142870.24
PO0007633,S004,P0015,WH01,2025-11-01,2025-11-09,2025-11-09,67,65,250.3,16769.88
PO0007634,S004,P0015,WH05,2025-11-01,2025-11-09,2025-11-10,112,106,239.68,26843.99
PO0007635,S006,P0018,WH02,2025-11-01,2025-11-07,2025-11-07,63,60,1113.39,70143.26
PO0007636,S004,P0031,WH02,2025-11-01,2025-11-06,2025-11-06,55,53,471.07,25908.63
PO0007637,S012,P0040,WH04,2025-11-01,2025-11-13,2025-11-13,50,50,724.75,36237.3
PO0007638,S004,P0007,WH05,2025-11-02,2025-11-10,2025-11-10,154,147,2527.56,389244.05
PO0007639,S007,P0010,WH04,2025-11-02,2025-11-09,2025-11-09,69,68,2835.96,195681.13
PO0007640,S006,P0024,WH05,2025-11-02,2025-11-07,2025-11-07,61,61,663.16,40452.7
PO0007641,S004,P0029,WH02,2025-11-02,2025-11-06,2025-11-07,329,308,3490.95,1148521.15
PO0007642,S009,P0030,WH02,2025-11-02,2025-11-10,2025-11-12,176,163,2435.39,428629.51
PO0007643,S004,P0033,WH01,2025-11-02,2025-11-08,2025-11-11,125,114,2020.79,252598.5
PO0007644,S006,P0034,WH01,2025-11-02,2025-11-08,2025-11-08,50,50,2998.63,149931.66
PO0007645,S009,P0035,WH01,2025-11-02,2025-11-08,2025-11-11,141,133,1602.02,225884.18
PO0007646,S009,P0035,WH05,2025-11-02,2025-11-11,2025-11-11,114,108,1651.1,188225.76
PO0007647,S011,P0006,WH05,2025-11-03,2025-11-07,2025-11-10,50,49,2743.58,137179.15
PO0007648,S010,P0008,WH01,2025-11-03,2025-11-10,2025-11-10,81,81,796.73,64534.75
PO0007649,S004,P0015,WH01,2025-11-03,2025-11-11,2025-11-11,100,97,239.04,23903.65
PO0007650,S004,P0015,WH04,2025-11-03,2025-11-11,2025-11-12,121,115,251.14,30387.68
PO0007651,S009,P0030,WH02,2025-11-03,2025-11-13,2025-11-16,183,173,2434.14,445446.84
PO0007652,S009,P0035,WH01,2025-11-03,2025-11-13,2025-11-14,139,132,1581.82,219872.91
PO0007653,S009,P0002,WH05,2025-11-04,2025-11-12,2025-11-14,149,138,802.63,119591.68
PO0007654,S011,P0006,WH05,2025-11-04,2025-11-06,2025-11-07,50,46,2865.35,143267.4
PO0007655,S002,P0027,WH01,2025-11-04,2025-11-10,2025-11-10,114,109,553.78,63130.44
PO0007656,S009,P0002,WH02,2025-11-05,2025-11-12,2025-11-13,299,287,814.48,243529.86
PO0007657,S011,P0017,WH03,2025-11-05,2025-11-08,2025-11-09,241,229,881.04,212329.51
PO0007658,S008,P0019,WH02,2025-11-05,2025-11-07,2025-11-07,276,258,1937.93,534869.11
PO0007659,S004,P0031,WH02,2025-11-05,2025-11-11,2025-11-11,50,46,495.51,24775.58
PO0007660,S002,P0039,WH01,2025-11-05,2025-11-11,2025-11-11,51,48,494.26,25207.02
PO0007661,S009,P0002,WH05,2025-11-06,2025-11-15,2025-11-15,215,204,737.66,158596.33
PO0007662,S008,P0004,WH05,2025-11-06,2025-11-08,2025-11-13,240,228,1687.2,404927.47
PO0007663,S011,P0006,WH02,2025-11-06,2025-11-08,2025-11-09,50,48,2744.49,137224.69
PO0007664,S004,P0007,WH05,2025-11-06,2025-11-12,2025-11-13,142,130,2405.47,341577.27
PO0007665,S004,P0015,WH04,2025-11-06,2025-11-13,2025-11-13,122,117,238.84,29138.1
PO0007666,S008,P0019,WH02,2025-11-06,2025-11-09,2025-11-10,239,228,2065.62,493681.99
PO0007667,S006,P0023,WH02,2025-11-06,2025-11-14,2025-11-19,80,80,703.44,56274.89
PO0007668,S006,P0024,WH05,2025-11-06,2025-11-12,2025-11-12,56,54,637.91,35722.91
PO0007669,S002,P0027,WH04,2025-11-06,2025-11-12,2025-11-15,145,137,543.5,78807.9
PO0007670,S006,P0028,WH02,2025-11-06,2025-11-13,2025-11-16,163,158,3094.86,504462.02
PO0007671,S009,P0032,WH03,2025-11-06,2025-11-13,2025-11-14,282,257,1749.33,493310.95
PO0007672,S009,P0002,WH02,2025-11-07,2025-11-14,2025-11-14,243,233,739.38,179669.66
PO0007673,S008,P0004,WH03,2025-11-07,2025-11-10,2025-11-12,316,300,1681.64,531399.28
PO0007674,S011,P0006,WH02,2025-11-07,2025-11-10,2025-11-12,50,48,2692.16,134608.25
PO0007675,S011,P0012,WH05,2025-11-07,2025-11-09,2025-11-09,50,48,2381.01,119050.61
PO0007676,S006,P0028,WH02,2025-11-07,2025-11-13,2025-11-13,170,166,3065.37,521112.65
PO0007677,S009,P0032,WH03,2025-11-07,2025-11-16,2025-11-16,387,373,1718.58,665088.61
PO0007678,S012,P0040,WH02,2025-11-07,2025-11-18,2025-11-21,50,49,717.9,35894.76
PO0007679,S009,P0002,WH05,2025-11-08,2025-11-17,2025-11-19,249,236,798.56,198842.41
PO0007680,S008,P0004,WH05,2025-11-08,2025-11-12,2025-11-14,235,218,1557.28,365959.66
PO0007681,S011,P0012,WH05,2025-11-08,2025-11-12,2025-11-12,63,60,2315.41,145870.83
PO0007682,S002,P0027,WH03,2025-11-08,2025-11-15,2025-11-15,184,174,521.1,95881.97
PO0007683,S009,P0030,WH02,2025-11-08,2025-11-15,2025-11-16,220,207,2536.65,558062.13
PO0007684,S004,P0033,WH01,2025-11-08,2025-11-14,2025-11-14,122,115,1975.33,240990.43
PO0007685,S006,P0034,WH04,2025-11-08,2025-11-16,2025-11-18,50,49,3148.69,157434.63
PO0007686,S008,P0038,WH05,2025-11-08,2025-11-10,2025-11-10,105,95,1817.41,190828.12
PO0007687,S002,P0039,WH01,2025-11-08,2025-11-14,2025-11-15,60,57,509.22,30553.5
PO0007688,S010,P0008,WH02,2025-11-09,2025-11-17,2025-11-17,158,158,798.93,126231.28
PO0007689,S002,P0027,WH03,2025-11-09,2025-11-15,2025-11-15,225,212,516.98,116321.11
PO0007690,S008,P0036,WH03,2025-11-09,2025-11-12,2025-11-12,307,284,2021.79,620690.2
PO0007691,S002,P0039,WH01,2025-11-09,2025-11-14,2025-11-15,54,53,485.34,26208.27
PO0007692,S012,P0040,WH04,2025-11-09,2025-11-21,2025-11-21,50,50,710.7,35535.24
PO0007693,S010,P0009,WH05,2025-11-10,2025-11-19,2025-11-19,52,52,2412.67,125459.05
PO0007694,S007,P0013,WH04,2025-11-10,2025-11-16,2025-11-16,50,45,2810.45,140522.29
PO0007695,S010,P0021,WH02,2025-11-10,2025-11-21,2025-11-24,176,173,745.15,131147.07
PO0007696,S009,P0035,WH05,2025-11-10,2025-11-15,2025-11-15,152,147,1628.03,247460.98
PO0007697,S008,P0036,WH04,2025-11-10,2025-11-13,2025-11-13,252,226,2085.65,525584.49
PO0007698,S002,P0039,WH04,2025-11-10,2025-11-16,2025-11-19,81,77,510.51,41351.02
PO0007699,S012,P0040,WH04,2025-11-10,2025-11-21,2025-11-21,50,50,699.01,34950.6
PO0007700,S009,P0002,WH04,2025-11-11,2025-11-19,2025-11-20,216,202,817.82,176649.32
PO0007701,S009,P0005,WH04,2025-11-11,2025-11-19,2025-11-20,58,56,1261.16,73147.06
PO0007702,S011,P0006,WH01,2025-11-11,2025-11-14,2025-11-16,50,50,2838.79,141939.72
PO0007703,S010,P0008,WH02,2025-11-11,2025-11-21,2025-11-22,97,97,824.1,79937.8
PO0007704,S010,P0009,WH05,2025-11-11,2025-11-19,2025-11-20,74,73,2289.38,169413.82
PO0007705,S007,P0011,WH02,2025-11-11,2025-11-17,2025-11-22,101,97,640.04,64643.9
PO0007706,S007,P0011,WH03,2025-11-11,2025-11-15,2025-11-15,108,103,637.65,68865.91
PO0007707,S008,P0019,WH05,2025-11-11,2025-11-16,2025-11-17,222,207,2021.62,448799.34
PO0007708,S006,P0034,WH02,2025-11-11,2025-11-18,2025-11-18,56,55,2872.64,160867.84
PO0007709,S006,P0034,WH04,2025-11-11,2025-11-19,2025-11-19,50,48,3135.69,156784.39
PO0007710,S008,P0036,WH03,2025-11-11,2025-11-14,2025-11-15,417,389,2166.71,903518.93
PO0007711,S008,P0036,WH04,2025-11-11,2025-11-15,2025-11-15,221,199,2152.36,475672.22
PO0007712,S002,P0039,WH04,2025-11-11,2025-11-17,2025-11-17,50,48,495.47,24773.54
PO0007713,S002,P0039,WH05,2025-11-11,2025-11-16,2025-11-18,57,53,514.33,29317.02
PO0007714,S009,P0002,WH05,2025-11-12,2025-11-20,2025-11-25,140,132,738.09,103333.27
PO0007715,S010,P0008,WH02,2025-11-12,2025-11-19,2025-11-19,110,109,799.63,87959.46
PO0007716,S007,P0011,WH05,2025-11-12,2025-11-15,2025-11-18,129,119,623.64,80449.68
PO0007717,S008,P0019,WH05,2025-11-12,2025-11-17,2025-11-22,152,142,1946.62,295885.72
PO0007718,S010,P0021,WH02,2025-11-12,2025-11-22,2025-11-22,161,156,693.17,111600.58
PO0007719,S006,P0023,WH02,2025-11-12,2025-11-20,2025-11-20,98,98,730.99,71637.01
PO0007720,S002,P0027,WH03,2025-11-12,2025-11-17,2025-11-22,176,170,539.08,94877.55
PO0007721,S002,P0039,WH02,2025-11-12,2025-11-18,2025-11-19,91,87,478.83,43573.3
PO0007722,S002,P0039,WH05,2025-11-12,2025-11-18,2025-11-19,78,75,508.96,39698.77
PO0007723,S011,P0006,WH01,2025-11-13,2025-11-16,2025-11-16,50,46,2800.1,140005.06
PO0007724,S007,P0011,WH03,2025-11-13,2025-11-16,2025-11-16,95,93,654.64,62190.34
PO0007725,S011,P0012,WH04,2025-11-13,2025-11-15,2025-11-16,50,49,2441.06,122052.92
PO0007726,S007,P0013,WH04,2025-11-13,2025-11-17,2025-11-17,50,50,2622.3,131115.14
PO0007727,S008,P0019,WH05,2025-11-13,2025-11-15,2025-11-16,157,148,2058.68,323212.81
PO0007728,S009,P0032,WH03,2025-11-13,2025-11-22,2025-11-22,259,240,1754.69,454465.39
PO0007729,S002,P0039,WH02,2025-11-13,2025-11-21,2025-11-22,112,107,472.64,52936.13
PO0007730,S002,P0039,WH05,2025-11-13,2025-11-18,2025-11-20,54,53,483.03,26083.88
PO0007731,S012,P0040,WH02,2025-11-13,2025-11-21,2025-11-23,71,70,739.22,52484.4
PO0007732,S004,P0007,WH04,2025-11-14,2025-11-21,2025-11-22,151,141,2471.47,373192.15
PO0007733,S010,P0008,WH03,2025-11-14,2025-11-24,2025-11-25,156,156,835.0,130259.65
PO0007734,S010,P0009,WH05,2025-11-14,2025-11-23,2025-11-24,58,57,2494.57,144685.02
PO0007735,S007,P0013,WH04,2025-11-14,2025-11-19,2025-11-22,50,49,2634.49,131724.68
PO0007736,S006,P0018,WH05,2025-11-14,2025-11-21,2025-11-21,50,50,1078.91,53945.4
PO0007737,S006,P0025,WH02,2025-11-14,2025-11-22,2025-11-25,149,147,1473.07,219487.82
PO0007738,S002,P0027,WH03,2025-11-14,2025-11-23,2025-11-24,225,213,577.03,129831.95
PO0007739,S012,P0040,WH02,2025-11-14,2025-11-23,2025-11-23,50,49,704.12,35206.14
PO0007740,S009,P0002,WH04,2025-11-15,2025-11-24,2025-11-24,233,213,805.84,187761.7
PO0007741,S011,P0006,WH01,2025-11-15,2025-11-18,2025-11-18,50,49,2813.48,140674.06
PO0007742,S007,P0011,WH02,2025-11-15,2025-11-19,2025-11-19,94,93,619.38,58221.94
PO0007743,S007,P0013,WH05,2025-11-15,2025-11-17,2025-11-20,50,46,2861.81,143090.72
PO0007744,S008,P0019,WH01,2025-11-15,2025-11-19,2025-11-19,176,161,2105.32,370535.46
PO0007745,S006,P0020,WH01,2025-11-15,2025-11-20,2025-11-20,103,103,2474.66,254889.65
PO0007746,S006,P0023,WH02,2025-11-15,2025-11-19,2025-11-19,87,85,721.95,62810.04
PO0007747,S002,P0027,WH05,2025-11-15,2025-11-24,2025-11-29,175,162,530.17,92779.4
PO0007748,S009,P0030,WH03,2025-11-15,2025-11-23,2025-11-24,256,238,2526.31,646735.86
PO0007749,S006,P0034,WH03,2025-11-15,2025-11-21,2025-11-21,50,49,2884.54,144227.09
PO0007750,S008,P0038,WH01,2025-11-15,2025-11-20,2025-11-20,112,100,1812.78,203031.23
PO0007751,S002,P0039,WH02,2025-11-15,2025-11-22,2025-11-24,75,71,496.1,37207.82
PO0007752,S002,P0039,WH05,2025-11-15,2025-11-22,2025-11-22,51,49,480.77,24519.38
PO0007753,S009,P0001,WH02,2025-11-16,2025-11-24,2025-11-24,171,160,1452.21,248328.25
PO0007754,S010,P0008,WH02,2025-11-16,2025-11-24,2025-11-26,128,127,850.73,108892.92
PO0007755,S007,P0010,WH05,2025-11-16,2025-11-21,2025-11-21,63,60,2699.96,170097.26
PO0007756,S007,P0011,WH05,2025-11-16,2025-11-21,2025-11-21,82,78,606.79,49756.39
PO0007757,S006,P0020,WH01,2025-11-16,2025-11-23,2025-11-23,172,170,2288.25,393579.21
PO0007758,S006,P0020,WH04,2025-11-16,2025-11-23,2025-11-23,190,188,2244.99,426548.19
PO0007759,S006,P0023,WH01,2025-11-16,2025-11-22,2025-11-22,67,67,683.55,45797.77
PO0007760,S006,P0023,WH05,2025-11-16,2025-11-22,2025-11-25,54,53,701.56,37884.39
PO0007761,S006,P0025,WH04,2025-11-16,2025-11-22,2025-11-24,124,124,1452.0,180047.79
PO0007762,S006,P0028,WH01,2025-11-16,2025-11-23,2025-11-23,191,189,3198.56,610924.75
PO0007763,S004,P0029,WH01,2025-11-16,2025-11-22,2025-11-23,223,208,3521.78,785357.91
PO0007764,S012,P0040,WH02,2025-11-16,2025-11-27,2025-11-30,52,51,684.76,35607.4
PO0007765,S012,P0016,WH03,2025-11-17,2025-11-26,2025-11-26,421,409,920.0,387321.93
PO0007766,S006,P0018,WH05,2025-11-17,2025-11-22,2025-11-22,51,51,1078.18,54987.0
PO0007767,S006,P0023,WH01,2025-11-17,2025-11-24,2025-11-24,64,63,697.01,44608.45
PO0007768,S004,P0029,WH03,2025-11-17,2025-11-23,2025-11-26,236,229,3527.07,832387.99
PO0007769,S004,P0029,WH05,2025-11-17,2025-11-24,2025-11-27,193,180,3297.64,636445.04
PO0007770,S009,P0030,WH03,2025-11-17,2025-11-27,2025-11-28,272,257,2427.52,660284.88
PO0007771,S002,P0039,WH02,2025-11-17,2025-11-24,2025-11-27,118,108,520.09,61370.9
PO0007772,S012,P0040,WH02,2025-11-17,2025-11-29,2025-11-29,61,61,748.33,45647.93
PO0007773,S009,P0002,WH04,2025-11-18,2025-11-26,2025-11-29,156,153,773.14,120610.55
PO0007774,S009,P0005,WH04,2025-11-18,2025-11-25,2025-11-25,64,64,1226.46,78493.54
PO0007775,S010,P0008,WH03,2025-11-18,2025-11-27,2025-11-27,157,156,786.87,123538.83
PO0007776,S010,P0009,WH05,2025-11-18,2025-11-25,2025-11-26,81,79,2456.08,198942.19
PO0007777,S007,P0011,WH02,2025-11-18,2025-11-23,2025-11-23,119,110,626.37,74537.83
PO0007778,S007,P0013,WH02,2025-11-18,2025-11-23,2025-11-24,52,51,2736.72,142309.24
PO0007779,S006,P0020,WH04,2025-11-18,2025-11-23,2025-11-23,179,178,2464.31,441111.66
PO0007780,S006,P0025,WH04,2025-11-18,2025-11-24,2025-11-25,117,117,1403.31,164187.03
PO0007781,S002,P0027,WH05,2025-11-18,2025-11-24,2025-11-24,161,154,534.34,86029.1
PO0007782,S004,P0029,WH03,2025-11-18,2025-11-24,2025-11-26,309,294,3536.94,1092913.81
PO0007783,S009,P0030,WH03,2025-11-18,2025-11-26,2025-11-26,291,272,2500.51,727648.33
PO0007784,S006,P0034,WH03,2025-11-18,2025-11-24,2025-11-24,58,58,3127.34,181385.54
PO0007785,S008,P0038,WH02,2025-11-18,2025-11-22,2025-11-22,158,148,1777.0,280766.02
PO0007786,S009,P0001,WH02,2025-11-19,2025-11-29,2025-11-29,284,276,1473.85,418574.47
PO0007787,S009,P0002,WH04,2025-11-19,2025-11-27,2025-11-29,195,183,812.41,158419.82
PO0007788,S009,P0005,WH05,2025-11-19,2025-11-27,2025-11-28,73,67,1187.38,86678.38
PO0007789,S007,P0013,WH02,2025-11-19,2025-11-24,2025-11-25,56,53,2620.21,146731.56
PO0007790,S007,P0013,WH03,2025-11-19,2025-11-26,2025-11-28,50,48,2629.03,131451.3
PO0007791,S012,P0016,WH01,2025-11-19,2025-11-27,2025-11-27,162,155,859.57,139250.95
PO0007792,S012,P0016,WH03,2025-11-19,2025-11-29,2025-11-29,388,367,831.18,322496.45
PO0007793,S006,P0025,WH01,2025-11-19,2025-11-26,2025-11-26,160,156,1479.48,236717.26
PO0007794,S006,P0025,WH04,2025-11-19,2025-11-23,2025-11-23,141,140,1475.23,208007.75
PO0007795,S006,P0028,WH01,2025-11-19,2025-11-26,2025-11-27,122,121,3214.36,392151.84
PO0007796,S006,P0028,WH05,2025-11-19,2025-11-24,2025-11-24,190,189,3030.74,575840.11
PO0007797,S004,P0031,WH01,2025-11-19,2025-11-25,2025-11-28,50,48,467.7,23384.86
PO0007798,S004,P0033,WH05,2025-11-19,2025-11-25,2025-11-25,142,137,2125.36,301800.98
PO0007799,S009,P0035,WH02,2025-11-19,2025-11-27,2025-11-27,138,129,1582.07,218325.03
PO0007800,S002,P0037,WH05,2025-11-19,2025-11-24,2025-11-24,105,98,1605.29,168555.61
PO0007801,S008,P0038,WH02,2025-11-19,2025-11-22,2025-11-22,222,210,1841.07,408718.17
PO0007802,S009,P0001,WH01,2025-11-20,2025-11-28,2025-11-28,160,146,1356.17,216987.07
PO0007803,S009,P0001,WH02,2025-11-20,2025-11-29,2025-11-30,287,272,1450.02,416154.87
PO0007804,S010,P0009,WH02,2025-11-20,2025-11-29,2025-11-29,88,87,2410.11,212089.93
PO0007805,S007,P0010,WH05,2025-11-20,2025-11-24,2025-11-29,72,69,2819.93,203034.7
PO0007806,S007,P0011,WH01,2025-11-20,2025-11-25,2025-11-26,89,85,623.66,55506.03
PO0007807,S007,P0013,WH01,2025-11-20,2025-11-24,2025-11-24,53,53,2832.72,150134.11
PO0007808,S012,P0016,WH01,2025-11-20,2025-11-27,2025-11-27,174,165,853.77,148555.45
PO0007809,S012,P0016,WH03,2025-11-20,2025-11-30,2025-11-30,373,364,901.24,336163.21
PO0007810,S006,P0018,WH05,2025-11-20,2025-11-24,2025-11-24,75,74,1121.15,84086.05
PO0007811,S006,P0028,WH01,2025-11-20,2025-11-28,2025-11-29,197,195,3144.15,619397.85
PO0007812,S006,P0028,WH05,2025-11-20,2025-11-25,2025-11-26,237,234,3046.5,722021.47
PO0007813,S004,P0029,WH03,2025-11-20,2025-11-26,2025-11-26,432,414,3464.44,1496640.01
PO0007814,S004,P0031,WH01,2025-11-20,2025-11-28,2025-12-03,50,49,489.29,24464.65
PO0007815,S012,P0040,WH02,2025-11-20,2025-12-02,2025-12-02,62,59,696.23,43166.46
PO0007816,S004,P0007,WH04,2025-11-21,2025-11-26,2025-11-29,108,103,2373.18,256303.48
PO0007817,S007,P0013,WH01,2025-11-21,2025-11-24,2025-11-25,50,50,2620.55,131027.47
PO0007818,S006,P0025,WH02,2025-11-21,2025-11-26,2025-11-29,272,271,1387.22,377324.02
PO0007819,S004,P0029,WH04,2025-11-21,2025-11-28,2025-11-28,249,242,3303.94,822680.48
PO0007820,S004,P0029,WH05,2025-11-21,2025-11-27,2025-12-02,172,166,3267.42,561996.26
PO0007821,S004,P0031,WH01,2025-11-21,2025-11-30,2025-11-30,50,50,493.63,24681.55
PO0007822,S009,P0001,WH03,2025-11-22,2025-11-30,2025-12-01,203,192,1324.96,268967.29
PO0007823,S010,P0008,WH03,2025-11-22,2025-12-02,2025-12-03,182,180,830.81,151206.81
PO0007824,S011,P0012,WH04,2025-11-22,2025-11-25,2025-11-25,50,49,2495.98,124798.96
PO0007825,S006,P0020,WH04,2025-11-22,2025-11-28,2025-11-28,115,114,2299.05,264390.59
PO0007826,S006,P0025,WH02,2025-11-22,2025-11-27,2025-11-28,197,193,1456.98,287025.08
PO0007827,S002,P0027,WH04,2025-11-22,2025-11-24,2025-11-24,206,193,541.9,111632.03
PO0007828,S004,P0029,WH03,2025-11-22,2025-11-29,2025-11-30,389,375,3439.07,1337797.11
PO0007829,S009,P0030,WH03,2025-11-22,2025-11-28,2025-11-30,236,225,2685.43,633761.58
PO0007830,S004,P0033,WH05,2025-11-22,2025-11-27,2025-11-27,122,116,2179.73,265927.37
PO0007831,S009,P0005,WH05,2025-11-23,2025-12-02,2025-12-02,67,64,1189.29,79682.73
PO0007832,S011,P0006,WH03,2025-11-23,2025-11-27,2025-11-27,55,49,2921.73,160695.13
PO0007833,S007,P0013,WH02,2025-11-23,2025-11-30,2025-12-01,61,58,2654.44,161920.97
PO0007834,S007,P0013,WH03,2025-11-23,2025-11-27,2025-11-27,50,49,2718.57,135928.64
PO0007835,S009,P0022,WH05,2025-11-23,2025-12-02,2025-12-02,63,59,437.71,27575.74
PO0007836,S006,P0023,WH05,2025-11-23,2025-12-01,2025-12-03,77,75,654.81,50420.41
PO0007837,S002,P0027,WH05,2025-11-23,2025-11-29,2025-11-29,142,130,569.88,80922.6
PO0007838,S004,P0029,WH05,2025-11-23,2025-11-30,2025-12-02,303,285,3304.61,1001297.76
PO0007839,S004,P0031,WH01,2025-11-23,2025-11-29,2025-12-01,50,46,461.01,23050.29
PO0007840,S004,P0033,WH02,2025-11-23,2025-11-28,2025-11-28,173,171,2113.17,365578.14
PO0007841,S008,P0038,WH04,2025-11-23,2025-11-27,2025-11-27,161,152,1874.37,301772.89
PO0007842,S009,P0001,WH01,2025-11-24,2025-12-02,2025-12-04,146,139,1329.93,194169.43
PO0007843,S009,P0001,WH03,2025-11-24,2025-12-03,2025-12-03,185,174,1437.45,265928.98
PO0007844,S012,P0016,WH01,2025-11-24,2025-12-07,2025-12-09,153,148,911.05,139390.68
PO0007845,S012,P0016,WH03,2025-11-24,2025-12-05,2025-12-05,254,251,894.79,227275.62
PO0007846,S009,P0022,WH05,2025-11-24,2025-12-01,2025-12-01,50,45,456.29,22814.68
PO0007847,S006,P0025,WH02,2025-11-24,2025-12-02,2025-12-02,248,241,1352.88,335514.3
PO0007848,S004,P0029,WH04,2025-11-24,2025-12-02,2025-12-05,205,199,3328.84,682411.74
PO0007849,S009,P0035,WH02,2025-11-24,2025-12-03,2025-12-03,177,167,1502.4,265924.23
PO0007850,S009,P0035,WH04,2025-11-24,2025-12-03,2025-12-03,150,146,1614.34,242150.35
PO0007851,S012,P0040,WH03,2025-11-24,2025-12-04,2025-12-07,73,71,699.57,51068.54
PO0007852,S009,P0005,WH05,2025-11-25,2025-12-03,2025-12-03,94,93,1228.83,115509.92
PO0007853,S004,P0007,WH03,2025-11-25,2025-12-01,2025-12-01,146,141,2416.5,352809.57
PO0007854,S007,P0010,WH04,2025-11-25,2025-11-29,2025-11-29,86,77,2671.03,229708.66
PO0007855,S011,P0012,WH03,2025-11-25,2025-11-27,2025-11-29,50,48,2308.89,115444.63
PO0007856,S007,P0013,WH03,2025-11-25,2025-11-29,2025-11-30,69,67,2579.6,177992.3
PO0007857,S010,P0014,WH01,2025-11-25,2025-12-02,2025-12-02,243,238,1976.88,480380.94
PO0007858,S010,P0014,WH04,2025-11-25,2025-12-04,2025-12-07,241,233,2057.38,495829.34
PO0007859,S004,P0015,WH02,2025-11-25,2025-12-04,2025-12-09,100,98,247.33,24733.47
PO0007860,S012,P0016,WH03,2025-11-25,2025-12-08,2025-12-08,305,299,856.22,261148.46
PO0007861,S006,P0020,WH05,2025-11-25,2025-12-04,2025-12-04,138,138,2324.4,320766.88
PO0007862,S009,P0022,WH05,2025-11-25,2025-12-05,2025-12-05,71,65,453.66,32210.13
PO0007863,S012,P0026,WH02,2025-11-25,2025-12-08,2025-12-09,411,400,2330.72,957924.1
PO0007864,S009,P0035,WH02,2025-11-25,2025-12-04,2025-12-04,199,193,1527.96,304063.22
PO0007865,S009,P0035,WH03,2025-11-25,2025-12-04,2025-12-04,230,213,1657.81,381296.88
PO0007866,S009,P0001,WH03,2025-11-26,2025-12-03,2025-12-04,196,184,1343.59,263344.6
PO0007867,S009,P0030,WH05,2025-11-26,2025-12-05,2025-12-06,168,157,2439.08,409764.98
PO0007868,S009,P0035,WH03,2025-11-26,2025-12-04,2025-12-04,226,215,1600.66,361748.08
PO0007869,S008,P0038,WH01,2025-11-26,2025-11-29,2025-11-29,124,115,1874.09,232387.77
PO0007870,S009,P0005,WH05,2025-11-27,2025-12-07,2025-12-07,96,88,1156.54,111027.67
PO0007871,S004,P0007,WH03,2025-11-27,2025-12-04,2025-12-04,268,251,2389.19,640301.76
PO0007872,S011,P0012,WH01,2025-11-27,2025-12-01,2025-12-04,50,46,2275.37,113768.68
PO0007873,S011,P0017,WH01,2025-11-27,2025-12-01,2025-12-02,199,192,966.62,192357.94
PO0007874,S011,P0017,WH03,2025-11-27,2025-12-01,2025-12-04,363,344,946.14,343449.34
PO0007875,S006,P0020,WH05,2025-11-27,2025-12-06,2025-12-07,215,214,2367.65,509045.24
PO0007876,S009,P0022,WH02,2025-11-27,2025-12-05,2025-12-08,71,69,450.9,32013.94
PO0007877,S009,P0022,WH05,2025-11-27,2025-12-05,2025-12-07,69,68,455.31,31416.11
PO0007878,S009,P0030,WH05,2025-11-27,2025-12-05,2025-12-05,202,187,2668.16,538968.3
PO0007879,S004,P0031,WH01,2025-11-27,2025-12-03,2025-12-03,50,49,461.38,23069.22
PO0007880,S004,P0033,WH02,2025-11-27,2025-12-03,2025-12-04,159,148,2094.05,332954.69
PO0007881,S009,P0035,WH03,2025-11-27,2025-12-07,2025-12-07,167,159,1536.78,256642.46
PO0007882,S012,P0040,WH01,2025-11-27,2025-12-08,2025-12-08,50,48,757.26,37862.95
PO0007883,S010,P0009,WH02,2025-11-28,2025-12-07,2025-12-08,100,99,2382.13,238212.84
PO0007884,S007,P0011,WH04,2025-11-28,2025-12-03,2025-12-03,90,84,585.4,52685.66
PO0007885,S010,P0014,WH02,2025-11-28,2025-12-06,2025-12-06,272,272,1895.33,515528.71
PO0007886,S010,P0014,WH04,2025-11-28,2025-12-06,2025-12-08,189,187,1958.1,370080.66
PO0007887,S004,P0015,WH02,2025-11-28,2025-12-06,2025-12-07,120,111,265.96,31915.41
PO0007888,S011,P0017,WH01,2025-11-28,2025-12-01,2025-12-04,241,230,930.56,224266.01
PO0007889,S009,P0001,WH03,2025-11-29,2025-12-04,2025-12-04,293,272,1391.16,407610.34
PO0007890,S009,P0001,WH04,2025-11-29,2025-12-10,2025-12-10,152,147,1464.13,222548.25
PO0007891,S006,P0003,WH02,2025-11-29,2025-12-05,2025-12-05,168,166,862.74,144940.58
PO0007892,S004,P0007,WH03,2025-11-29,2025-12-05,2025-12-05,272,264,2383.75,648378.98
PO0007893,S010,P0008,WH01,2025-11-29,2025-12-09,2025-12-09,132,130,794.37,104857.07
PO0007894,S004,P0015,WH02,2025-11-29,2025-12-05,2025-12-08,111,106,262.12,29094.77
PO0007895,S006,P0018,WH02,2025-11-29,2025-12-06,2025-12-07,95,93,1079.61,102562.84
PO0007896,S008,P0019,WH03,2025-11-29,2025-12-03,2025-12-03,229,215,2102.17,481396.5
PO0007897,S010,P0021,WH04,2025-11-29,2025-12-09,2025-12-12,200,197,694.44,138887.03
PO0007898,S009,P0022,WH02,2025-11-29,2025-12-08,2025-12-09,57,55,472.8,26949.39
PO0007899,S009,P0022,WH05,2025-11-29,2025-12-10,2025-12-10,50,47,451.48,22573.78
PO0007900,S009,P0030,WH01,2025-11-29,2025-12-07,2025-12-07,166,156,2514.16,417349.87
PO0007901,S008,P0036,WH02,2025-11-29,2025-12-02,2025-12-02,380,353,2194.34,833848.49
PO0007902,S008,P0036,WH05,2025-11-29,2025-12-04,2025-12-04,163,152,2073.91,338046.53
PO0007903,S006,P0003,WH02,2025-11-30,2025-12-07,2025-12-07,168,165,939.11,157769.67
PO0007904,S004,P0007,WH01,2025-11-30,2025-12-06,2025-12-06,173,167,2414.54,417715.52
PO0007905,S011,P0012,WH02,2025-11-30,2025-12-02,2025-12-02,52,50,2504.34,130225.54
PO0007906,S004,P0015,WH02,2025-11-30,2025-12-07,2025-12-07,128,117,256.92,32885.88
PO0007907,S008,P0019,WH01,2025-11-30,2025-12-02,2025-12-02,213,200,2117.48,451024.08
PO0007908,S006,P0020,WH05,2025-11-30,2025-12-06,2025-12-07,170,166,2482.15,421964.95
PO0007909,S010,P0021,WH04,2025-11-30,2025-12-10,2025-12-10,183,181,676.61,123820.16
PO0007910,S006,P0023,WH05,2025-11-30,2025-12-07,2025-12-07,96,92,714.74,68615.19
PO0007911,S012,P0026,WH02,2025-11-30,2025-12-12,2025-12-13,255,248,2336.72,595864.8
PO0007912,S006,P0028,WH02,2025-11-30,2025-12-05,2025-12-05,241,236,3279.33,790318.02
PO0007913,S009,P0030,WH05,2025-11-30,2025-12-12,2025-12-12,160,152,2527.67,404426.8
PO0007914,S009,P0032,WH05,2025-11-30,2025-12-07,2025-12-07,197,178,1617.3,318608.84
PO0007915,S008,P0036,WH05,2025-11-30,2025-12-03,2025-12-03,180,170,2226.94,400848.55
PO0007916,S012,P0040,WH01,2025-11-30,2025-12-10,2025-12-11,50,49,685.65,34282.74
PO0007917,S012,P0040,WH03,2025-11-30,2025-12-12,2025-12-12,62,61,762.14,47252.37
PO0007918,S009,P0002,WH01,2025-12-01,2025-12-10,2025-12-10,216,206,769.64,166242.92
PO0007919,S010,P0008,WH05,2025-12-01,2025-12-09,2025-12-09,121,121,867.28,104940.52
PO0007920,S011,P0012,WH02,2025-12-01,2025-12-03,2025-12-03,60,59,2319.24,139154.19
PO0007921,S011,P0017,WH02,2025-12-01,2025-12-04,2025-12-06,215,206,973.64,209331.61
PO0007922,S011,P0017,WH03,2025-12-01,2025-12-03,2025-12-04,338,314,945.32,319517.63
PO0007923,S008,P0019,WH03,2025-12-01,2025-12-03,2025-12-03,219,202,2110.28,462151.73
PO0007924,S006,P0023,WH05,2025-12-01,2025-12-04,2025-12-04,61,60,661.94,40378.16
PO0007925,S012,P0026,WH02,2025-12-01,2025-12-13,2025-12-13,350,338,2323.78,813324.23
PO0007926,S006,P0028,WH04,2025-12-01,2025-12-09,2025-12-09,158,157,3204.73,506346.83
PO0007927,S009,P0030,WH01,2025-12-01,2025-12-12,2025-12-12,137,131,2506.84,343436.62
PO0007928,S009,P0032,WH05,2025-12-01,2025-12-11,2025-12-13,152,136,1694.82,257612.7
PO0007929,S008,P0036,WH02,2025-12-01,2025-12-07,2025-12-09,304,278,2107.19,640586.4
PO0007930,S008,P0036,WH05,2025-12-01,2025-12-08,2025-12-09,319,294,2119.61,676156.42
PO0007931,S012,P0040,WH01,2025-12-01,2025-12-11,2025-12-11,50,49,728.6,36430.03
PO0007932,S006,P0003,WH03,2025-12-02,2025-12-10,2025-12-10,228,228,939.82,214279.93
PO0007933,S007,P0011,WH03,2025-12-02,2025-12-08,2025-12-09,185,177,592.64,109639.29
PO0007934,S007,P0011,WH04,2025-12-02,2025-12-05,2025-12-10,129,121,588.04,75856.93
PO0007935,S006,P0023,WH04,2025-12-02,2025-12-07,2025-12-07,51,51,684.89,34929.18
PO0007936,S006,P0028,WH03,2025-12-02,2025-12-07,2025-12-09,242,237,3028.93,733001.61
PO0007937,S006,P0028,WH04,2025-12-02,2025-12-08,2025-12-08,226,223,3044.19,687988.07
PO0007938,S008,P0036,WH01,2025-12-02,2025-12-05,2025-12-05,182,164,2123.05,386394.82
PO0007939,S009,P0002,WH01,2025-12-03,2025-12-11,2025-12-11,205,197,816.54,167390.59
PO0007940,S004,P0007,WH01,2025-12-03,2025-12-11,2025-12-13,116,112,2519.63,292277.35
PO0007941,S010,P0008,WH01,2025-12-03,2025-12-11,2025-12-12,75,72,781.95,58646.1
PO0007942,S010,P0008,WH05,2025-12-03,2025-12-10,2025-12-10,134,132,784.99,105188.45
PO0007943,S010,P0014,WH04,2025-12-03,2025-12-11,2025-12-14,256,252,1884.73,482491.28
PO0007944,S010,P0014,WH05,2025-12-03,2025-12-12,2025-12-12,303,298,1886.89,571728.48
PO0007945,S004,P0015,WH01,2025-12-03,2025-12-12,2025-12-12,95,92,257.63,24474.76
PO0007946,S011,P0017,WH03,2025-12-03,2025-12-07,2025-12-10,400,389,949.42,379767.69
PO0007947,S008,P0019,WH04,2025-12-03,2025-12-06,2025-12-06,176,162,1989.85,350213.03
PO0007948,S006,P0020,WH05,2025-12-03,2025-12-08,2025-12-08,127,126,2397.92,304535.62
PO0007949,S009,P0022,WH01,2025-12-03,2025-12-10,2025-12-10,50,48,448.96,22447.76
PO0007950,S012,P0026,WH05,2025-12-03,2025-12-13,2025-12-13,191,186,2146.28,409938.95
PO0007951,S006,P0028,WH03,2025-12-03,2025-12-08,2025-12-08,260,258,3274.72,851426.53
PO0007952,S006,P0028,WH04,2025-12-03,2025-12-08,2025-12-08,164,161,3133.57,513905.64
PO0007953,S004,P0029,WH02,2025-12-03,2025-12-10,2025-12-10,321,301,3594.84,1153943.64
PO0007954,S002,P0037,WH01,2025-12-03,2025-12-10,2025-12-10,75,74,1578.22,118366.45
PO0007955,S006,P0003,WH02,2025-12-04,2025-12-11,2025-12-11,279,276,916.64,255742.17
PO0007956,S006,P0003,WH03,2025-12-04,2025-12-12,2025-12-12,330,326,863.16,284844.19
PO0007957,S004,P0007,WH01,2025-12-04,2025-12-08,2025-12-10,181,174,2573.11,465732.31
PO0007958,S010,P0008,WH05,2025-12-04,2025-12-12,2025-12-12,128,127,772.81,98919.81
PO0007959,S007,P0013,WH05,2025-12-04,2025-12-11,2025-12-11,52,47,2839.43,147650.4
PO0007960,S004,P0015,WH01,2025-12-04,2025-12-09,2025-12-11,96,91,246.3,23644.49
PO0007961,S004,P0015,WH02,2025-12-04,2025-12-09,2025-12-10,117,109,242.19,28336.54
PO0007962,S006,P0018,WH03,2025-12-04,2025-12-13,2025-12-13,95,94,1079.3,102533.2
PO0007963,S009,P0022,WH01,2025-12-04,2025-12-11,2025-12-11,52,47,475.37,24719.42
PO0007964,S009,P0022,WH02,2025-12-04,2025-12-14,2025-12-16,56,53,475.18,26610.07
PO0007965,S006,P0024,WH03,2025-12-04,2025-12-10,2025-12-10,80,76,668.29,53463.19
PO0007966,S009,P0030,WH01,2025-12-04,2025-12-14,2025-12-19,168,157,2454.76,412399.73
PO0007967,S009,P0032,WH05,2025-12-04,2025-12-09,2025-12-14,201,189,1758.71,353500.75
PO0007968,S012,P0040,WH01,2025-12-04,2025-12-13,2025-12-13,50,50,752.63,37631.39
PO0007969,S007,P0011,WH03,2025-12-05,2025-12-11,2025-12-14,174,168,653.38,113687.29
PO0007970,S011,P0012,WH05,2025-12-05,2025-12-09,2025-12-09,65,64,2343.12,152302.66
PO0007971,S006,P0018,WH03,2025-12-05,2025-12-12,2025-12-12,105,104,1096.51,115133.49
PO0007972,S008,P0019,WH04,2025-12-05,2025-12-11,2025-12-11,193,176,1900.23,366743.82
PO0007973,S009,P0022,WH01,2025-12-05,2025-12-13,2025-12-15,64,61,431.66,27626.05
PO0007974,S012,P0026,WH02,2025-12-05,2025-12-16,2025-12-17,287,275,2195.5,630109.22
PO0007975,S012,P0026,WH04,2025-12-05,2025-12-17,2025-12-18,289,285,2310.6,667763.5
PO0007976,S004,P0029,WH02,2025-12-05,2025-12-14,2025-12-14,311,298,3255.29,1012393.64
PO0007977,S002,P0037,WH03,2025-12-05,2025-12-14,2025-12-15,116,102,1496.04,173541.09
PO0007978,S008,P0038,WH03,2025-12-05,2025-12-09,2025-12-10,227,211,1852.69,420560.38
PO0007979,S008,P0038,WH05,2025-12-05,2025-12-09,2025-12-09,128,120,1862.02,238338.27
PO0007980,S008,P0004,WH02,2025-12-06,2025-12-12,2025-12-12,265,242,1704.82,451777.96
PO0007981,S008,P0004,WH04,2025-12-06,2025-12-08,2025-12-08,260,244,1526.0,396759.68
PO0007982,S011,P0006,WH03,2025-12-06,2025-12-09,2025-12-09,54,49,2932.95,158379.24
PO0007983,S010,P0008,WH01,2025-12-06,2025-12-12,2025-12-12,123,122,821.23,101011.42
PO0007984,S004,P0015,WH01,2025-12-06,2025-12-12,2025-12-13,82,78,241.48,19801.53
PO0007985,S008,P0019,WH02,2025-12-06,2025-12-09,2025-12-10,265,252,2076.86,550367.22
PO0007986,S012,P0026,WH02,2025-12-06,2025-12-18,2025-12-18,352,343,2286.96,805008.18
PO0007987,S002,P0027,WH01,2025-12-06,2025-12-10,2025-12-10,188,179,571.34,107412.72
PO0007988,S009,P0030,WH01,2025-12-06,2025-12-14,2025-12-15,206,193,2421.02,498730.48
PO0007989,S009,P0032,WH04,2025-12-06,2025-12-13,2025-12-16,168,163,1764.48,296433.37
PO0007990,S009,P0035,WH05,2025-12-06,2025-12-12,2025-12-12,140,135,1661.07,232549.28
PO0007991,S002,P0037,WH01,2025-12-06,2025-12-13,2025-12-16,89,87,1531.42,136296.24
PO0007992,S008,P0038,WH05,2025-12-06,2025-12-11,2025-12-11,104,96,1739.42,180899.57
PO0007993,S012,P0040,WH03,2025-12-06,2025-12-19,2025-12-24,50,48,727.33,36366.35
PO0007994,S008,P0004,WH01,2025-12-07,2025-12-09,2025-12-11,183,169,1640.32,300178.84
PO0007995,S007,P0010,WH02,2025-12-07,2025-12-12,2025-12-12,99,95,2613.53,258739.43
PO0007996,S010,P0014,WH05,2025-12-07,2025-12-17,2025-12-17,247,246,1933.97,477691.39
PO0007997,S008,P0019,WH02,2025-12-07,2025-12-09,2025-12-09,165,153,1903.78,314123.7
PO0007998,S006,P0024,WH01,2025-12-07,2025-12-14,2025-12-17,55,55,665.35,36593.98
PO0007999,S012,P0026,WH02,2025-12-07,2025-12-16,2025-12-16,338,331,2200.52,743774.19
PO0008000,S012,P0026,WH04,2025-12-07,2025-12-20,2025-12-22,159,157,2197.23,349359.98
PO0008001,S002,P0027,WH01,2025-12-07,2025-12-16,2025-12-16,148,138,569.46,84279.64
PO0008002,S004,P0029,WH02,2025-12-07,2025-12-12,2025-12-13,409,384,3388.18,1385766.29
PO0008003,S006,P0034,WH02,2025-12-07,2025-12-13,2025-12-13,50,48,3155.82,157791.09
PO0008004,S006,P0034,WH05,2025-12-07,2025-12-15,2025-12-16,50,49,2865.55,143277.46
PO0008005,S002,P0037,WH02,2025-12-07,2025-12-12,2025-12-12,107,104,1488.11,159228.11
PO0008006,S012,P0040,WH01,2025-12-07,2025-12-16,2025-12-16,50,48,764.28,38213.96
PO0008007,S012,P0040,WH05,2025-12-07,2025-12-16,2025-12-16,50,49,703.69,35184.42
PO0008008,S008,P0004,WH01,2025-12-08,2025-12-10,2025-12-15,243,227,1566.2,380586.05
PO0008009,S007,P0010,WH03,2025-12-08,2025-12-12,2025-12-12,70,66,2706.74,189471.99
PO0008010,S006,P0024,WH03,2025-12-08,2025-12-14,2025-12-14,86,85,677.7,58282.26
PO0008011,S006,P0025,WH03,2025-12-08,2025-12-14,2025-12-14,185,185,1496.69,276887.16
PO0008012,S006,P0025,WH05,2025-12-08,2025-12-14,2025-12-14,132,129,1359.89,179505.41
PO0008013,S012,P0026,WH02,2025-12-08,2025-12-19,2025-12-19,312,304,2254.5,703404.68
PO0008014,S009,P0032,WH01,2025-12-08,2025-12-16,2025-12-16,219,207,1633.13,357656.48
PO0008015,S002,P0037,WH02,2025-12-08,2025-12-15,2025-12-15,89,82,1563.31,139134.85
PO0008016,S002,P0037,WH03,2025-12-08,2025-12-14,2025-12-14,138,127,1475.83,203663.95
PO0008017,S008,P0038,WH05,2025-12-08,2025-12-13,2025-12-15,96,87,1826.14,175309.56
PO0008018,S006,P0003,WH01,2025-12-09,2025-12-16,2025-12-16,153,153,875.9,134012.97
PO0008019,S011,P0006,WH02,2025-12-09,2025-12-14,2025-12-16,50,47,3011.62,150580.91
PO0008020,S004,P0015,WH01,2025-12-09,2025-12-16,2025-12-17,108,106,242.17,26154.39
PO0008021,S006,P0018,WH03,2025-12-09,2025-12-15,2025-12-15,106,106,1120.15,118736.02
PO0008022,S010,P0021,WH04,2025-12-09,2025-12-16,2025-12-16,151,149,733.88,110816.48
PO0008023,S006,P0025,WH05,2025-12-09,2025-12-13,2025-12-13,143,140,1461.42,208983.23
PO0008024,S002,P0027,WH01,2025-12-09,2025-12-15,2025-12-16,142,140,514.81,73103.62
PO0008025,S004,P0029,WH02,2025-12-09,2025-12-14,2025-12-16,400,378,3288.82,1315528.88
PO0008026,S009,P0032,WH01,2025-12-09,2025-12-17,2025-12-20,160,156,1660.98,265756.45
PO0008027,S002,P0037,WH02,2025-12-09,2025-12-17,2025-12-18,120,111,1517.54,182104.82
PO0008028,S009,P0001,WH05,2025-12-10,2025-12-20,2025-12-20,146,140,1434.04,209370.43
PO0008029,S010,P0014,WH05,2025-12-10,2025-12-20,2025-12-21,264,257,1979.79,522664.66
PO0008030,S004,P0015,WH01,2025-12-10,2025-12-16,2025-12-16,83,81,265.14,22006.99
PO0008031,S010,P0021,WH02,2025-12-10,2025-12-18,2025-12-18,211,206,672.35,141864.88
PO0008032,S009,P0022,WH03,2025-12-10,2025-12-20,2025-12-20,63,58,450.66,28391.37
PO0008033,S012,P0026,WH05,2025-12-10,2025-12-20,2025-12-20,173,169,2275.38,393640.93
PO0008034,S009,P0032,WH04,2025-12-10,2025-12-20,2025-12-21,170,159,1728.31,293812.71
PO0008035,S004,P0033,WH03,2025-12-10,2025-12-16,2025-12-16,198,190,2043.78,404669.34
PO0008036,S002,P0037,WH02,2025-12-10,2025-12-16,2025-12-16,116,114,1520.68,176399.07
PO0008037,S002,P0037,WH05,2025-12-10,2025-12-17,2025-12-22,90,84,1466.74,132006.28
PO0008038,S009,P0001,WH05,2025-12-11,2025-12-17,2025-12-18,220,206,1407.82,309719.96
PO0008039,S009,P0005,WH03,2025-12-11,2025-12-19,2025-12-19,112,108,1250.55,140061.84
PO0008040,S011,P0006,WH02,2025-12-11,2025-12-15,2025-12-15,50,48,2992.62,149630.91
PO0008041,S007,P0010,WH02,2025-12-11,2025-12-14,2025-12-14,85,81,2681.77,227950.21
PO0008042,S007,P0010,WH03,2025-12-11,2025-12-16,2025-12-16,68,65,2857.6,194316.96
PO0008043,S010,P0021,WH02,2025-12-11,2025-12-19,2025-12-22,186,182,684.08,127239.72
PO0008044,S006,P0025,WH03,2025-12-11,2025-12-18,2025-12-19,192,190,1469.84,282209.87
PO0008045,S006,P0025,WH05,2025-12-11,2025-12-19,2025-12-20,208,206,1344.03,279558.88
PO0008046,S006,P0034,WH02,2025-12-11,2025-12-17,2025-12-17,50,50,3190.88,159543.9
PO0008047,S006,P0034,WH05,2025-12-11,2025-12-19,2025-12-19,50,49,3157.9,157895.12
PO0008048,S009,P0035,WH05,2025-12-11,2025-12-18,2025-12-18,122,113,1532.11,186917.63
PO0008049,S002,P0037,WH03,2025-12-11,2025-12-18,2025-12-18,108,103,1605.89,173436.52
PO0008050,S002,P0039,WH03,2025-12-11,2025-12-18,2025-12-21,88,85,500.51,44044.58
PO0008051,S009,P0001,WH05,2025-12-12,2025-12-21,2025-12-21,230,220,1460.19,335843.65
PO0008052,S006,P0003,WH01,2025-12-12,2025-12-19,2025-12-19,217,213,958.17,207922.68
PO0008053,S012,P0016,WH04,2025-12-12,2025-12-21,2025-12-22,171,169,834.55,142707.83
PO0008054,S009,P0022,WH03,2025-12-12,2025-12-21,2025-12-21,62,58,461.84,28634.37
PO0008055,S006,P0024,WH02,2025-12-12,2025-12-19,2025-12-22,50,49,648.24,32411.92
PO0008056,S006,P0025,WH01,2025-12-12,2025-12-16,2025-12-16,126,125,1444.31,181982.64
PO0008057,S004,P0031,WH03,2025-12-12,2025-12-19,2025-12-19,62,61,446.53,27685.03
PO0008058,S004,P0031,WH05,2025-12-12,2025-12-18,2025-12-19,50,47,478.87,23943.26
PO0008059,S006,P0034,WH02,2025-12-12,2025-12-19,2025-12-19,50,50,3007.94,150396.78
PO0008060,S007,P0010,WH04,2025-12-13,2025-12-17,2025-12-17,86,83,2604.31,223970.78
PO0008061,S010,P0021,WH02,2025-12-13,2025-12-22,2025-12-22,200,199,671.63,134326.48
PO0008062,S010,P0021,WH03,2025-12-13,2025-12-23,2025-12-25,176,172,690.07,121452.14
PO0008063,S009,P0022,WH03,2025-12-13,2025-12-22,2025-12-23,63,56,427.68,26943.67
PO0008064,S006,P0023,WH04,2025-12-13,2025-12-20,2025-12-21,82,80,728.01,59697.17
PO0008065,S006,P0024,WH02,2025-12-13,2025-12-20,2025-12-23,76,73,661.89,50303.8
PO0008066,S012,P0026,WH04,2025-12-13,2025-12-24,2025-12-24,170,166,2150.03,365505.08
PO0008067,S004,P0029,WH01,2025-12-13,2025-12-20,2025-12-23,249,231,3568.23,888488.93
PO0008068,S004,P0031,WH03,2025-12-13,2025-12-21,2025-12-21,65,64,498.62,32410.62
PO0008069,S008,P0036,WH03,2025-12-13,2025-12-15,2025-12-15,313,285,2154.24,674277.57
PO0008070,S008,P0038,WH04,2025-12-13,2025-12-18,2025-12-18,92,91,1802.35,165816.19
PO0008071,S002,P0039,WH03,2025-12-13,2025-12-21,2025-12-24,100,99,489.58,48957.79
PO0008072,S002,P0039,WH04,2025-12-13,2025-12-20,2025-12-23,73,69,497.89,36346.05
PO0008073,S012,P0040,WH05,2025-12-13,2025-12-23,2025-12-28,50,49,757.53,37876.55
PO0008074,S008,P0004,WH05,2025-12-14,2025-12-16,2025-12-16,154,143,1691.22,260447.67
PO0008075,S009,P0005,WH03,2025-12-14,2025-12-22,2025-12-22,84,79,1236.16,103837.53
PO0008076,S004,P0007,WH04,2025-12-14,2025-12-21,2025-12-21,176,170,2430.93,427843.08
PO0008077,S010,P0008,WH04,2025-12-14,2025-12-21,2025-12-21,88,88,813.87,71620.17
PO0008078,S007,P0010,WH05,2025-12-14,2025-12-21,2025-12-21,97,94,2861.63,277577.96
PO0008079,S007,P0011,WH01,2025-12-14,2025-12-16,2025-12-17,119,116,599.36,71323.48
PO0008080,S010,P0014,WH03,2025-12-14,2025-12-23,2025-12-24,266,265,1963.72,522350.07
PO0008081,S006,P0018,WH04,2025-12-14,2025-12-20,2025-12-20,72,72,1156.54,83270.81
PO0008082,S009,P0022,WH03,2025-12-14,2025-12-22,2025-12-22,75,71,440.79,33059.55
PO0008083,S012,P0026,WH04,2025-12-14,2025-12-25,2025-12-27,185,183,2227.02,411998.68
PO0008084,S004,P0031,WH05,2025-12-14,2025-12-21,2025-12-22,52,51,449.84,23391.55
PO0008085,S004,P0033,WH03,2025-12-14,2025-12-21,2025-12-22,172,169,2013.11,346254.17
PO0008086,S006,P0034,WH05,2025-12-14,2025-12-20,2025-12-25,50,48,3145.97,157298.36
PO0008087,S008,P0036,WH03,2025-12-14,2025-12-19,2025-12-19,360,336,2115.57,761605.63
PO0008088,S012,P0040,WH05,2025-12-14,2025-12-24,2025-12-27,50,49,759.08,37953.78
PO0008089,S010,P0008,WH04,2025-12-15,2025-12-23,2025-12-23,112,111,862.11,96555.83
PO0008090,S007,P0010,WH05,2025-12-15,2025-12-17,2025-12-17,97,94,2687.47,260684.28
PO0008091,S007,P0011,WH05,2025-12-15,2025-12-18,2025-12-18,120,108,598.25,71790.28
PO0008092,S011,P0012,WH01,2025-12-15,2025-12-20,2025-12-20,50,46,2392.16,119607.89
PO0008093,S004,P0015,WH05,2025-12-15,2025-12-24,2025-12-29,124,118,259.84,32220.77
PO0008094,S011,P0017,WH02,2025-12-15,2025-12-18,2025-12-18,315,298,911.97,287271.52
PO0008095,S006,P0018,WH04,2025-12-15,2025-12-25,2025-12-25,54,54,1086.26,58658.17
PO0008096,S006,P0020,WH01,2025-12-15,2025-12-21,2025-12-22,158,152,2371.81,374745.63
PO0008097,S006,P0023,WH04,2025-12-15,2025-12-20,2025-12-20,76,75,666.34,50641.74
PO0008098,S008,P0036,WH04,2025-12-15,2025-12-19,2025-12-19,244,229,2035.25,496601.12
PO0008099,S002,P0039,WH04,2025-12-15,2025-12-21,2025-12-24,74,71,499.3,36948.41
PO0008100,S008,P0004,WH03,2025-12-16,2025-12-19,2025-12-21,271,253,1523.58,412889.39
PO0008101,S009,P0005,WH04,2025-12-16,2025-12-24,2025-12-24,65,57,1185.83,77078.8
PO0008102,S011,P0017,WH04,2025-12-16,2025-12-20,2025-12-20,193,185,981.79,189485.09
PO0008103,S010,P0021,WH02,2025-12-16,2025-12-23,2025-12-23,199,196,687.6,136832.93
PO0008104,S009,P0022,WH03,2025-12-16,2025-12-24,2025-12-25,77,70,466.97,35956.53
PO0008105,S006,P0024,WH01,2025-12-16,2025-12-23,2025-12-23,50,49,676.32,33815.77
PO0008106,S006,P0024,WH02,2025-12-16,2025-12-22,2025-12-22,64,63,640.96,41021.19
PO0008107,S006,P0024,WH04,2025-12-16,2025-12-22,2025-12-22,51,51,686.97,35035.68
PO0008108,S004,P0031,WH02,2025-12-16,2025-12-23,2025-12-23,50,48,482.81,24140.63
PO0008109,S004,P0031,WH03,2025-12-16,2025-12-25,2025-12-25,50,50,467.65,23382.35
PO0008110,S004,P0031,WH05,2025-12-16,2025-12-20,2025-12-23,50,48,454.83,22741.71
PO0008111,S008,P0038,WH01,2025-12-16,2025-12-20,2025-12-20,103,98,1699.53,175051.52
PO0008112,S002,P0039,WH03,2025-12-16,2025-12-23,2025-12-23,96,88,493.78,47402.43
PO0008113,S009,P0005,WH02,2025-12-17,2025-12-25,2025-12-26,100,94,1175.94,117594.36
PO0008114,S010,P0008,WH04,2025-12-17,2025-12-26,2025-12-26,100,98,786.36,78636.24
PO0008115,S011,P0012,WH01,2025-12-17,2025-12-19,2025-12-19,50,47,2266.58,113328.85
PO0008116,S011,P0012,WH04,2025-12-17,2025-12-21,2025-12-21,50,47,2415.61,120780.41
PO0008117,S007,P0013,WH05,2025-12-17,2025-12-21,2025-12-21,50,47,2863.25,143162.53
PO0008118,S010,P0014,WH01,2025-12-17,2025-12-25,2025-12-27,203,199,1912.75,388287.44
PO0008119,S012,P0016,WH05,2025-12-17,2025-12-26,2025-12-26,180,175,820.71,147727.26
PO0008120,S011,P0017,WH04,2025-12-17,2025-12-19,2025-12-22,164,151,883.34,144868.35
PO0008121,S010,P0021,WH02,2025-12-17,2025-12-29,2025-12-30,198,192,675.15,133679.32
PO0008122,S009,P0022,WH03,2025-12-17,2025-12-24,2025-12-27,73,67,471.46,34416.62
PO0008123,S006,P0023,WH03,2025-12-17,2025-12-23,2025-12-25,128,126,723.01,92544.82
PO0008124,S006,P0023,WH04,2025-12-17,2025-12-24,2025-12-24,72,71,698.97,50325.58
PO0008125,S006,P0024,WH05,2025-12-17,2025-12-22,2025-12-22,50,49,680.15,34007.28
PO0008126,S012,P0026,WH03,2025-12-17,2025-12-27,2025-12-27,234,227,2350.91,550113.64
PO0008127,S012,P0026,WH04,2025-12-17,2025-12-26,2025-12-26,227,223,2135.1,484666.73
PO0008128,S004,P0029,WH01,2025-12-17,2025-12-23,2025-12-23,200,193,3569.96,713992.51
PO0008129,S004,P0031,WH02,2025-12-17,2025-12-21,2025-12-23,64,64,444.62,28455.63
PO0008130,S004,P0031,WH03,2025-12-17,2025-12-23,2025-12-26,68,63,450.52,30635.31
PO0008131,S008,P0036,WH01,2025-12-17,2025-12-22,2025-12-23,143,131,2056.66,294102.78
PO0008132,S009,P0005,WH02,2025-12-18,2025-12-24,2025-12-26,92,89,1132.5,104190.37
PO0008133,S011,P0012,WH01,2025-12-18,2025-12-23,2025-12-23,50,45,2339.52,116975.77
PO0008134,S011,P0012,WH04,2025-12-18,2025-12-21,2025-12-22,50,48,2294.95,114747.57
PO0008135,S007,P0013,WH05,2025-12-18,2025-12-23,2025-12-24,50,47,2669.68,133484.23
PO0008136,S010,P0014,WH01,2025-12-18,2025-12-25,2025-12-27,210,208,1975.09,414768.23
PO0008137,S006,P0018,WH04,2025-12-18,2025-12-24,2025-12-24,71,71,1105.01,78455.76
PO0008138,S010,P0021,WH03,2025-12-18,2025-12-24,2025-12-24,282,278,693.55,195580.27
PO0008139,S002,P0037,WH04,2025-12-18,2025-12-24,2025-12-24,82,77,1461.61,119852.1
PO0008140,S008,P0038,WH01,2025-12-18,2025-12-20,2025-12-20,88,82,1819.87,160148.28
PO0008141,S009,P0001,WH04,2025-12-19,2025-12-27,2025-12-27,141,135,1461.92,206130.3
PO0008142,S008,P0004,WH03,2025-12-19,2025-12-22,2025-12-22,313,294,1593.51,498768.54
PO0008143,S009,P0005,WH02,2025-12-19,2025-12-29,2026-01-01,105,100,1142.23,119934.65
PO0008144,S011,P0006,WH03,2025-12-19,2025-12-21,2025-12-21,50,47,2955.61,147780.33
PO0008145,S004,P0007,WH04,2025-12-19,2025-12-28,2025-12-30,175,170,2409.38,421641.29
PO0008146,S011,P0012,WH03,2025-12-19,2025-12-21,2025-12-21,84,74,2271.57,190811.82
PO0008147,S009,P0022,WH03,2025-12-19,2025-12-31,2026-01-02,84,79,460.17,38653.87
PO0008148,S002,P0027,WH02,2025-12-19,2025-12-26,2025-12-27,230,219,520.03,119607.64
PO0008149,S006,P0028,WH02,2025-12-19,2025-12-26,2025-12-27,285,283,3287.03,936802.89
PO0008150,S004,P0031,WH02,2025-12-19,2025-12-27,2025-12-27,50,48,459.81,22990.68
PO0008151,S002,P0039,WH01,2025-12-19,2025-12-27,2025-12-28,63,59,518.36,32656.72
PO0008152,S002,P0039,WH03,2025-12-19,2025-12-27,2025-12-29,120,110,520.24,62429.37
PO0008153,S006,P0003,WH05,2025-12-20,2025-12-25,2025-12-25,178,177,961.65,171172.82
PO0008154,S008,P0004,WH05,2025-12-20,2025-12-24,2025-12-25,234,215,1649.5,385983.45
PO0008155,S009,P0005,WH04,2025-12-20,2025-12-31,2025-12-31,62,54,1168.88,72470.74
PO0008156,S011,P0006,WH03,2025-12-20,2025-12-24,2025-12-24,57,55,2759.2,157274.42
PO0008157,S004,P0007,WH04,2025-12-20,2025-12-26,2025-12-26,158,152,2568.8,405869.89
PO0008158,S011,P0012,WH03,2025-12-20,2025-12-25,2025-12-26,79,75,2401.62,189728.19
PO0008159,S010,P0014,WH01,2025-12-20,2025-12-30,2025-12-30,190,186,1920.95,364979.68
PO0008160,S004,P0015,WH04,2025-12-20,2025-12-27,2025-12-27,87,87,251.04,21840.69
PO0008161,S010,P0021,WH03,2025-12-20,2025-12-29,2025-12-29,252,247,717.55,180821.83
PO0008162,S006,P0023,WH01,2025-12-20,2025-12-28,2025-12-28,59,58,708.07,41776.1
PO0008163,S006,P0024,WH04,2025-12-20,2025-12-27,2025-12-27,50,50,648.77,32438.39
PO0008164,S006,P0028,WH02,2025-12-20,2025-12-24,2025-12-24,201,199,3300.1,663320.09
PO0008165,S009,P0035,WH04,2025-12-20,2025-12-30,2025-12-30,152,146,1505.3,228805.18
PO0008166,S008,P0036,WH01,2025-12-20,2025-12-25,2025-12-25,152,144,2162.01,328625.78
PO0008167,S009,P0001,WH01,2025-12-21,2025-12-30,2025-12-30,133,130,1474.26,196076.14
PO0008168,S009,P0001,WH04,2025-12-21,2025-12-30,2025-12-30,208,191,1449.55,301505.61
PO0008169,S006,P0003,WH05,2025-12-21,2025-12-28,2025-12-29,196,194,929.97,182274.04
PO0008170,S009,P0005,WH02,2025-12-21,2026-01-03,2026-01-04,109,104,1264.14,137791.07
PO0008171,S006,P0023,WH03,2025-12-21,2025-12-30,2025-12-30,92,90,726.01,66792.74
PO0008172,S002,P0027,WH04,2025-12-21,2025-12-27,2025-12-27,113,110,563.91,63722.28
PO0008173,S004,P0029,WH01,2025-12-21,2025-12-27,2026-01-01,268,250,3333.21,893301.49
PO0008174,S006,P0003,WH05,2025-12-22,2025-12-29,2025-12-29,207,201,952.4,197147.05
PO0008175,S009,P0005,WH02,2025-12-22,2025-12-29,2025-12-29,96,92,1176.15,112910.31
PO0008176,S004,P0007,WH02,2025-12-22,2025-12-31,2025-12-31,150,135,2468.96,370344.13
PO0008177,S010,P0009,WH01,2025-12-22,2026-01-01,2026-01-06,64,64,2307.59,147685.5
PO0008178,S007,P0010,WH01,2025-12-22,2025-12-28,2025-12-28,76,70,2837.76,215669.99
PO0008179,S004,P0015,WH03,2025-12-22,2025-12-30,2025-12-30,117,109,250.93,29359.17
PO0008180,S012,P0016,WH05,2025-12-22,2026-01-03,2026-01-04,209,198,904.31,188999.86
PO0008181,S008,P0019,WH01,2025-12-22,2025-12-26,2025-12-26,179,169,2081.2,372533.94
PO0008182,S002,P0027,WH02,2025-12-22,2025-12-29,2025-12-29,158,147,533.96,84366.18
PO0008183,S002,P0027,WH04,2025-12-22,2025-12-28,2025-12-28,169,160,576.48,97425.08
PO0008184,S004,P0033,WH05,2025-12-22,2025-12-29,2026-01-01,102,94,2138.8,218157.71
PO0008185,S002,P0037,WH04,2025-12-22,2025-12-30,2025-12-30,68,63,1600.83,108856.21
PO0008186,S008,P0038,WH04,2025-12-22,2025-12-26,2025-12-26,145,131,1731.68,251093.64
PO0008187,S009,P0005,WH01,2025-12-23,2025-12-30,2025-12-30,85,82,1131.55,96181.71
PO0008188,S010,P0009,WH01,2025-12-23,2026-01-01,2026-01-01,50,50,2243.16,112158.0
PO0008189,S007,P0010,WH01,2025-12-23,2025-12-29,2025-12-29,68,63,2743.62,186566.27
PO0008190,S004,P0015,WH03,2025-12-23,2025-12-29,2025-12-31,134,128,244.09,32707.51
PO0008191,S004,P0015,WH05,2025-12-23,2025-12-29,2025-12-29,75,70,246.36,18476.64
PO0008192,S010,P0021,WH03,2025-12-23,2025-12-31,2026-01-01,242,238,730.9,176877.04
PO0008193,S012,P0026,WH03,2025-12-23,2026-01-02,2026-01-02,287,278,2335.18,670195.54
PO0008194,S009,P0030,WH02,2025-12-23,2026-01-01,2026-01-01,230,219,2508.9,577046.61
PO0008195,S004,P0031,WH04,2025-12-23,2025-12-31,2025-12-31,51,50,486.24,24798.2
PO0008196,S004,P0033,WH01,2025-12-23,2025-12-31,2026-01-03,100,96,2038.42,203841.78
PO0008197,S012,P0040,WH05,2025-12-23,2026-01-03,2026-01-05,50,50,748.25,37412.27
PO0008198,S009,P0001,WH01,2025-12-24,2025-12-31,2026-01-01,123,118,1359.23,167184.73
PO0008199,S009,P0002,WH03,2025-12-24,2026-01-02,2026-01-03,306,295,739.79,226376.35
PO0008200,S009,P0005,WH02,2025-12-24,2026-01-01,2026-01-01,103,95,1151.13,118566.34
PO0008201,S007,P0010,WH01,2025-12-24,2025-12-29,2025-12-29,87,81,2791.83,242889.09
PO0008202,S012,P0016,WH02,2025-12-24,2026-01-07,2026-01-10,308,301,902.73,278040.13
PO0008203,S006,P0023,WH03,2025-12-24,2025-12-30,2025-12-31,74,71,697.99,51650.96
PO0008204,S002,P0027,WH04,2025-12-24,2026-01-01,2026-01-01,146,137,520.11,75936.71
PO0008205,S004,P0031,WH04,2025-12-24,2025-12-30,2025-12-30,50,47,468.32,23415.95
PO0008206,S004,P0033,WH05,2025-12-24,2026-01-02,2026-01-04,126,123,2146.68,270482.23
PO0008207,S009,P0001,WH01,2025-12-25,2026-01-02,2026-01-02,144,135,1387.02,199731.05
PO0008208,S009,P0002,WH03,2025-12-25,2026-01-02,2026-01-04,173,166,804.45,139169.19
PO0008209,S008,P0004,WH02,2025-12-25,2025-12-27,2025-12-29,189,172,1590.66,300634.98
PO0008210,S008,P0004,WH04,2025-12-25,2025-12-28,2025-12-29,193,178,1540.31,297280.35
PO0008211,S011,P0006,WH04,2025-12-25,2025-12-29,2026-01-01,50,49,2933.87,146693.63
PO0008212,S010,P0009,WH01,2025-12-25,2026-01-02,2026-01-03,50,49,2418.19,120909.3
PO0008213,S004,P0015,WH05,2025-12-25,2026-01-01,2026-01-01,105,98,253.95,26664.58
PO0008214,S008,P0019,WH03,2025-12-25,2025-12-27,2025-12-30,281,257,2071.75,582162.66
PO0008215,S010,P0021,WH01,2025-12-25,2026-01-02,2026-01-03,162,160,704.66,114155.05
PO0008216,S006,P0025,WH01,2025-12-25,2026-01-04,2026-01-04,195,192,1448.67,282491.06
PO0008217,S006,P0028,WH05,2025-12-25,2025-12-30,2025-12-31,205,202,3097.86,635061.08
PO0008218,S004,P0033,WH05,2025-12-25,2025-12-30,2025-12-30,149,139,1981.14,295190.39
PO0008219,S009,P0035,WH04,2025-12-25,2026-01-02,2026-01-04,105,100,1553.71,163140.05
PO0008220,S002,P0039,WH01,2025-12-25,2025-12-31,2025-12-31,70,68,469.14,32839.67
PO0008221,S009,P0001,WH04,2025-12-26,2026-01-04,2026-01-07,141,131,1398.54,197193.77
PO0008222,S008,P0004,WH02,2025-12-26,2025-12-29,2025-12-29,212,203,1612.0,341743.38
PO0008223,S010,P0009,WH01,2025-12-26,2026-01-04,2026-01-04,50,49,2412.43,120621.57
PO0008224,S007,P0011,WH02,2025-12-26,2025-12-29,2025-12-29,110,103,634.25,69767.68
PO0008225,S010,P0014,WH01,2025-12-26,2026-01-04,2026-01-09,246,245,2018.71,496602.72
PO0008226,S011,P0017,WH05,2025-12-26,2025-12-29,2025-12-29,186,176,885.55,164712.91
PO0008227,S006,P0018,WH02,2025-12-26,2026-01-01,2026-01-01,59,56,1101.99,65017.21
PO0008228,S008,P0019,WH03,2025-12-26,2025-12-30,2025-12-30,293,276,1920.12,562595.83
PO0008229,S008,P0019,WH05,2025-12-26,2025-12-28,2025-12-30,143,138,2106.76,301266.5
PO0008230,S010,P0021,WH01,2025-12-26,2026-01-02,2026-01-02,184,181,749.37,137884.37
PO0008231,S012,P0026,WH03,2025-12-26,2026-01-04,2026-01-05,357,346,2397.03,855740.82
PO0008232,S002,P0027,WH05,2025-12-26,2026-01-02,2026-01-02,162,149,527.39,85436.42
PO0008233,S004,P0033,WH01,2025-12-26,2026-01-02,2026-01-03,129,120,2016.6,260141.25
PO0008234,S006,P0034,WH01,2025-12-26,2026-01-03,2026-01-03,50,48,2974.68,148733.87
PO0008235,S009,P0001,WH01,2025-12-27,2026-01-03,2026-01-06,111,108,1386.03,153849.24
PO0008236,S006,P0003,WH04,2025-12-27,2026-01-03,2026-01-04,179,176,914.4,163677.23
PO0008237,S008,P0004,WH02,2025-12-27,2025-12-29,2025-12-29,209,199,1587.3,331746.41
PO0008238,S011,P0012,WH05,2025-12-27,2026-01-01,2026-01-01,50,46,2274.59,113729.42
PO0008239,S004,P0015,WH03,2025-12-27,2026-01-01,2026-01-01,151,141,265.16,40038.81
PO0008240,S006,P0018,WH05,2025-12-27,2026-01-01,2026-01-01,69,67,1033.7,71325.49
PO0008241,S006,P0025,WH04,2025-12-27,2026-01-02,2026-01-02,117,115,1407.45,164671.33
PO0008242,S002,P0027,WH05,2025-12-27,2026-01-02,2026-01-02,137,132,574.32,78681.95
PO0008243,S009,P0030,WH02,2025-12-27,2026-01-04,2026-01-07,222,211,2475.93,549655.62
PO0008244,S006,P0034,WH03,2025-12-27,2026-01-01,2026-01-03,50,50,2888.9,144445.05
PO0008245,S008,P0038,WH02,2025-12-27,2025-12-29,2025-12-30,164,153,1823.36,299031.15
PO0008246,S008,P0038,WH03,2025-12-27,2026-01-01,2026-01-04,197,182,1845.72,363607.8
PO0008247,S009,P0002,WH03,2025-12-28,2026-01-06,2026-01-06,229,219,785.51,179881.86
PO0008248,S008,P0004,WH02,2025-12-28,2026-01-01,2026-01-03,365,337,1541.92,562801.9
PO0008249,S010,P0009,WH01,2025-12-28,2026-01-06,2026-01-07,51,51,2318.82,118259.78
PO0008250,S007,P0011,WH04,2025-12-28,2025-12-31,2026-01-03,73,72,616.07,44973.22
PO0008251,S004,P0015,WH05,2025-12-28,2026-01-02,2026-01-02,133,131,265.59,35323.86
PO0008252,S012,P0016,WH02,2025-12-28,2026-01-08,2026-01-09,349,339,893.11,311695.74
PO0008253,S011,P0017,WH05,2025-12-28,2026-01-03,2026-01-05,196,186,962.07,188564.9
PO0008254,S006,P0018,WH01,2025-12-28,2026-01-03,2026-01-03,69,69,1142.31,78819.44
PO0008255,S004,P0033,WH02,2025-12-28,2026-01-03,2026-01-05,166,158,2215.52,367775.6
PO0008256,S004,P0033,WH05,2025-12-28,2026-01-04,2026-01-04,104,97,2016.1,209674.13
PO0008257,S006,P0034,WH01,2025-12-28,2026-01-03,2026-01-03,50,49,2869.61,143480.5
PO0008258,S009,P0035,WH04,2025-12-28,2026-01-06,2026-01-06,141,133,1513.04,213338.19
PO0008259,S007,P0011,WH04,2025-12-29,2026-01-02,2026-01-02,128,120,648.86,83053.87
PO0008260,S007,P0013,WH01,2025-12-29,2026-01-01,2026-01-01,50,46,2654.97,132748.57
PO0008261,S012,P0016,WH01,2025-12-29,2026-01-07,2026-01-10,168,166,899.89,151181.1
PO0008262,S011,P0017,WH02,2025-12-29,2026-01-01,2026-01-01,280,260,961.68,269270.12
PO0008263,S006,P0018,WH01,2025-12-29,2026-01-04,2026-01-06,72,70,1139.25,82025.85
PO0008264,S006,P0020,WH03,2025-12-29,2026-01-05,2026-01-05,161,161,2311.21,372105.34
PO0008265,S009,P0030,WH02,2025-12-29,2026-01-08,2026-01-08,160,152,2423.17,387707.57
PO0008266,S004,P0031,WH04,2025-12-29,2026-01-05,2026-01-08,50,50,470.84,23541.88
PO0008267,S004,P0033,WH01,2025-12-29,2026-01-05,2026-01-07,77,75,2139.5,164741.54
PO0008268,S004,P0033,WH04,2025-12-29,2026-01-05,2026-01-05,100,98,2068.89,206888.85
PO0008269,S006,P0034,WH01,2025-12-29,2026-01-03,2026-01-03,50,49,3137.07,156853.33
PO0008270,S009,P0035,WH04,2025-12-29,2026-01-06,2026-01-06,100,87,1656.8,165680.36
PO0008271,S006,P0003,WH04,2025-12-30,2026-01-05,2026-01-05,149,144,918.8,136901.77
PO0008272,S011,P0006,WH04,2025-12-30,2026-01-03,2026-01-05,50,46,2774.89,138744.63
PO0008273,S007,P0010,WH03,2025-12-30,2026-01-04,2026-01-09,75,74,2676.13,200709.55
PO0008274,S007,P0011,WH01,2025-12-30,2026-01-04,2026-01-04,107,105,642.96,68796.63
PO0008275,S006,P0018,WH01,2025-12-30,2026-01-06,2026-01-06,71,70,1128.76,80141.98
PO0008276,S006,P0018,WH05,2025-12-30,2026-01-04,2026-01-04,50,47,1156.03,57801.34
PO0008277,S006,P0020,WH02,2025-12-30,2026-01-05,2026-01-05,239,237,2261.36,540465.58
PO0008278,S006,P0025,WH01,2025-12-30,2026-01-06,2026-01-06,130,127,1371.89,178345.97
PO0008279,S008,P0036,WH02,2025-12-30,2026-01-04,2026-01-04,293,276,1994.04,584254.06
PO0008280,S011,P0006,WH04,2025-12-31,2026-01-04,2026-01-05,50,47,2747.62,137381.03
PO0008281,S010,P0009,WH02,2025-12-31,2026-01-08,2026-01-08,93,92,2360.18,219497.17
PO0008282,S010,P0009,WH03,2025-12-31,2026-01-10,2026-01-11,85,83,2259.6,192065.8
PO0008283,S007,P0011,WH04,2025-12-31,2026-01-04,2026-01-04,110,106,610.31,67134.23
PO0008284,S010,P0014,WH02,2025-12-31,2026-01-07,2026-01-07,255,251,2021.32,515435.51
PO0008285,S012,P0016,WH01,2025-12-31,2026-01-12,2026-01-12,280,272,837.72,234561.28
PO0008286,S006,P0018,WH02,2025-12-31,2026-01-06,2026-01-06,83,82,1135.27,94227.34
PO0008287,S012,P0026,WH03,2025-12-31,2026-01-11,2026-01-13,287,278,2382.29,683718.12
PO0008288,S012,P0026,WH05,2025-12-31,2026-01-09,2026-01-11,273,268,2213.18,604197.93
PO0008289,S009,P0030,WH02,2025-12-31,2026-01-09,2026-01-11,165,149,2613.99,431307.98
PO0008290,S004,P0033,WH01,2025-12-31,2026-01-08,2026-01-09,109,105,2176.92,237284.31
PO0008291,S004,P0033,WH04,2025-12-31,2026-01-05,2026-01-05,118,111,2052.83,242234.13
PO0008292,S006,P0034,WH03,2025-12-31,2026-01-07,2026-01-10,50,49,3085.29,154264.27
